ISO-10303-21;
HEADER;
/* Generated by software containing ST-Developer
 * from STEP Tools, Inc. (www.steptools.com) 
 */

FILE_DESCRIPTION(
/* description */ (''),
/* implementation_level */ '2;1');

FILE_NAME(
/* name */ 'Hardcase_Gridfinity_Bin_Double_Sided.stp',
/* time_stamp */ '2026-07-14T01:31:19Z',
/* author */ (''),
/* organization */ (''),
/* preprocessor_version */ 'ST-DEVELOPER v20.1',
/* originating_system */ 'Autodesk Translation Framework v15.8.0.0',
/* authorisation */ '');

FILE_SCHEMA (('AUTOMOTIVE_DESIGN { 1 0 10303 214 3 1 1 }'));
ENDSEC;

DATA;
#10=MECHANICAL_DESIGN_GEOMETRIC_PRESENTATION_REPRESENTATION('',(#29,#30,
#31),#14357);
#11=ITEM_DEFINED_TRANSFORMATION($,$,#8173,#8560);
#12=ITEM_DEFINED_TRANSFORMATION($,$,#8243,#8561);
#13=ITEM_DEFINED_TRANSFORMATION($,$,#8465,#8562);
#14=(
REPRESENTATION_RELATIONSHIP($,$,#14374,#14373)
REPRESENTATION_RELATIONSHIP_WITH_TRANSFORMATION(#11)
SHAPE_REPRESENTATION_RELATIONSHIP()
);
#15=(
REPRESENTATION_RELATIONSHIP($,$,#14375,#14373)
REPRESENTATION_RELATIONSHIP_WITH_TRANSFORMATION(#12)
SHAPE_REPRESENTATION_RELATIONSHIP()
);
#16=(
REPRESENTATION_RELATIONSHIP($,$,#14376,#14373)
REPRESENTATION_RELATIONSHIP_WITH_TRANSFORMATION(#13)
SHAPE_REPRESENTATION_RELATIONSHIP()
);
#17=CONTEXT_DEPENDENT_SHAPE_REPRESENTATION(#14,#14370);
#18=CONTEXT_DEPENDENT_SHAPE_REPRESENTATION(#15,#14371);
#19=CONTEXT_DEPENDENT_SHAPE_REPRESENTATION(#16,#14372);
#20=NEXT_ASSEMBLY_USAGE_OCCURRENCE('TOP LID:1','TOP LID:1','TOP LID:1',
#14378,#14379,'TOP LID:1');
#21=NEXT_ASSEMBLY_USAGE_OCCURRENCE('BODY:1','BODY:1','BODY:1',#14378,#14380,
'BODY:1');
#22=NEXT_ASSEMBLY_USAGE_OCCURRENCE('BOTTOM LID:1','BOTTOM LID:1',
'BOTTOM LID:1',#14378,#14381,'BOTTOM LID:1');
#23=SHAPE_REPRESENTATION_RELATIONSHIP('SRR','None',#14374,#26);
#24=SHAPE_REPRESENTATION_RELATIONSHIP('SRR','None',#14375,#27);
#25=SHAPE_REPRESENTATION_RELATIONSHIP('SRR','None',#14376,#28);
#26=ADVANCED_BREP_SHAPE_REPRESENTATION('',(#32),#14354);
#27=ADVANCED_BREP_SHAPE_REPRESENTATION('',(#33),#14355);
#28=ADVANCED_BREP_SHAPE_REPRESENTATION('',(#34),#14356);
#29=STYLED_ITEM('',(#14398),#32);
#30=STYLED_ITEM('',(#14398),#33);
#31=STYLED_ITEM('',(#14398),#34);
#32=MANIFOLD_SOLID_BREP('Lid',#8135);
#33=MANIFOLD_SOLID_BREP('Body',#8136);
#34=MANIFOLD_SOLID_BREP('Lid (1)',#8137);
#35=CONICAL_SURFACE('',#8228,0.748500000000001,0.785398163397448);
#36=CONICAL_SURFACE('',#8230,0.748500000000001,0.78539816339745);
#37=CONICAL_SURFACE('',#8537,0.748500000000001,0.785398163397448);
#38=CONICAL_SURFACE('',#8540,0.748500000000001,0.78539816339745);
#39=CYLINDRICAL_SURFACE('',#8217,0.600000000000001);
#40=CYLINDRICAL_SURFACE('',#8220,0.600000000000001);
#41=CYLINDRICAL_SURFACE('',#8236,0.899999999999999);
#42=CYLINDRICAL_SURFACE('',#8237,0.749999999999997);
#43=CYLINDRICAL_SURFACE('',#8245,1.274);
#44=CYLINDRICAL_SURFACE('',#8249,1.274);
#45=CYLINDRICAL_SURFACE('',#8253,1.274);
#46=CYLINDRICAL_SURFACE('',#8257,1.274);
#47=CYLINDRICAL_SURFACE('',#8298,0.699999999999998);
#48=CYLINDRICAL_SURFACE('',#8304,0.699999999999998);
#49=CYLINDRICAL_SURFACE('',#8315,0.699999999999998);
#50=CYLINDRICAL_SURFACE('',#8334,0.699999999999999);
#51=CYLINDRICAL_SURFACE('',#8377,26.0869565217391);
#52=CYLINDRICAL_SURFACE('',#8418,26.0869565217391);
#53=CYLINDRICAL_SURFACE('',#8447,26.0869565217391);
#54=CYLINDRICAL_SURFACE('',#8449,26.0869565217391);
#55=CYLINDRICAL_SURFACE('',#8548,0.600000000000001);
#56=CYLINDRICAL_SURFACE('',#8551,0.899999999999999);
#57=CYLINDRICAL_SURFACE('',#8553,0.749999999999997);
#58=CYLINDRICAL_SURFACE('',#8554,0.600000000000001);
#59=ELLIPSE('',#8214,0.810876477124374,0.600000000000001);
#60=ELLIPSE('',#8216,0.810876477129248,0.600000000000001);
#61=ELLIPSE('',#8380,36.8925277140745,26.0869565217391);
#62=ELLIPSE('',#8381,36.8925277140394,26.0869565217391);
#63=ELLIPSE('',#8420,36.8925277140874,26.0869565217391);
#64=ELLIPSE('',#8448,36.8925277141217,26.0869565217391);
#65=CIRCLE('',#8212,0.899999999999999);
#66=CIRCLE('',#8218,0.600000000000001);
#67=CIRCLE('',#8221,0.600000000000001);
#68=CIRCLE('',#8229,0.897000000000001);
#69=CIRCLE('',#8231,0.749999999999997);
#70=CIRCLE('',#8233,0.899999999999999);
#71=CIRCLE('',#8235,0.749999999999997);
#72=CIRCLE('',#8238,0.749999999999997);
#73=CIRCLE('',#8246,1.274);
#74=CIRCLE('',#8247,1.274);
#75=CIRCLE('',#8250,1.274);
#76=CIRCLE('',#8251,1.274);
#77=CIRCLE('',#8254,1.274);
#78=CIRCLE('',#8255,1.274);
#79=CIRCLE('',#8258,1.274);
#80=CIRCLE('',#8259,1.274);
#81=CIRCLE('',#8276,0.699999999999998);
#82=CIRCLE('',#8278,26.0869565217391);
#83=CIRCLE('',#8281,26.0869565217391);
#84=CIRCLE('',#8284,26.0869565217391);
#85=CIRCLE('',#8287,26.0869565217391);
#86=CIRCLE('',#8290,26.0869565217391);
#87=CIRCLE('',#8293,26.0869565217391);
#88=CIRCLE('',#8295,0.699999999999998);
#89=CIRCLE('',#8296,0.699999999999998);
#90=CIRCLE('',#8299,0.699999999999998);
#91=CIRCLE('',#8300,0.699999999999998);
#92=CIRCLE('',#8302,26.0869565217391);
#93=CIRCLE('',#8305,0.699999999999998);
#94=CIRCLE('',#8306,0.699999999999998);
#95=CIRCLE('',#8316,0.699999999999998);
#96=CIRCLE('',#8317,0.699999999999998);
#97=CIRCLE('',#8318,0.699999999999998);
#98=CIRCLE('',#8335,0.699999999999998);
#99=CIRCLE('',#8336,0.699999999999998);
#100=CIRCLE('',#8348,26.0869565217391);
#101=CIRCLE('',#8350,26.0869565217391);
#102=CIRCLE('',#8354,26.0869565217391);
#103=CIRCLE('',#8356,26.0869565217391);
#104=CIRCLE('',#8360,26.0869565217391);
#105=CIRCLE('',#8362,26.0869565217391);
#106=CIRCLE('',#8378,26.0869565217391);
#107=CIRCLE('',#8379,26.0869565217391);
#108=CIRCLE('',#8419,26.0869565217391);
#109=CIRCLE('',#8525,0.749999999999997);
#110=CIRCLE('',#8538,0.897000000000001);
#111=CIRCLE('',#8539,0.600000000000001);
#112=CIRCLE('',#8541,0.749999999999997);
#113=CIRCLE('',#8542,0.600000000000001);
#114=CIRCLE('',#8545,0.899999999999999);
#115=CIRCLE('',#8547,0.749999999999997);
#116=CIRCLE('',#8549,0.600000000000001);
#117=CIRCLE('',#8552,0.899999999999999);
#118=CIRCLE('',#8555,0.600000000000001);
#119=(
BOUNDED_CURVE()
B_SPLINE_CURVE(2,(#11155,#11156,#11157),.UNSPECIFIED.,.F.,.F.)
B_SPLINE_CURVE_WITH_KNOTS((3,3),(0.106117340329395,0.153582559650335),
 .UNSPECIFIED.)
CURVE()
GEOMETRIC_REPRESENTATION_ITEM()
RATIONAL_B_SPLINE_CURVE((1.51103448275797,1.56499993570204,1.56500000000029))
REPRESENTATION_ITEM('')
);
#120=(
BOUNDED_CURVE()
B_SPLINE_CURVE(2,(#14182,#14183,#14184),.UNSPECIFIED.,.F.,.F.)
B_SPLINE_CURVE_WITH_KNOTS((3,3),(0.106117340329395,0.153582559650335),
 .UNSPECIFIED.)
CURVE()
GEOMETRIC_REPRESENTATION_ITEM()
RATIONAL_B_SPLINE_CURVE((1.51103448275797,1.56499993570204,1.56500000000029))
REPRESENTATION_ITEM('')
);
#121=LINE('',#10389,#1031);
#122=LINE('',#10396,#1032);
#123=LINE('',#10413,#1033);
#124=LINE('',#10430,#1034);
#125=LINE('',#10447,#1035);
#126=LINE('',#10464,#1036);
#127=LINE('',#10481,#1037);
#128=LINE('',#10498,#1038);
#129=LINE('',#10515,#1039);
#130=LINE('',#10532,#1040);
#131=LINE('',#10549,#1041);
#132=LINE('',#10576,#1042);
#133=LINE('',#10583,#1043);
#134=LINE('',#10600,#1044);
#135=LINE('',#10617,#1045);
#136=LINE('',#10634,#1046);
#137=LINE('',#10651,#1047);
#138=LINE('',#10668,#1048);
#139=LINE('',#10685,#1049);
#140=LINE('',#10702,#1050);
#141=LINE('',#10721,#1051);
#142=LINE('',#10723,#1052);
#143=LINE('',#10725,#1053);
#144=LINE('',#10727,#1054);
#145=LINE('',#10729,#1055);
#146=LINE('',#10731,#1056);
#147=LINE('',#10733,#1057);
#148=LINE('',#10734,#1058);
#149=LINE('',#10737,#1059);
#150=LINE('',#10739,#1060);
#151=LINE('',#10740,#1061);
#152=LINE('',#10743,#1062);
#153=LINE('',#10744,#1063);
#154=LINE('',#10747,#1064);
#155=LINE('',#10748,#1065);
#156=LINE('',#10751,#1066);
#157=LINE('',#10752,#1067);
#158=LINE('',#10755,#1068);
#159=LINE('',#10756,#1069);
#160=LINE('',#10759,#1070);
#161=LINE('',#10760,#1071);
#162=LINE('',#10763,#1072);
#163=LINE('',#10764,#1073);
#164=LINE('',#10766,#1074);
#165=LINE('',#10770,#1075);
#166=LINE('',#10772,#1076);
#167=LINE('',#10810,#1077);
#168=LINE('',#10812,#1078);
#169=LINE('',#10813,#1079);
#170=LINE('',#10816,#1080);
#171=LINE('',#10848,#1081);
#172=LINE('',#10849,#1082);
#173=LINE('',#10852,#1083);
#174=LINE('',#10854,#1084);
#175=LINE('',#10855,#1085);
#176=LINE('',#10858,#1086);
#177=LINE('',#10859,#1087);
#178=LINE('',#10876,#1088);
#179=LINE('',#10893,#1089);
#180=LINE('',#10910,#1090);
#181=LINE('',#10927,#1091);
#182=LINE('',#10944,#1092);
#183=LINE('',#10961,#1093);
#184=LINE('',#10964,#1094);
#185=LINE('',#10965,#1095);
#186=LINE('',#10968,#1096);
#187=LINE('',#10969,#1097);
#188=LINE('',#10971,#1098);
#189=LINE('',#10974,#1099);
#190=LINE('',#10976,#1100);
#191=LINE('',#10977,#1101);
#192=LINE('',#10994,#1102);
#193=LINE('',#11011,#1103);
#194=LINE('',#11028,#1104);
#195=LINE('',#11045,#1105);
#196=LINE('',#11062,#1106);
#197=LINE('',#11065,#1107);
#198=LINE('',#11066,#1108);
#199=LINE('',#11068,#1109);
#200=LINE('',#11074,#1110);
#201=LINE('',#11076,#1111);
#202=LINE('',#11078,#1112);
#203=LINE('',#11079,#1113);
#204=LINE('',#11082,#1114);
#205=LINE('',#11084,#1115);
#206=LINE('',#11085,#1116);
#207=LINE('',#11088,#1117);
#208=LINE('',#11090,#1118);
#209=LINE('',#11091,#1119);
#210=LINE('',#11095,#1120);
#211=LINE('',#11097,#1121);
#212=LINE('',#11099,#1122);
#213=LINE('',#11100,#1123);
#214=LINE('',#11103,#1124);
#215=LINE('',#11105,#1125);
#216=LINE('',#11106,#1126);
#217=LINE('',#11109,#1127);
#218=LINE('',#11111,#1128);
#219=LINE('',#11112,#1129);
#220=LINE('',#11116,#1130);
#221=LINE('',#11118,#1131);
#222=LINE('',#11120,#1132);
#223=LINE('',#11121,#1133);
#224=LINE('',#11124,#1134);
#225=LINE('',#11126,#1135);
#226=LINE('',#11127,#1136);
#227=LINE('',#11130,#1137);
#228=LINE('',#11132,#1138);
#229=LINE('',#11133,#1139);
#230=LINE('',#11135,#1140);
#231=LINE('',#11136,#1141);
#232=LINE('',#11138,#1142);
#233=LINE('',#11140,#1143);
#234=LINE('',#11142,#1144);
#235=LINE('',#11144,#1145);
#236=LINE('',#11146,#1146);
#237=LINE('',#11148,#1147);
#238=LINE('',#11159,#1148);
#239=LINE('',#11161,#1149);
#240=LINE('',#11163,#1150);
#241=LINE('',#11164,#1151);
#242=LINE('',#11167,#1152);
#243=LINE('',#11168,#1153);
#244=LINE('',#11170,#1154);
#245=LINE('',#11172,#1155);
#246=LINE('',#11175,#1156);
#247=LINE('',#11177,#1157);
#248=LINE('',#11178,#1158);
#249=LINE('',#11181,#1159);
#250=LINE('',#11182,#1160);
#251=LINE('',#11184,#1161);
#252=LINE('',#11187,#1162);
#253=LINE('',#11189,#1163);
#254=LINE('',#11194,#1164);
#255=LINE('',#11196,#1165);
#256=LINE('',#11198,#1166);
#257=LINE('',#11201,#1167);
#258=LINE('',#11205,#1168);
#259=LINE('',#11207,#1169);
#260=LINE('',#11209,#1170);
#261=LINE('',#11211,#1171);
#262=LINE('',#11215,#1172);
#263=LINE('',#11218,#1173);
#264=LINE('',#11220,#1174);
#265=LINE('',#11222,#1175);
#266=LINE('',#11228,#1176);
#267=LINE('',#11231,#1177);
#268=LINE('',#11235,#1178);
#269=LINE('',#11237,#1179);
#270=LINE('',#11239,#1180);
#271=LINE('',#11240,#1181);
#272=LINE('',#11244,#1182);
#273=LINE('',#11246,#1183);
#274=LINE('',#11247,#1184);
#275=LINE('',#11250,#1185);
#276=LINE('',#11252,#1186);
#277=LINE('',#11253,#1187);
#278=LINE('',#11256,#1188);
#279=LINE('',#11257,#1189);
#280=LINE('',#11259,#1190);
#281=LINE('',#11262,#1191);
#282=LINE('',#11264,#1192);
#283=LINE('',#11265,#1193);
#284=LINE('',#11268,#1194);
#285=LINE('',#11299,#1195);
#286=LINE('',#11305,#1196);
#287=LINE('',#11309,#1197);
#288=LINE('',#11313,#1198);
#289=LINE('',#11315,#1199);
#290=LINE('',#11317,#1200);
#291=LINE('',#11323,#1201);
#292=LINE('',#11325,#1202);
#293=LINE('',#11327,#1203);
#294=LINE('',#11328,#1204);
#295=LINE('',#11334,#1205);
#296=LINE('',#11337,#1206);
#297=LINE('',#11339,#1207);
#298=LINE('',#11340,#1208);
#299=LINE('',#11346,#1209);
#300=LINE('',#11349,#1210);
#301=LINE('',#11351,#1211);
#302=LINE('',#11352,#1212);
#303=LINE('',#11357,#1213);
#304=LINE('',#11361,#1214);
#305=LINE('',#11363,#1215);
#306=LINE('',#11364,#1216);
#307=LINE('',#11371,#1217);
#308=LINE('',#11373,#1218);
#309=LINE('',#11375,#1219);
#310=LINE('',#11376,#1220);
#311=LINE('',#11379,#1221);
#312=LINE('',#11381,#1222);
#313=LINE('',#11383,#1223);
#314=LINE('',#11385,#1224);
#315=LINE('',#11386,#1225);
#316=LINE('',#11389,#1226);
#317=LINE('',#11391,#1227);
#318=LINE('',#11393,#1228);
#319=LINE('',#11394,#1229);
#320=LINE('',#11397,#1230);
#321=LINE('',#11399,#1231);
#322=LINE('',#11400,#1232);
#323=LINE('',#11403,#1233);
#324=LINE('',#11405,#1234);
#325=LINE('',#11407,#1235);
#326=LINE('',#11408,#1236);
#327=LINE('',#11411,#1237);
#328=LINE('',#11412,#1238);
#329=LINE('',#11416,#1239);
#330=LINE('',#11418,#1240);
#331=LINE('',#11420,#1241);
#332=LINE('',#11421,#1242);
#333=LINE('',#11425,#1243);
#334=LINE('',#11427,#1244);
#335=LINE('',#11429,#1245);
#336=LINE('',#11430,#1246);
#337=LINE('',#11434,#1247);
#338=LINE('',#11436,#1248);
#339=LINE('',#11438,#1249);
#340=LINE('',#11439,#1250);
#341=LINE('',#11442,#1251);
#342=LINE('',#11444,#1252);
#343=LINE('',#11446,#1253);
#344=LINE('',#11448,#1254);
#345=LINE('',#11450,#1255);
#346=LINE('',#11452,#1256);
#347=LINE('',#11454,#1257);
#348=LINE('',#11456,#1258);
#349=LINE('',#11458,#1259);
#350=LINE('',#11460,#1260);
#351=LINE('',#11462,#1261);
#352=LINE('',#11464,#1262);
#353=LINE('',#11466,#1263);
#354=LINE('',#11468,#1264);
#355=LINE('',#11470,#1265);
#356=LINE('',#11472,#1266);
#357=LINE('',#11474,#1267);
#358=LINE('',#11476,#1268);
#359=LINE('',#11477,#1269);
#360=LINE('',#11480,#1270);
#361=LINE('',#11482,#1271);
#362=LINE('',#11484,#1272);
#363=LINE('',#11486,#1273);
#364=LINE('',#11488,#1274);
#365=LINE('',#11490,#1275);
#366=LINE('',#11492,#1276);
#367=LINE('',#11494,#1277);
#368=LINE('',#11496,#1278);
#369=LINE('',#11498,#1279);
#370=LINE('',#11500,#1280);
#371=LINE('',#11502,#1281);
#372=LINE('',#11504,#1282);
#373=LINE('',#11506,#1283);
#374=LINE('',#11508,#1284);
#375=LINE('',#11510,#1285);
#376=LINE('',#11512,#1286);
#377=LINE('',#11513,#1287);
#378=LINE('',#11517,#1288);
#379=LINE('',#11519,#1289);
#380=LINE('',#11521,#1290);
#381=LINE('',#11522,#1291);
#382=LINE('',#11526,#1292);
#383=LINE('',#11528,#1293);
#384=LINE('',#11530,#1294);
#385=LINE('',#11532,#1295);
#386=LINE('',#11534,#1296);
#387=LINE('',#11536,#1297);
#388=LINE('',#11538,#1298);
#389=LINE('',#11540,#1299);
#390=LINE('',#11542,#1300);
#391=LINE('',#11544,#1301);
#392=LINE('',#11546,#1302);
#393=LINE('',#11548,#1303);
#394=LINE('',#11550,#1304);
#395=LINE('',#11552,#1305);
#396=LINE('',#11554,#1306);
#397=LINE('',#11556,#1307);
#398=LINE('',#11558,#1308);
#399=LINE('',#11560,#1309);
#400=LINE('',#11562,#1310);
#401=LINE('',#11564,#1311);
#402=LINE('',#11566,#1312);
#403=LINE('',#11568,#1313);
#404=LINE('',#11570,#1314);
#405=LINE('',#11572,#1315);
#406=LINE('',#11574,#1316);
#407=LINE('',#11576,#1317);
#408=LINE('',#11578,#1318);
#409=LINE('',#11580,#1319);
#410=LINE('',#11582,#1320);
#411=LINE('',#11584,#1321);
#412=LINE('',#11586,#1322);
#413=LINE('',#11588,#1323);
#414=LINE('',#11590,#1324);
#415=LINE('',#11592,#1325);
#416=LINE('',#11594,#1326);
#417=LINE('',#11595,#1327);
#418=LINE('',#11599,#1328);
#419=LINE('',#11601,#1329);
#420=LINE('',#11603,#1330);
#421=LINE('',#11604,#1331);
#422=LINE('',#11607,#1332);
#423=LINE('',#11609,#1333);
#424=LINE('',#11610,#1334);
#425=LINE('',#11613,#1335);
#426=LINE('',#11615,#1336);
#427=LINE('',#11617,#1337);
#428=LINE('',#11619,#1338);
#429=LINE('',#11623,#1339);
#430=LINE('',#11627,#1340);
#431=LINE('',#11628,#1341);
#432=LINE('',#11631,#1342);
#433=LINE('',#11635,#1343);
#434=LINE('',#11636,#1344);
#435=LINE('',#11639,#1345);
#436=LINE('',#11643,#1346);
#437=LINE('',#11644,#1347);
#438=LINE('',#11647,#1348);
#439=LINE('',#11651,#1349);
#440=LINE('',#11652,#1350);
#441=LINE('',#11655,#1351);
#442=LINE('',#11659,#1352);
#443=LINE('',#11660,#1353);
#444=LINE('',#11663,#1354);
#445=LINE('',#11668,#1355);
#446=LINE('',#11671,#1356);
#447=LINE('',#11673,#1357);
#448=LINE('',#11676,#1358);
#449=LINE('',#11677,#1359);
#450=LINE('',#11680,#1360);
#451=LINE('',#11681,#1361);
#452=LINE('',#11684,#1362);
#453=LINE('',#11688,#1363);
#454=LINE('',#11692,#1364);
#455=LINE('',#11696,#1365);
#456=LINE('',#11697,#1366);
#457=LINE('',#11701,#1367);
#458=LINE('',#11703,#1368);
#459=LINE('',#11705,#1369);
#460=LINE('',#11707,#1370);
#461=LINE('',#11709,#1371);
#462=LINE('',#11713,#1372);
#463=LINE('',#11715,#1373);
#464=LINE('',#11717,#1374);
#465=LINE('',#11718,#1375);
#466=LINE('',#11721,#1376);
#467=LINE('',#11722,#1377);
#468=LINE('',#11725,#1378);
#469=LINE('',#11727,#1379);
#470=LINE('',#11728,#1380);
#471=LINE('',#11731,#1381);
#472=LINE('',#11733,#1382);
#473=LINE('',#11734,#1383);
#474=LINE('',#11737,#1384);
#475=LINE('',#11739,#1385);
#476=LINE('',#11740,#1386);
#477=LINE('',#11743,#1387);
#478=LINE('',#11745,#1388);
#479=LINE('',#11746,#1389);
#480=LINE('',#11748,#1390);
#481=LINE('',#11750,#1391);
#482=LINE('',#11752,#1392);
#483=LINE('',#11754,#1393);
#484=LINE('',#11755,#1394);
#485=LINE('',#11758,#1395);
#486=LINE('',#11760,#1396);
#487=LINE('',#11762,#1397);
#488=LINE('',#11764,#1398);
#489=LINE('',#11766,#1399);
#490=LINE('',#11768,#1400);
#491=LINE('',#11770,#1401);
#492=LINE('',#11772,#1402);
#493=LINE('',#11774,#1403);
#494=LINE('',#11776,#1404);
#495=LINE('',#11778,#1405);
#496=LINE('',#11780,#1406);
#497=LINE('',#11782,#1407);
#498=LINE('',#11784,#1408);
#499=LINE('',#11786,#1409);
#500=LINE('',#11788,#1410);
#501=LINE('',#11790,#1411);
#502=LINE('',#11792,#1412);
#503=LINE('',#11794,#1413);
#504=LINE('',#11795,#1414);
#505=LINE('',#11797,#1415);
#506=LINE('',#11799,#1416);
#507=LINE('',#11801,#1417);
#508=LINE('',#11803,#1418);
#509=LINE('',#11805,#1419);
#510=LINE('',#11807,#1420);
#511=LINE('',#11809,#1421);
#512=LINE('',#11811,#1422);
#513=LINE('',#11813,#1423);
#514=LINE('',#11815,#1424);
#515=LINE('',#11817,#1425);
#516=LINE('',#11819,#1426);
#517=LINE('',#11821,#1427);
#518=LINE('',#11822,#1428);
#519=LINE('',#11825,#1429);
#520=LINE('',#11827,#1430);
#521=LINE('',#11828,#1431);
#522=LINE('',#11833,#1432);
#523=LINE('',#11835,#1433);
#524=LINE('',#11837,#1434);
#525=LINE('',#11839,#1435);
#526=LINE('',#11841,#1436);
#527=LINE('',#11843,#1437);
#528=LINE('',#11845,#1438);
#529=LINE('',#11847,#1439);
#530=LINE('',#11849,#1440);
#531=LINE('',#11854,#1441);
#532=LINE('',#11855,#1442);
#533=LINE('',#11857,#1443);
#534=LINE('',#11859,#1444);
#535=LINE('',#11861,#1445);
#536=LINE('',#11863,#1446);
#537=LINE('',#11865,#1447);
#538=LINE('',#11867,#1448);
#539=LINE('',#11869,#1449);
#540=LINE('',#11871,#1450);
#541=LINE('',#11873,#1451);
#542=LINE('',#11875,#1452);
#543=LINE('',#11877,#1453);
#544=LINE('',#11879,#1454);
#545=LINE('',#11881,#1455);
#546=LINE('',#11886,#1456);
#547=LINE('',#11891,#1457);
#548=LINE('',#11893,#1458);
#549=LINE('',#11895,#1459);
#550=LINE('',#11896,#1460);
#551=LINE('',#11899,#1461);
#552=LINE('',#11901,#1462);
#553=LINE('',#11902,#1463);
#554=LINE('',#11905,#1464);
#555=LINE('',#11907,#1465);
#556=LINE('',#11908,#1466);
#557=LINE('',#11911,#1467);
#558=LINE('',#11913,#1468);
#559=LINE('',#11914,#1469);
#560=LINE('',#11917,#1470);
#561=LINE('',#11919,#1471);
#562=LINE('',#11920,#1472);
#563=LINE('',#11923,#1473);
#564=LINE('',#11925,#1474);
#565=LINE('',#11927,#1475);
#566=LINE('',#11928,#1476);
#567=LINE('',#11931,#1477);
#568=LINE('',#11932,#1478);
#569=LINE('',#11935,#1479);
#570=LINE('',#11937,#1480);
#571=LINE('',#11938,#1481);
#572=LINE('',#11941,#1482);
#573=LINE('',#11943,#1483);
#574=LINE('',#11944,#1484);
#575=LINE('',#11947,#1485);
#576=LINE('',#11949,#1486);
#577=LINE('',#11951,#1487);
#578=LINE('',#11953,#1488);
#579=LINE('',#11955,#1489);
#580=LINE('',#11957,#1490);
#581=LINE('',#11959,#1491);
#582=LINE('',#11961,#1492);
#583=LINE('',#11963,#1493);
#584=LINE('',#11965,#1494);
#585=LINE('',#11967,#1495);
#586=LINE('',#11969,#1496);
#587=LINE('',#11971,#1497);
#588=LINE('',#11973,#1498);
#589=LINE('',#11975,#1499);
#590=LINE('',#11977,#1500);
#591=LINE('',#11979,#1501);
#592=LINE('',#11981,#1502);
#593=LINE('',#11983,#1503);
#594=LINE('',#11985,#1504);
#595=LINE('',#11987,#1505);
#596=LINE('',#11989,#1506);
#597=LINE('',#11991,#1507);
#598=LINE('',#11993,#1508);
#599=LINE('',#11995,#1509);
#600=LINE('',#11997,#1510);
#601=LINE('',#11999,#1511);
#602=LINE('',#12001,#1512);
#603=LINE('',#12003,#1513);
#604=LINE('',#12005,#1514);
#605=LINE('',#12007,#1515);
#606=LINE('',#12009,#1516);
#607=LINE('',#12011,#1517);
#608=LINE('',#12012,#1518);
#609=LINE('',#12014,#1519);
#610=LINE('',#12016,#1520);
#611=LINE('',#12018,#1521);
#612=LINE('',#12020,#1522);
#613=LINE('',#12022,#1523);
#614=LINE('',#12024,#1524);
#615=LINE('',#12025,#1525);
#616=LINE('',#12027,#1526);
#617=LINE('',#12029,#1527);
#618=LINE('',#12030,#1528);
#619=LINE('',#12032,#1529);
#620=LINE('',#12034,#1530);
#621=LINE('',#12036,#1531);
#622=LINE('',#12037,#1532);
#623=LINE('',#12040,#1533);
#624=LINE('',#12043,#1534);
#625=LINE('',#12046,#1535);
#626=LINE('',#12048,#1536);
#627=LINE('',#12052,#1537);
#628=LINE('',#12054,#1538);
#629=LINE('',#12055,#1539);
#630=LINE('',#12058,#1540);
#631=LINE('',#12060,#1541);
#632=LINE('',#12061,#1542);
#633=LINE('',#12064,#1543);
#634=LINE('',#12067,#1544);
#635=LINE('',#12070,#1545);
#636=LINE('',#12072,#1546);
#637=LINE('',#12076,#1547);
#638=LINE('',#12078,#1548);
#639=LINE('',#12079,#1549);
#640=LINE('',#12082,#1550);
#641=LINE('',#12084,#1551);
#642=LINE('',#12085,#1552);
#643=LINE('',#12088,#1553);
#644=LINE('',#12091,#1554);
#645=LINE('',#12094,#1555);
#646=LINE('',#12096,#1556);
#647=LINE('',#12100,#1557);
#648=LINE('',#12102,#1558);
#649=LINE('',#12103,#1559);
#650=LINE('',#12106,#1560);
#651=LINE('',#12108,#1561);
#652=LINE('',#12109,#1562);
#653=LINE('',#12112,#1563);
#654=LINE('',#12113,#1564);
#655=LINE('',#12115,#1565);
#656=LINE('',#12117,#1566);
#657=LINE('',#12119,#1567);
#658=LINE('',#12121,#1568);
#659=LINE('',#12124,#1569);
#660=LINE('',#12125,#1570);
#661=LINE('',#12127,#1571);
#662=LINE('',#12129,#1572);
#663=LINE('',#12131,#1573);
#664=LINE('',#12134,#1574);
#665=LINE('',#12135,#1575);
#666=LINE('',#12137,#1576);
#667=LINE('',#12139,#1577);
#668=LINE('',#12141,#1578);
#669=LINE('',#12142,#1579);
#670=LINE('',#12144,#1580);
#671=LINE('',#12148,#1581);
#672=LINE('',#12152,#1582);
#673=LINE('',#12154,#1583);
#674=LINE('',#12157,#1584);
#675=LINE('',#12161,#1585);
#676=LINE('',#12162,#1586);
#677=LINE('',#12164,#1587);
#678=LINE('',#12166,#1588);
#679=LINE('',#12168,#1589);
#680=LINE('',#12169,#1590);
#681=LINE('',#12171,#1591);
#682=LINE('',#12173,#1592);
#683=LINE('',#12175,#1593);
#684=LINE('',#12176,#1594);
#685=LINE('',#12178,#1595);
#686=LINE('',#12180,#1596);
#687=LINE('',#12182,#1597);
#688=LINE('',#12185,#1598);
#689=LINE('',#12188,#1599);
#690=LINE('',#12189,#1600);
#691=LINE('',#12191,#1601);
#692=LINE('',#12192,#1602);
#693=LINE('',#12195,#1603);
#694=LINE('',#12196,#1604);
#695=LINE('',#12198,#1605);
#696=LINE('',#12199,#1606);
#697=LINE('',#12202,#1607);
#698=LINE('',#12203,#1608);
#699=LINE('',#12205,#1609);
#700=LINE('',#12206,#1610);
#701=LINE('',#12210,#1611);
#702=LINE('',#12212,#1612);
#703=LINE('',#12213,#1613);
#704=LINE('',#12216,#1614);
#705=LINE('',#12217,#1615);
#706=LINE('',#12219,#1616);
#707=LINE('',#12222,#1617);
#708=LINE('',#12224,#1618);
#709=LINE('',#12225,#1619);
#710=LINE('',#12228,#1620);
#711=LINE('',#12229,#1621);
#712=LINE('',#12232,#1622);
#713=LINE('',#12233,#1623);
#714=LINE('',#12236,#1624);
#715=LINE('',#12238,#1625);
#716=LINE('',#12239,#1626);
#717=LINE('',#12242,#1627);
#718=LINE('',#12243,#1628);
#719=LINE('',#12246,#1629);
#720=LINE('',#12247,#1630);
#721=LINE('',#12250,#1631);
#722=LINE('',#12252,#1632);
#723=LINE('',#12254,#1633);
#724=LINE('',#12256,#1634);
#725=LINE('',#12257,#1635);
#726=LINE('',#12258,#1636);
#727=LINE('',#12259,#1637);
#728=LINE('',#12261,#1638);
#729=LINE('',#12262,#1639);
#730=LINE('',#12263,#1640);
#731=LINE('',#12268,#1641);
#732=LINE('',#12271,#1642);
#733=LINE('',#12273,#1643);
#734=LINE('',#12277,#1644);
#735=LINE('',#12278,#1645);
#736=LINE('',#12282,#1646);
#737=LINE('',#12283,#1647);
#738=LINE('',#12286,#1648);
#739=LINE('',#12287,#1649);
#740=LINE('',#12290,#1650);
#741=LINE('',#12293,#1651);
#742=LINE('',#12296,#1652);
#743=LINE('',#12297,#1653);
#744=LINE('',#12299,#1654);
#745=LINE('',#12303,#1655);
#746=LINE('',#12304,#1656);
#747=LINE('',#12306,#1657);
#748=LINE('',#12307,#1658);
#749=LINE('',#12311,#1659);
#750=LINE('',#12313,#1660);
#751=LINE('',#12314,#1661);
#752=LINE('',#12316,#1662);
#753=LINE('',#12320,#1663);
#754=LINE('',#12322,#1664);
#755=LINE('',#12325,#1665);
#756=LINE('',#12327,#1666);
#757=LINE('',#12331,#1667);
#758=LINE('',#12333,#1668);
#759=LINE('',#12335,#1669);
#760=LINE('',#12338,#1670);
#761=LINE('',#12340,#1671);
#762=LINE('',#12343,#1672);
#763=LINE('',#12345,#1673);
#764=LINE('',#12348,#1674);
#765=LINE('',#12350,#1675);
#766=LINE('',#12356,#1676);
#767=LINE('',#12358,#1677);
#768=LINE('',#12360,#1678);
#769=LINE('',#12362,#1679);
#770=LINE('',#12364,#1680);
#771=LINE('',#12366,#1681);
#772=LINE('',#12368,#1682);
#773=LINE('',#12369,#1683);
#774=LINE('',#12372,#1684);
#775=LINE('',#12374,#1685);
#776=LINE('',#12375,#1686);
#777=LINE('',#12378,#1687);
#778=LINE('',#12379,#1688);
#779=LINE('',#12382,#1689);
#780=LINE('',#12383,#1690);
#781=LINE('',#12386,#1691);
#782=LINE('',#12387,#1692);
#783=LINE('',#12390,#1693);
#784=LINE('',#12391,#1694);
#785=LINE('',#12394,#1695);
#786=LINE('',#12395,#1696);
#787=LINE('',#12398,#1697);
#788=LINE('',#12399,#1698);
#789=LINE('',#12401,#1699);
#790=LINE('',#12405,#1700);
#791=LINE('',#12407,#1701);
#792=LINE('',#12409,#1702);
#793=LINE('',#12411,#1703);
#794=LINE('',#12413,#1704);
#795=LINE('',#12415,#1705);
#796=LINE('',#12417,#1706);
#797=LINE('',#12418,#1707);
#798=LINE('',#12421,#1708);
#799=LINE('',#12423,#1709);
#800=LINE('',#12424,#1710);
#801=LINE('',#12427,#1711);
#802=LINE('',#12428,#1712);
#803=LINE('',#12431,#1713);
#804=LINE('',#12432,#1714);
#805=LINE('',#12435,#1715);
#806=LINE('',#12436,#1716);
#807=LINE('',#12439,#1717);
#808=LINE('',#12440,#1718);
#809=LINE('',#12443,#1719);
#810=LINE('',#12444,#1720);
#811=LINE('',#12447,#1721);
#812=LINE('',#12448,#1722);
#813=LINE('',#12450,#1723);
#814=LINE('',#12520,#1724);
#815=LINE('',#12522,#1725);
#816=LINE('',#12523,#1726);
#817=LINE('',#12526,#1727);
#818=LINE('',#12570,#1728);
#819=LINE('',#12571,#1729);
#820=LINE('',#12574,#1730);
#821=LINE('',#12612,#1731);
#822=LINE('',#12613,#1732);
#823=LINE('',#12625,#1733);
#824=LINE('',#12632,#1734);
#825=LINE('',#12649,#1735);
#826=LINE('',#12666,#1736);
#827=LINE('',#12683,#1737);
#828=LINE('',#12700,#1738);
#829=LINE('',#12717,#1739);
#830=LINE('',#12734,#1740);
#831=LINE('',#12751,#1741);
#832=LINE('',#12768,#1742);
#833=LINE('',#12785,#1743);
#834=LINE('',#12802,#1744);
#835=LINE('',#12805,#1745);
#836=LINE('',#12806,#1746);
#837=LINE('',#12809,#1747);
#838=LINE('',#12810,#1748);
#839=LINE('',#12812,#1749);
#840=LINE('',#12815,#1750);
#841=LINE('',#12817,#1751);
#842=LINE('',#12818,#1752);
#843=LINE('',#12835,#1753);
#844=LINE('',#12852,#1754);
#845=LINE('',#12869,#1755);
#846=LINE('',#12886,#1756);
#847=LINE('',#12903,#1757);
#848=LINE('',#12920,#1758);
#849=LINE('',#12937,#1759);
#850=LINE('',#12940,#1760);
#851=LINE('',#12941,#1761);
#852=LINE('',#12943,#1762);
#853=LINE('',#12946,#1763);
#854=LINE('',#12948,#1764);
#855=LINE('',#12949,#1765);
#856=LINE('',#12966,#1766);
#857=LINE('',#12983,#1767);
#858=LINE('',#13000,#1768);
#859=LINE('',#13017,#1769);
#860=LINE('',#13034,#1770);
#861=LINE('',#13051,#1771);
#862=LINE('',#13054,#1772);
#863=LINE('',#13055,#1773);
#864=LINE('',#13057,#1774);
#865=LINE('',#13190,#1775);
#866=LINE('',#13197,#1776);
#867=LINE('',#13214,#1777);
#868=LINE('',#13231,#1778);
#869=LINE('',#13248,#1779);
#870=LINE('',#13265,#1780);
#871=LINE('',#13282,#1781);
#872=LINE('',#13299,#1782);
#873=LINE('',#13316,#1783);
#874=LINE('',#13333,#1784);
#875=LINE('',#13350,#1785);
#876=LINE('',#13377,#1786);
#877=LINE('',#13384,#1787);
#878=LINE('',#13401,#1788);
#879=LINE('',#13418,#1789);
#880=LINE('',#13435,#1790);
#881=LINE('',#13452,#1791);
#882=LINE('',#13469,#1792);
#883=LINE('',#13486,#1793);
#884=LINE('',#13503,#1794);
#885=LINE('',#13522,#1795);
#886=LINE('',#13524,#1796);
#887=LINE('',#13526,#1797);
#888=LINE('',#13528,#1798);
#889=LINE('',#13530,#1799);
#890=LINE('',#13532,#1800);
#891=LINE('',#13534,#1801);
#892=LINE('',#13536,#1802);
#893=LINE('',#13538,#1803);
#894=LINE('',#13552,#1804);
#895=LINE('',#13554,#1805);
#896=LINE('',#13556,#1806);
#897=LINE('',#13557,#1807);
#898=LINE('',#13560,#1808);
#899=LINE('',#13562,#1809);
#900=LINE('',#13563,#1810);
#901=LINE('',#13566,#1811);
#902=LINE('',#13567,#1812);
#903=LINE('',#13570,#1813);
#904=LINE('',#13571,#1814);
#905=LINE('',#13574,#1815);
#906=LINE('',#13575,#1816);
#907=LINE('',#13578,#1817);
#908=LINE('',#13579,#1818);
#909=LINE('',#13582,#1819);
#910=LINE('',#13583,#1820);
#911=LINE('',#13586,#1821);
#912=LINE('',#13587,#1822);
#913=LINE('',#13590,#1823);
#914=LINE('',#13591,#1824);
#915=LINE('',#13594,#1825);
#916=LINE('',#13595,#1826);
#917=LINE('',#13612,#1827);
#918=LINE('',#13629,#1828);
#919=LINE('',#13632,#1829);
#920=LINE('',#13633,#1830);
#921=LINE('',#13636,#1831);
#922=LINE('',#13637,#1832);
#923=LINE('',#13640,#1833);
#924=LINE('',#13641,#1834);
#925=LINE('',#13643,#1835);
#926=LINE('',#13776,#1836);
#927=LINE('',#13783,#1837);
#928=LINE('',#13800,#1838);
#929=LINE('',#13817,#1839);
#930=LINE('',#13834,#1840);
#931=LINE('',#13851,#1841);
#932=LINE('',#13868,#1842);
#933=LINE('',#13885,#1843);
#934=LINE('',#13902,#1844);
#935=LINE('',#13919,#1845);
#936=LINE('',#13936,#1846);
#937=LINE('',#13963,#1847);
#938=LINE('',#13970,#1848);
#939=LINE('',#13987,#1849);
#940=LINE('',#14004,#1850);
#941=LINE('',#14021,#1851);
#942=LINE('',#14038,#1852);
#943=LINE('',#14055,#1853);
#944=LINE('',#14072,#1854);
#945=LINE('',#14089,#1855);
#946=LINE('',#14112,#1856);
#947=LINE('',#14114,#1857);
#948=LINE('',#14116,#1858);
#949=LINE('',#14117,#1859);
#950=LINE('',#14120,#1860);
#951=LINE('',#14122,#1861);
#952=LINE('',#14123,#1862);
#953=LINE('',#14126,#1863);
#954=LINE('',#14128,#1864);
#955=LINE('',#14129,#1865);
#956=LINE('',#14133,#1866);
#957=LINE('',#14135,#1867);
#958=LINE('',#14137,#1868);
#959=LINE('',#14138,#1869);
#960=LINE('',#14141,#1870);
#961=LINE('',#14143,#1871);
#962=LINE('',#14144,#1872);
#963=LINE('',#14147,#1873);
#964=LINE('',#14149,#1874);
#965=LINE('',#14150,#1875);
#966=LINE('',#14154,#1876);
#967=LINE('',#14156,#1877);
#968=LINE('',#14158,#1878);
#969=LINE('',#14159,#1879);
#970=LINE('',#14162,#1880);
#971=LINE('',#14164,#1881);
#972=LINE('',#14165,#1882);
#973=LINE('',#14168,#1883);
#974=LINE('',#14170,#1884);
#975=LINE('',#14171,#1885);
#976=LINE('',#14174,#1886);
#977=LINE('',#14176,#1887);
#978=LINE('',#14178,#1888);
#979=LINE('',#14180,#1889);
#980=LINE('',#14191,#1890);
#981=LINE('',#14193,#1891);
#982=LINE('',#14195,#1892);
#983=LINE('',#14197,#1893);
#984=LINE('',#14199,#1894);
#985=LINE('',#14200,#1895);
#986=LINE('',#14201,#1896);
#987=LINE('',#14202,#1897);
#988=LINE('',#14205,#1898);
#989=LINE('',#14207,#1899);
#990=LINE('',#14211,#1900);
#991=LINE('',#14212,#1901);
#992=LINE('',#14214,#1902);
#993=LINE('',#14217,#1903);
#994=LINE('',#14219,#1904);
#995=LINE('',#14220,#1905);
#996=LINE('',#14222,#1906);
#997=LINE('',#14225,#1907);
#998=LINE('',#14226,#1908);
#999=LINE('',#14228,#1909);
#1000=LINE('',#14232,#1910);
#1001=LINE('',#14234,#1911);
#1002=LINE('',#14235,#1912);
#1003=LINE('',#14238,#1913);
#1004=LINE('',#14240,#1914);
#1005=LINE('',#14241,#1915);
#1006=LINE('',#14244,#1916);
#1007=LINE('',#14245,#1917);
#1008=LINE('',#14247,#1918);
#1009=LINE('',#14251,#1919);
#1010=LINE('',#14253,#1920);
#1011=LINE('',#14255,#1921);
#1012=LINE('',#14256,#1922);
#1013=LINE('',#14260,#1923);
#1014=LINE('',#14293,#1924);
#1015=LINE('',#14302,#1925);
#1016=LINE('',#14305,#1926);
#1017=LINE('',#14307,#1927);
#1018=LINE('',#14309,#1928);
#1019=LINE('',#14310,#1929);
#1020=LINE('',#14313,#1930);
#1021=LINE('',#14320,#1931);
#1022=LINE('',#14323,#1932);
#1023=LINE('',#14324,#1933);
#1024=LINE('',#14328,#1934);
#1025=LINE('',#14333,#1935);
#1026=LINE('',#14336,#1936);
#1027=LINE('',#14337,#1937);
#1028=LINE('',#14340,#1938);
#1029=LINE('',#14341,#1939);
#1030=LINE('',#14343,#1940);
#1031=VECTOR('',#8569,10.);
#1032=VECTOR('',#8570,10.);
#1033=VECTOR('',#8571,10.);
#1034=VECTOR('',#8572,10.);
#1035=VECTOR('',#8573,10.);
#1036=VECTOR('',#8574,10.);
#1037=VECTOR('',#8575,10.);
#1038=VECTOR('',#8576,10.);
#1039=VECTOR('',#8577,10.);
#1040=VECTOR('',#8578,10.);
#1041=VECTOR('',#8579,10.);
#1042=VECTOR('',#8580,10.);
#1043=VECTOR('',#8581,10.);
#1044=VECTOR('',#8582,10.);
#1045=VECTOR('',#8583,10.);
#1046=VECTOR('',#8584,10.);
#1047=VECTOR('',#8585,10.);
#1048=VECTOR('',#8586,10.);
#1049=VECTOR('',#8587,10.);
#1050=VECTOR('',#8588,10.);
#1051=VECTOR('',#8591,10.);
#1052=VECTOR('',#8592,10.);
#1053=VECTOR('',#8593,10.);
#1054=VECTOR('',#8594,10.);
#1055=VECTOR('',#8595,10.);
#1056=VECTOR('',#8596,10.);
#1057=VECTOR('',#8597,10.);
#1058=VECTOR('',#8598,10.);
#1059=VECTOR('',#8601,10.);
#1060=VECTOR('',#8602,10.);
#1061=VECTOR('',#8603,10.);
#1062=VECTOR('',#8606,10.);
#1063=VECTOR('',#8607,10.);
#1064=VECTOR('',#8610,10.);
#1065=VECTOR('',#8611,10.);
#1066=VECTOR('',#8614,10.);
#1067=VECTOR('',#8615,10.);
#1068=VECTOR('',#8618,10.);
#1069=VECTOR('',#8619,10.);
#1070=VECTOR('',#8622,10.);
#1071=VECTOR('',#8623,10.);
#1072=VECTOR('',#8626,10.);
#1073=VECTOR('',#8627,10.);
#1074=VECTOR('',#8630,10.);
#1075=VECTOR('',#8633,10.);
#1076=VECTOR('',#8634,10.);
#1077=VECTOR('',#8635,10.);
#1078=VECTOR('',#8636,10.);
#1079=VECTOR('',#8637,10.);
#1080=VECTOR('',#8638,10.);
#1081=VECTOR('',#8639,10.);
#1082=VECTOR('',#8640,10.);
#1083=VECTOR('',#8643,10.);
#1084=VECTOR('',#8644,10.);
#1085=VECTOR('',#8645,10.);
#1086=VECTOR('',#8648,10.);
#1087=VECTOR('',#8649,10.);
#1088=VECTOR('',#8650,10.);
#1089=VECTOR('',#8651,10.);
#1090=VECTOR('',#8652,10.);
#1091=VECTOR('',#8653,10.);
#1092=VECTOR('',#8654,10.);
#1093=VECTOR('',#8655,10.);
#1094=VECTOR('',#8658,10.);
#1095=VECTOR('',#8659,10.);
#1096=VECTOR('',#8662,10.);
#1097=VECTOR('',#8663,10.);
#1098=VECTOR('',#8666,10.);
#1099=VECTOR('',#8669,10.);
#1100=VECTOR('',#8670,10.);
#1101=VECTOR('',#8671,10.);
#1102=VECTOR('',#8672,10.);
#1103=VECTOR('',#8673,10.);
#1104=VECTOR('',#8674,10.);
#1105=VECTOR('',#8675,10.);
#1106=VECTOR('',#8676,10.);
#1107=VECTOR('',#8679,10.);
#1108=VECTOR('',#8680,10.);
#1109=VECTOR('',#8683,10.);
#1110=VECTOR('',#8690,10.);
#1111=VECTOR('',#8691,10.);
#1112=VECTOR('',#8692,10.);
#1113=VECTOR('',#8693,10.);
#1114=VECTOR('',#8696,10.);
#1115=VECTOR('',#8697,10.);
#1116=VECTOR('',#8698,10.);
#1117=VECTOR('',#8701,10.);
#1118=VECTOR('',#8702,10.);
#1119=VECTOR('',#8703,10.);
#1120=VECTOR('',#8706,10.);
#1121=VECTOR('',#8707,10.);
#1122=VECTOR('',#8708,10.);
#1123=VECTOR('',#8709,10.);
#1124=VECTOR('',#8712,10.);
#1125=VECTOR('',#8713,10.);
#1126=VECTOR('',#8714,10.);
#1127=VECTOR('',#8717,10.);
#1128=VECTOR('',#8718,10.);
#1129=VECTOR('',#8719,10.);
#1130=VECTOR('',#8722,10.);
#1131=VECTOR('',#8723,10.);
#1132=VECTOR('',#8724,10.);
#1133=VECTOR('',#8725,10.);
#1134=VECTOR('',#8728,10.);
#1135=VECTOR('',#8729,10.);
#1136=VECTOR('',#8730,10.);
#1137=VECTOR('',#8733,10.);
#1138=VECTOR('',#8734,10.);
#1139=VECTOR('',#8735,10.);
#1140=VECTOR('',#8738,10.);
#1141=VECTOR('',#8739,10.);
#1142=VECTOR('',#8740,10.);
#1143=VECTOR('',#8741,10.);
#1144=VECTOR('',#8742,10.);
#1145=VECTOR('',#8743,10.);
#1146=VECTOR('',#8744,10.);
#1147=VECTOR('',#8745,10.);
#1148=VECTOR('',#8746,10.);
#1149=VECTOR('',#8747,10.);
#1150=VECTOR('',#8748,10.);
#1151=VECTOR('',#8749,10.);
#1152=VECTOR('',#8752,10.);
#1153=VECTOR('',#8753,10.);
#1154=VECTOR('',#8756,10.);
#1155=VECTOR('',#8759,10.);
#1156=VECTOR('',#8762,10.);
#1157=VECTOR('',#8763,10.);
#1158=VECTOR('',#8764,10.);
#1159=VECTOR('',#8767,10.);
#1160=VECTOR('',#8768,10.);
#1161=VECTOR('',#8771,10.);
#1162=VECTOR('',#8774,10.);
#1163=VECTOR('',#8775,10.);
#1164=VECTOR('',#8780,10.);
#1165=VECTOR('',#8781,10.);
#1166=VECTOR('',#8782,10.);
#1167=VECTOR('',#8785,10.);
#1168=VECTOR('',#8788,10.);
#1169=VECTOR('',#8789,10.);
#1170=VECTOR('',#8790,10.);
#1171=VECTOR('',#8791,10.);
#1172=VECTOR('',#8796,10.);
#1173=VECTOR('',#8799,10.);
#1174=VECTOR('',#8802,10.);
#1175=VECTOR('',#8803,10.);
#1176=VECTOR('',#8804,10.);
#1177=VECTOR('',#8807,10.);
#1178=VECTOR('',#8812,10.);
#1179=VECTOR('',#8813,10.);
#1180=VECTOR('',#8814,10.);
#1181=VECTOR('',#8815,10.);
#1182=VECTOR('',#8818,10.);
#1183=VECTOR('',#8819,10.);
#1184=VECTOR('',#8820,10.);
#1185=VECTOR('',#8823,10.);
#1186=VECTOR('',#8824,10.);
#1187=VECTOR('',#8825,10.);
#1188=VECTOR('',#8828,10.);
#1189=VECTOR('',#8829,10.);
#1190=VECTOR('',#8832,10.);
#1191=VECTOR('',#8835,10.);
#1192=VECTOR('',#8836,10.);
#1193=VECTOR('',#8837,10.);
#1194=VECTOR('',#8840,10.);
#1195=VECTOR('',#8843,10.);
#1196=VECTOR('',#8852,10.);
#1197=VECTOR('',#8859,10.);
#1198=VECTOR('',#8866,10.);
#1199=VECTOR('',#8869,10.);
#1200=VECTOR('',#8872,10.);
#1201=VECTOR('',#8879,10.);
#1202=VECTOR('',#8880,10.);
#1203=VECTOR('',#8881,10.);
#1204=VECTOR('',#8882,10.);
#1205=VECTOR('',#8889,10.);
#1206=VECTOR('',#8892,10.);
#1207=VECTOR('',#8893,10.);
#1208=VECTOR('',#8894,10.);
#1209=VECTOR('',#8901,10.);
#1210=VECTOR('',#8904,10.);
#1211=VECTOR('',#8905,10.);
#1212=VECTOR('',#8906,10.);
#1213=VECTOR('',#8911,10.);
#1214=VECTOR('',#8916,10.);
#1215=VECTOR('',#8917,10.);
#1216=VECTOR('',#8918,10.);
#1217=VECTOR('',#8927,10.);
#1218=VECTOR('',#8928,10.);
#1219=VECTOR('',#8929,10.);
#1220=VECTOR('',#8930,10.);
#1221=VECTOR('',#8933,10.);
#1222=VECTOR('',#8934,10.);
#1223=VECTOR('',#8935,10.);
#1224=VECTOR('',#8936,10.);
#1225=VECTOR('',#8937,10.);
#1226=VECTOR('',#8940,10.);
#1227=VECTOR('',#8941,10.);
#1228=VECTOR('',#8942,10.);
#1229=VECTOR('',#8943,10.);
#1230=VECTOR('',#8946,10.);
#1231=VECTOR('',#8947,10.);
#1232=VECTOR('',#8948,10.);
#1233=VECTOR('',#8951,10.);
#1234=VECTOR('',#8952,10.);
#1235=VECTOR('',#8953,10.);
#1236=VECTOR('',#8954,10.);
#1237=VECTOR('',#8957,10.);
#1238=VECTOR('',#8958,10.);
#1239=VECTOR('',#8961,10.);
#1240=VECTOR('',#8962,10.);
#1241=VECTOR('',#8963,10.);
#1242=VECTOR('',#8964,10.);
#1243=VECTOR('',#8967,10.);
#1244=VECTOR('',#8968,10.);
#1245=VECTOR('',#8969,10.);
#1246=VECTOR('',#8970,10.);
#1247=VECTOR('',#8973,10.);
#1248=VECTOR('',#8974,10.);
#1249=VECTOR('',#8975,10.);
#1250=VECTOR('',#8976,10.);
#1251=VECTOR('',#8979,10.);
#1252=VECTOR('',#8980,10.);
#1253=VECTOR('',#8981,10.);
#1254=VECTOR('',#8982,10.);
#1255=VECTOR('',#8983,10.);
#1256=VECTOR('',#8984,10.);
#1257=VECTOR('',#8985,10.);
#1258=VECTOR('',#8986,10.);
#1259=VECTOR('',#8987,10.);
#1260=VECTOR('',#8988,10.);
#1261=VECTOR('',#8989,10.);
#1262=VECTOR('',#8990,10.);
#1263=VECTOR('',#8991,10.);
#1264=VECTOR('',#8992,10.);
#1265=VECTOR('',#8993,10.);
#1266=VECTOR('',#8994,10.);
#1267=VECTOR('',#8995,10.);
#1268=VECTOR('',#8996,10.);
#1269=VECTOR('',#8997,10.);
#1270=VECTOR('',#9000,10.);
#1271=VECTOR('',#9001,10.);
#1272=VECTOR('',#9002,10.);
#1273=VECTOR('',#9003,10.);
#1274=VECTOR('',#9004,10.);
#1275=VECTOR('',#9005,10.);
#1276=VECTOR('',#9006,10.);
#1277=VECTOR('',#9007,10.);
#1278=VECTOR('',#9008,10.);
#1279=VECTOR('',#9009,10.);
#1280=VECTOR('',#9010,10.);
#1281=VECTOR('',#9011,10.);
#1282=VECTOR('',#9012,10.);
#1283=VECTOR('',#9013,10.);
#1284=VECTOR('',#9014,10.);
#1285=VECTOR('',#9015,10.);
#1286=VECTOR('',#9016,10.);
#1287=VECTOR('',#9017,10.);
#1288=VECTOR('',#9020,10.);
#1289=VECTOR('',#9021,10.);
#1290=VECTOR('',#9022,10.);
#1291=VECTOR('',#9023,10.);
#1292=VECTOR('',#9026,10.);
#1293=VECTOR('',#9027,10.);
#1294=VECTOR('',#9028,10.);
#1295=VECTOR('',#9029,10.);
#1296=VECTOR('',#9030,10.);
#1297=VECTOR('',#9031,10.);
#1298=VECTOR('',#9032,10.);
#1299=VECTOR('',#9033,10.);
#1300=VECTOR('',#9034,10.);
#1301=VECTOR('',#9035,10.);
#1302=VECTOR('',#9036,10.);
#1303=VECTOR('',#9037,10.);
#1304=VECTOR('',#9038,10.);
#1305=VECTOR('',#9039,10.);
#1306=VECTOR('',#9040,10.);
#1307=VECTOR('',#9041,10.);
#1308=VECTOR('',#9042,10.);
#1309=VECTOR('',#9043,10.);
#1310=VECTOR('',#9044,10.);
#1311=VECTOR('',#9045,10.);
#1312=VECTOR('',#9046,10.);
#1313=VECTOR('',#9047,10.);
#1314=VECTOR('',#9048,10.);
#1315=VECTOR('',#9049,10.);
#1316=VECTOR('',#9050,10.);
#1317=VECTOR('',#9051,10.);
#1318=VECTOR('',#9052,10.);
#1319=VECTOR('',#9053,10.);
#1320=VECTOR('',#9054,10.);
#1321=VECTOR('',#9055,10.);
#1322=VECTOR('',#9056,10.);
#1323=VECTOR('',#9057,10.);
#1324=VECTOR('',#9058,10.);
#1325=VECTOR('',#9059,10.);
#1326=VECTOR('',#9060,10.);
#1327=VECTOR('',#9061,10.);
#1328=VECTOR('',#9064,10.);
#1329=VECTOR('',#9065,10.);
#1330=VECTOR('',#9066,10.);
#1331=VECTOR('',#9067,10.);
#1332=VECTOR('',#9070,10.);
#1333=VECTOR('',#9071,10.);
#1334=VECTOR('',#9072,10.);
#1335=VECTOR('',#9075,10.);
#1336=VECTOR('',#9076,10.);
#1337=VECTOR('',#9077,10.);
#1338=VECTOR('',#9078,10.);
#1339=VECTOR('',#9083,10.);
#1340=VECTOR('',#9088,10.);
#1341=VECTOR('',#9089,10.);
#1342=VECTOR('',#9092,10.);
#1343=VECTOR('',#9097,10.);
#1344=VECTOR('',#9098,10.);
#1345=VECTOR('',#9101,10.);
#1346=VECTOR('',#9106,10.);
#1347=VECTOR('',#9107,10.);
#1348=VECTOR('',#9110,10.);
#1349=VECTOR('',#9115,10.);
#1350=VECTOR('',#9116,10.);
#1351=VECTOR('',#9119,10.);
#1352=VECTOR('',#9124,10.);
#1353=VECTOR('',#9125,10.);
#1354=VECTOR('',#9128,10.);
#1355=VECTOR('',#9133,10.);
#1356=VECTOR('',#9136,10.);
#1357=VECTOR('',#9137,10.);
#1358=VECTOR('',#9140,10.);
#1359=VECTOR('',#9141,10.);
#1360=VECTOR('',#9144,10.);
#1361=VECTOR('',#9145,10.);
#1362=VECTOR('',#9148,10.);
#1363=VECTOR('',#9151,10.);
#1364=VECTOR('',#9156,10.);
#1365=VECTOR('',#9161,10.);
#1366=VECTOR('',#9162,10.);
#1367=VECTOR('',#9165,10.);
#1368=VECTOR('',#9166,10.);
#1369=VECTOR('',#9167,10.);
#1370=VECTOR('',#9168,10.);
#1371=VECTOR('',#9169,10.);
#1372=VECTOR('',#9174,10.);
#1373=VECTOR('',#9175,10.);
#1374=VECTOR('',#9176,10.);
#1375=VECTOR('',#9177,10.);
#1376=VECTOR('',#9180,10.);
#1377=VECTOR('',#9181,10.);
#1378=VECTOR('',#9184,10.);
#1379=VECTOR('',#9185,10.);
#1380=VECTOR('',#9186,10.);
#1381=VECTOR('',#9189,10.);
#1382=VECTOR('',#9190,10.);
#1383=VECTOR('',#9191,10.);
#1384=VECTOR('',#9194,10.);
#1385=VECTOR('',#9195,10.);
#1386=VECTOR('',#9196,10.);
#1387=VECTOR('',#9199,10.);
#1388=VECTOR('',#9200,10.);
#1389=VECTOR('',#9201,10.);
#1390=VECTOR('',#9204,10.);
#1391=VECTOR('',#9205,10.);
#1392=VECTOR('',#9206,10.);
#1393=VECTOR('',#9207,10.);
#1394=VECTOR('',#9208,10.);
#1395=VECTOR('',#9211,10.);
#1396=VECTOR('',#9212,10.);
#1397=VECTOR('',#9213,10.);
#1398=VECTOR('',#9214,10.);
#1399=VECTOR('',#9215,10.);
#1400=VECTOR('',#9216,10.);
#1401=VECTOR('',#9217,10.);
#1402=VECTOR('',#9218,10.);
#1403=VECTOR('',#9219,10.);
#1404=VECTOR('',#9220,10.);
#1405=VECTOR('',#9221,10.);
#1406=VECTOR('',#9222,10.);
#1407=VECTOR('',#9223,10.);
#1408=VECTOR('',#9224,10.);
#1409=VECTOR('',#9225,10.);
#1410=VECTOR('',#9226,10.);
#1411=VECTOR('',#9227,10.);
#1412=VECTOR('',#9228,10.);
#1413=VECTOR('',#9229,10.);
#1414=VECTOR('',#9230,10.);
#1415=VECTOR('',#9231,10.);
#1416=VECTOR('',#9232,10.);
#1417=VECTOR('',#9233,10.);
#1418=VECTOR('',#9234,10.);
#1419=VECTOR('',#9235,10.);
#1420=VECTOR('',#9236,10.);
#1421=VECTOR('',#9237,10.);
#1422=VECTOR('',#9238,10.);
#1423=VECTOR('',#9239,10.);
#1424=VECTOR('',#9240,10.);
#1425=VECTOR('',#9241,10.);
#1426=VECTOR('',#9242,10.);
#1427=VECTOR('',#9243,10.);
#1428=VECTOR('',#9244,10.);
#1429=VECTOR('',#9247,10.);
#1430=VECTOR('',#9248,10.);
#1431=VECTOR('',#9249,10.);
#1432=VECTOR('',#9254,10.);
#1433=VECTOR('',#9255,10.);
#1434=VECTOR('',#9256,10.);
#1435=VECTOR('',#9257,10.);
#1436=VECTOR('',#9258,10.);
#1437=VECTOR('',#9259,10.);
#1438=VECTOR('',#9260,10.);
#1439=VECTOR('',#9261,10.);
#1440=VECTOR('',#9262,10.);
#1441=VECTOR('',#9269,10.);
#1442=VECTOR('',#9270,10.);
#1443=VECTOR('',#9273,10.);
#1444=VECTOR('',#9276,10.);
#1445=VECTOR('',#9279,10.);
#1446=VECTOR('',#9282,10.);
#1447=VECTOR('',#9285,10.);
#1448=VECTOR('',#9288,10.);
#1449=VECTOR('',#9291,10.);
#1450=VECTOR('',#9294,10.);
#1451=VECTOR('',#9297,10.);
#1452=VECTOR('',#9300,10.);
#1453=VECTOR('',#9303,10.);
#1454=VECTOR('',#9306,10.);
#1455=VECTOR('',#9309,10.);
#1456=VECTOR('',#9314,10.);
#1457=VECTOR('',#9321,10.);
#1458=VECTOR('',#9322,10.);
#1459=VECTOR('',#9323,10.);
#1460=VECTOR('',#9324,10.);
#1461=VECTOR('',#9327,10.);
#1462=VECTOR('',#9328,10.);
#1463=VECTOR('',#9329,10.);
#1464=VECTOR('',#9332,10.);
#1465=VECTOR('',#9333,10.);
#1466=VECTOR('',#9334,10.);
#1467=VECTOR('',#9337,10.);
#1468=VECTOR('',#9338,10.);
#1469=VECTOR('',#9339,10.);
#1470=VECTOR('',#9342,10.);
#1471=VECTOR('',#9343,10.);
#1472=VECTOR('',#9344,10.);
#1473=VECTOR('',#9347,10.);
#1474=VECTOR('',#9348,10.);
#1475=VECTOR('',#9349,10.);
#1476=VECTOR('',#9350,10.);
#1477=VECTOR('',#9353,10.);
#1478=VECTOR('',#9354,10.);
#1479=VECTOR('',#9357,10.);
#1480=VECTOR('',#9358,10.);
#1481=VECTOR('',#9359,10.);
#1482=VECTOR('',#9362,10.);
#1483=VECTOR('',#9363,10.);
#1484=VECTOR('',#9364,10.);
#1485=VECTOR('',#9367,10.);
#1486=VECTOR('',#9368,10.);
#1487=VECTOR('',#9369,10.);
#1488=VECTOR('',#9370,10.);
#1489=VECTOR('',#9371,10.);
#1490=VECTOR('',#9372,10.);
#1491=VECTOR('',#9373,10.);
#1492=VECTOR('',#9374,10.);
#1493=VECTOR('',#9375,10.);
#1494=VECTOR('',#9376,10.);
#1495=VECTOR('',#9377,10.);
#1496=VECTOR('',#9378,10.);
#1497=VECTOR('',#9379,10.);
#1498=VECTOR('',#9380,10.);
#1499=VECTOR('',#9381,10.);
#1500=VECTOR('',#9382,10.);
#1501=VECTOR('',#9383,10.);
#1502=VECTOR('',#9384,10.);
#1503=VECTOR('',#9385,10.);
#1504=VECTOR('',#9386,10.);
#1505=VECTOR('',#9387,10.);
#1506=VECTOR('',#9388,10.);
#1507=VECTOR('',#9389,10.);
#1508=VECTOR('',#9390,10.);
#1509=VECTOR('',#9391,10.);
#1510=VECTOR('',#9392,10.);
#1511=VECTOR('',#9393,10.);
#1512=VECTOR('',#9394,10.);
#1513=VECTOR('',#9395,10.);
#1514=VECTOR('',#9396,10.);
#1515=VECTOR('',#9397,10.);
#1516=VECTOR('',#9398,10.);
#1517=VECTOR('',#9399,10.);
#1518=VECTOR('',#9400,10.);
#1519=VECTOR('',#9401,10.);
#1520=VECTOR('',#9402,10.);
#1521=VECTOR('',#9403,10.);
#1522=VECTOR('',#9404,10.);
#1523=VECTOR('',#9405,10.);
#1524=VECTOR('',#9406,10.);
#1525=VECTOR('',#9407,10.);
#1526=VECTOR('',#9408,10.);
#1527=VECTOR('',#9409,10.);
#1528=VECTOR('',#9410,10.);
#1529=VECTOR('',#9411,10.);
#1530=VECTOR('',#9412,10.);
#1531=VECTOR('',#9413,10.);
#1532=VECTOR('',#9414,10.);
#1533=VECTOR('',#9417,10.);
#1534=VECTOR('',#9420,10.);
#1535=VECTOR('',#9423,10.);
#1536=VECTOR('',#9424,10.);
#1537=VECTOR('',#9429,10.);
#1538=VECTOR('',#9430,10.);
#1539=VECTOR('',#9431,10.);
#1540=VECTOR('',#9434,10.);
#1541=VECTOR('',#9435,10.);
#1542=VECTOR('',#9436,10.);
#1543=VECTOR('',#9439,10.);
#1544=VECTOR('',#9442,10.);
#1545=VECTOR('',#9445,10.);
#1546=VECTOR('',#9446,10.);
#1547=VECTOR('',#9451,10.);
#1548=VECTOR('',#9452,10.);
#1549=VECTOR('',#9453,10.);
#1550=VECTOR('',#9456,10.);
#1551=VECTOR('',#9457,10.);
#1552=VECTOR('',#9458,10.);
#1553=VECTOR('',#9461,10.);
#1554=VECTOR('',#9464,10.);
#1555=VECTOR('',#9467,10.);
#1556=VECTOR('',#9468,10.);
#1557=VECTOR('',#9473,10.);
#1558=VECTOR('',#9474,10.);
#1559=VECTOR('',#9475,10.);
#1560=VECTOR('',#9478,10.);
#1561=VECTOR('',#9479,10.);
#1562=VECTOR('',#9480,10.);
#1563=VECTOR('',#9483,10.);
#1564=VECTOR('',#9484,10.);
#1565=VECTOR('',#9487,10.);
#1566=VECTOR('',#9490,10.);
#1567=VECTOR('',#9493,10.);
#1568=VECTOR('',#9496,10.);
#1569=VECTOR('',#9499,10.);
#1570=VECTOR('',#9500,10.);
#1571=VECTOR('',#9503,10.);
#1572=VECTOR('',#9506,10.);
#1573=VECTOR('',#9509,10.);
#1574=VECTOR('',#9512,10.);
#1575=VECTOR('',#9513,10.);
#1576=VECTOR('',#9516,10.);
#1577=VECTOR('',#9519,10.);
#1578=VECTOR('',#9522,10.);
#1579=VECTOR('',#9523,10.);
#1580=VECTOR('',#9524,10.);
#1581=VECTOR('',#9529,10.);
#1582=VECTOR('',#9532,10.);
#1583=VECTOR('',#9535,10.);
#1584=VECTOR('',#9540,10.);
#1585=VECTOR('',#9547,10.);
#1586=VECTOR('',#9548,10.);
#1587=VECTOR('',#9551,10.);
#1588=VECTOR('',#9554,10.);
#1589=VECTOR('',#9557,10.);
#1590=VECTOR('',#9558,10.);
#1591=VECTOR('',#9561,10.);
#1592=VECTOR('',#9564,10.);
#1593=VECTOR('',#9567,10.);
#1594=VECTOR('',#9568,10.);
#1595=VECTOR('',#9571,10.);
#1596=VECTOR('',#9574,10.);
#1597=VECTOR('',#9577,10.);
#1598=VECTOR('',#9582,10.);
#1599=VECTOR('',#9587,10.);
#1600=VECTOR('',#9588,10.);
#1601=VECTOR('',#9591,10.);
#1602=VECTOR('',#9592,10.);
#1603=VECTOR('',#9597,10.);
#1604=VECTOR('',#9598,10.);
#1605=VECTOR('',#9601,10.);
#1606=VECTOR('',#9602,10.);
#1607=VECTOR('',#9607,10.);
#1608=VECTOR('',#9608,10.);
#1609=VECTOR('',#9611,10.);
#1610=VECTOR('',#9612,10.);
#1611=VECTOR('',#9617,10.);
#1612=VECTOR('',#9618,10.);
#1613=VECTOR('',#9619,10.);
#1614=VECTOR('',#9622,10.);
#1615=VECTOR('',#9623,10.);
#1616=VECTOR('',#9626,10.);
#1617=VECTOR('',#9629,10.);
#1618=VECTOR('',#9630,10.);
#1619=VECTOR('',#9631,10.);
#1620=VECTOR('',#9634,10.);
#1621=VECTOR('',#9635,10.);
#1622=VECTOR('',#9638,10.);
#1623=VECTOR('',#9639,10.);
#1624=VECTOR('',#9642,10.);
#1625=VECTOR('',#9643,10.);
#1626=VECTOR('',#9644,10.);
#1627=VECTOR('',#9647,10.);
#1628=VECTOR('',#9648,10.);
#1629=VECTOR('',#9651,10.);
#1630=VECTOR('',#9652,10.);
#1631=VECTOR('',#9655,10.);
#1632=VECTOR('',#9656,10.);
#1633=VECTOR('',#9657,10.);
#1634=VECTOR('',#9658,10.);
#1635=VECTOR('',#9659,10.);
#1636=VECTOR('',#9660,10.);
#1637=VECTOR('',#9661,10.);
#1638=VECTOR('',#9662,10.);
#1639=VECTOR('',#9663,10.);
#1640=VECTOR('',#9664,10.);
#1641=VECTOR('',#9669,10.);
#1642=VECTOR('',#9672,10.);
#1643=VECTOR('',#9675,10.);
#1644=VECTOR('',#9682,10.);
#1645=VECTOR('',#9683,10.);
#1646=VECTOR('',#9688,10.);
#1647=VECTOR('',#9689,10.);
#1648=VECTOR('',#9692,10.);
#1649=VECTOR('',#9693,10.);
#1650=VECTOR('',#9698,10.);
#1651=VECTOR('',#9703,10.);
#1652=VECTOR('',#9708,10.);
#1653=VECTOR('',#9709,10.);
#1654=VECTOR('',#9712,10.);
#1655=VECTOR('',#9719,10.);
#1656=VECTOR('',#9720,10.);
#1657=VECTOR('',#9723,10.);
#1658=VECTOR('',#9724,10.);
#1659=VECTOR('',#9731,10.);
#1660=VECTOR('',#9734,10.);
#1661=VECTOR('',#9735,10.);
#1662=VECTOR('',#9738,10.);
#1663=VECTOR('',#9745,10.);
#1664=VECTOR('',#9748,10.);
#1665=VECTOR('',#9751,10.);
#1666=VECTOR('',#9754,10.);
#1667=VECTOR('',#9761,10.);
#1668=VECTOR('',#9764,10.);
#1669=VECTOR('',#9767,10.);
#1670=VECTOR('',#9772,10.);
#1671=VECTOR('',#9775,10.);
#1672=VECTOR('',#9780,10.);
#1673=VECTOR('',#9783,10.);
#1674=VECTOR('',#9788,10.);
#1675=VECTOR('',#9791,10.);
#1676=VECTOR('',#9798,10.);
#1677=VECTOR('',#9799,10.);
#1678=VECTOR('',#9800,10.);
#1679=VECTOR('',#9801,10.);
#1680=VECTOR('',#9802,10.);
#1681=VECTOR('',#9803,10.);
#1682=VECTOR('',#9804,10.);
#1683=VECTOR('',#9805,10.);
#1684=VECTOR('',#9808,10.);
#1685=VECTOR('',#9809,10.);
#1686=VECTOR('',#9810,10.);
#1687=VECTOR('',#9813,10.);
#1688=VECTOR('',#9814,10.);
#1689=VECTOR('',#9817,10.);
#1690=VECTOR('',#9818,10.);
#1691=VECTOR('',#9821,10.);
#1692=VECTOR('',#9822,10.);
#1693=VECTOR('',#9825,10.);
#1694=VECTOR('',#9826,10.);
#1695=VECTOR('',#9829,10.);
#1696=VECTOR('',#9830,10.);
#1697=VECTOR('',#9833,10.);
#1698=VECTOR('',#9834,10.);
#1699=VECTOR('',#9837,10.);
#1700=VECTOR('',#9840,10.);
#1701=VECTOR('',#9841,10.);
#1702=VECTOR('',#9842,10.);
#1703=VECTOR('',#9843,10.);
#1704=VECTOR('',#9844,10.);
#1705=VECTOR('',#9845,10.);
#1706=VECTOR('',#9846,10.);
#1707=VECTOR('',#9847,10.);
#1708=VECTOR('',#9850,10.);
#1709=VECTOR('',#9851,10.);
#1710=VECTOR('',#9852,10.);
#1711=VECTOR('',#9855,10.);
#1712=VECTOR('',#9856,10.);
#1713=VECTOR('',#9859,10.);
#1714=VECTOR('',#9860,10.);
#1715=VECTOR('',#9863,10.);
#1716=VECTOR('',#9864,10.);
#1717=VECTOR('',#9867,10.);
#1718=VECTOR('',#9868,10.);
#1719=VECTOR('',#9871,10.);
#1720=VECTOR('',#9872,10.);
#1721=VECTOR('',#9875,10.);
#1722=VECTOR('',#9876,10.);
#1723=VECTOR('',#9879,10.);
#1724=VECTOR('',#9882,10.);
#1725=VECTOR('',#9883,10.);
#1726=VECTOR('',#9884,10.);
#1727=VECTOR('',#9885,10.);
#1728=VECTOR('',#9886,10.);
#1729=VECTOR('',#9887,10.);
#1730=VECTOR('',#9888,10.);
#1731=VECTOR('',#9889,10.);
#1732=VECTOR('',#9890,10.);
#1733=VECTOR('',#9891,10.);
#1734=VECTOR('',#9892,10.);
#1735=VECTOR('',#9893,10.);
#1736=VECTOR('',#9894,10.);
#1737=VECTOR('',#9895,10.);
#1738=VECTOR('',#9896,10.);
#1739=VECTOR('',#9897,10.);
#1740=VECTOR('',#9898,10.);
#1741=VECTOR('',#9899,10.);
#1742=VECTOR('',#9900,10.);
#1743=VECTOR('',#9901,10.);
#1744=VECTOR('',#9902,10.);
#1745=VECTOR('',#9905,10.);
#1746=VECTOR('',#9906,10.);
#1747=VECTOR('',#9909,10.);
#1748=VECTOR('',#9910,10.);
#1749=VECTOR('',#9913,10.);
#1750=VECTOR('',#9916,10.);
#1751=VECTOR('',#9917,10.);
#1752=VECTOR('',#9918,10.);
#1753=VECTOR('',#9919,10.);
#1754=VECTOR('',#9920,10.);
#1755=VECTOR('',#9921,10.);
#1756=VECTOR('',#9922,10.);
#1757=VECTOR('',#9923,10.);
#1758=VECTOR('',#9924,10.);
#1759=VECTOR('',#9925,10.);
#1760=VECTOR('',#9928,10.);
#1761=VECTOR('',#9929,10.);
#1762=VECTOR('',#9932,10.);
#1763=VECTOR('',#9935,10.);
#1764=VECTOR('',#9936,10.);
#1765=VECTOR('',#9937,10.);
#1766=VECTOR('',#9938,10.);
#1767=VECTOR('',#9939,10.);
#1768=VECTOR('',#9940,10.);
#1769=VECTOR('',#9941,10.);
#1770=VECTOR('',#9942,10.);
#1771=VECTOR('',#9943,10.);
#1772=VECTOR('',#9946,10.);
#1773=VECTOR('',#9947,10.);
#1774=VECTOR('',#9950,10.);
#1775=VECTOR('',#9953,10.);
#1776=VECTOR('',#9954,10.);
#1777=VECTOR('',#9955,10.);
#1778=VECTOR('',#9956,10.);
#1779=VECTOR('',#9957,10.);
#1780=VECTOR('',#9958,10.);
#1781=VECTOR('',#9959,10.);
#1782=VECTOR('',#9960,10.);
#1783=VECTOR('',#9961,10.);
#1784=VECTOR('',#9962,10.);
#1785=VECTOR('',#9963,10.);
#1786=VECTOR('',#9964,10.);
#1787=VECTOR('',#9965,10.);
#1788=VECTOR('',#9966,10.);
#1789=VECTOR('',#9967,10.);
#1790=VECTOR('',#9968,10.);
#1791=VECTOR('',#9969,10.);
#1792=VECTOR('',#9970,10.);
#1793=VECTOR('',#9971,10.);
#1794=VECTOR('',#9972,10.);
#1795=VECTOR('',#9975,10.);
#1796=VECTOR('',#9976,10.);
#1797=VECTOR('',#9977,10.);
#1798=VECTOR('',#9978,10.);
#1799=VECTOR('',#9979,10.);
#1800=VECTOR('',#9980,10.);
#1801=VECTOR('',#9981,10.);
#1802=VECTOR('',#9982,10.);
#1803=VECTOR('',#9983,10.);
#1804=VECTOR('',#9984,10.);
#1805=VECTOR('',#9985,10.);
#1806=VECTOR('',#9986,10.);
#1807=VECTOR('',#9987,10.);
#1808=VECTOR('',#9990,10.);
#1809=VECTOR('',#9991,10.);
#1810=VECTOR('',#9992,10.);
#1811=VECTOR('',#9995,10.);
#1812=VECTOR('',#9996,10.);
#1813=VECTOR('',#9999,10.);
#1814=VECTOR('',#10000,10.);
#1815=VECTOR('',#10003,10.);
#1816=VECTOR('',#10004,10.);
#1817=VECTOR('',#10007,10.);
#1818=VECTOR('',#10008,10.);
#1819=VECTOR('',#10011,10.);
#1820=VECTOR('',#10012,10.);
#1821=VECTOR('',#10015,10.);
#1822=VECTOR('',#10016,10.);
#1823=VECTOR('',#10019,10.);
#1824=VECTOR('',#10020,10.);
#1825=VECTOR('',#10023,10.);
#1826=VECTOR('',#10024,10.);
#1827=VECTOR('',#10025,10.);
#1828=VECTOR('',#10026,10.);
#1829=VECTOR('',#10029,10.);
#1830=VECTOR('',#10030,10.);
#1831=VECTOR('',#10033,10.);
#1832=VECTOR('',#10034,10.);
#1833=VECTOR('',#10037,10.);
#1834=VECTOR('',#10038,10.);
#1835=VECTOR('',#10041,10.);
#1836=VECTOR('',#10044,10.);
#1837=VECTOR('',#10045,10.);
#1838=VECTOR('',#10046,10.);
#1839=VECTOR('',#10047,10.);
#1840=VECTOR('',#10048,10.);
#1841=VECTOR('',#10049,10.);
#1842=VECTOR('',#10050,10.);
#1843=VECTOR('',#10051,10.);
#1844=VECTOR('',#10052,10.);
#1845=VECTOR('',#10053,10.);
#1846=VECTOR('',#10054,10.);
#1847=VECTOR('',#10055,10.);
#1848=VECTOR('',#10056,10.);
#1849=VECTOR('',#10057,10.);
#1850=VECTOR('',#10058,10.);
#1851=VECTOR('',#10059,10.);
#1852=VECTOR('',#10060,10.);
#1853=VECTOR('',#10061,10.);
#1854=VECTOR('',#10062,10.);
#1855=VECTOR('',#10063,10.);
#1856=VECTOR('',#10074,10.);
#1857=VECTOR('',#10075,10.);
#1858=VECTOR('',#10076,10.);
#1859=VECTOR('',#10077,10.);
#1860=VECTOR('',#10080,10.);
#1861=VECTOR('',#10081,10.);
#1862=VECTOR('',#10082,10.);
#1863=VECTOR('',#10085,10.);
#1864=VECTOR('',#10086,10.);
#1865=VECTOR('',#10087,10.);
#1866=VECTOR('',#10090,10.);
#1867=VECTOR('',#10091,10.);
#1868=VECTOR('',#10092,10.);
#1869=VECTOR('',#10093,10.);
#1870=VECTOR('',#10096,10.);
#1871=VECTOR('',#10097,10.);
#1872=VECTOR('',#10098,10.);
#1873=VECTOR('',#10101,10.);
#1874=VECTOR('',#10102,10.);
#1875=VECTOR('',#10103,10.);
#1876=VECTOR('',#10106,10.);
#1877=VECTOR('',#10107,10.);
#1878=VECTOR('',#10108,10.);
#1879=VECTOR('',#10109,10.);
#1880=VECTOR('',#10112,10.);
#1881=VECTOR('',#10113,10.);
#1882=VECTOR('',#10114,10.);
#1883=VECTOR('',#10117,10.);
#1884=VECTOR('',#10118,10.);
#1885=VECTOR('',#10119,10.);
#1886=VECTOR('',#10122,10.);
#1887=VECTOR('',#10123,10.);
#1888=VECTOR('',#10124,10.);
#1889=VECTOR('',#10125,10.);
#1890=VECTOR('',#10126,10.);
#1891=VECTOR('',#10127,10.);
#1892=VECTOR('',#10128,10.);
#1893=VECTOR('',#10129,10.);
#1894=VECTOR('',#10130,10.);
#1895=VECTOR('',#10131,10.);
#1896=VECTOR('',#10132,10.);
#1897=VECTOR('',#10133,10.);
#1898=VECTOR('',#10136,10.);
#1899=VECTOR('',#10137,10.);
#1900=VECTOR('',#10142,10.);
#1901=VECTOR('',#10143,10.);
#1902=VECTOR('',#10146,10.);
#1903=VECTOR('',#10149,10.);
#1904=VECTOR('',#10150,10.);
#1905=VECTOR('',#10151,10.);
#1906=VECTOR('',#10154,10.);
#1907=VECTOR('',#10157,10.);
#1908=VECTOR('',#10158,10.);
#1909=VECTOR('',#10161,10.);
#1910=VECTOR('',#10164,10.);
#1911=VECTOR('',#10165,10.);
#1912=VECTOR('',#10166,10.);
#1913=VECTOR('',#10169,10.);
#1914=VECTOR('',#10170,10.);
#1915=VECTOR('',#10171,10.);
#1916=VECTOR('',#10174,10.);
#1917=VECTOR('',#10175,10.);
#1918=VECTOR('',#10178,10.);
#1919=VECTOR('',#10181,10.);
#1920=VECTOR('',#10182,10.);
#1921=VECTOR('',#10183,10.);
#1922=VECTOR('',#10184,10.);
#1923=VECTOR('',#10187,10.);
#1924=VECTOR('',#10192,10.);
#1925=VECTOR('',#10197,10.);
#1926=VECTOR('',#10202,10.);
#1927=VECTOR('',#10203,10.);
#1928=VECTOR('',#10204,10.);
#1929=VECTOR('',#10205,10.);
#1930=VECTOR('',#10208,10.);
#1931=VECTOR('',#10219,10.);
#1932=VECTOR('',#10222,10.);
#1933=VECTOR('',#10223,10.);
#1934=VECTOR('',#10228,10.);
#1935=VECTOR('',#10235,10.);
#1936=VECTOR('',#10238,10.);
#1937=VECTOR('',#10239,10.);
#1938=VECTOR('',#10242,10.);
#1939=VECTOR('',#10243,10.);
#1940=VECTOR('',#10246,10.);
#1941=B_SPLINE_SURFACE_WITH_KNOTS('',3,1,((#10378,#10379),(#10380,#10381),
(#10382,#10383),(#10384,#10385),(#10386,#10387)),.UNSPECIFIED.,.F.,.F.,
 .F.,(4,1,4),(2,2),(0.,0.126706294802826,0.253793957013523),(-0.05,0.),
 .UNSPECIFIED.);
#1942=B_SPLINE_SURFACE_WITH_KNOTS('',3,1,((#10397,#10398),(#10399,#10400),
(#10401,#10402),(#10403,#10404),(#10405,#10406)),.UNSPECIFIED.,.F.,.F.,
 .F.,(4,1,4),(2,2),(0.,0.13478024297287,0.264026745227141),(-0.05,0.),
 .UNSPECIFIED.);
#1943=B_SPLINE_SURFACE_WITH_KNOTS('',3,1,((#10414,#10415),(#10416,#10417),
(#10418,#10419),(#10420,#10421),(#10422,#10423)),.UNSPECIFIED.,.F.,.F.,
 .F.,(4,1,4),(2,2),(0.,0.125813859527781,0.252609443932623),(-0.05,0.),
 .UNSPECIFIED.);
#1944=B_SPLINE_SURFACE_WITH_KNOTS('',3,1,((#10431,#10432),(#10433,#10434),
(#10435,#10436),(#10437,#10438),(#10439,#10440)),.UNSPECIFIED.,.F.,.F.,
 .F.,(4,1,4),(2,2),(0.,0.128948174269778,0.254550800662699),(-0.05,0.),
 .UNSPECIFIED.);
#1945=B_SPLINE_SURFACE_WITH_KNOTS('',3,1,((#10448,#10449),(#10450,#10451),
(#10452,#10453),(#10454,#10455),(#10456,#10457)),.UNSPECIFIED.,.F.,.F.,
 .F.,(4,1,4),(2,2),(0.,0.144914732136022,0.281009506790098),(-0.05,0.),
 .UNSPECIFIED.);
#1946=B_SPLINE_SURFACE_WITH_KNOTS('',3,1,((#10465,#10466),(#10467,#10468),
(#10469,#10470),(#10471,#10472),(#10473,#10474)),.UNSPECIFIED.,.F.,.F.,
 .F.,(4,1,4),(2,2),(0.,0.133640000414441,0.276524378180855),(-0.05,0.),
 .UNSPECIFIED.);
#1947=B_SPLINE_SURFACE_WITH_KNOTS('',3,1,((#10482,#10483),(#10484,#10485),
(#10486,#10487),(#10488,#10489),(#10490,#10491)),.UNSPECIFIED.,.F.,.F.,
 .F.,(4,1,4),(2,2),(0.,0.125987284487316,0.253292288908615),(-0.05,0.),
 .UNSPECIFIED.);
#1948=B_SPLINE_SURFACE_WITH_KNOTS('',3,1,((#10499,#10500),(#10501,#10502),
(#10503,#10504),(#10505,#10506),(#10507,#10508)),.UNSPECIFIED.,.F.,.F.,
 .F.,(4,1,4),(2,2),(0.,0.132685838263595,0.260703529815617),(-0.05,0.),
 .UNSPECIFIED.);
#1949=B_SPLINE_SURFACE_WITH_KNOTS('',3,1,((#10516,#10517),(#10518,#10519),
(#10520,#10521),(#10522,#10523),(#10524,#10525)),.UNSPECIFIED.,.F.,.F.,
 .F.,(4,1,4),(2,2),(0.,0.186042941603129,0.381264538000674),(-0.05,0.),
 .UNSPECIFIED.);
#1950=B_SPLINE_SURFACE_WITH_KNOTS('',3,1,((#10533,#10534),(#10535,#10536),
(#10537,#10538),(#10539,#10540),(#10541,#10542)),.UNSPECIFIED.,.F.,.F.,
 .F.,(4,1,4),(2,2),(0.,0.224450108900283,0.420003890226207),(-0.05,0.),
 .UNSPECIFIED.);
#1951=B_SPLINE_SURFACE_WITH_KNOTS('',3,1,((#10550,#10551),(#10552,#10553),
(#10554,#10555),(#10556,#10557),(#10558,#10559)),.UNSPECIFIED.,.F.,.F.,
 .F.,(4,1,4),(2,2),(0.,0.128799638545151,0.257837313101383),(-0.05,0.),
 .UNSPECIFIED.);
#1952=B_SPLINE_SURFACE_WITH_KNOTS('',3,1,((#10565,#10566),(#10567,#10568),
(#10569,#10570),(#10571,#10572),(#10573,#10574)),.UNSPECIFIED.,.F.,.F.,
 .F.,(4,1,4),(2,2),(0.,0.132921389921741,0.265525861141901),(-0.05,0.),
 .UNSPECIFIED.);
#1953=B_SPLINE_SURFACE_WITH_KNOTS('',3,1,((#10584,#10585),(#10586,#10587),
(#10588,#10589),(#10590,#10591),(#10592,#10593)),.UNSPECIFIED.,.F.,.F.,
 .F.,(4,1,4),(2,2),(0.,0.092331919547266,0.187211944269021),(-0.05,0.),
 .UNSPECIFIED.);
#1954=B_SPLINE_SURFACE_WITH_KNOTS('',3,1,((#10601,#10602),(#10603,#10604),
(#10605,#10606),(#10607,#10608),(#10609,#10610)),.UNSPECIFIED.,.F.,.F.,
 .F.,(4,1,4),(2,2),(0.,0.0954795861456835,0.187853151202606),(-0.05,0.),
 .UNSPECIFIED.);
#1955=B_SPLINE_SURFACE_WITH_KNOTS('',3,1,((#10618,#10619),(#10620,#10621),
(#10622,#10623),(#10624,#10625),(#10626,#10627)),.UNSPECIFIED.,.F.,.F.,
 .F.,(4,1,4),(2,2),(0.,0.114806033116336,0.218363209892909),(-0.05,0.),
 .UNSPECIFIED.);
#1956=B_SPLINE_SURFACE_WITH_KNOTS('',3,1,((#10635,#10636),(#10637,#10638),
(#10639,#10640),(#10641,#10642),(#10643,#10644)),.UNSPECIFIED.,.F.,.F.,
 .F.,(4,1,4),(2,2),(0.,0.14622300382407,0.318960372086419),(-0.05,0.),
 .UNSPECIFIED.);
#1957=B_SPLINE_SURFACE_WITH_KNOTS('',3,1,((#10652,#10653),(#10654,#10655),
(#10656,#10657),(#10658,#10659),(#10660,#10661)),.UNSPECIFIED.,.F.,.F.,
 .F.,(4,1,4),(2,2),(0.,0.138679268491865,0.273770029055201),(-0.05,0.),
 .UNSPECIFIED.);
#1958=B_SPLINE_SURFACE_WITH_KNOTS('',3,1,((#10669,#10670),(#10671,#10672),
(#10673,#10674),(#10675,#10676),(#10677,#10678)),.UNSPECIFIED.,.F.,.F.,
 .F.,(4,1,4),(2,2),(0.,0.134505711469115,0.271294639689909),(-0.05,0.),
 .UNSPECIFIED.);
#1959=B_SPLINE_SURFACE_WITH_KNOTS('',3,1,((#10686,#10687),(#10688,#10689),
(#10690,#10691),(#10692,#10693),(#10694,#10695)),.UNSPECIFIED.,.F.,.F.,
 .F.,(4,1,4),(2,2),(0.,0.163396283522652,0.306558223295821),(-0.05,0.),
 .UNSPECIFIED.);
#1960=B_SPLINE_SURFACE_WITH_KNOTS('',3,1,((#10703,#10704),(#10705,#10706),
(#10707,#10708),(#10709,#10710),(#10711,#10712)),.UNSPECIFIED.,.F.,.F.,
 .F.,(4,1,4),(2,2),(0.,0.149568571331339,0.344687268423612),(-0.05,0.),
 .UNSPECIFIED.);
#1961=B_SPLINE_SURFACE_WITH_KNOTS('',3,1,((#10860,#10861),(#10862,#10863),
(#10864,#10865),(#10866,#10867),(#10868,#10869)),.UNSPECIFIED.,.F.,.F.,
 .F.,(4,1,4),(2,2),(0.,0.131780088280835,0.312534206310404),(-0.05,0.),
 .UNSPECIFIED.);
#1962=B_SPLINE_SURFACE_WITH_KNOTS('',3,1,((#10877,#10878),(#10879,#10880),
(#10881,#10882),(#10883,#10884),(#10885,#10886)),.UNSPECIFIED.,.F.,.F.,
 .F.,(4,1,4),(2,2),(0.,0.119488404996192,0.234979056847335),(-0.05,0.),
 .UNSPECIFIED.);
#1963=B_SPLINE_SURFACE_WITH_KNOTS('',3,1,((#10894,#10895),(#10896,#10897),
(#10898,#10899),(#10900,#10901),(#10902,#10903)),.UNSPECIFIED.,.F.,.F.,
 .F.,(4,1,4),(2,2),(0.,0.0690066698353809,0.14069188108787),(-0.05,0.),
 .UNSPECIFIED.);
#1964=B_SPLINE_SURFACE_WITH_KNOTS('',3,1,((#10911,#10912),(#10913,#10914),
(#10915,#10916),(#10917,#10918),(#10919,#10920)),.UNSPECIFIED.,.F.,.F.,
 .F.,(4,1,4),(2,2),(0.,0.0610685341422597,0.126516799376707),(-0.05,0.),
 .UNSPECIFIED.);
#1965=B_SPLINE_SURFACE_WITH_KNOTS('',3,1,((#10928,#10929),(#10930,#10931),
(#10932,#10933),(#10934,#10935),(#10936,#10937)),.UNSPECIFIED.,.F.,.F.,
 .F.,(4,1,4),(2,2),(0.,0.070007464363982,0.132817499530102),(-0.05,0.),
 .UNSPECIFIED.);
#1966=B_SPLINE_SURFACE_WITH_KNOTS('',3,1,((#10945,#10946),(#10947,#10948),
(#10949,#10950),(#10951,#10952),(#10953,#10954)),.UNSPECIFIED.,.F.,.F.,
 .F.,(4,1,4),(2,2),(0.,0.0878565529821172,0.152545045615243),(-0.05,0.),
 .UNSPECIFIED.);
#1967=B_SPLINE_SURFACE_WITH_KNOTS('',3,1,((#10978,#10979),(#10980,#10981),
(#10982,#10983),(#10984,#10985),(#10986,#10987)),.UNSPECIFIED.,.F.,.F.,
 .F.,(4,1,4),(2,2),(0.,0.0480409485987658,0.123960047075569),(-0.05,0.),
 .UNSPECIFIED.);
#1968=B_SPLINE_SURFACE_WITH_KNOTS('',3,1,((#10995,#10996),(#10997,#10998),
(#10999,#11000),(#11001,#11002),(#11003,#11004)),.UNSPECIFIED.,.F.,.F.,
 .F.,(4,1,4),(2,2),(0.,0.0522137583662162,0.103900040110883),(-0.05,0.),
 .UNSPECIFIED.);
#1969=B_SPLINE_SURFACE_WITH_KNOTS('',3,1,((#11012,#11013),(#11014,#11015),
(#11016,#11017),(#11018,#11019),(#11020,#11021)),.UNSPECIFIED.,.F.,.F.,
 .F.,(4,1,4),(2,2),(0.,0.0587742374486642,0.113422152575648),(-0.05,0.),
 .UNSPECIFIED.);
#1970=B_SPLINE_SURFACE_WITH_KNOTS('',3,1,((#11029,#11030),(#11031,#11032),
(#11033,#11034),(#11035,#11036),(#11037,#11038)),.UNSPECIFIED.,.F.,.F.,
 .F.,(4,1,4),(2,2),(0.,0.0702578267818767,0.148338626487423),(-0.05,0.),
 .UNSPECIFIED.);
#1971=B_SPLINE_SURFACE_WITH_KNOTS('',3,1,((#11046,#11047),(#11048,#11049),
(#11050,#11051),(#11052,#11053),(#11054,#11055)),.UNSPECIFIED.,.F.,.F.,
 .F.,(4,1,4),(2,2),(0.,0.110299890051191,0.191141209535122),(-0.05,0.),
 .UNSPECIFIED.);
#1972=B_SPLINE_SURFACE_WITH_KNOTS('',3,3,((#11270,#11271,#11272,#11273),
(#11274,#11275,#11276,#11277),(#11278,#11279,#11280,#11281),(#11282,#11283,
#11284,#11285)),.UNSPECIFIED.,.F.,.F.,.F.,(4,4),(4,4),(0.,1.),(-4.18125003097507,
1.3814076570396),.UNSPECIFIED.);
#1973=B_SPLINE_SURFACE_WITH_KNOTS('',3,1,((#12614,#12615),(#12616,#12617),
(#12618,#12619),(#12620,#12621),(#12622,#12623)),.UNSPECIFIED.,.F.,.F.,
 .F.,(4,1,4),(2,2),(0.,0.0594466331425891,0.129989636923415),(-0.05,0.),
 .UNSPECIFIED.);
#1974=B_SPLINE_SURFACE_WITH_KNOTS('',3,1,((#12633,#12634),(#12635,#12636),
(#12637,#12638),(#12639,#12640),(#12641,#12642)),.UNSPECIFIED.,.F.,.F.,
 .F.,(4,1,4),(2,2),(0.,0.0455802623607766,0.0965757782654483),(-0.05,0.),
 .UNSPECIFIED.);
#1975=B_SPLINE_SURFACE_WITH_KNOTS('',3,1,((#12650,#12651),(#12652,#12653),
(#12654,#12655),(#12656,#12657),(#12658,#12659)),.UNSPECIFIED.,.F.,.F.,
 .F.,(4,1,4),(2,2),(0.,0.0503322967845027,0.0954798335959889),(-0.05,0.),
 .UNSPECIFIED.);
#1976=B_SPLINE_SURFACE_WITH_KNOTS('',3,1,((#12667,#12668),(#12669,#12670),
(#12671,#12672),(#12673,#12674),(#12675,#12676)),.UNSPECIFIED.,.F.,.F.,
 .F.,(4,1,4),(2,2),(0.,0.0545530072539588,0.107885090172092),(-0.05,0.),
 .UNSPECIFIED.);
#1977=B_SPLINE_SURFACE_WITH_KNOTS('',3,1,((#12684,#12685),(#12686,#12687),
(#12688,#12689),(#12690,#12691),(#12692,#12693)),.UNSPECIFIED.,.F.,.F.,
 .F.,(4,1,4),(2,2),(0.,0.063127056843511,0.129063858654316),(-0.05,0.),
 .UNSPECIFIED.);
#1978=B_SPLINE_SURFACE_WITH_KNOTS('',3,1,((#12701,#12702),(#12703,#12704),
(#12705,#12706),(#12707,#12708),(#12709,#12710)),.UNSPECIFIED.,.F.,.F.,
 .F.,(4,1,4),(2,2),(0.,0.0703475392642023,0.134886578305239),(-0.05,0.),
 .UNSPECIFIED.);
#1979=B_SPLINE_SURFACE_WITH_KNOTS('',3,1,((#12718,#12719),(#12720,#12721),
(#12722,#12723),(#12724,#12725),(#12726,#12727)),.UNSPECIFIED.,.F.,.F.,
 .F.,(4,1,4),(2,2),(0.,0.0538037771641515,0.112529532218227),(-0.05,0.),
 .UNSPECIFIED.);
#1980=B_SPLINE_SURFACE_WITH_KNOTS('',3,1,((#12735,#12736),(#12737,#12738),
(#12739,#12740),(#12741,#12742),(#12743,#12744)),.UNSPECIFIED.,.F.,.F.,
 .F.,(4,1,4),(2,2),(0.,0.0502791177251823,0.101517361696157),(-0.05,0.),
 .UNSPECIFIED.);
#1981=B_SPLINE_SURFACE_WITH_KNOTS('',3,1,((#12752,#12753),(#12754,#12755),
(#12756,#12757),(#12758,#12759),(#12760,#12761)),.UNSPECIFIED.,.F.,.F.,
 .F.,(4,1,4),(2,2),(0.,0.0567469461452996,0.111270468240419),(-0.05,0.),
 .UNSPECIFIED.);
#1982=B_SPLINE_SURFACE_WITH_KNOTS('',3,1,((#12769,#12770),(#12771,#12772),
(#12773,#12774),(#12775,#12776),(#12777,#12778)),.UNSPECIFIED.,.F.,.F.,
 .F.,(4,1,4),(2,2),(0.,0.0582203534869455,0.115901218722784),(-0.05,0.),
 .UNSPECIFIED.);
#1983=B_SPLINE_SURFACE_WITH_KNOTS('',3,1,((#12786,#12787),(#12788,#12789),
(#12790,#12791),(#12792,#12793),(#12794,#12795)),.UNSPECIFIED.,.F.,.F.,
 .F.,(4,1,4),(2,2),(0.,0.0828284984318511,0.149813187418405),(-0.05,0.),
 .UNSPECIFIED.);
#1984=B_SPLINE_SURFACE_WITH_KNOTS('',3,1,((#12819,#12820),(#12821,#12822),
(#12823,#12824),(#12825,#12826),(#12827,#12828)),.UNSPECIFIED.,.F.,.F.,
 .F.,(4,1,4),(2,2),(0.,0.0505942443762359,0.118139448179397),(-0.05,0.),
 .UNSPECIFIED.);
#1985=B_SPLINE_SURFACE_WITH_KNOTS('',3,1,((#12836,#12837),(#12838,#12839),
(#12840,#12841),(#12842,#12843),(#12844,#12845)),.UNSPECIFIED.,.F.,.F.,
 .F.,(4,1,4),(2,2),(0.,0.0392177764493664,0.079790638838412),(-0.05,0.),
 .UNSPECIFIED.);
#1986=B_SPLINE_SURFACE_WITH_KNOTS('',3,1,((#12853,#12854),(#12855,#12856),
(#12857,#12858),(#12859,#12860),(#12861,#12862)),.UNSPECIFIED.,.F.,.F.,
 .F.,(4,1,4),(2,2),(0.,0.0422050929826576,0.0820518204101245),(-0.05,0.),
 .UNSPECIFIED.);
#1987=B_SPLINE_SURFACE_WITH_KNOTS('',3,1,((#12870,#12871),(#12872,#12873),
(#12874,#12875),(#12876,#12877),(#12878,#12879)),.UNSPECIFIED.,.F.,.F.,
 .F.,(4,1,4),(2,2),(0.,0.0336114174701464,0.0697767466692681),(-0.05,0.),
 .UNSPECIFIED.);
#1988=B_SPLINE_SURFACE_WITH_KNOTS('',3,1,((#12887,#12888),(#12889,#12890),
(#12891,#12892),(#12893,#12894),(#12895,#12896)),.UNSPECIFIED.,.F.,.F.,
 .F.,(4,1,4),(2,2),(0.,0.0291970781978083,0.0605916710758048),(-0.05,0.),
 .UNSPECIFIED.);
#1989=B_SPLINE_SURFACE_WITH_KNOTS('',3,1,((#12904,#12905),(#12906,#12907),
(#12908,#12909),(#12910,#12911),(#12912,#12913)),.UNSPECIFIED.,.F.,.F.,
 .F.,(4,1,4),(2,2),(0.,0.0346778417336115,0.0651896650459414),(-0.05,0.),
 .UNSPECIFIED.);
#1990=B_SPLINE_SURFACE_WITH_KNOTS('',3,1,((#12921,#12922),(#12923,#12924),
(#12925,#12926),(#12927,#12928),(#12929,#12930)),.UNSPECIFIED.,.F.,.F.,
 .F.,(4,1,4),(2,2),(0.,0.0436665573663825,0.0721873839083984),(-0.05,0.),
 .UNSPECIFIED.);
#1991=B_SPLINE_SURFACE_WITH_KNOTS('',3,1,((#12950,#12951),(#12952,#12953),
(#12954,#12955),(#12956,#12957),(#12958,#12959)),.UNSPECIFIED.,.F.,.F.,
 .F.,(4,1,4),(2,2),(0.,0.0488837392433794,0.122470317430132),(-0.05,0.),
 .UNSPECIFIED.);
#1992=B_SPLINE_SURFACE_WITH_KNOTS('',3,1,((#12967,#12968),(#12969,#12970),
(#12971,#12972),(#12973,#12974),(#12975,#12976)),.UNSPECIFIED.,.F.,.F.,
 .F.,(4,1,4),(2,2),(0.,0.0344780603224504,0.0696824280966031),(-0.05,0.),
 .UNSPECIFIED.);
#1993=B_SPLINE_SURFACE_WITH_KNOTS('',3,1,((#12984,#12985),(#12986,#12987),
(#12988,#12989),(#12990,#12991),(#12992,#12993)),.UNSPECIFIED.,.F.,.F.,
 .F.,(4,1,4),(2,2),(0.,0.037752054805871,0.0734280351324268),(-0.05,0.),
 .UNSPECIFIED.);
#1994=B_SPLINE_SURFACE_WITH_KNOTS('',3,1,((#13001,#13002),(#13003,#13004),
(#13005,#13006),(#13007,#13008),(#13009,#13010)),.UNSPECIFIED.,.F.,.F.,
 .F.,(4,1,4),(2,2),(0.,0.0349304065228696,0.0737410141163377),(-0.05,0.),
 .UNSPECIFIED.);
#1995=B_SPLINE_SURFACE_WITH_KNOTS('',3,1,((#13018,#13019),(#13020,#13021),
(#13022,#13023),(#13024,#13025),(#13026,#13027)),.UNSPECIFIED.,.F.,.F.,
 .F.,(4,1,4),(2,2),(0.,0.0388344840301199,0.0737251867357011),(-0.05,0.),
 .UNSPECIFIED.);
#1996=B_SPLINE_SURFACE_WITH_KNOTS('',3,1,((#13035,#13036),(#13037,#13038),
(#13039,#13040),(#13041,#13042),(#13043,#13044)),.UNSPECIFIED.,.F.,.F.,
 .F.,(4,1,4),(2,2),(0.,0.0604810342884797,0.101592446612325),(-0.05,0.),
 .UNSPECIFIED.);
#1997=B_SPLINE_SURFACE_WITH_KNOTS('',3,1,((#13179,#13180),(#13181,#13182),
(#13183,#13184),(#13185,#13186),(#13187,#13188)),.UNSPECIFIED.,.F.,.F.,
 .F.,(4,1,4),(2,2),(0.,0.101364858393496,0.20303521319442),(-0.05,0.),
 .UNSPECIFIED.);
#1998=B_SPLINE_SURFACE_WITH_KNOTS('',3,1,((#13198,#13199),(#13200,#13201),
(#13202,#13203),(#13204,#13205),(#13206,#13207)),.UNSPECIFIED.,.F.,.F.,
 .F.,(4,1,4),(2,2),(0.,0.107824460081513,0.211221630930449),(-0.05,0.),
 .UNSPECIFIED.);
#1999=B_SPLINE_SURFACE_WITH_KNOTS('',3,1,((#13215,#13216),(#13217,#13218),
(#13219,#13220),(#13221,#13222),(#13223,#13224)),.UNSPECIFIED.,.F.,.F.,
 .F.,(4,1,4),(2,2),(0.,0.100651406290276,0.202087383110539),(-0.05,0.),
 .UNSPECIFIED.);
#2000=B_SPLINE_SURFACE_WITH_KNOTS('',3,1,((#13232,#13233),(#13234,#13235),
(#13236,#13237),(#13238,#13239),(#13240,#13241)),.UNSPECIFIED.,.F.,.F.,
 .F.,(4,1,4),(2,2),(0.,0.103158649141911,0.203640551988147),(-0.05,0.),
 .UNSPECIFIED.);
#2001=B_SPLINE_SURFACE_WITH_KNOTS('',3,1,((#13249,#13250),(#13251,#13252),
(#13253,#13254),(#13255,#13256),(#13257,#13258)),.UNSPECIFIED.,.F.,.F.,
 .F.,(4,1,4),(2,2),(0.,0.115931731279331,0.224807576217018),(-0.05,0.),
 .UNSPECIFIED.);
#2002=B_SPLINE_SURFACE_WITH_KNOTS('',3,1,((#13266,#13267),(#13268,#13269),
(#13270,#13271),(#13272,#13273),(#13274,#13275)),.UNSPECIFIED.,.F.,.F.,
 .F.,(4,1,4),(2,2),(0.,0.106912152874825,0.221219730494057),(-0.05,0.),
 .UNSPECIFIED.);
#2003=B_SPLINE_SURFACE_WITH_KNOTS('',3,1,((#13283,#13284),(#13285,#13286),
(#13287,#13288),(#13289,#13290),(#13291,#13292)),.UNSPECIFIED.,.F.,.F.,
 .F.,(4,1,4),(2,2),(0.,0.100789725031081,0.202633624387731),(-0.05,0.),
 .UNSPECIFIED.);
#2004=B_SPLINE_SURFACE_WITH_KNOTS('',3,1,((#13300,#13301),(#13302,#13303),
(#13304,#13305),(#13306,#13307),(#13308,#13309)),.UNSPECIFIED.,.F.,.F.,
 .F.,(4,1,4),(2,2),(0.,0.106149025326227,0.208563284962687),(-0.05,0.),
 .UNSPECIFIED.);
#2005=B_SPLINE_SURFACE_WITH_KNOTS('',3,1,((#13317,#13318),(#13319,#13320),
(#13321,#13322),(#13323,#13324),(#13325,#13326)),.UNSPECIFIED.,.F.,.F.,
 .F.,(4,1,4),(2,2),(0.,0.148834039282674,0.305011427406556),(-0.05,0.),
 .UNSPECIFIED.);
#2006=B_SPLINE_SURFACE_WITH_KNOTS('',3,1,((#13334,#13335),(#13336,#13337),
(#13338,#13339),(#13340,#13341),(#13342,#13343)),.UNSPECIFIED.,.F.,.F.,
 .F.,(4,1,4),(2,2),(0.,0.179560065817572,0.336003065866417),(-0.05,0.),
 .UNSPECIFIED.);
#2007=B_SPLINE_SURFACE_WITH_KNOTS('',3,1,((#13351,#13352),(#13353,#13354),
(#13355,#13356),(#13357,#13358),(#13359,#13360)),.UNSPECIFIED.,.F.,.F.,
 .F.,(4,1,4),(2,2),(0.,0.103039797960805,0.206269853414749),(-0.05,0.),
 .UNSPECIFIED.);
#2008=B_SPLINE_SURFACE_WITH_KNOTS('',3,1,((#13366,#13367),(#13368,#13369),
(#13370,#13371),(#13372,#13373),(#13374,#13375)),.UNSPECIFIED.,.F.,.F.,
 .F.,(4,1,4),(2,2),(0.,0.106337065045998,0.212420735844963),(-0.05,0.),
 .UNSPECIFIED.);
#2009=B_SPLINE_SURFACE_WITH_KNOTS('',3,1,((#13385,#13386),(#13387,#13388),
(#13389,#13390),(#13391,#13392),(#13393,#13394)),.UNSPECIFIED.,.F.,.F.,
 .F.,(4,1,4),(2,2),(0.,0.0738654679566265,0.149769635830635),(-0.05,0.),
 .UNSPECIFIED.);
#2010=B_SPLINE_SURFACE_WITH_KNOTS('',3,1,((#13402,#13403),(#13404,#13405),
(#13406,#13407),(#13408,#13409),(#13410,#13411)),.UNSPECIFIED.,.F.,.F.,
 .F.,(4,1,4),(2,2),(0.,0.0763836781144681,0.150282415369195),(-0.05,0.),
 .UNSPECIFIED.);
#2011=B_SPLINE_SURFACE_WITH_KNOTS('',3,1,((#13419,#13420),(#13421,#13422),
(#13423,#13424),(#13425,#13426),(#13427,#13428)),.UNSPECIFIED.,.F.,.F.,
 .F.,(4,1,4),(2,2),(0.,0.0918449861064202,0.174690545511383),(-0.05,0.),
 .UNSPECIFIED.);
#2012=B_SPLINE_SURFACE_WITH_KNOTS('',3,1,((#13436,#13437),(#13438,#13439),
(#13440,#13441),(#13442,#13443),(#13444,#13445)),.UNSPECIFIED.,.F.,.F.,
 .F.,(4,1,4),(2,2),(0.,0.116978426193451,0.255168509667992),(-0.05,0.),
 .UNSPECIFIED.);
#2013=B_SPLINE_SURFACE_WITH_KNOTS('',3,1,((#13453,#13454),(#13455,#13456),
(#13457,#13458),(#13459,#13460),(#13461,#13462)),.UNSPECIFIED.,.F.,.F.,
 .F.,(4,1,4),(2,2),(0.,0.110943050927359,0.219015792466201),(-0.05,0.),
 .UNSPECIFIED.);
#2014=B_SPLINE_SURFACE_WITH_KNOTS('',3,1,((#13470,#13471),(#13472,#13473),
(#13474,#13475),(#13476,#13477),(#13478,#13479)),.UNSPECIFIED.,.F.,.F.,
 .F.,(4,1,4),(2,2),(0.,0.107604397330607,0.217035521776089),(-0.05,0.),
 .UNSPECIFIED.);
#2015=B_SPLINE_SURFACE_WITH_KNOTS('',3,1,((#13487,#13488),(#13489,#13490),
(#13491,#13492),(#13493,#13494),(#13495,#13496)),.UNSPECIFIED.,.F.,.F.,
 .F.,(4,1,4),(2,2),(0.,0.130716885357866,0.24524656029055),(-0.05,0.),
 .UNSPECIFIED.);
#2016=B_SPLINE_SURFACE_WITH_KNOTS('',3,1,((#13504,#13505),(#13506,#13507),
(#13508,#13509),(#13510,#13511),(#13512,#13513)),.UNSPECIFIED.,.F.,.F.,
 .F.,(4,1,4),(2,2),(0.,0.119654733842039,0.275749909351573),(-0.05,0.),
 .UNSPECIFIED.);
#2017=B_SPLINE_SURFACE_WITH_KNOTS('',3,1,((#13596,#13597),(#13598,#13599),
(#13600,#13601),(#13602,#13603),(#13604,#13605)),.UNSPECIFIED.,.F.,.F.,
 .F.,(4,1,4),(2,2),(0.,0.0566467628002668,0.135122014095911),(-0.05,0.),
 .UNSPECIFIED.);
#2018=B_SPLINE_SURFACE_WITH_KNOTS('',3,1,((#13613,#13614),(#13615,#13616),
(#13617,#13618),(#13619,#13620),(#13621,#13622)),.UNSPECIFIED.,.F.,.F.,
 .F.,(4,1,4),(2,2),(0.,0.0727810007232466,0.124427964168124),(-0.05,0.),
 .UNSPECIFIED.);
#2019=B_SPLINE_SURFACE_WITH_KNOTS('',3,1,((#13765,#13766),(#13767,#13768),
(#13769,#13770),(#13771,#13772),(#13773,#13774)),.UNSPECIFIED.,.F.,.F.,
 .F.,(4,1,4),(2,2),(0.,0.10136495032673,0.203035305127655),(-0.05,0.),
 .UNSPECIFIED.);
#2020=B_SPLINE_SURFACE_WITH_KNOTS('',3,1,((#13784,#13785),(#13786,#13787),
(#13788,#13789),(#13790,#13791),(#13792,#13793)),.UNSPECIFIED.,.F.,.F.,
 .F.,(4,1,4),(2,2),(0.,0.107824223579026,0.211221503900727),(-0.05,0.),
 .UNSPECIFIED.);
#2021=B_SPLINE_SURFACE_WITH_KNOTS('',3,1,((#13801,#13802),(#13803,#13804),
(#13805,#13806),(#13807,#13808),(#13809,#13810)),.UNSPECIFIED.,.F.,.F.,
 .F.,(4,1,4),(2,2),(0.,0.100650962914568,0.202087413026635),(-0.05,0.),
 .UNSPECIFIED.);
#2022=B_SPLINE_SURFACE_WITH_KNOTS('',3,1,((#13818,#13819),(#13820,#13821),
(#13822,#13823),(#13824,#13825),(#13826,#13827)),.UNSPECIFIED.,.F.,.F.,
 .F.,(4,1,4),(2,2),(0.,0.103158649141911,0.203640741354487),(-0.05,0.),
 .UNSPECIFIED.);
#2023=B_SPLINE_SURFACE_WITH_KNOTS('',3,1,((#13835,#13836),(#13837,#13838),
(#13839,#13840),(#13841,#13842),(#13843,#13844)),.UNSPECIFIED.,.F.,.F.,
 .F.,(4,1,4),(2,2),(0.,0.115931706028195,0.224807631627538),(-0.05,0.),
 .UNSPECIFIED.);
#2024=B_SPLINE_SURFACE_WITH_KNOTS('',3,1,((#13852,#13853),(#13854,#13855),
(#13856,#13857),(#13858,#13859),(#13860,#13861)),.UNSPECIFIED.,.F.,.F.,
 .F.,(4,1,4),(2,2),(0.,0.106912152874825,0.221219730494057),(-0.05,0.),
 .UNSPECIFIED.);
#2025=B_SPLINE_SURFACE_WITH_KNOTS('',3,1,((#13869,#13870),(#13871,#13872),
(#13873,#13874),(#13875,#13876),(#13877,#13878)),.UNSPECIFIED.,.F.,.F.,
 .F.,(4,1,4),(2,2),(0.,0.100790003130579,0.20263396947611),(-0.05,0.),
 .UNSPECIFIED.);
#2026=B_SPLINE_SURFACE_WITH_KNOTS('',3,1,((#13886,#13887),(#13888,#13889),
(#13890,#13891),(#13892,#13893),(#13894,#13895)),.UNSPECIFIED.,.F.,.F.,
 .F.,(4,1,4),(2,2),(0.,0.106148670488312,0.208562820236332),(-0.05,0.),
 .UNSPECIFIED.);
#2027=B_SPLINE_SURFACE_WITH_KNOTS('',3,1,((#13903,#13904),(#13905,#13906),
(#13907,#13908),(#13909,#13910),(#13911,#13912)),.UNSPECIFIED.,.F.,.F.,
 .F.,(4,1,4),(2,2),(0.,0.148834333657505,0.305011487273801),(-0.05,0.),
 .UNSPECIFIED.);
#2028=B_SPLINE_SURFACE_WITH_KNOTS('',3,1,((#13920,#13921),(#13922,#13923),
(#13924,#13925),(#13926,#13927),(#13928,#13929)),.UNSPECIFIED.,.F.,.F.,
 .F.,(4,1,4),(2,2),(0.,0.179560083569776,0.33600302249244),(-0.05,0.),
 .UNSPECIFIED.);
#2029=B_SPLINE_SURFACE_WITH_KNOTS('',3,1,((#13937,#13938),(#13939,#13940),
(#13941,#13942),(#13943,#13944),(#13945,#13946)),.UNSPECIFIED.,.F.,.F.,
 .F.,(4,1,4),(2,2),(0.,0.103039797960805,0.206269840181095),(-0.05,0.),
 .UNSPECIFIED.);
#2030=B_SPLINE_SURFACE_WITH_KNOTS('',3,1,((#13952,#13953),(#13954,#13955),
(#13956,#13957),(#13958,#13959),(#13960,#13961)),.UNSPECIFIED.,.F.,.F.,
 .F.,(4,1,4),(2,2),(0.,0.106337182274488,0.21242095295191),(-0.05,0.),
 .UNSPECIFIED.);
#2031=B_SPLINE_SURFACE_WITH_KNOTS('',3,1,((#13971,#13972),(#13973,#13974),
(#13975,#13976),(#13977,#13978),(#13979,#13980)),.UNSPECIFIED.,.F.,.F.,
 .F.,(4,1,4),(2,2),(0.,0.0738654679566265,0.149769399501564),(-0.05,0.),
 .UNSPECIFIED.);
#2032=B_SPLINE_SURFACE_WITH_KNOTS('',3,1,((#13988,#13989),(#13990,#13991),
(#13992,#13993),(#13994,#13995),(#13996,#13997)),.UNSPECIFIED.,.F.,.F.,
 .F.,(4,1,4),(2,2),(0.,0.0763838050112961,0.150282542266023),(-0.05,0.),
 .UNSPECIFIED.);
#2033=B_SPLINE_SURFACE_WITH_KNOTS('',3,1,((#14005,#14006),(#14007,#14008),
(#14009,#14010),(#14011,#14012),(#14013,#14014)),.UNSPECIFIED.,.F.,.F.,
 .F.,(4,1,4),(2,2),(0.,0.0918449539673189,0.174690549002091),(-0.05,0.),
 .UNSPECIFIED.);
#2034=B_SPLINE_SURFACE_WITH_KNOTS('',3,1,((#14022,#14023),(#14024,#14025),
(#14026,#14027),(#14028,#14029),(#14030,#14031)),.UNSPECIFIED.,.F.,.F.,
 .F.,(4,1,4),(2,2),(0.,0.116978308159103,0.255168391633643),(-0.05,0.),
 .UNSPECIFIED.);
#2035=B_SPLINE_SURFACE_WITH_KNOTS('',3,1,((#14039,#14040),(#14041,#14042),
(#14043,#14044),(#14045,#14046),(#14047,#14048)),.UNSPECIFIED.,.F.,.F.,
 .F.,(4,1,4),(2,2),(0.,0.11094340208416,0.219016046786533),(-0.05,0.),
 .UNSPECIFIED.);
#2036=B_SPLINE_SURFACE_WITH_KNOTS('',3,1,((#14056,#14057),(#14058,#14059),
(#14060,#14061),(#14062,#14063),(#14064,#14065)),.UNSPECIFIED.,.F.,.F.,
 .F.,(4,1,4),(2,2),(0.,0.107604494437249,0.217035501847685),(-0.05,0.),
 .UNSPECIFIED.);
#2037=B_SPLINE_SURFACE_WITH_KNOTS('',3,1,((#14073,#14074),(#14075,#14076),
(#14077,#14078),(#14079,#14080),(#14081,#14082)),.UNSPECIFIED.,.F.,.F.,
 .F.,(4,1,4),(2,2),(0.,0.130716885357866,0.24524656029055),(-0.05,0.),
 .UNSPECIFIED.);
#2038=B_SPLINE_SURFACE_WITH_KNOTS('',3,1,((#14090,#14091),(#14092,#14093),
(#14094,#14095),(#14096,#14097),(#14098,#14099)),.UNSPECIFIED.,.F.,.F.,
 .F.,(4,1,4),(2,2),(0.,0.119654733842039,0.275749909351573),(-0.05,0.),
 .UNSPECIFIED.);
#2039=B_SPLINE_SURFACE_WITH_KNOTS('',3,3,((#14263,#14264,#14265,#14266),
(#14267,#14268,#14269,#14270),(#14271,#14272,#14273,#14274),(#14275,#14276,
#14277,#14278)),.UNSPECIFIED.,.F.,.F.,.F.,(4,4),(4,4),(0.,1.),(-4.18125003097507,
1.3814076570396),.UNSPECIFIED.);
#2040=FACE_BOUND('',#2483,.T.);
#2041=FACE_BOUND('',#2514,.T.);
#2042=FACE_BOUND('',#2574,.T.);
#2043=FACE_BOUND('',#2575,.T.);
#2044=FACE_BOUND('',#2576,.T.);
#2045=FACE_BOUND('',#2577,.T.);
#2046=FACE_BOUND('',#2651,.T.);
#2047=FACE_BOUND('',#2738,.T.);
#2048=FACE_BOUND('',#2781,.T.);
#2049=FACE_BOUND('',#2782,.T.);
#2050=FACE_BOUND('',#2817,.T.);
#2051=FACE_BOUND('',#2855,.T.);
#2052=FACE_BOUND('',#2916,.T.);
#2053=FACE_BOUND('',#2917,.T.);
#2054=FACE_BOUND('',#2918,.T.);
#2055=FACE_BOUND('',#2919,.T.);
#2056=FACE_BOUND('',#2920,.T.);
#2057=FACE_BOUND('',#2921,.T.);
#2058=FACE_BOUND('',#2922,.T.);
#2059=FACE_OUTER_BOUND('',#2482,.T.);
#2060=FACE_OUTER_BOUND('',#2484,.T.);
#2061=FACE_OUTER_BOUND('',#2485,.T.);
#2062=FACE_OUTER_BOUND('',#2486,.T.);
#2063=FACE_OUTER_BOUND('',#2487,.T.);
#2064=FACE_OUTER_BOUND('',#2488,.T.);
#2065=FACE_OUTER_BOUND('',#2489,.T.);
#2066=FACE_OUTER_BOUND('',#2490,.T.);
#2067=FACE_OUTER_BOUND('',#2491,.T.);
#2068=FACE_OUTER_BOUND('',#2492,.T.);
#2069=FACE_OUTER_BOUND('',#2493,.T.);
#2070=FACE_OUTER_BOUND('',#2494,.T.);
#2071=FACE_OUTER_BOUND('',#2495,.T.);
#2072=FACE_OUTER_BOUND('',#2496,.T.);
#2073=FACE_OUTER_BOUND('',#2497,.T.);
#2074=FACE_OUTER_BOUND('',#2498,.T.);
#2075=FACE_OUTER_BOUND('',#2499,.T.);
#2076=FACE_OUTER_BOUND('',#2500,.T.);
#2077=FACE_OUTER_BOUND('',#2501,.T.);
#2078=FACE_OUTER_BOUND('',#2502,.T.);
#2079=FACE_OUTER_BOUND('',#2503,.T.);
#2080=FACE_OUTER_BOUND('',#2504,.T.);
#2081=FACE_OUTER_BOUND('',#2505,.T.);
#2082=FACE_OUTER_BOUND('',#2506,.T.);
#2083=FACE_OUTER_BOUND('',#2507,.T.);
#2084=FACE_OUTER_BOUND('',#2508,.T.);
#2085=FACE_OUTER_BOUND('',#2509,.T.);
#2086=FACE_OUTER_BOUND('',#2510,.T.);
#2087=FACE_OUTER_BOUND('',#2511,.T.);
#2088=FACE_OUTER_BOUND('',#2512,.T.);
#2089=FACE_OUTER_BOUND('',#2513,.T.);
#2090=FACE_OUTER_BOUND('',#2515,.T.);
#2091=FACE_OUTER_BOUND('',#2516,.T.);
#2092=FACE_OUTER_BOUND('',#2517,.T.);
#2093=FACE_OUTER_BOUND('',#2518,.T.);
#2094=FACE_OUTER_BOUND('',#2519,.T.);
#2095=FACE_OUTER_BOUND('',#2520,.T.);
#2096=FACE_OUTER_BOUND('',#2521,.T.);
#2097=FACE_OUTER_BOUND('',#2522,.T.);
#2098=FACE_OUTER_BOUND('',#2523,.T.);
#2099=FACE_OUTER_BOUND('',#2524,.T.);
#2100=FACE_OUTER_BOUND('',#2525,.T.);
#2101=FACE_OUTER_BOUND('',#2526,.T.);
#2102=FACE_OUTER_BOUND('',#2527,.T.);
#2103=FACE_OUTER_BOUND('',#2528,.T.);
#2104=FACE_OUTER_BOUND('',#2529,.T.);
#2105=FACE_OUTER_BOUND('',#2530,.T.);
#2106=FACE_OUTER_BOUND('',#2531,.T.);
#2107=FACE_OUTER_BOUND('',#2532,.T.);
#2108=FACE_OUTER_BOUND('',#2533,.T.);
#2109=FACE_OUTER_BOUND('',#2534,.T.);
#2110=FACE_OUTER_BOUND('',#2535,.T.);
#2111=FACE_OUTER_BOUND('',#2536,.T.);
#2112=FACE_OUTER_BOUND('',#2537,.T.);
#2113=FACE_OUTER_BOUND('',#2538,.T.);
#2114=FACE_OUTER_BOUND('',#2539,.T.);
#2115=FACE_OUTER_BOUND('',#2540,.T.);
#2116=FACE_OUTER_BOUND('',#2541,.T.);
#2117=FACE_OUTER_BOUND('',#2542,.T.);
#2118=FACE_OUTER_BOUND('',#2543,.T.);
#2119=FACE_OUTER_BOUND('',#2544,.T.);
#2120=FACE_OUTER_BOUND('',#2545,.T.);
#2121=FACE_OUTER_BOUND('',#2546,.T.);
#2122=FACE_OUTER_BOUND('',#2547,.T.);
#2123=FACE_OUTER_BOUND('',#2548,.T.);
#2124=FACE_OUTER_BOUND('',#2549,.T.);
#2125=FACE_OUTER_BOUND('',#2550,.T.);
#2126=FACE_OUTER_BOUND('',#2551,.T.);
#2127=FACE_OUTER_BOUND('',#2552,.T.);
#2128=FACE_OUTER_BOUND('',#2553,.T.);
#2129=FACE_OUTER_BOUND('',#2554,.T.);
#2130=FACE_OUTER_BOUND('',#2555,.T.);
#2131=FACE_OUTER_BOUND('',#2556,.T.);
#2132=FACE_OUTER_BOUND('',#2557,.T.);
#2133=FACE_OUTER_BOUND('',#2558,.T.);
#2134=FACE_OUTER_BOUND('',#2559,.T.);
#2135=FACE_OUTER_BOUND('',#2560,.T.);
#2136=FACE_OUTER_BOUND('',#2561,.T.);
#2137=FACE_OUTER_BOUND('',#2562,.T.);
#2138=FACE_OUTER_BOUND('',#2563,.T.);
#2139=FACE_OUTER_BOUND('',#2564,.T.);
#2140=FACE_OUTER_BOUND('',#2565,.T.);
#2141=FACE_OUTER_BOUND('',#2566,.T.);
#2142=FACE_OUTER_BOUND('',#2567,.T.);
#2143=FACE_OUTER_BOUND('',#2568,.T.);
#2144=FACE_OUTER_BOUND('',#2569,.T.);
#2145=FACE_OUTER_BOUND('',#2570,.T.);
#2146=FACE_OUTER_BOUND('',#2571,.T.);
#2147=FACE_OUTER_BOUND('',#2572,.T.);
#2148=FACE_OUTER_BOUND('',#2573,.T.);
#2149=FACE_OUTER_BOUND('',#2578,.T.);
#2150=FACE_OUTER_BOUND('',#2579,.T.);
#2151=FACE_OUTER_BOUND('',#2580,.T.);
#2152=FACE_OUTER_BOUND('',#2581,.T.);
#2153=FACE_OUTER_BOUND('',#2582,.T.);
#2154=FACE_OUTER_BOUND('',#2583,.T.);
#2155=FACE_OUTER_BOUND('',#2584,.T.);
#2156=FACE_OUTER_BOUND('',#2585,.T.);
#2157=FACE_OUTER_BOUND('',#2586,.T.);
#2158=FACE_OUTER_BOUND('',#2587,.T.);
#2159=FACE_OUTER_BOUND('',#2588,.T.);
#2160=FACE_OUTER_BOUND('',#2589,.T.);
#2161=FACE_OUTER_BOUND('',#2590,.T.);
#2162=FACE_OUTER_BOUND('',#2591,.T.);
#2163=FACE_OUTER_BOUND('',#2592,.T.);
#2164=FACE_OUTER_BOUND('',#2593,.T.);
#2165=FACE_OUTER_BOUND('',#2594,.T.);
#2166=FACE_OUTER_BOUND('',#2595,.T.);
#2167=FACE_OUTER_BOUND('',#2596,.T.);
#2168=FACE_OUTER_BOUND('',#2597,.T.);
#2169=FACE_OUTER_BOUND('',#2598,.T.);
#2170=FACE_OUTER_BOUND('',#2599,.T.);
#2171=FACE_OUTER_BOUND('',#2600,.T.);
#2172=FACE_OUTER_BOUND('',#2601,.T.);
#2173=FACE_OUTER_BOUND('',#2602,.T.);
#2174=FACE_OUTER_BOUND('',#2603,.T.);
#2175=FACE_OUTER_BOUND('',#2604,.T.);
#2176=FACE_OUTER_BOUND('',#2605,.T.);
#2177=FACE_OUTER_BOUND('',#2606,.T.);
#2178=FACE_OUTER_BOUND('',#2607,.T.);
#2179=FACE_OUTER_BOUND('',#2608,.T.);
#2180=FACE_OUTER_BOUND('',#2609,.T.);
#2181=FACE_OUTER_BOUND('',#2610,.T.);
#2182=FACE_OUTER_BOUND('',#2611,.T.);
#2183=FACE_OUTER_BOUND('',#2612,.T.);
#2184=FACE_OUTER_BOUND('',#2613,.T.);
#2185=FACE_OUTER_BOUND('',#2614,.T.);
#2186=FACE_OUTER_BOUND('',#2615,.T.);
#2187=FACE_OUTER_BOUND('',#2616,.T.);
#2188=FACE_OUTER_BOUND('',#2617,.T.);
#2189=FACE_OUTER_BOUND('',#2618,.T.);
#2190=FACE_OUTER_BOUND('',#2619,.T.);
#2191=FACE_OUTER_BOUND('',#2620,.T.);
#2192=FACE_OUTER_BOUND('',#2621,.T.);
#2193=FACE_OUTER_BOUND('',#2622,.T.);
#2194=FACE_OUTER_BOUND('',#2623,.T.);
#2195=FACE_OUTER_BOUND('',#2624,.T.);
#2196=FACE_OUTER_BOUND('',#2625,.T.);
#2197=FACE_OUTER_BOUND('',#2626,.T.);
#2198=FACE_OUTER_BOUND('',#2627,.T.);
#2199=FACE_OUTER_BOUND('',#2628,.T.);
#2200=FACE_OUTER_BOUND('',#2629,.T.);
#2201=FACE_OUTER_BOUND('',#2630,.T.);
#2202=FACE_OUTER_BOUND('',#2631,.T.);
#2203=FACE_OUTER_BOUND('',#2632,.T.);
#2204=FACE_OUTER_BOUND('',#2633,.T.);
#2205=FACE_OUTER_BOUND('',#2634,.T.);
#2206=FACE_OUTER_BOUND('',#2635,.T.);
#2207=FACE_OUTER_BOUND('',#2636,.T.);
#2208=FACE_OUTER_BOUND('',#2637,.T.);
#2209=FACE_OUTER_BOUND('',#2638,.T.);
#2210=FACE_OUTER_BOUND('',#2639,.T.);
#2211=FACE_OUTER_BOUND('',#2640,.T.);
#2212=FACE_OUTER_BOUND('',#2641,.T.);
#2213=FACE_OUTER_BOUND('',#2642,.T.);
#2214=FACE_OUTER_BOUND('',#2643,.T.);
#2215=FACE_OUTER_BOUND('',#2644,.T.);
#2216=FACE_OUTER_BOUND('',#2645,.T.);
#2217=FACE_OUTER_BOUND('',#2646,.T.);
#2218=FACE_OUTER_BOUND('',#2647,.T.);
#2219=FACE_OUTER_BOUND('',#2648,.T.);
#2220=FACE_OUTER_BOUND('',#2649,.T.);
#2221=FACE_OUTER_BOUND('',#2650,.T.);
#2222=FACE_OUTER_BOUND('',#2652,.T.);
#2223=FACE_OUTER_BOUND('',#2653,.T.);
#2224=FACE_OUTER_BOUND('',#2654,.T.);
#2225=FACE_OUTER_BOUND('',#2655,.T.);
#2226=FACE_OUTER_BOUND('',#2656,.T.);
#2227=FACE_OUTER_BOUND('',#2657,.T.);
#2228=FACE_OUTER_BOUND('',#2658,.T.);
#2229=FACE_OUTER_BOUND('',#2659,.T.);
#2230=FACE_OUTER_BOUND('',#2660,.T.);
#2231=FACE_OUTER_BOUND('',#2661,.T.);
#2232=FACE_OUTER_BOUND('',#2662,.T.);
#2233=FACE_OUTER_BOUND('',#2663,.T.);
#2234=FACE_OUTER_BOUND('',#2664,.T.);
#2235=FACE_OUTER_BOUND('',#2665,.T.);
#2236=FACE_OUTER_BOUND('',#2666,.T.);
#2237=FACE_OUTER_BOUND('',#2667,.T.);
#2238=FACE_OUTER_BOUND('',#2668,.T.);
#2239=FACE_OUTER_BOUND('',#2669,.T.);
#2240=FACE_OUTER_BOUND('',#2670,.T.);
#2241=FACE_OUTER_BOUND('',#2671,.T.);
#2242=FACE_OUTER_BOUND('',#2672,.T.);
#2243=FACE_OUTER_BOUND('',#2673,.T.);
#2244=FACE_OUTER_BOUND('',#2674,.T.);
#2245=FACE_OUTER_BOUND('',#2675,.T.);
#2246=FACE_OUTER_BOUND('',#2676,.T.);
#2247=FACE_OUTER_BOUND('',#2677,.T.);
#2248=FACE_OUTER_BOUND('',#2678,.T.);
#2249=FACE_OUTER_BOUND('',#2679,.T.);
#2250=FACE_OUTER_BOUND('',#2680,.T.);
#2251=FACE_OUTER_BOUND('',#2681,.T.);
#2252=FACE_OUTER_BOUND('',#2682,.T.);
#2253=FACE_OUTER_BOUND('',#2683,.T.);
#2254=FACE_OUTER_BOUND('',#2684,.T.);
#2255=FACE_OUTER_BOUND('',#2685,.T.);
#2256=FACE_OUTER_BOUND('',#2686,.T.);
#2257=FACE_OUTER_BOUND('',#2687,.T.);
#2258=FACE_OUTER_BOUND('',#2688,.T.);
#2259=FACE_OUTER_BOUND('',#2689,.T.);
#2260=FACE_OUTER_BOUND('',#2690,.T.);
#2261=FACE_OUTER_BOUND('',#2691,.T.);
#2262=FACE_OUTER_BOUND('',#2692,.T.);
#2263=FACE_OUTER_BOUND('',#2693,.T.);
#2264=FACE_OUTER_BOUND('',#2694,.T.);
#2265=FACE_OUTER_BOUND('',#2695,.T.);
#2266=FACE_OUTER_BOUND('',#2696,.T.);
#2267=FACE_OUTER_BOUND('',#2697,.T.);
#2268=FACE_OUTER_BOUND('',#2698,.T.);
#2269=FACE_OUTER_BOUND('',#2699,.T.);
#2270=FACE_OUTER_BOUND('',#2700,.T.);
#2271=FACE_OUTER_BOUND('',#2701,.T.);
#2272=FACE_OUTER_BOUND('',#2702,.T.);
#2273=FACE_OUTER_BOUND('',#2703,.T.);
#2274=FACE_OUTER_BOUND('',#2704,.T.);
#2275=FACE_OUTER_BOUND('',#2705,.T.);
#2276=FACE_OUTER_BOUND('',#2706,.T.);
#2277=FACE_OUTER_BOUND('',#2707,.T.);
#2278=FACE_OUTER_BOUND('',#2708,.T.);
#2279=FACE_OUTER_BOUND('',#2709,.T.);
#2280=FACE_OUTER_BOUND('',#2710,.T.);
#2281=FACE_OUTER_BOUND('',#2711,.T.);
#2282=FACE_OUTER_BOUND('',#2712,.T.);
#2283=FACE_OUTER_BOUND('',#2713,.T.);
#2284=FACE_OUTER_BOUND('',#2714,.T.);
#2285=FACE_OUTER_BOUND('',#2715,.T.);
#2286=FACE_OUTER_BOUND('',#2716,.T.);
#2287=FACE_OUTER_BOUND('',#2717,.T.);
#2288=FACE_OUTER_BOUND('',#2718,.T.);
#2289=FACE_OUTER_BOUND('',#2719,.T.);
#2290=FACE_OUTER_BOUND('',#2720,.T.);
#2291=FACE_OUTER_BOUND('',#2721,.T.);
#2292=FACE_OUTER_BOUND('',#2722,.T.);
#2293=FACE_OUTER_BOUND('',#2723,.T.);
#2294=FACE_OUTER_BOUND('',#2724,.T.);
#2295=FACE_OUTER_BOUND('',#2725,.T.);
#2296=FACE_OUTER_BOUND('',#2726,.T.);
#2297=FACE_OUTER_BOUND('',#2727,.T.);
#2298=FACE_OUTER_BOUND('',#2728,.T.);
#2299=FACE_OUTER_BOUND('',#2729,.T.);
#2300=FACE_OUTER_BOUND('',#2730,.T.);
#2301=FACE_OUTER_BOUND('',#2731,.T.);
#2302=FACE_OUTER_BOUND('',#2732,.T.);
#2303=FACE_OUTER_BOUND('',#2733,.T.);
#2304=FACE_OUTER_BOUND('',#2734,.T.);
#2305=FACE_OUTER_BOUND('',#2735,.T.);
#2306=FACE_OUTER_BOUND('',#2736,.T.);
#2307=FACE_OUTER_BOUND('',#2737,.T.);
#2308=FACE_OUTER_BOUND('',#2739,.T.);
#2309=FACE_OUTER_BOUND('',#2740,.T.);
#2310=FACE_OUTER_BOUND('',#2741,.T.);
#2311=FACE_OUTER_BOUND('',#2742,.T.);
#2312=FACE_OUTER_BOUND('',#2743,.T.);
#2313=FACE_OUTER_BOUND('',#2744,.T.);
#2314=FACE_OUTER_BOUND('',#2745,.T.);
#2315=FACE_OUTER_BOUND('',#2746,.T.);
#2316=FACE_OUTER_BOUND('',#2747,.T.);
#2317=FACE_OUTER_BOUND('',#2748,.T.);
#2318=FACE_OUTER_BOUND('',#2749,.T.);
#2319=FACE_OUTER_BOUND('',#2750,.T.);
#2320=FACE_OUTER_BOUND('',#2751,.T.);
#2321=FACE_OUTER_BOUND('',#2752,.T.);
#2322=FACE_OUTER_BOUND('',#2753,.T.);
#2323=FACE_OUTER_BOUND('',#2754,.T.);
#2324=FACE_OUTER_BOUND('',#2755,.T.);
#2325=FACE_OUTER_BOUND('',#2756,.T.);
#2326=FACE_OUTER_BOUND('',#2757,.T.);
#2327=FACE_OUTER_BOUND('',#2758,.T.);
#2328=FACE_OUTER_BOUND('',#2759,.T.);
#2329=FACE_OUTER_BOUND('',#2760,.T.);
#2330=FACE_OUTER_BOUND('',#2761,.T.);
#2331=FACE_OUTER_BOUND('',#2762,.T.);
#2332=FACE_OUTER_BOUND('',#2763,.T.);
#2333=FACE_OUTER_BOUND('',#2764,.T.);
#2334=FACE_OUTER_BOUND('',#2765,.T.);
#2335=FACE_OUTER_BOUND('',#2766,.T.);
#2336=FACE_OUTER_BOUND('',#2767,.T.);
#2337=FACE_OUTER_BOUND('',#2768,.T.);
#2338=FACE_OUTER_BOUND('',#2769,.T.);
#2339=FACE_OUTER_BOUND('',#2770,.T.);
#2340=FACE_OUTER_BOUND('',#2771,.T.);
#2341=FACE_OUTER_BOUND('',#2772,.T.);
#2342=FACE_OUTER_BOUND('',#2773,.T.);
#2343=FACE_OUTER_BOUND('',#2774,.T.);
#2344=FACE_OUTER_BOUND('',#2775,.T.);
#2345=FACE_OUTER_BOUND('',#2776,.T.);
#2346=FACE_OUTER_BOUND('',#2777,.T.);
#2347=FACE_OUTER_BOUND('',#2778,.T.);
#2348=FACE_OUTER_BOUND('',#2779,.T.);
#2349=FACE_OUTER_BOUND('',#2780,.T.);
#2350=FACE_OUTER_BOUND('',#2783,.T.);
#2351=FACE_OUTER_BOUND('',#2784,.T.);
#2352=FACE_OUTER_BOUND('',#2785,.T.);
#2353=FACE_OUTER_BOUND('',#2786,.T.);
#2354=FACE_OUTER_BOUND('',#2787,.T.);
#2355=FACE_OUTER_BOUND('',#2788,.T.);
#2356=FACE_OUTER_BOUND('',#2789,.T.);
#2357=FACE_OUTER_BOUND('',#2790,.T.);
#2358=FACE_OUTER_BOUND('',#2791,.T.);
#2359=FACE_OUTER_BOUND('',#2792,.T.);
#2360=FACE_OUTER_BOUND('',#2793,.T.);
#2361=FACE_OUTER_BOUND('',#2794,.T.);
#2362=FACE_OUTER_BOUND('',#2795,.T.);
#2363=FACE_OUTER_BOUND('',#2796,.T.);
#2364=FACE_OUTER_BOUND('',#2797,.T.);
#2365=FACE_OUTER_BOUND('',#2798,.T.);
#2366=FACE_OUTER_BOUND('',#2799,.T.);
#2367=FACE_OUTER_BOUND('',#2800,.T.);
#2368=FACE_OUTER_BOUND('',#2801,.T.);
#2369=FACE_OUTER_BOUND('',#2802,.T.);
#2370=FACE_OUTER_BOUND('',#2803,.T.);
#2371=FACE_OUTER_BOUND('',#2804,.T.);
#2372=FACE_OUTER_BOUND('',#2805,.T.);
#2373=FACE_OUTER_BOUND('',#2806,.T.);
#2374=FACE_OUTER_BOUND('',#2807,.T.);
#2375=FACE_OUTER_BOUND('',#2808,.T.);
#2376=FACE_OUTER_BOUND('',#2809,.T.);
#2377=FACE_OUTER_BOUND('',#2810,.T.);
#2378=FACE_OUTER_BOUND('',#2811,.T.);
#2379=FACE_OUTER_BOUND('',#2812,.T.);
#2380=FACE_OUTER_BOUND('',#2813,.T.);
#2381=FACE_OUTER_BOUND('',#2814,.T.);
#2382=FACE_OUTER_BOUND('',#2815,.T.);
#2383=FACE_OUTER_BOUND('',#2816,.T.);
#2384=FACE_OUTER_BOUND('',#2818,.T.);
#2385=FACE_OUTER_BOUND('',#2819,.T.);
#2386=FACE_OUTER_BOUND('',#2820,.T.);
#2387=FACE_OUTER_BOUND('',#2821,.T.);
#2388=FACE_OUTER_BOUND('',#2822,.T.);
#2389=FACE_OUTER_BOUND('',#2823,.T.);
#2390=FACE_OUTER_BOUND('',#2824,.T.);
#2391=FACE_OUTER_BOUND('',#2825,.T.);
#2392=FACE_OUTER_BOUND('',#2826,.T.);
#2393=FACE_OUTER_BOUND('',#2827,.T.);
#2394=FACE_OUTER_BOUND('',#2828,.T.);
#2395=FACE_OUTER_BOUND('',#2829,.T.);
#2396=FACE_OUTER_BOUND('',#2830,.T.);
#2397=FACE_OUTER_BOUND('',#2831,.T.);
#2398=FACE_OUTER_BOUND('',#2832,.T.);
#2399=FACE_OUTER_BOUND('',#2833,.T.);
#2400=FACE_OUTER_BOUND('',#2834,.T.);
#2401=FACE_OUTER_BOUND('',#2835,.T.);
#2402=FACE_OUTER_BOUND('',#2836,.T.);
#2403=FACE_OUTER_BOUND('',#2837,.T.);
#2404=FACE_OUTER_BOUND('',#2838,.T.);
#2405=FACE_OUTER_BOUND('',#2839,.T.);
#2406=FACE_OUTER_BOUND('',#2840,.T.);
#2407=FACE_OUTER_BOUND('',#2841,.T.);
#2408=FACE_OUTER_BOUND('',#2842,.T.);
#2409=FACE_OUTER_BOUND('',#2843,.T.);
#2410=FACE_OUTER_BOUND('',#2844,.T.);
#2411=FACE_OUTER_BOUND('',#2845,.T.);
#2412=FACE_OUTER_BOUND('',#2846,.T.);
#2413=FACE_OUTER_BOUND('',#2847,.T.);
#2414=FACE_OUTER_BOUND('',#2848,.T.);
#2415=FACE_OUTER_BOUND('',#2849,.T.);
#2416=FACE_OUTER_BOUND('',#2850,.T.);
#2417=FACE_OUTER_BOUND('',#2851,.T.);
#2418=FACE_OUTER_BOUND('',#2852,.T.);
#2419=FACE_OUTER_BOUND('',#2853,.T.);
#2420=FACE_OUTER_BOUND('',#2854,.T.);
#2421=FACE_OUTER_BOUND('',#2856,.T.);
#2422=FACE_OUTER_BOUND('',#2857,.T.);
#2423=FACE_OUTER_BOUND('',#2858,.T.);
#2424=FACE_OUTER_BOUND('',#2859,.T.);
#2425=FACE_OUTER_BOUND('',#2860,.T.);
#2426=FACE_OUTER_BOUND('',#2861,.T.);
#2427=FACE_OUTER_BOUND('',#2862,.T.);
#2428=FACE_OUTER_BOUND('',#2863,.T.);
#2429=FACE_OUTER_BOUND('',#2864,.T.);
#2430=FACE_OUTER_BOUND('',#2865,.T.);
#2431=FACE_OUTER_BOUND('',#2866,.T.);
#2432=FACE_OUTER_BOUND('',#2867,.T.);
#2433=FACE_OUTER_BOUND('',#2868,.T.);
#2434=FACE_OUTER_BOUND('',#2869,.T.);
#2435=FACE_OUTER_BOUND('',#2870,.T.);
#2436=FACE_OUTER_BOUND('',#2871,.T.);
#2437=FACE_OUTER_BOUND('',#2872,.T.);
#2438=FACE_OUTER_BOUND('',#2873,.T.);
#2439=FACE_OUTER_BOUND('',#2874,.T.);
#2440=FACE_OUTER_BOUND('',#2875,.T.);
#2441=FACE_OUTER_BOUND('',#2876,.T.);
#2442=FACE_OUTER_BOUND('',#2877,.T.);
#2443=FACE_OUTER_BOUND('',#2878,.T.);
#2444=FACE_OUTER_BOUND('',#2879,.T.);
#2445=FACE_OUTER_BOUND('',#2880,.T.);
#2446=FACE_OUTER_BOUND('',#2881,.T.);
#2447=FACE_OUTER_BOUND('',#2882,.T.);
#2448=FACE_OUTER_BOUND('',#2883,.T.);
#2449=FACE_OUTER_BOUND('',#2884,.T.);
#2450=FACE_OUTER_BOUND('',#2885,.T.);
#2451=FACE_OUTER_BOUND('',#2886,.T.);
#2452=FACE_OUTER_BOUND('',#2887,.T.);
#2453=FACE_OUTER_BOUND('',#2888,.T.);
#2454=FACE_OUTER_BOUND('',#2889,.T.);
#2455=FACE_OUTER_BOUND('',#2890,.T.);
#2456=FACE_OUTER_BOUND('',#2891,.T.);
#2457=FACE_OUTER_BOUND('',#2892,.T.);
#2458=FACE_OUTER_BOUND('',#2893,.T.);
#2459=FACE_OUTER_BOUND('',#2894,.T.);
#2460=FACE_OUTER_BOUND('',#2895,.T.);
#2461=FACE_OUTER_BOUND('',#2896,.T.);
#2462=FACE_OUTER_BOUND('',#2897,.T.);
#2463=FACE_OUTER_BOUND('',#2898,.T.);
#2464=FACE_OUTER_BOUND('',#2899,.T.);
#2465=FACE_OUTER_BOUND('',#2900,.T.);
#2466=FACE_OUTER_BOUND('',#2901,.T.);
#2467=FACE_OUTER_BOUND('',#2902,.T.);
#2468=FACE_OUTER_BOUND('',#2903,.T.);
#2469=FACE_OUTER_BOUND('',#2904,.T.);
#2470=FACE_OUTER_BOUND('',#2905,.T.);
#2471=FACE_OUTER_BOUND('',#2906,.T.);
#2472=FACE_OUTER_BOUND('',#2907,.T.);
#2473=FACE_OUTER_BOUND('',#2908,.T.);
#2474=FACE_OUTER_BOUND('',#2909,.T.);
#2475=FACE_OUTER_BOUND('',#2910,.T.);
#2476=FACE_OUTER_BOUND('',#2911,.T.);
#2477=FACE_OUTER_BOUND('',#2912,.T.);
#2478=FACE_OUTER_BOUND('',#2913,.T.);
#2479=FACE_OUTER_BOUND('',#2914,.T.);
#2480=FACE_OUTER_BOUND('',#2915,.T.);
#2481=FACE_OUTER_BOUND('',#2923,.T.);
#2482=EDGE_LOOP('',(#5068,#5069,#5070,#5071,#5072,#5073,#5074,#5075,#5076,
#5077,#5078));
#2483=EDGE_LOOP('',(#5079,#5080,#5081,#5082,#5083,#5084,#5085,#5086,#5087));
#2484=EDGE_LOOP('',(#5088,#5089,#5090,#5091));
#2485=EDGE_LOOP('',(#5092,#5093,#5094,#5095));
#2486=EDGE_LOOP('',(#5096,#5097,#5098,#5099));
#2487=EDGE_LOOP('',(#5100,#5101,#5102,#5103));
#2488=EDGE_LOOP('',(#5104,#5105,#5106,#5107));
#2489=EDGE_LOOP('',(#5108,#5109,#5110,#5111));
#2490=EDGE_LOOP('',(#5112,#5113,#5114,#5115));
#2491=EDGE_LOOP('',(#5116,#5117,#5118,#5119));
#2492=EDGE_LOOP('',(#5120,#5121,#5122,#5123));
#2493=EDGE_LOOP('',(#5124,#5125,#5126,#5127));
#2494=EDGE_LOOP('',(#5128,#5129,#5130,#5131));
#2495=EDGE_LOOP('',(#5132,#5133,#5134,#5135));
#2496=EDGE_LOOP('',(#5136,#5137,#5138,#5139));
#2497=EDGE_LOOP('',(#5140,#5141,#5142,#5143));
#2498=EDGE_LOOP('',(#5144,#5145,#5146,#5147));
#2499=EDGE_LOOP('',(#5148,#5149,#5150,#5151));
#2500=EDGE_LOOP('',(#5152,#5153,#5154,#5155));
#2501=EDGE_LOOP('',(#5156,#5157,#5158,#5159));
#2502=EDGE_LOOP('',(#5160,#5161,#5162,#5163));
#2503=EDGE_LOOP('',(#5164,#5165,#5166,#5167));
#2504=EDGE_LOOP('',(#5168,#5169,#5170,#5171,#5172,#5173,#5174,#5175));
#2505=EDGE_LOOP('',(#5176,#5177,#5178,#5179));
#2506=EDGE_LOOP('',(#5180,#5181,#5182,#5183));
#2507=EDGE_LOOP('',(#5184,#5185,#5186,#5187));
#2508=EDGE_LOOP('',(#5188,#5189,#5190,#5191));
#2509=EDGE_LOOP('',(#5192,#5193,#5194,#5195));
#2510=EDGE_LOOP('',(#5196,#5197,#5198,#5199));
#2511=EDGE_LOOP('',(#5200,#5201,#5202,#5203));
#2512=EDGE_LOOP('',(#5204,#5205,#5206,#5207));
#2513=EDGE_LOOP('',(#5208,#5209,#5210,#5211,#5212,#5213,#5214,#5215,#5216,
#5217,#5218));
#2514=EDGE_LOOP('',(#5219,#5220,#5221,#5222,#5223,#5224,#5225,#5226));
#2515=EDGE_LOOP('',(#5227,#5228,#5229,#5230));
#2516=EDGE_LOOP('',(#5231,#5232,#5233,#5234));
#2517=EDGE_LOOP('',(#5235,#5236,#5237,#5238));
#2518=EDGE_LOOP('',(#5239,#5240,#5241,#5242));
#2519=EDGE_LOOP('',(#5243,#5244,#5245,#5246));
#2520=EDGE_LOOP('',(#5247,#5248,#5249,#5250));
#2521=EDGE_LOOP('',(#5251,#5252,#5253,#5254));
#2522=EDGE_LOOP('',(#5255,#5256,#5257,#5258));
#2523=EDGE_LOOP('',(#5259,#5260,#5261,#5262));
#2524=EDGE_LOOP('',(#5263,#5264,#5265,#5266));
#2525=EDGE_LOOP('',(#5267,#5268,#5269,#5270));
#2526=EDGE_LOOP('',(#5271,#5272,#5273,#5274));
#2527=EDGE_LOOP('',(#5275,#5276,#5277,#5278));
#2528=EDGE_LOOP('',(#5279,#5280,#5281,#5282));
#2529=EDGE_LOOP('',(#5283,#5284,#5285,#5286));
#2530=EDGE_LOOP('',(#5287,#5288,#5289,#5290));
#2531=EDGE_LOOP('',(#5291,#5292,#5293,#5294));
#2532=EDGE_LOOP('',(#5295,#5296,#5297,#5298));
#2533=EDGE_LOOP('',(#5299,#5300,#5301,#5302));
#2534=EDGE_LOOP('',(#5303,#5304,#5305,#5306,#5307,#5308,#5309,#5310));
#2535=EDGE_LOOP('',(#5311,#5312,#5313,#5314,#5315,#5316,#5317,#5318,#5319));
#2536=EDGE_LOOP('',(#5320,#5321,#5322,#5323));
#2537=EDGE_LOOP('',(#5324,#5325,#5326,#5327));
#2538=EDGE_LOOP('',(#5328,#5329,#5330,#5331));
#2539=EDGE_LOOP('',(#5332,#5333,#5334,#5335));
#2540=EDGE_LOOP('',(#5336,#5337,#5338,#5339));
#2541=EDGE_LOOP('',(#5340,#5341,#5342,#5343));
#2542=EDGE_LOOP('',(#5344,#5345,#5346,#5347));
#2543=EDGE_LOOP('',(#5348,#5349,#5350,#5351));
#2544=EDGE_LOOP('',(#5352,#5353,#5354,#5355));
#2545=EDGE_LOOP('',(#5356,#5357,#5358,#5359,#5360,#5361,#5362,#5363,#5364,
#5365,#5366,#5367,#5368,#5369,#5370,#5371,#5372,#5373,#5374,#5375,#5376,
#5377,#5378));
#2546=EDGE_LOOP('',(#5379,#5380,#5381,#5382));
#2547=EDGE_LOOP('',(#5383,#5384,#5385,#5386));
#2548=EDGE_LOOP('',(#5387,#5388,#5389,#5390));
#2549=EDGE_LOOP('',(#5391,#5392,#5393,#5394));
#2550=EDGE_LOOP('',(#5395,#5396,#5397,#5398));
#2551=EDGE_LOOP('',(#5399,#5400,#5401,#5402));
#2552=EDGE_LOOP('',(#5403,#5404,#5405,#5406,#5407));
#2553=EDGE_LOOP('',(#5408,#5409,#5410,#5411,#5412));
#2554=EDGE_LOOP('',(#5413,#5414,#5415,#5416,#5417));
#2555=EDGE_LOOP('',(#5418,#5419,#5420,#5421));
#2556=EDGE_LOOP('',(#5422,#5423,#5424,#5425,#5426,#5427,#5428));
#2557=EDGE_LOOP('',(#5429,#5430,#5431,#5432));
#2558=EDGE_LOOP('',(#5433,#5434,#5435,#5436,#5437,#5438));
#2559=EDGE_LOOP('',(#5439,#5440,#5441));
#2560=EDGE_LOOP('',(#5442,#5443,#5444,#5445));
#2561=EDGE_LOOP('',(#5446,#5447,#5448,#5449));
#2562=EDGE_LOOP('',(#5450,#5451,#5452));
#2563=EDGE_LOOP('',(#5453,#5454,#5455,#5456));
#2564=EDGE_LOOP('',(#5457,#5458,#5459,#5460));
#2565=EDGE_LOOP('',(#5461,#5462,#5463,#5464,#5465));
#2566=EDGE_LOOP('',(#5466,#5467,#5468,#5469,#5470));
#2567=EDGE_LOOP('',(#5471,#5472,#5473,#5474));
#2568=EDGE_LOOP('',(#5475,#5476));
#2569=EDGE_LOOP('',(#5477,#5478,#5479,#5480,#5481));
#2570=EDGE_LOOP('',(#5482,#5483,#5484,#5485,#5486,#5487));
#2571=EDGE_LOOP('',(#5488,#5489,#5490,#5491));
#2572=EDGE_LOOP('',(#5492,#5493,#5494,#5495,#5496,#5497,#5498));
#2573=EDGE_LOOP('',(#5499,#5500,#5501,#5502,#5503,#5504,#5505,#5506,#5507,
#5508,#5509,#5510,#5511,#5512,#5513,#5514,#5515,#5516,#5517,#5518,#5519,
#5520));
#2574=EDGE_LOOP('',(#5521,#5522,#5523,#5524));
#2575=EDGE_LOOP('',(#5525,#5526,#5527,#5528,#5529,#5530,#5531,#5532,#5533,
#5534,#5535));
#2576=EDGE_LOOP('',(#5536,#5537,#5538,#5539,#5540,#5541,#5542,#5543));
#2577=EDGE_LOOP('',(#5544,#5545,#5546,#5547,#5548,#5549,#5550,#5551,#5552,
#5553,#5554));
#2578=EDGE_LOOP('',(#5555,#5556,#5557,#5558,#5559));
#2579=EDGE_LOOP('',(#5560,#5561,#5562,#5563));
#2580=EDGE_LOOP('',(#5564,#5565,#5566,#5567));
#2581=EDGE_LOOP('',(#5568,#5569,#5570,#5571));
#2582=EDGE_LOOP('',(#5572,#5573,#5574,#5575));
#2583=EDGE_LOOP('',(#5576,#5577,#5578,#5579));
#2584=EDGE_LOOP('',(#5580,#5581,#5582,#5583));
#2585=EDGE_LOOP('',(#5584,#5585,#5586,#5587));
#2586=EDGE_LOOP('',(#5588,#5589,#5590,#5591));
#2587=EDGE_LOOP('',(#5592,#5593,#5594,#5595));
#2588=EDGE_LOOP('',(#5596,#5597,#5598,#5599,#5600,#5601));
#2589=EDGE_LOOP('',(#5602,#5603,#5604,#5605,#5606));
#2590=EDGE_LOOP('',(#5607,#5608,#5609,#5610));
#2591=EDGE_LOOP('',(#5611,#5612,#5613,#5614,#5615,#5616));
#2592=EDGE_LOOP('',(#5617,#5618,#5619));
#2593=EDGE_LOOP('',(#5620,#5621,#5622,#5623));
#2594=EDGE_LOOP('',(#5624,#5625,#5626,#5627));
#2595=EDGE_LOOP('',(#5628,#5629,#5630,#5631));
#2596=EDGE_LOOP('',(#5632,#5633,#5634,#5635,#5636,#5637,#5638,#5639,#5640,
#5641,#5642,#5643,#5644,#5645,#5646,#5647,#5648,#5649,#5650,#5651,#5652,
#5653));
#2597=EDGE_LOOP('',(#5654,#5655,#5656,#5657,#5658,#5659,#5660,#5661,#5662,
#5663,#5664,#5665,#5666,#5667,#5668,#5669,#5670,#5671,#5672,#5673));
#2598=EDGE_LOOP('',(#5674,#5675,#5676,#5677));
#2599=EDGE_LOOP('',(#5678,#5679,#5680,#5681,#5682,#5683,#5684,#5685,#5686,
#5687,#5688,#5689,#5690,#5691,#5692,#5693,#5694,#5695,#5696,#5697,#5698,
#5699,#5700,#5701,#5702,#5703,#5704,#5705,#5706,#5707,#5708,#5709,#5710,
#5711,#5712,#5713));
#2600=EDGE_LOOP('',(#5714,#5715,#5716,#5717));
#2601=EDGE_LOOP('',(#5718,#5719,#5720,#5721));
#2602=EDGE_LOOP('',(#5722,#5723,#5724,#5725,#5726,#5727));
#2603=EDGE_LOOP('',(#5728,#5729,#5730,#5731));
#2604=EDGE_LOOP('',(#5732,#5733,#5734,#5735));
#2605=EDGE_LOOP('',(#5736,#5737,#5738,#5739));
#2606=EDGE_LOOP('',(#5740,#5741,#5742,#5743));
#2607=EDGE_LOOP('',(#5744,#5745,#5746,#5747));
#2608=EDGE_LOOP('',(#5748,#5749,#5750,#5751));
#2609=EDGE_LOOP('',(#5752,#5753,#5754,#5755));
#2610=EDGE_LOOP('',(#5756,#5757,#5758,#5759));
#2611=EDGE_LOOP('',(#5760,#5761,#5762,#5763));
#2612=EDGE_LOOP('',(#5764,#5765,#5766,#5767));
#2613=EDGE_LOOP('',(#5768,#5769,#5770,#5771));
#2614=EDGE_LOOP('',(#5772,#5773,#5774,#5775,#5776,#5777,#5778,#5779,#5780,
#5781));
#2615=EDGE_LOOP('',(#5782,#5783,#5784,#5785));
#2616=EDGE_LOOP('',(#5786,#5787,#5788,#5789,#5790,#5791));
#2617=EDGE_LOOP('',(#5792,#5793,#5794,#5795));
#2618=EDGE_LOOP('',(#5796,#5797,#5798,#5799));
#2619=EDGE_LOOP('',(#5800,#5801,#5802,#5803,#5804,#5805,#5806,#5807,#5808,
#5809,#5810,#5811,#5812,#5813));
#2620=EDGE_LOOP('',(#5814,#5815,#5816,#5817));
#2621=EDGE_LOOP('',(#5818,#5819,#5820,#5821));
#2622=EDGE_LOOP('',(#5822,#5823,#5824,#5825));
#2623=EDGE_LOOP('',(#5826,#5827,#5828,#5829));
#2624=EDGE_LOOP('',(#5830,#5831,#5832,#5833));
#2625=EDGE_LOOP('',(#5834,#5835,#5836,#5837,#5838,#5839,#5840,#5841,#5842));
#2626=EDGE_LOOP('',(#5843,#5844,#5845,#5846,#5847,#5848,#5849,#5850,#5851,
#5852,#5853,#5854,#5855,#5856,#5857,#5858,#5859,#5860,#5861,#5862,#5863,
#5864,#5865,#5866,#5867,#5868,#5869,#5870,#5871,#5872,#5873,#5874,#5875,
#5876,#5877,#5878));
#2627=EDGE_LOOP('',(#5879,#5880,#5881,#5882));
#2628=EDGE_LOOP('',(#5883,#5884,#5885,#5886,#5887,#5888,#5889,#5890,#5891,
#5892,#5893,#5894,#5895,#5896));
#2629=EDGE_LOOP('',(#5897,#5898,#5899,#5900,#5901,#5902,#5903,#5904,#5905,
#5906));
#2630=EDGE_LOOP('',(#5907,#5908,#5909,#5910));
#2631=EDGE_LOOP('',(#5911,#5912,#5913,#5914));
#2632=EDGE_LOOP('',(#5915,#5916,#5917,#5918));
#2633=EDGE_LOOP('',(#5919,#5920,#5921,#5922));
#2634=EDGE_LOOP('',(#5923,#5924,#5925,#5926));
#2635=EDGE_LOOP('',(#5927,#5928,#5929,#5930));
#2636=EDGE_LOOP('',(#5931,#5932,#5933,#5934));
#2637=EDGE_LOOP('',(#5935,#5936,#5937,#5938));
#2638=EDGE_LOOP('',(#5939,#5940,#5941,#5942));
#2639=EDGE_LOOP('',(#5943,#5944,#5945,#5946));
#2640=EDGE_LOOP('',(#5947,#5948,#5949,#5950));
#2641=EDGE_LOOP('',(#5951,#5952,#5953,#5954));
#2642=EDGE_LOOP('',(#5955,#5956,#5957,#5958));
#2643=EDGE_LOOP('',(#5959,#5960,#5961,#5962));
#2644=EDGE_LOOP('',(#5963,#5964,#5965,#5966,#5967,#5968));
#2645=EDGE_LOOP('',(#5969,#5970,#5971,#5972,#5973,#5974));
#2646=EDGE_LOOP('',(#5975,#5976,#5977,#5978));
#2647=EDGE_LOOP('',(#5979,#5980,#5981,#5982));
#2648=EDGE_LOOP('',(#5983,#5984,#5985,#5986));
#2649=EDGE_LOOP('',(#5987,#5988,#5989,#5990));
#2650=EDGE_LOOP('',(#5991,#5992,#5993,#5994,#5995,#5996,#5997,#5998,#5999,
#6000,#6001));
#2651=EDGE_LOOP('',(#6002,#6003,#6004,#6005,#6006,#6007,#6008,#6009));
#2652=EDGE_LOOP('',(#6010,#6011,#6012,#6013));
#2653=EDGE_LOOP('',(#6014,#6015,#6016,#6017));
#2654=EDGE_LOOP('',(#6018,#6019,#6020,#6021));
#2655=EDGE_LOOP('',(#6022,#6023,#6024,#6025,#6026,#6027,#6028,#6029,#6030,
#6031,#6032,#6033,#6034,#6035,#6036,#6037,#6038,#6039,#6040,#6041,#6042,
#6043,#6044,#6045,#6046,#6047,#6048,#6049,#6050,#6051,#6052,#6053,#6054,
#6055,#6056,#6057,#6058,#6059,#6060,#6061,#6062,#6063,#6064,#6065,#6066,
#6067,#6068,#6069,#6070,#6071,#6072,#6073,#6074,#6075,#6076,#6077));
#2656=EDGE_LOOP('',(#6078,#6079,#6080,#6081));
#2657=EDGE_LOOP('',(#6082,#6083,#6084,#6085));
#2658=EDGE_LOOP('',(#6086,#6087,#6088,#6089));
#2659=EDGE_LOOP('',(#6090,#6091,#6092,#6093));
#2660=EDGE_LOOP('',(#6094,#6095,#6096,#6097));
#2661=EDGE_LOOP('',(#6098,#6099,#6100,#6101));
#2662=EDGE_LOOP('',(#6102,#6103,#6104,#6105));
#2663=EDGE_LOOP('',(#6106,#6107,#6108,#6109));
#2664=EDGE_LOOP('',(#6110,#6111,#6112,#6113));
#2665=EDGE_LOOP('',(#6114,#6115,#6116,#6117));
#2666=EDGE_LOOP('',(#6118,#6119,#6120,#6121));
#2667=EDGE_LOOP('',(#6122,#6123,#6124,#6125));
#2668=EDGE_LOOP('',(#6126,#6127,#6128,#6129));
#2669=EDGE_LOOP('',(#6130,#6131,#6132,#6133));
#2670=EDGE_LOOP('',(#6134,#6135,#6136,#6137));
#2671=EDGE_LOOP('',(#6138,#6139,#6140,#6141));
#2672=EDGE_LOOP('',(#6142,#6143,#6144,#6145));
#2673=EDGE_LOOP('',(#6146,#6147,#6148,#6149));
#2674=EDGE_LOOP('',(#6150,#6151,#6152,#6153));
#2675=EDGE_LOOP('',(#6154,#6155,#6156,#6157));
#2676=EDGE_LOOP('',(#6158,#6159,#6160,#6161));
#2677=EDGE_LOOP('',(#6162,#6163,#6164,#6165));
#2678=EDGE_LOOP('',(#6166,#6167,#6168,#6169));
#2679=EDGE_LOOP('',(#6170,#6171,#6172,#6173));
#2680=EDGE_LOOP('',(#6174,#6175,#6176,#6177,#6178,#6179,#6180,#6181,#6182,
#6183,#6184,#6185,#6186,#6187,#6188,#6189,#6190,#6191,#6192,#6193));
#2681=EDGE_LOOP('',(#6194,#6195,#6196,#6197));
#2682=EDGE_LOOP('',(#6198,#6199,#6200,#6201));
#2683=EDGE_LOOP('',(#6202,#6203,#6204,#6205));
#2684=EDGE_LOOP('',(#6206,#6207,#6208,#6209));
#2685=EDGE_LOOP('',(#6210,#6211,#6212,#6213));
#2686=EDGE_LOOP('',(#6214,#6215,#6216,#6217));
#2687=EDGE_LOOP('',(#6218,#6219,#6220,#6221));
#2688=EDGE_LOOP('',(#6222,#6223,#6224,#6225));
#2689=EDGE_LOOP('',(#6226,#6227,#6228,#6229));
#2690=EDGE_LOOP('',(#6230,#6231,#6232,#6233));
#2691=EDGE_LOOP('',(#6234,#6235,#6236,#6237));
#2692=EDGE_LOOP('',(#6238,#6239,#6240,#6241));
#2693=EDGE_LOOP('',(#6242,#6243,#6244,#6245));
#2694=EDGE_LOOP('',(#6246,#6247,#6248,#6249));
#2695=EDGE_LOOP('',(#6250,#6251,#6252,#6253));
#2696=EDGE_LOOP('',(#6254,#6255,#6256,#6257,#6258,#6259));
#2697=EDGE_LOOP('',(#6260,#6261,#6262,#6263));
#2698=EDGE_LOOP('',(#6264,#6265,#6266,#6267));
#2699=EDGE_LOOP('',(#6268,#6269,#6270,#6271));
#2700=EDGE_LOOP('',(#6272,#6273,#6274,#6275));
#2701=EDGE_LOOP('',(#6276,#6277,#6278,#6279));
#2702=EDGE_LOOP('',(#6280,#6281,#6282,#6283));
#2703=EDGE_LOOP('',(#6284,#6285,#6286,#6287));
#2704=EDGE_LOOP('',(#6288,#6289,#6290,#6291));
#2705=EDGE_LOOP('',(#6292,#6293,#6294,#6295));
#2706=EDGE_LOOP('',(#6296,#6297,#6298,#6299));
#2707=EDGE_LOOP('',(#6300,#6301,#6302,#6303));
#2708=EDGE_LOOP('',(#6304,#6305,#6306,#6307));
#2709=EDGE_LOOP('',(#6308,#6309,#6310,#6311));
#2710=EDGE_LOOP('',(#6312,#6313,#6314,#6315));
#2711=EDGE_LOOP('',(#6316,#6317,#6318,#6319));
#2712=EDGE_LOOP('',(#6320,#6321,#6322,#6323));
#2713=EDGE_LOOP('',(#6324,#6325,#6326,#6327));
#2714=EDGE_LOOP('',(#6328,#6329,#6330,#6331));
#2715=EDGE_LOOP('',(#6332,#6333,#6334,#6335));
#2716=EDGE_LOOP('',(#6336,#6337,#6338,#6339,#6340,#6341,#6342,#6343,#6344,
#6345,#6346,#6347,#6348,#6349,#6350,#6351,#6352,#6353,#6354,#6355,#6356,
#6357,#6358,#6359,#6360,#6361,#6362,#6363,#6364,#6365,#6366,#6367,#6368,
#6369,#6370,#6371));
#2717=EDGE_LOOP('',(#6372,#6373,#6374,#6375,#6376,#6377,#6378,#6379,#6380,
#6381,#6382,#6383,#6384,#6385,#6386,#6387,#6388,#6389,#6390,#6391));
#2718=EDGE_LOOP('',(#6392,#6393,#6394,#6395));
#2719=EDGE_LOOP('',(#6396,#6397,#6398,#6399));
#2720=EDGE_LOOP('',(#6400,#6401,#6402,#6403));
#2721=EDGE_LOOP('',(#6404,#6405,#6406,#6407));
#2722=EDGE_LOOP('',(#6408,#6409,#6410,#6411));
#2723=EDGE_LOOP('',(#6412,#6413,#6414,#6415));
#2724=EDGE_LOOP('',(#6416,#6417,#6418,#6419));
#2725=EDGE_LOOP('',(#6420,#6421,#6422,#6423));
#2726=EDGE_LOOP('',(#6424,#6425,#6426,#6427));
#2727=EDGE_LOOP('',(#6428,#6429,#6430,#6431));
#2728=EDGE_LOOP('',(#6432,#6433,#6434,#6435));
#2729=EDGE_LOOP('',(#6436,#6437,#6438,#6439));
#2730=EDGE_LOOP('',(#6440,#6441,#6442,#6443));
#2731=EDGE_LOOP('',(#6444,#6445,#6446,#6447));
#2732=EDGE_LOOP('',(#6448,#6449,#6450,#6451));
#2733=EDGE_LOOP('',(#6452,#6453,#6454,#6455));
#2734=EDGE_LOOP('',(#6456,#6457,#6458,#6459));
#2735=EDGE_LOOP('',(#6460,#6461,#6462,#6463));
#2736=EDGE_LOOP('',(#6464,#6465,#6466,#6467));
#2737=EDGE_LOOP('',(#6468,#6469,#6470,#6471,#6472,#6473,#6474,#6475,#6476,
#6477,#6478,#6479,#6480,#6481,#6482,#6483,#6484,#6485,#6486,#6487));
#2738=EDGE_LOOP('',(#6488,#6489,#6490,#6491,#6492,#6493,#6494,#6495));
#2739=EDGE_LOOP('',(#6496,#6497,#6498,#6499));
#2740=EDGE_LOOP('',(#6500,#6501,#6502,#6503));
#2741=EDGE_LOOP('',(#6504,#6505,#6506,#6507));
#2742=EDGE_LOOP('',(#6508,#6509,#6510,#6511));
#2743=EDGE_LOOP('',(#6512,#6513,#6514,#6515,#6516));
#2744=EDGE_LOOP('',(#6517,#6518,#6519,#6520,#6521));
#2745=EDGE_LOOP('',(#6522,#6523,#6524,#6525));
#2746=EDGE_LOOP('',(#6526,#6527,#6528,#6529));
#2747=EDGE_LOOP('',(#6530,#6531,#6532,#6533));
#2748=EDGE_LOOP('',(#6534,#6535,#6536,#6537));
#2749=EDGE_LOOP('',(#6538,#6539,#6540,#6541));
#2750=EDGE_LOOP('',(#6542,#6543,#6544,#6545));
#2751=EDGE_LOOP('',(#6546,#6547,#6548,#6549));
#2752=EDGE_LOOP('',(#6550,#6551,#6552,#6553));
#2753=EDGE_LOOP('',(#6554,#6555,#6556,#6557));
#2754=EDGE_LOOP('',(#6558,#6559,#6560,#6561));
#2755=EDGE_LOOP('',(#6562,#6563,#6564,#6565));
#2756=EDGE_LOOP('',(#6566,#6567,#6568,#6569));
#2757=EDGE_LOOP('',(#6570,#6571,#6572,#6573));
#2758=EDGE_LOOP('',(#6574,#6575,#6576,#6577));
#2759=EDGE_LOOP('',(#6578,#6579,#6580,#6581));
#2760=EDGE_LOOP('',(#6582,#6583,#6584,#6585));
#2761=EDGE_LOOP('',(#6586,#6587,#6588,#6589));
#2762=EDGE_LOOP('',(#6590,#6591,#6592,#6593,#6594,#6595,#6596,#6597));
#2763=EDGE_LOOP('',(#6598,#6599,#6600,#6601));
#2764=EDGE_LOOP('',(#6602,#6603,#6604,#6605));
#2765=EDGE_LOOP('',(#6606,#6607,#6608,#6609));
#2766=EDGE_LOOP('',(#6610,#6611,#6612,#6613));
#2767=EDGE_LOOP('',(#6614,#6615,#6616,#6617));
#2768=EDGE_LOOP('',(#6618,#6619,#6620,#6621));
#2769=EDGE_LOOP('',(#6622,#6623,#6624,#6625));
#2770=EDGE_LOOP('',(#6626,#6627,#6628,#6629));
#2771=EDGE_LOOP('',(#6630,#6631,#6632,#6633,#6634,#6635,#6636,#6637));
#2772=EDGE_LOOP('',(#6638,#6639,#6640,#6641));
#2773=EDGE_LOOP('',(#6642,#6643,#6644,#6645));
#2774=EDGE_LOOP('',(#6646,#6647,#6648,#6649));
#2775=EDGE_LOOP('',(#6650,#6651,#6652,#6653));
#2776=EDGE_LOOP('',(#6654,#6655,#6656,#6657));
#2777=EDGE_LOOP('',(#6658,#6659,#6660,#6661));
#2778=EDGE_LOOP('',(#6662,#6663,#6664,#6665));
#2779=EDGE_LOOP('',(#6666,#6667,#6668,#6669));
#2780=EDGE_LOOP('',(#6670,#6671,#6672,#6673,#6674,#6675,#6676,#6677,#6678,
#6679,#6680,#6681,#6682,#6683));
#2781=EDGE_LOOP('',(#6684,#6685,#6686,#6687,#6688,#6689,#6690,#6691,#6692,
#6693));
#2782=EDGE_LOOP('',(#6694,#6695,#6696,#6697,#6698,#6699,#6700,#6701,#6702));
#2783=EDGE_LOOP('',(#6703,#6704,#6705,#6706));
#2784=EDGE_LOOP('',(#6707,#6708,#6709,#6710));
#2785=EDGE_LOOP('',(#6711,#6712,#6713,#6714));
#2786=EDGE_LOOP('',(#6715,#6716,#6717,#6718));
#2787=EDGE_LOOP('',(#6719,#6720,#6721,#6722));
#2788=EDGE_LOOP('',(#6723,#6724,#6725,#6726));
#2789=EDGE_LOOP('',(#6727,#6728,#6729,#6730));
#2790=EDGE_LOOP('',(#6731,#6732,#6733,#6734));
#2791=EDGE_LOOP('',(#6735,#6736,#6737,#6738));
#2792=EDGE_LOOP('',(#6739,#6740,#6741,#6742));
#2793=EDGE_LOOP('',(#6743,#6744,#6745,#6746));
#2794=EDGE_LOOP('',(#6747,#6748,#6749,#6750));
#2795=EDGE_LOOP('',(#6751,#6752,#6753,#6754));
#2796=EDGE_LOOP('',(#6755,#6756,#6757,#6758));
#2797=EDGE_LOOP('',(#6759,#6760,#6761,#6762));
#2798=EDGE_LOOP('',(#6763,#6764,#6765,#6766));
#2799=EDGE_LOOP('',(#6767,#6768,#6769,#6770));
#2800=EDGE_LOOP('',(#6771,#6772,#6773,#6774));
#2801=EDGE_LOOP('',(#6775,#6776,#6777,#6778));
#2802=EDGE_LOOP('',(#6779,#6780,#6781,#6782));
#2803=EDGE_LOOP('',(#6783,#6784,#6785,#6786));
#2804=EDGE_LOOP('',(#6787,#6788,#6789,#6790));
#2805=EDGE_LOOP('',(#6791,#6792,#6793,#6794));
#2806=EDGE_LOOP('',(#6795,#6796,#6797,#6798));
#2807=EDGE_LOOP('',(#6799,#6800,#6801,#6802));
#2808=EDGE_LOOP('',(#6803,#6804,#6805,#6806));
#2809=EDGE_LOOP('',(#6807,#6808,#6809,#6810));
#2810=EDGE_LOOP('',(#6811,#6812,#6813,#6814));
#2811=EDGE_LOOP('',(#6815,#6816,#6817,#6818));
#2812=EDGE_LOOP('',(#6819,#6820,#6821,#6822));
#2813=EDGE_LOOP('',(#6823,#6824,#6825,#6826));
#2814=EDGE_LOOP('',(#6827,#6828,#6829,#6830));
#2815=EDGE_LOOP('',(#6831,#6832,#6833,#6834));
#2816=EDGE_LOOP('',(#6835,#6836,#6837,#6838,#6839,#6840,#6841,#6842,#6843,
#6844,#6845));
#2817=EDGE_LOOP('',(#6846,#6847,#6848,#6849,#6850,#6851,#6852,#6853,#6854));
#2818=EDGE_LOOP('',(#6855,#6856,#6857,#6858));
#2819=EDGE_LOOP('',(#6859,#6860,#6861,#6862));
#2820=EDGE_LOOP('',(#6863,#6864,#6865,#6866));
#2821=EDGE_LOOP('',(#6867,#6868,#6869,#6870));
#2822=EDGE_LOOP('',(#6871,#6872,#6873,#6874));
#2823=EDGE_LOOP('',(#6875,#6876,#6877,#6878));
#2824=EDGE_LOOP('',(#6879,#6880,#6881,#6882));
#2825=EDGE_LOOP('',(#6883,#6884,#6885,#6886));
#2826=EDGE_LOOP('',(#6887,#6888,#6889,#6890));
#2827=EDGE_LOOP('',(#6891,#6892,#6893,#6894));
#2828=EDGE_LOOP('',(#6895,#6896,#6897,#6898));
#2829=EDGE_LOOP('',(#6899,#6900,#6901,#6902));
#2830=EDGE_LOOP('',(#6903,#6904,#6905,#6906));
#2831=EDGE_LOOP('',(#6907,#6908,#6909,#6910));
#2832=EDGE_LOOP('',(#6911,#6912,#6913,#6914));
#2833=EDGE_LOOP('',(#6915,#6916,#6917,#6918));
#2834=EDGE_LOOP('',(#6919,#6920,#6921,#6922));
#2835=EDGE_LOOP('',(#6923,#6924,#6925,#6926));
#2836=EDGE_LOOP('',(#6927,#6928,#6929,#6930));
#2837=EDGE_LOOP('',(#6931,#6932,#6933,#6934));
#2838=EDGE_LOOP('',(#6935,#6936,#6937,#6938,#6939,#6940,#6941,#6942,#6943,
#6944,#6945,#6946,#6947,#6948,#6949));
#2839=EDGE_LOOP('',(#6950,#6951,#6952,#6953));
#2840=EDGE_LOOP('',(#6954,#6955,#6956,#6957));
#2841=EDGE_LOOP('',(#6958,#6959,#6960,#6961));
#2842=EDGE_LOOP('',(#6962,#6963,#6964,#6965));
#2843=EDGE_LOOP('',(#6966,#6967,#6968,#6969));
#2844=EDGE_LOOP('',(#6970,#6971,#6972,#6973));
#2845=EDGE_LOOP('',(#6974,#6975,#6976,#6977));
#2846=EDGE_LOOP('',(#6978,#6979,#6980,#6981));
#2847=EDGE_LOOP('',(#6982,#6983,#6984,#6985));
#2848=EDGE_LOOP('',(#6986,#6987,#6988,#6989));
#2849=EDGE_LOOP('',(#6990,#6991,#6992,#6993));
#2850=EDGE_LOOP('',(#6994,#6995,#6996,#6997));
#2851=EDGE_LOOP('',(#6998,#6999,#7000,#7001));
#2852=EDGE_LOOP('',(#7002,#7003,#7004,#7005));
#2853=EDGE_LOOP('',(#7006,#7007,#7008,#7009));
#2854=EDGE_LOOP('',(#7010,#7011,#7012,#7013,#7014,#7015,#7016,#7017,#7018,
#7019,#7020));
#2855=EDGE_LOOP('',(#7021,#7022,#7023,#7024,#7025,#7026,#7027,#7028,#7029));
#2856=EDGE_LOOP('',(#7030,#7031,#7032,#7033));
#2857=EDGE_LOOP('',(#7034,#7035,#7036,#7037));
#2858=EDGE_LOOP('',(#7038,#7039,#7040,#7041));
#2859=EDGE_LOOP('',(#7042,#7043,#7044,#7045));
#2860=EDGE_LOOP('',(#7046,#7047,#7048,#7049));
#2861=EDGE_LOOP('',(#7050,#7051,#7052,#7053));
#2862=EDGE_LOOP('',(#7054,#7055,#7056,#7057));
#2863=EDGE_LOOP('',(#7058,#7059,#7060,#7061));
#2864=EDGE_LOOP('',(#7062,#7063,#7064,#7065));
#2865=EDGE_LOOP('',(#7066,#7067,#7068,#7069));
#2866=EDGE_LOOP('',(#7070,#7071,#7072,#7073));
#2867=EDGE_LOOP('',(#7074,#7075,#7076,#7077));
#2868=EDGE_LOOP('',(#7078,#7079,#7080,#7081));
#2869=EDGE_LOOP('',(#7082,#7083,#7084,#7085));
#2870=EDGE_LOOP('',(#7086,#7087,#7088,#7089));
#2871=EDGE_LOOP('',(#7090,#7091,#7092,#7093));
#2872=EDGE_LOOP('',(#7094,#7095,#7096,#7097));
#2873=EDGE_LOOP('',(#7098,#7099,#7100,#7101));
#2874=EDGE_LOOP('',(#7102,#7103,#7104,#7105));
#2875=EDGE_LOOP('',(#7106,#7107,#7108,#7109));
#2876=EDGE_LOOP('',(#7110,#7111,#7112,#7113,#7114,#7115,#7116,#7117,#7118));
#2877=EDGE_LOOP('',(#7119,#7120,#7121,#7122,#7123,#7124,#7125,#7126,#7127));
#2878=EDGE_LOOP('',(#7128,#7129,#7130,#7131,#7132,#7133,#7134,#7135,#7136));
#2879=EDGE_LOOP('',(#7137,#7138,#7139,#7140,#7141,#7142,#7143,#7144,#7145,
#7146));
#2880=EDGE_LOOP('',(#7147,#7148,#7149,#7150));
#2881=EDGE_LOOP('',(#7151,#7152,#7153,#7154));
#2882=EDGE_LOOP('',(#7155,#7156,#7157,#7158));
#2883=EDGE_LOOP('',(#7159,#7160,#7161,#7162));
#2884=EDGE_LOOP('',(#7163,#7164,#7165,#7166));
#2885=EDGE_LOOP('',(#7167,#7168,#7169,#7170));
#2886=EDGE_LOOP('',(#7171,#7172,#7173,#7174));
#2887=EDGE_LOOP('',(#7175,#7176,#7177,#7178));
#2888=EDGE_LOOP('',(#7179,#7180,#7181,#7182));
#2889=EDGE_LOOP('',(#7183,#7184,#7185,#7186,#7187,#7188,#7189,#7190,#7191,
#7192,#7193,#7194,#7195,#7196,#7197,#7198,#7199,#7200,#7201,#7202,#7203,
#7204,#7205));
#2890=EDGE_LOOP('',(#7206,#7207,#7208,#7209,#7210));
#2891=EDGE_LOOP('',(#7211,#7212,#7213,#7214));
#2892=EDGE_LOOP('',(#7215,#7216,#7217,#7218));
#2893=EDGE_LOOP('',(#7219,#7220,#7221,#7222));
#2894=EDGE_LOOP('',(#7223,#7224,#7225,#7226));
#2895=EDGE_LOOP('',(#7227,#7228,#7229,#7230));
#2896=EDGE_LOOP('',(#7231,#7232,#7233,#7234));
#2897=EDGE_LOOP('',(#7235,#7236,#7237));
#2898=EDGE_LOOP('',(#7238,#7239,#7240,#7241));
#2899=EDGE_LOOP('',(#7242,#7243,#7244,#7245));
#2900=EDGE_LOOP('',(#7246,#7247,#7248));
#2901=EDGE_LOOP('',(#7249,#7250,#7251,#7252));
#2902=EDGE_LOOP('',(#7253,#7254,#7255,#7256));
#2903=EDGE_LOOP('',(#7257,#7258,#7259,#7260,#7261));
#2904=EDGE_LOOP('',(#7262,#7263,#7264,#7265,#7266));
#2905=EDGE_LOOP('',(#7267,#7268,#7269,#7270,#7271,#7272));
#2906=EDGE_LOOP('',(#7273,#7274,#7275,#7276));
#2907=EDGE_LOOP('',(#7277,#7278));
#2908=EDGE_LOOP('',(#7279,#7280,#7281,#7282));
#2909=EDGE_LOOP('',(#7283,#7284,#7285,#7286,#7287));
#2910=EDGE_LOOP('',(#7288,#7289,#7290,#7291,#7292));
#2911=EDGE_LOOP('',(#7293,#7294,#7295,#7296,#7297,#7298));
#2912=EDGE_LOOP('',(#7299,#7300,#7301,#7302));
#2913=EDGE_LOOP('',(#7303,#7304,#7305,#7306,#7307,#7308));
#2914=EDGE_LOOP('',(#7309,#7310,#7311,#7312,#7313,#7314,#7315));
#2915=EDGE_LOOP('',(#7316,#7317,#7318,#7319,#7320,#7321,#7322,#7323,#7324,
#7325,#7326,#7327,#7328,#7329,#7330,#7331,#7332,#7333,#7334,#7335));
#2916=EDGE_LOOP('',(#7336,#7337,#7338,#7339));
#2917=EDGE_LOOP('',(#7340,#7341,#7342,#7343,#7344,#7345,#7346,#7347,#7348,
#7349,#7350));
#2918=EDGE_LOOP('',(#7351,#7352,#7353,#7354,#7355,#7356,#7357,#7358,#7359,
#7360,#7361,#7362,#7363,#7364,#7365));
#2919=EDGE_LOOP('',(#7366,#7367,#7368,#7369,#7370,#7371,#7372,#7373,#7374,
#7375,#7376));
#2920=EDGE_LOOP('',(#7377,#7378,#7379,#7380,#7381,#7382,#7383,#7384,#7385,
#7386,#7387,#7388,#7389,#7390));
#2921=EDGE_LOOP('',(#7391,#7392,#7393,#7394,#7395,#7396,#7397,#7398));
#2922=EDGE_LOOP('',(#7399,#7400,#7401,#7402,#7403,#7404,#7405,#7406));
#2923=EDGE_LOOP('',(#7407,#7408,#7409,#7410,#7411));
#2924=B_SPLINE_CURVE_WITH_KNOTS('',3,(#10260,#10261,#10262,#10263,#10264),
 .UNSPECIFIED.,.F.,.F.,(4,1,4),(0.,0.126706294802826,0.253793957013523),
 .UNSPECIFIED.);
#2925=B_SPLINE_CURVE_WITH_KNOTS('',3,(#10266,#10267,#10268,#10269,#10270),
 .UNSPECIFIED.,.F.,.F.,(4,1,4),(0.,0.13478024297287,0.264026745227141),
 .UNSPECIFIED.);
#2926=B_SPLINE_CURVE_WITH_KNOTS('',3,(#10272,#10273,#10274,#10275,#10276),
 .UNSPECIFIED.,.F.,.F.,(4,1,4),(0.,0.125813859527781,0.252609443932623),
 .UNSPECIFIED.);
#2927=B_SPLINE_CURVE_WITH_KNOTS('',3,(#10278,#10279,#10280,#10281,#10282),
 .UNSPECIFIED.,.F.,.F.,(4,1,4),(0.,0.128948174269778,0.254550800662699),
 .UNSPECIFIED.);
#2928=B_SPLINE_CURVE_WITH_KNOTS('',3,(#10284,#10285,#10286,#10287,#10288),
 .UNSPECIFIED.,.F.,.F.,(4,1,4),(0.,0.144914732136022,0.281009506790098),
 .UNSPECIFIED.);
#2929=B_SPLINE_CURVE_WITH_KNOTS('',3,(#10290,#10291,#10292,#10293,#10294),
 .UNSPECIFIED.,.F.,.F.,(4,1,4),(0.,0.133640000414441,0.276524378180855),
 .UNSPECIFIED.);
#2930=B_SPLINE_CURVE_WITH_KNOTS('',3,(#10296,#10297,#10298,#10299,#10300),
 .UNSPECIFIED.,.F.,.F.,(4,1,4),(0.,0.125987284487316,0.253292288908615),
 .UNSPECIFIED.);
#2931=B_SPLINE_CURVE_WITH_KNOTS('',3,(#10302,#10303,#10304,#10305,#10306),
 .UNSPECIFIED.,.F.,.F.,(4,1,4),(0.,0.132685838263595,0.260703529815617),
 .UNSPECIFIED.);
#2932=B_SPLINE_CURVE_WITH_KNOTS('',3,(#10308,#10309,#10310,#10311,#10312),
 .UNSPECIFIED.,.F.,.F.,(4,1,4),(0.,0.186042941603129,0.381264538000674),
 .UNSPECIFIED.);
#2933=B_SPLINE_CURVE_WITH_KNOTS('',3,(#10314,#10315,#10316,#10317,#10318),
 .UNSPECIFIED.,.F.,.F.,(4,1,4),(0.,0.224450108900283,0.420003890226207),
 .UNSPECIFIED.);
#2934=B_SPLINE_CURVE_WITH_KNOTS('',3,(#10319,#10320,#10321,#10322,#10323),
 .UNSPECIFIED.,.F.,.F.,(4,1,4),(0.,0.128799638545151,0.257837313101383),
 .UNSPECIFIED.);
#2935=B_SPLINE_CURVE_WITH_KNOTS('',3,(#10326,#10327,#10328,#10329,#10330),
 .UNSPECIFIED.,.F.,.F.,(4,1,4),(0.,0.132921389921741,0.265525861141901),
 .UNSPECIFIED.);
#2936=B_SPLINE_CURVE_WITH_KNOTS('',3,(#10332,#10333,#10334,#10335,#10336),
 .UNSPECIFIED.,.F.,.F.,(4,1,4),(0.,0.092331919547266,0.187211944269021),
 .UNSPECIFIED.);
#2937=B_SPLINE_CURVE_WITH_KNOTS('',3,(#10338,#10339,#10340,#10341,#10342),
 .UNSPECIFIED.,.F.,.F.,(4,1,4),(0.,0.0954795861456835,0.187853151202606),
 .UNSPECIFIED.);
#2938=B_SPLINE_CURVE_WITH_KNOTS('',3,(#10344,#10345,#10346,#10347,#10348),
 .UNSPECIFIED.,.F.,.F.,(4,1,4),(0.,0.114806033116336,0.218363209892909),
 .UNSPECIFIED.);
#2939=B_SPLINE_CURVE_WITH_KNOTS('',3,(#10350,#10351,#10352,#10353,#10354),
 .UNSPECIFIED.,.F.,.F.,(4,1,4),(0.,0.14622300382407,0.318960372086419),
 .UNSPECIFIED.);
#2940=B_SPLINE_CURVE_WITH_KNOTS('',3,(#10356,#10357,#10358,#10359,#10360),
 .UNSPECIFIED.,.F.,.F.,(4,1,4),(0.,0.138679268491865,0.273770029055201),
 .UNSPECIFIED.);
#2941=B_SPLINE_CURVE_WITH_KNOTS('',3,(#10362,#10363,#10364,#10365,#10366),
 .UNSPECIFIED.,.F.,.F.,(4,1,4),(0.,0.134505711469115,0.271294639689909),
 .UNSPECIFIED.);
#2942=B_SPLINE_CURVE_WITH_KNOTS('',3,(#10368,#10369,#10370,#10371,#10372),
 .UNSPECIFIED.,.F.,.F.,(4,1,4),(0.,0.163396283522652,0.306558223295821),
 .UNSPECIFIED.);
#2943=B_SPLINE_CURVE_WITH_KNOTS('',3,(#10373,#10374,#10375,#10376,#10377),
 .UNSPECIFIED.,.F.,.F.,(4,1,4),(0.,0.149568571331339,0.344687268423612),
 .UNSPECIFIED.);
#2944=B_SPLINE_CURVE_WITH_KNOTS('',3,(#10391,#10392,#10393,#10394,#10395),
 .UNSPECIFIED.,.F.,.F.,(4,1,4),(0.,0.126706294802826,0.253793957013523),
 .UNSPECIFIED.);
#2945=B_SPLINE_CURVE_WITH_KNOTS('',3,(#10408,#10409,#10410,#10411,#10412),
 .UNSPECIFIED.,.F.,.F.,(4,1,4),(0.,0.13478024297287,0.264026745227141),
 .UNSPECIFIED.);
#2946=B_SPLINE_CURVE_WITH_KNOTS('',3,(#10425,#10426,#10427,#10428,#10429),
 .UNSPECIFIED.,.F.,.F.,(4,1,4),(0.,0.125813859527781,0.252609443932623),
 .UNSPECIFIED.);
#2947=B_SPLINE_CURVE_WITH_KNOTS('',3,(#10442,#10443,#10444,#10445,#10446),
 .UNSPECIFIED.,.F.,.F.,(4,1,4),(0.,0.128948174269778,0.254550800662699),
 .UNSPECIFIED.);
#2948=B_SPLINE_CURVE_WITH_KNOTS('',3,(#10459,#10460,#10461,#10462,#10463),
 .UNSPECIFIED.,.F.,.F.,(4,1,4),(0.,0.144914732136022,0.281009506790098),
 .UNSPECIFIED.);
#2949=B_SPLINE_CURVE_WITH_KNOTS('',3,(#10476,#10477,#10478,#10479,#10480),
 .UNSPECIFIED.,.F.,.F.,(4,1,4),(0.,0.133640000414441,0.276524378180855),
 .UNSPECIFIED.);
#2950=B_SPLINE_CURVE_WITH_KNOTS('',3,(#10493,#10494,#10495,#10496,#10497),
 .UNSPECIFIED.,.F.,.F.,(4,1,4),(0.,0.125987284487316,0.253292288908615),
 .UNSPECIFIED.);
#2951=B_SPLINE_CURVE_WITH_KNOTS('',3,(#10510,#10511,#10512,#10513,#10514),
 .UNSPECIFIED.,.F.,.F.,(4,1,4),(0.,0.132685838263595,0.260703529815617),
 .UNSPECIFIED.);
#2952=B_SPLINE_CURVE_WITH_KNOTS('',3,(#10527,#10528,#10529,#10530,#10531),
 .UNSPECIFIED.,.F.,.F.,(4,1,4),(0.,0.186042941603129,0.381264538000674),
 .UNSPECIFIED.);
#2953=B_SPLINE_CURVE_WITH_KNOTS('',3,(#10544,#10545,#10546,#10547,#10548),
 .UNSPECIFIED.,.F.,.F.,(4,1,4),(0.,0.224450108900283,0.420003890226207),
 .UNSPECIFIED.);
#2954=B_SPLINE_CURVE_WITH_KNOTS('',3,(#10560,#10561,#10562,#10563,#10564),
 .UNSPECIFIED.,.F.,.F.,(4,1,4),(0.,0.128799638545151,0.257837313101383),
 .UNSPECIFIED.);
#2955=B_SPLINE_CURVE_WITH_KNOTS('',3,(#10578,#10579,#10580,#10581,#10582),
 .UNSPECIFIED.,.F.,.F.,(4,1,4),(0.,0.132921389921741,0.265525861141901),
 .UNSPECIFIED.);
#2956=B_SPLINE_CURVE_WITH_KNOTS('',3,(#10595,#10596,#10597,#10598,#10599),
 .UNSPECIFIED.,.F.,.F.,(4,1,4),(0.,0.092331919547266,0.187211944269021),
 .UNSPECIFIED.);
#2957=B_SPLINE_CURVE_WITH_KNOTS('',3,(#10612,#10613,#10614,#10615,#10616),
 .UNSPECIFIED.,.F.,.F.,(4,1,4),(0.,0.0954795861456835,0.187853151202606),
 .UNSPECIFIED.);
#2958=B_SPLINE_CURVE_WITH_KNOTS('',3,(#10629,#10630,#10631,#10632,#10633),
 .UNSPECIFIED.,.F.,.F.,(4,1,4),(0.,0.114806033116336,0.218363209892909),
 .UNSPECIFIED.);
#2959=B_SPLINE_CURVE_WITH_KNOTS('',3,(#10646,#10647,#10648,#10649,#10650),
 .UNSPECIFIED.,.F.,.F.,(4,1,4),(0.,0.14622300382407,0.318960372086419),
 .UNSPECIFIED.);
#2960=B_SPLINE_CURVE_WITH_KNOTS('',3,(#10663,#10664,#10665,#10666,#10667),
 .UNSPECIFIED.,.F.,.F.,(4,1,4),(0.,0.138679268491865,0.273770029055201),
 .UNSPECIFIED.);
#2961=B_SPLINE_CURVE_WITH_KNOTS('',3,(#10680,#10681,#10682,#10683,#10684),
 .UNSPECIFIED.,.F.,.F.,(4,1,4),(0.,0.134505711469115,0.271294639689909),
 .UNSPECIFIED.);
#2962=B_SPLINE_CURVE_WITH_KNOTS('',3,(#10697,#10698,#10699,#10700,#10701),
 .UNSPECIFIED.,.F.,.F.,(4,1,4),(0.,0.163396283522652,0.306558223295821),
 .UNSPECIFIED.);
#2963=B_SPLINE_CURVE_WITH_KNOTS('',3,(#10713,#10714,#10715,#10716,#10717),
 .UNSPECIFIED.,.F.,.F.,(4,1,4),(0.,0.149568571331339,0.344687268423612),
 .UNSPECIFIED.);
#2964=B_SPLINE_CURVE_WITH_KNOTS('',3,(#10774,#10775,#10776,#10777,#10778),
 .UNSPECIFIED.,.F.,.F.,(4,1,4),(0.,0.131780088280835,0.312534206310404),
 .UNSPECIFIED.);
#2965=B_SPLINE_CURVE_WITH_KNOTS('',3,(#10780,#10781,#10782,#10783,#10784),
 .UNSPECIFIED.,.F.,.F.,(4,1,4),(0.,0.119488404996192,0.234979056847335),
 .UNSPECIFIED.);
#2966=B_SPLINE_CURVE_WITH_KNOTS('',3,(#10786,#10787,#10788,#10789,#10790),
 .UNSPECIFIED.,.F.,.F.,(4,1,4),(0.,0.0690066698353809,0.14069188108787),
 .UNSPECIFIED.);
#2967=B_SPLINE_CURVE_WITH_KNOTS('',3,(#10792,#10793,#10794,#10795,#10796),
 .UNSPECIFIED.,.F.,.F.,(4,1,4),(0.,0.0610685341422597,0.126516799376707),
 .UNSPECIFIED.);
#2968=B_SPLINE_CURVE_WITH_KNOTS('',3,(#10798,#10799,#10800,#10801,#10802),
 .UNSPECIFIED.,.F.,.F.,(4,1,4),(0.,0.070007464363982,0.132817499530102),
 .UNSPECIFIED.);
#2969=B_SPLINE_CURVE_WITH_KNOTS('',3,(#10804,#10805,#10806,#10807,#10808),
 .UNSPECIFIED.,.F.,.F.,(4,1,4),(0.,0.0878565529821172,0.152545045615243),
 .UNSPECIFIED.);
#2970=B_SPLINE_CURVE_WITH_KNOTS('',3,(#10818,#10819,#10820,#10821,#10822),
 .UNSPECIFIED.,.F.,.F.,(4,1,4),(0.,0.0480409485987658,0.123960047075569),
 .UNSPECIFIED.);
#2971=B_SPLINE_CURVE_WITH_KNOTS('',3,(#10824,#10825,#10826,#10827,#10828),
 .UNSPECIFIED.,.F.,.F.,(4,1,4),(0.,0.0522137583662162,0.103900040110883),
 .UNSPECIFIED.);
#2972=B_SPLINE_CURVE_WITH_KNOTS('',3,(#10830,#10831,#10832,#10833,#10834),
 .UNSPECIFIED.,.F.,.F.,(4,1,4),(0.,0.0587742374486642,0.113422152575648),
 .UNSPECIFIED.);
#2973=B_SPLINE_CURVE_WITH_KNOTS('',3,(#10836,#10837,#10838,#10839,#10840),
 .UNSPECIFIED.,.F.,.F.,(4,1,4),(0.,0.0702578267818767,0.148338626487423),
 .UNSPECIFIED.);
#2974=B_SPLINE_CURVE_WITH_KNOTS('',3,(#10842,#10843,#10844,#10845,#10846),
 .UNSPECIFIED.,.F.,.F.,(4,1,4),(0.,0.110299890051191,0.191141209535122),
 .UNSPECIFIED.);
#2975=B_SPLINE_CURVE_WITH_KNOTS('',3,(#10871,#10872,#10873,#10874,#10875),
 .UNSPECIFIED.,.F.,.F.,(4,1,4),(0.,0.131780088280835,0.312534206310404),
 .UNSPECIFIED.);
#2976=B_SPLINE_CURVE_WITH_KNOTS('',3,(#10888,#10889,#10890,#10891,#10892),
 .UNSPECIFIED.,.F.,.F.,(4,1,4),(0.,0.119488404996192,0.234979056847335),
 .UNSPECIFIED.);
#2977=B_SPLINE_CURVE_WITH_KNOTS('',3,(#10905,#10906,#10907,#10908,#10909),
 .UNSPECIFIED.,.F.,.F.,(4,1,4),(0.,0.0690066698353809,0.14069188108787),
 .UNSPECIFIED.);
#2978=B_SPLINE_CURVE_WITH_KNOTS('',3,(#10922,#10923,#10924,#10925,#10926),
 .UNSPECIFIED.,.F.,.F.,(4,1,4),(0.,0.0610685341422597,0.126516799376707),
 .UNSPECIFIED.);
#2979=B_SPLINE_CURVE_WITH_KNOTS('',3,(#10939,#10940,#10941,#10942,#10943),
 .UNSPECIFIED.,.F.,.F.,(4,1,4),(0.,0.070007464363982,0.132817499530102),
 .UNSPECIFIED.);
#2980=B_SPLINE_CURVE_WITH_KNOTS('',3,(#10956,#10957,#10958,#10959,#10960),
 .UNSPECIFIED.,.F.,.F.,(4,1,4),(0.,0.0878565529821172,0.152545045615243),
 .UNSPECIFIED.);
#2981=B_SPLINE_CURVE_WITH_KNOTS('',3,(#10989,#10990,#10991,#10992,#10993),
 .UNSPECIFIED.,.F.,.F.,(4,1,4),(0.,0.0480409485987658,0.123960047075569),
 .UNSPECIFIED.);
#2982=B_SPLINE_CURVE_WITH_KNOTS('',3,(#11006,#11007,#11008,#11009,#11010),
 .UNSPECIFIED.,.F.,.F.,(4,1,4),(0.,0.0522137583662162,0.103900040110883),
 .UNSPECIFIED.);
#2983=B_SPLINE_CURVE_WITH_KNOTS('',3,(#11023,#11024,#11025,#11026,#11027),
 .UNSPECIFIED.,.F.,.F.,(4,1,4),(0.,0.0587742374486642,0.113422152575648),
 .UNSPECIFIED.);
#2984=B_SPLINE_CURVE_WITH_KNOTS('',3,(#11040,#11041,#11042,#11043,#11044),
 .UNSPECIFIED.,.F.,.F.,(4,1,4),(0.,0.0702578267818767,0.148338626487423),
 .UNSPECIFIED.);
#2985=B_SPLINE_CURVE_WITH_KNOTS('',3,(#11057,#11058,#11059,#11060,#11061),
 .UNSPECIFIED.,.F.,.F.,(4,1,4),(0.,0.110299890051191,0.191141209535122),
 .UNSPECIFIED.);
#2986=B_SPLINE_CURVE_WITH_KNOTS('',3,(#11150,#11151,#11152,#11153),
 .UNSPECIFIED.,.F.,.F.,(4,4),(0.232227456857958,5.74565894533698),
 .UNSPECIFIED.);
#2987=B_SPLINE_CURVE_WITH_KNOTS('',3,(#11224,#11225,#11226,#11227),
 .UNSPECIFIED.,.F.,.F.,(4,4),(-1.3814076570396,4.18125003097507),
 .UNSPECIFIED.);
#2988=B_SPLINE_CURVE_WITH_KNOTS('',3,(#11286,#11287,#11288,#11289,#11290,
#11291,#11292,#11293,#11294,#11295,#11296,#11297,#11298),.UNSPECIFIED.,
 .F.,.F.,(4,3,3,3,4),(0.0176288158307758,0.0271537284342012,0.0443165203292682,
0.0555687748019708,0.0757012128881343),.UNSPECIFIED.);
#2989=B_SPLINE_CURVE_WITH_KNOTS('',3,(#12454,#12455,#12456,#12457,#12458),
 .UNSPECIFIED.,.F.,.F.,(4,1,4),(0.,0.0594466331425891,0.129989636923415),
 .UNSPECIFIED.);
#2990=B_SPLINE_CURVE_WITH_KNOTS('',3,(#12460,#12461,#12462,#12463,#12464),
 .UNSPECIFIED.,.F.,.F.,(4,1,4),(0.,0.0455802623607766,0.0965757782654483),
 .UNSPECIFIED.);
#2991=B_SPLINE_CURVE_WITH_KNOTS('',3,(#12466,#12467,#12468,#12469,#12470),
 .UNSPECIFIED.,.F.,.F.,(4,1,4),(0.,0.0503322967845027,0.0954798335959889),
 .UNSPECIFIED.);
#2992=B_SPLINE_CURVE_WITH_KNOTS('',3,(#12472,#12473,#12474,#12475,#12476),
 .UNSPECIFIED.,.F.,.F.,(4,1,4),(0.,0.0545530072539588,0.107885090172092),
 .UNSPECIFIED.);
#2993=B_SPLINE_CURVE_WITH_KNOTS('',3,(#12478,#12479,#12480,#12481,#12482),
 .UNSPECIFIED.,.F.,.F.,(4,1,4),(0.,0.063127056843511,0.129063858654316),
 .UNSPECIFIED.);
#2994=B_SPLINE_CURVE_WITH_KNOTS('',3,(#12484,#12485,#12486,#12487,#12488),
 .UNSPECIFIED.,.F.,.F.,(4,1,4),(0.,0.0703475392642023,0.134886578305239),
 .UNSPECIFIED.);
#2995=B_SPLINE_CURVE_WITH_KNOTS('',3,(#12490,#12491,#12492,#12493,#12494),
 .UNSPECIFIED.,.F.,.F.,(4,1,4),(0.,0.0538037771641515,0.112529532218227),
 .UNSPECIFIED.);
#2996=B_SPLINE_CURVE_WITH_KNOTS('',3,(#12496,#12497,#12498,#12499,#12500),
 .UNSPECIFIED.,.F.,.F.,(4,1,4),(0.,0.0502791177251823,0.101517361696157),
 .UNSPECIFIED.);
#2997=B_SPLINE_CURVE_WITH_KNOTS('',3,(#12502,#12503,#12504,#12505,#12506),
 .UNSPECIFIED.,.F.,.F.,(4,1,4),(0.,0.0567469461452996,0.111270468240419),
 .UNSPECIFIED.);
#2998=B_SPLINE_CURVE_WITH_KNOTS('',3,(#12508,#12509,#12510,#12511,#12512),
 .UNSPECIFIED.,.F.,.F.,(4,1,4),(0.,0.0582203534869455,0.115901218722784),
 .UNSPECIFIED.);
#2999=B_SPLINE_CURVE_WITH_KNOTS('',3,(#12514,#12515,#12516,#12517,#12518),
 .UNSPECIFIED.,.F.,.F.,(4,1,4),(0.,0.0828284984318511,0.149813187418405),
 .UNSPECIFIED.);
#3000=B_SPLINE_CURVE_WITH_KNOTS('',3,(#12528,#12529,#12530,#12531,#12532),
 .UNSPECIFIED.,.F.,.F.,(4,1,4),(0.,0.0505942443762359,0.118139448179397),
 .UNSPECIFIED.);
#3001=B_SPLINE_CURVE_WITH_KNOTS('',3,(#12534,#12535,#12536,#12537,#12538),
 .UNSPECIFIED.,.F.,.F.,(4,1,4),(0.,0.0392177764493664,0.079790638838412),
 .UNSPECIFIED.);
#3002=B_SPLINE_CURVE_WITH_KNOTS('',3,(#12540,#12541,#12542,#12543,#12544),
 .UNSPECIFIED.,.F.,.F.,(4,1,4),(0.,0.0422050929826576,0.0820518204101245),
 .UNSPECIFIED.);
#3003=B_SPLINE_CURVE_WITH_KNOTS('',3,(#12546,#12547,#12548,#12549,#12550),
 .UNSPECIFIED.,.F.,.F.,(4,1,4),(0.,0.0336114174701464,0.0697767466692681),
 .UNSPECIFIED.);
#3004=B_SPLINE_CURVE_WITH_KNOTS('',3,(#12552,#12553,#12554,#12555,#12556),
 .UNSPECIFIED.,.F.,.F.,(4,1,4),(0.,0.0291970781978083,0.0605916710758048),
 .UNSPECIFIED.);
#3005=B_SPLINE_CURVE_WITH_KNOTS('',3,(#12558,#12559,#12560,#12561,#12562),
 .UNSPECIFIED.,.F.,.F.,(4,1,4),(0.,0.0346778417336115,0.0651896650459414),
 .UNSPECIFIED.);
#3006=B_SPLINE_CURVE_WITH_KNOTS('',3,(#12564,#12565,#12566,#12567,#12568),
 .UNSPECIFIED.,.F.,.F.,(4,1,4),(0.,0.0436665573663825,0.0721873839083984),
 .UNSPECIFIED.);
#3007=B_SPLINE_CURVE_WITH_KNOTS('',3,(#12576,#12577,#12578,#12579,#12580),
 .UNSPECIFIED.,.F.,.F.,(4,1,4),(0.,0.0488837392433794,0.122470317430132),
 .UNSPECIFIED.);
#3008=B_SPLINE_CURVE_WITH_KNOTS('',3,(#12582,#12583,#12584,#12585,#12586),
 .UNSPECIFIED.,.F.,.F.,(4,1,4),(0.,0.0344780603224504,0.0696824280966031),
 .UNSPECIFIED.);
#3009=B_SPLINE_CURVE_WITH_KNOTS('',3,(#12588,#12589,#12590,#12591,#12592),
 .UNSPECIFIED.,.F.,.F.,(4,1,4),(0.,0.037752054805871,0.0734280351324268),
 .UNSPECIFIED.);
#3010=B_SPLINE_CURVE_WITH_KNOTS('',3,(#12594,#12595,#12596,#12597,#12598),
 .UNSPECIFIED.,.F.,.F.,(4,1,4),(0.,0.0349304065228696,0.0737410141163377),
 .UNSPECIFIED.);
#3011=B_SPLINE_CURVE_WITH_KNOTS('',3,(#12600,#12601,#12602,#12603,#12604),
 .UNSPECIFIED.,.F.,.F.,(4,1,4),(0.,0.0388344840301199,0.0737251867357011),
 .UNSPECIFIED.);
#3012=B_SPLINE_CURVE_WITH_KNOTS('',3,(#12606,#12607,#12608,#12609,#12610),
 .UNSPECIFIED.,.F.,.F.,(4,1,4),(0.,0.0604810342884797,0.101592446612325),
 .UNSPECIFIED.);
#3013=B_SPLINE_CURVE_WITH_KNOTS('',3,(#12627,#12628,#12629,#12630,#12631),
 .UNSPECIFIED.,.F.,.F.,(4,1,4),(0.,0.0594466331425891,0.129989636923415),
 .UNSPECIFIED.);
#3014=B_SPLINE_CURVE_WITH_KNOTS('',3,(#12644,#12645,#12646,#12647,#12648),
 .UNSPECIFIED.,.F.,.F.,(4,1,4),(0.,0.0455802623607766,0.0965757782654483),
 .UNSPECIFIED.);
#3015=B_SPLINE_CURVE_WITH_KNOTS('',3,(#12661,#12662,#12663,#12664,#12665),
 .UNSPECIFIED.,.F.,.F.,(4,1,4),(0.,0.0503322967845027,0.0954798335959889),
 .UNSPECIFIED.);
#3016=B_SPLINE_CURVE_WITH_KNOTS('',3,(#12678,#12679,#12680,#12681,#12682),
 .UNSPECIFIED.,.F.,.F.,(4,1,4),(0.,0.0545530072539588,0.107885090172092),
 .UNSPECIFIED.);
#3017=B_SPLINE_CURVE_WITH_KNOTS('',3,(#12695,#12696,#12697,#12698,#12699),
 .UNSPECIFIED.,.F.,.F.,(4,1,4),(0.,0.063127056843511,0.129063858654316),
 .UNSPECIFIED.);
#3018=B_SPLINE_CURVE_WITH_KNOTS('',3,(#12712,#12713,#12714,#12715,#12716),
 .UNSPECIFIED.,.F.,.F.,(4,1,4),(0.,0.0703475392642023,0.134886578305239),
 .UNSPECIFIED.);
#3019=B_SPLINE_CURVE_WITH_KNOTS('',3,(#12729,#12730,#12731,#12732,#12733),
 .UNSPECIFIED.,.F.,.F.,(4,1,4),(0.,0.0538037771641515,0.112529532218227),
 .UNSPECIFIED.);
#3020=B_SPLINE_CURVE_WITH_KNOTS('',3,(#12746,#12747,#12748,#12749,#12750),
 .UNSPECIFIED.,.F.,.F.,(4,1,4),(0.,0.0502791177251823,0.101517361696157),
 .UNSPECIFIED.);
#3021=B_SPLINE_CURVE_WITH_KNOTS('',3,(#12763,#12764,#12765,#12766,#12767),
 .UNSPECIFIED.,.F.,.F.,(4,1,4),(0.,0.0567469461452996,0.111270468240419),
 .UNSPECIFIED.);
#3022=B_SPLINE_CURVE_WITH_KNOTS('',3,(#12780,#12781,#12782,#12783,#12784),
 .UNSPECIFIED.,.F.,.F.,(4,1,4),(0.,0.0582203534869455,0.115901218722784),
 .UNSPECIFIED.);
#3023=B_SPLINE_CURVE_WITH_KNOTS('',3,(#12797,#12798,#12799,#12800,#12801),
 .UNSPECIFIED.,.F.,.F.,(4,1,4),(0.,0.0828284984318511,0.149813187418405),
 .UNSPECIFIED.);
#3024=B_SPLINE_CURVE_WITH_KNOTS('',3,(#12830,#12831,#12832,#12833,#12834),
 .UNSPECIFIED.,.F.,.F.,(4,1,4),(0.,0.0505942443762359,0.118139448179397),
 .UNSPECIFIED.);
#3025=B_SPLINE_CURVE_WITH_KNOTS('',3,(#12847,#12848,#12849,#12850,#12851),
 .UNSPECIFIED.,.F.,.F.,(4,1,4),(0.,0.0392177764493664,0.079790638838412),
 .UNSPECIFIED.);
#3026=B_SPLINE_CURVE_WITH_KNOTS('',3,(#12864,#12865,#12866,#12867,#12868),
 .UNSPECIFIED.,.F.,.F.,(4,1,4),(0.,0.0422050929826576,0.0820518204101245),
 .UNSPECIFIED.);
#3027=B_SPLINE_CURVE_WITH_KNOTS('',3,(#12881,#12882,#12883,#12884,#12885),
 .UNSPECIFIED.,.F.,.F.,(4,1,4),(0.,0.0336114174701464,0.0697767466692681),
 .UNSPECIFIED.);
#3028=B_SPLINE_CURVE_WITH_KNOTS('',3,(#12898,#12899,#12900,#12901,#12902),
 .UNSPECIFIED.,.F.,.F.,(4,1,4),(0.,0.0291970781978083,0.0605916710758048),
 .UNSPECIFIED.);
#3029=B_SPLINE_CURVE_WITH_KNOTS('',3,(#12915,#12916,#12917,#12918,#12919),
 .UNSPECIFIED.,.F.,.F.,(4,1,4),(0.,0.0346778417336115,0.0651896650459414),
 .UNSPECIFIED.);
#3030=B_SPLINE_CURVE_WITH_KNOTS('',3,(#12932,#12933,#12934,#12935,#12936),
 .UNSPECIFIED.,.F.,.F.,(4,1,4),(0.,0.0436665573663825,0.0721873839083984),
 .UNSPECIFIED.);
#3031=B_SPLINE_CURVE_WITH_KNOTS('',3,(#12961,#12962,#12963,#12964,#12965),
 .UNSPECIFIED.,.F.,.F.,(4,1,4),(0.,0.0488837392433794,0.122470317430132),
 .UNSPECIFIED.);
#3032=B_SPLINE_CURVE_WITH_KNOTS('',3,(#12978,#12979,#12980,#12981,#12982),
 .UNSPECIFIED.,.F.,.F.,(4,1,4),(0.,0.0344780603224504,0.0696824280966031),
 .UNSPECIFIED.);
#3033=B_SPLINE_CURVE_WITH_KNOTS('',3,(#12995,#12996,#12997,#12998,#12999),
 .UNSPECIFIED.,.F.,.F.,(4,1,4),(0.,0.037752054805871,0.0734280351324268),
 .UNSPECIFIED.);
#3034=B_SPLINE_CURVE_WITH_KNOTS('',3,(#13012,#13013,#13014,#13015,#13016),
 .UNSPECIFIED.,.F.,.F.,(4,1,4),(0.,0.0349304065228696,0.0737410141163377),
 .UNSPECIFIED.);
#3035=B_SPLINE_CURVE_WITH_KNOTS('',3,(#13029,#13030,#13031,#13032,#13033),
 .UNSPECIFIED.,.F.,.F.,(4,1,4),(0.,0.0388344840301199,0.0737251867357011),
 .UNSPECIFIED.);
#3036=B_SPLINE_CURVE_WITH_KNOTS('',3,(#13046,#13047,#13048,#13049,#13050),
 .UNSPECIFIED.,.F.,.F.,(4,1,4),(0.,0.0604810342884797,0.101592446612325),
 .UNSPECIFIED.);
#3037=B_SPLINE_CURVE_WITH_KNOTS('',3,(#13061,#13062,#13063,#13064,#13065),
 .UNSPECIFIED.,.F.,.F.,(4,1,4),(0.,0.101364858393496,0.20303521319442),
 .UNSPECIFIED.);
#3038=B_SPLINE_CURVE_WITH_KNOTS('',3,(#13067,#13068,#13069,#13070,#13071),
 .UNSPECIFIED.,.F.,.F.,(4,1,4),(0.,0.107824460081513,0.211221630930449),
 .UNSPECIFIED.);
#3039=B_SPLINE_CURVE_WITH_KNOTS('',3,(#13073,#13074,#13075,#13076,#13077),
 .UNSPECIFIED.,.F.,.F.,(4,1,4),(0.,0.100651406290276,0.202087383110539),
 .UNSPECIFIED.);
#3040=B_SPLINE_CURVE_WITH_KNOTS('',3,(#13079,#13080,#13081,#13082,#13083),
 .UNSPECIFIED.,.F.,.F.,(4,1,4),(0.,0.103158649141911,0.203640551988147),
 .UNSPECIFIED.);
#3041=B_SPLINE_CURVE_WITH_KNOTS('',3,(#13085,#13086,#13087,#13088,#13089),
 .UNSPECIFIED.,.F.,.F.,(4,1,4),(0.,0.115931731279331,0.224807576217018),
 .UNSPECIFIED.);
#3042=B_SPLINE_CURVE_WITH_KNOTS('',3,(#13091,#13092,#13093,#13094,#13095),
 .UNSPECIFIED.,.F.,.F.,(4,1,4),(0.,0.106912152874825,0.221219730494057),
 .UNSPECIFIED.);
#3043=B_SPLINE_CURVE_WITH_KNOTS('',3,(#13097,#13098,#13099,#13100,#13101),
 .UNSPECIFIED.,.F.,.F.,(4,1,4),(0.,0.100789725031081,0.202633624387731),
 .UNSPECIFIED.);
#3044=B_SPLINE_CURVE_WITH_KNOTS('',3,(#13103,#13104,#13105,#13106,#13107),
 .UNSPECIFIED.,.F.,.F.,(4,1,4),(0.,0.106149025326227,0.208563284962687),
 .UNSPECIFIED.);
#3045=B_SPLINE_CURVE_WITH_KNOTS('',3,(#13109,#13110,#13111,#13112,#13113),
 .UNSPECIFIED.,.F.,.F.,(4,1,4),(0.,0.148834039282674,0.305011427406556),
 .UNSPECIFIED.);
#3046=B_SPLINE_CURVE_WITH_KNOTS('',3,(#13115,#13116,#13117,#13118,#13119),
 .UNSPECIFIED.,.F.,.F.,(4,1,4),(0.,0.179560065817572,0.336003065866417),
 .UNSPECIFIED.);
#3047=B_SPLINE_CURVE_WITH_KNOTS('',3,(#13120,#13121,#13122,#13123,#13124),
 .UNSPECIFIED.,.F.,.F.,(4,1,4),(0.,0.103039797960805,0.206269853414749),
 .UNSPECIFIED.);
#3048=B_SPLINE_CURVE_WITH_KNOTS('',3,(#13127,#13128,#13129,#13130,#13131),
 .UNSPECIFIED.,.F.,.F.,(4,1,4),(0.,0.106337065045998,0.212420735844963),
 .UNSPECIFIED.);
#3049=B_SPLINE_CURVE_WITH_KNOTS('',3,(#13133,#13134,#13135,#13136,#13137),
 .UNSPECIFIED.,.F.,.F.,(4,1,4),(0.,0.0738654679566265,0.149769635830635),
 .UNSPECIFIED.);
#3050=B_SPLINE_CURVE_WITH_KNOTS('',3,(#13139,#13140,#13141,#13142,#13143),
 .UNSPECIFIED.,.F.,.F.,(4,1,4),(0.,0.0763836781144681,0.150282415369195),
 .UNSPECIFIED.);
#3051=B_SPLINE_CURVE_WITH_KNOTS('',3,(#13145,#13146,#13147,#13148,#13149),
 .UNSPECIFIED.,.F.,.F.,(4,1,4),(0.,0.0918449861064202,0.174690545511383),
 .UNSPECIFIED.);
#3052=B_SPLINE_CURVE_WITH_KNOTS('',3,(#13151,#13152,#13153,#13154,#13155),
 .UNSPECIFIED.,.F.,.F.,(4,1,4),(0.,0.116978426193451,0.255168509667992),
 .UNSPECIFIED.);
#3053=B_SPLINE_CURVE_WITH_KNOTS('',3,(#13157,#13158,#13159,#13160,#13161),
 .UNSPECIFIED.,.F.,.F.,(4,1,4),(0.,0.110943050927359,0.219015792466201),
 .UNSPECIFIED.);
#3054=B_SPLINE_CURVE_WITH_KNOTS('',3,(#13163,#13164,#13165,#13166,#13167),
 .UNSPECIFIED.,.F.,.F.,(4,1,4),(0.,0.107604397330607,0.217035521776089),
 .UNSPECIFIED.);
#3055=B_SPLINE_CURVE_WITH_KNOTS('',3,(#13169,#13170,#13171,#13172,#13173),
 .UNSPECIFIED.,.F.,.F.,(4,1,4),(0.,0.130716885357866,0.24524656029055),
 .UNSPECIFIED.);
#3056=B_SPLINE_CURVE_WITH_KNOTS('',3,(#13174,#13175,#13176,#13177,#13178),
 .UNSPECIFIED.,.F.,.F.,(4,1,4),(0.,0.119654733842039,0.275749909351573),
 .UNSPECIFIED.);
#3057=B_SPLINE_CURVE_WITH_KNOTS('',3,(#13192,#13193,#13194,#13195,#13196),
 .UNSPECIFIED.,.F.,.F.,(4,1,4),(0.,0.101364858393496,0.20303521319442),
 .UNSPECIFIED.);
#3058=B_SPLINE_CURVE_WITH_KNOTS('',3,(#13209,#13210,#13211,#13212,#13213),
 .UNSPECIFIED.,.F.,.F.,(4,1,4),(0.,0.107824460081513,0.211221630930449),
 .UNSPECIFIED.);
#3059=B_SPLINE_CURVE_WITH_KNOTS('',3,(#13226,#13227,#13228,#13229,#13230),
 .UNSPECIFIED.,.F.,.F.,(4,1,4),(0.,0.100651406290276,0.202087383110539),
 .UNSPECIFIED.);
#3060=B_SPLINE_CURVE_WITH_KNOTS('',3,(#13243,#13244,#13245,#13246,#13247),
 .UNSPECIFIED.,.F.,.F.,(4,1,4),(0.,0.103158649141911,0.203640551988147),
 .UNSPECIFIED.);
#3061=B_SPLINE_CURVE_WITH_KNOTS('',3,(#13260,#13261,#13262,#13263,#13264),
 .UNSPECIFIED.,.F.,.F.,(4,1,4),(0.,0.115931731279331,0.224807576217018),
 .UNSPECIFIED.);
#3062=B_SPLINE_CURVE_WITH_KNOTS('',3,(#13277,#13278,#13279,#13280,#13281),
 .UNSPECIFIED.,.F.,.F.,(4,1,4),(0.,0.106912152874825,0.221219730494057),
 .UNSPECIFIED.);
#3063=B_SPLINE_CURVE_WITH_KNOTS('',3,(#13294,#13295,#13296,#13297,#13298),
 .UNSPECIFIED.,.F.,.F.,(4,1,4),(0.,0.100789725031081,0.202633624387731),
 .UNSPECIFIED.);
#3064=B_SPLINE_CURVE_WITH_KNOTS('',3,(#13311,#13312,#13313,#13314,#13315),
 .UNSPECIFIED.,.F.,.F.,(4,1,4),(0.,0.106149025326227,0.208563284962687),
 .UNSPECIFIED.);
#3065=B_SPLINE_CURVE_WITH_KNOTS('',3,(#13328,#13329,#13330,#13331,#13332),
 .UNSPECIFIED.,.F.,.F.,(4,1,4),(0.,0.148834039282674,0.305011427406556),
 .UNSPECIFIED.);
#3066=B_SPLINE_CURVE_WITH_KNOTS('',3,(#13345,#13346,#13347,#13348,#13349),
 .UNSPECIFIED.,.F.,.F.,(4,1,4),(0.,0.179560065817572,0.336003065866417),
 .UNSPECIFIED.);
#3067=B_SPLINE_CURVE_WITH_KNOTS('',3,(#13361,#13362,#13363,#13364,#13365),
 .UNSPECIFIED.,.F.,.F.,(4,1,4),(0.,0.103039797960805,0.206269853414749),
 .UNSPECIFIED.);
#3068=B_SPLINE_CURVE_WITH_KNOTS('',3,(#13379,#13380,#13381,#13382,#13383),
 .UNSPECIFIED.,.F.,.F.,(4,1,4),(0.,0.106337065045998,0.212420735844963),
 .UNSPECIFIED.);
#3069=B_SPLINE_CURVE_WITH_KNOTS('',3,(#13396,#13397,#13398,#13399,#13400),
 .UNSPECIFIED.,.F.,.F.,(4,1,4),(0.,0.0738654679566265,0.149769635830635),
 .UNSPECIFIED.);
#3070=B_SPLINE_CURVE_WITH_KNOTS('',3,(#13413,#13414,#13415,#13416,#13417),
 .UNSPECIFIED.,.F.,.F.,(4,1,4),(0.,0.0763836781144681,0.150282415369195),
 .UNSPECIFIED.);
#3071=B_SPLINE_CURVE_WITH_KNOTS('',3,(#13430,#13431,#13432,#13433,#13434),
 .UNSPECIFIED.,.F.,.F.,(4,1,4),(0.,0.0918449861064202,0.174690545511383),
 .UNSPECIFIED.);
#3072=B_SPLINE_CURVE_WITH_KNOTS('',3,(#13447,#13448,#13449,#13450,#13451),
 .UNSPECIFIED.,.F.,.F.,(4,1,4),(0.,0.116978426193451,0.255168509667992),
 .UNSPECIFIED.);
#3073=B_SPLINE_CURVE_WITH_KNOTS('',3,(#13464,#13465,#13466,#13467,#13468),
 .UNSPECIFIED.,.F.,.F.,(4,1,4),(0.,0.110943050927359,0.219015792466201),
 .UNSPECIFIED.);
#3074=B_SPLINE_CURVE_WITH_KNOTS('',3,(#13481,#13482,#13483,#13484,#13485),
 .UNSPECIFIED.,.F.,.F.,(4,1,4),(0.,0.107604397330607,0.217035521776089),
 .UNSPECIFIED.);
#3075=B_SPLINE_CURVE_WITH_KNOTS('',3,(#13498,#13499,#13500,#13501,#13502),
 .UNSPECIFIED.,.F.,.F.,(4,1,4),(0.,0.130716885357866,0.24524656029055),
 .UNSPECIFIED.);
#3076=B_SPLINE_CURVE_WITH_KNOTS('',3,(#13514,#13515,#13516,#13517,#13518),
 .UNSPECIFIED.,.F.,.F.,(4,1,4),(0.,0.119654733842039,0.275749909351573),
 .UNSPECIFIED.);
#3077=B_SPLINE_CURVE_WITH_KNOTS('',3,(#13540,#13541,#13542,#13543,#13544),
 .UNSPECIFIED.,.F.,.F.,(4,1,4),(0.,0.0566467628002668,0.135122014095911),
 .UNSPECIFIED.);
#3078=B_SPLINE_CURVE_WITH_KNOTS('',3,(#13546,#13547,#13548,#13549,#13550),
 .UNSPECIFIED.,.F.,.F.,(4,1,4),(0.,0.0727810007232466,0.124427964168124),
 .UNSPECIFIED.);
#3079=B_SPLINE_CURVE_WITH_KNOTS('',3,(#13607,#13608,#13609,#13610,#13611),
 .UNSPECIFIED.,.F.,.F.,(4,1,4),(0.,0.0566467628002668,0.135122014095911),
 .UNSPECIFIED.);
#3080=B_SPLINE_CURVE_WITH_KNOTS('',3,(#13624,#13625,#13626,#13627,#13628),
 .UNSPECIFIED.,.F.,.F.,(4,1,4),(0.,0.0727810007232466,0.124427964168124),
 .UNSPECIFIED.);
#3081=B_SPLINE_CURVE_WITH_KNOTS('',3,(#13647,#13648,#13649,#13650,#13651),
 .UNSPECIFIED.,.F.,.F.,(4,1,4),(0.,0.10136495032673,0.203035305127655),
 .UNSPECIFIED.);
#3082=B_SPLINE_CURVE_WITH_KNOTS('',3,(#13653,#13654,#13655,#13656,#13657),
 .UNSPECIFIED.,.F.,.F.,(4,1,4),(0.,0.107824223579026,0.211221503900727),
 .UNSPECIFIED.);
#3083=B_SPLINE_CURVE_WITH_KNOTS('',3,(#13659,#13660,#13661,#13662,#13663),
 .UNSPECIFIED.,.F.,.F.,(4,1,4),(0.,0.100650962914568,0.202087413026635),
 .UNSPECIFIED.);
#3084=B_SPLINE_CURVE_WITH_KNOTS('',3,(#13665,#13666,#13667,#13668,#13669),
 .UNSPECIFIED.,.F.,.F.,(4,1,4),(0.,0.103158649141911,0.203640741354487),
 .UNSPECIFIED.);
#3085=B_SPLINE_CURVE_WITH_KNOTS('',3,(#13671,#13672,#13673,#13674,#13675),
 .UNSPECIFIED.,.F.,.F.,(4,1,4),(0.,0.115931706028195,0.224807631627538),
 .UNSPECIFIED.);
#3086=B_SPLINE_CURVE_WITH_KNOTS('',3,(#13677,#13678,#13679,#13680,#13681),
 .UNSPECIFIED.,.F.,.F.,(4,1,4),(0.,0.106912152874825,0.221219730494057),
 .UNSPECIFIED.);
#3087=B_SPLINE_CURVE_WITH_KNOTS('',3,(#13683,#13684,#13685,#13686,#13687),
 .UNSPECIFIED.,.F.,.F.,(4,1,4),(0.,0.100790003130579,0.20263396947611),
 .UNSPECIFIED.);
#3088=B_SPLINE_CURVE_WITH_KNOTS('',3,(#13689,#13690,#13691,#13692,#13693),
 .UNSPECIFIED.,.F.,.F.,(4,1,4),(0.,0.106148670488312,0.208562820236332),
 .UNSPECIFIED.);
#3089=B_SPLINE_CURVE_WITH_KNOTS('',3,(#13695,#13696,#13697,#13698,#13699),
 .UNSPECIFIED.,.F.,.F.,(4,1,4),(0.,0.148834333657505,0.305011487273801),
 .UNSPECIFIED.);
#3090=B_SPLINE_CURVE_WITH_KNOTS('',3,(#13701,#13702,#13703,#13704,#13705),
 .UNSPECIFIED.,.F.,.F.,(4,1,4),(0.,0.179560083569776,0.33600302249244),
 .UNSPECIFIED.);
#3091=B_SPLINE_CURVE_WITH_KNOTS('',3,(#13706,#13707,#13708,#13709,#13710),
 .UNSPECIFIED.,.F.,.F.,(4,1,4),(0.,0.103039797960805,0.206269840181095),
 .UNSPECIFIED.);
#3092=B_SPLINE_CURVE_WITH_KNOTS('',3,(#13713,#13714,#13715,#13716,#13717),
 .UNSPECIFIED.,.F.,.F.,(4,1,4),(0.,0.106337182274488,0.21242095295191),
 .UNSPECIFIED.);
#3093=B_SPLINE_CURVE_WITH_KNOTS('',3,(#13719,#13720,#13721,#13722,#13723),
 .UNSPECIFIED.,.F.,.F.,(4,1,4),(0.,0.0738654679566265,0.149769399501564),
 .UNSPECIFIED.);
#3094=B_SPLINE_CURVE_WITH_KNOTS('',3,(#13725,#13726,#13727,#13728,#13729),
 .UNSPECIFIED.,.F.,.F.,(4,1,4),(0.,0.0763838050112961,0.150282542266023),
 .UNSPECIFIED.);
#3095=B_SPLINE_CURVE_WITH_KNOTS('',3,(#13731,#13732,#13733,#13734,#13735),
 .UNSPECIFIED.,.F.,.F.,(4,1,4),(0.,0.0918449539673189,0.174690549002091),
 .UNSPECIFIED.);
#3096=B_SPLINE_CURVE_WITH_KNOTS('',3,(#13737,#13738,#13739,#13740,#13741),
 .UNSPECIFIED.,.F.,.F.,(4,1,4),(0.,0.116978308159103,0.255168391633643),
 .UNSPECIFIED.);
#3097=B_SPLINE_CURVE_WITH_KNOTS('',3,(#13743,#13744,#13745,#13746,#13747),
 .UNSPECIFIED.,.F.,.F.,(4,1,4),(0.,0.11094340208416,0.219016046786533),
 .UNSPECIFIED.);
#3098=B_SPLINE_CURVE_WITH_KNOTS('',3,(#13749,#13750,#13751,#13752,#13753),
 .UNSPECIFIED.,.F.,.F.,(4,1,4),(0.,0.107604494437249,0.217035501847685),
 .UNSPECIFIED.);
#3099=B_SPLINE_CURVE_WITH_KNOTS('',3,(#13755,#13756,#13757,#13758,#13759),
 .UNSPECIFIED.,.F.,.F.,(4,1,4),(0.,0.130716885357866,0.24524656029055),
 .UNSPECIFIED.);
#3100=B_SPLINE_CURVE_WITH_KNOTS('',3,(#13760,#13761,#13762,#13763,#13764),
 .UNSPECIFIED.,.F.,.F.,(4,1,4),(0.,0.119654733842039,0.275749909351573),
 .UNSPECIFIED.);
#3101=B_SPLINE_CURVE_WITH_KNOTS('',3,(#13778,#13779,#13780,#13781,#13782),
 .UNSPECIFIED.,.F.,.F.,(4,1,4),(0.,0.10136495032673,0.203035305127655),
 .UNSPECIFIED.);
#3102=B_SPLINE_CURVE_WITH_KNOTS('',3,(#13795,#13796,#13797,#13798,#13799),
 .UNSPECIFIED.,.F.,.F.,(4,1,4),(0.,0.107824223579026,0.211221503900727),
 .UNSPECIFIED.);
#3103=B_SPLINE_CURVE_WITH_KNOTS('',3,(#13812,#13813,#13814,#13815,#13816),
 .UNSPECIFIED.,.F.,.F.,(4,1,4),(0.,0.100650962914568,0.202087413026635),
 .UNSPECIFIED.);
#3104=B_SPLINE_CURVE_WITH_KNOTS('',3,(#13829,#13830,#13831,#13832,#13833),
 .UNSPECIFIED.,.F.,.F.,(4,1,4),(0.,0.103158649141911,0.203640741354487),
 .UNSPECIFIED.);
#3105=B_SPLINE_CURVE_WITH_KNOTS('',3,(#13846,#13847,#13848,#13849,#13850),
 .UNSPECIFIED.,.F.,.F.,(4,1,4),(0.,0.115931706028195,0.224807631627538),
 .UNSPECIFIED.);
#3106=B_SPLINE_CURVE_WITH_KNOTS('',3,(#13863,#13864,#13865,#13866,#13867),
 .UNSPECIFIED.,.F.,.F.,(4,1,4),(0.,0.106912152874825,0.221219730494057),
 .UNSPECIFIED.);
#3107=B_SPLINE_CURVE_WITH_KNOTS('',3,(#13880,#13881,#13882,#13883,#13884),
 .UNSPECIFIED.,.F.,.F.,(4,1,4),(0.,0.100790003130579,0.20263396947611),
 .UNSPECIFIED.);
#3108=B_SPLINE_CURVE_WITH_KNOTS('',3,(#13897,#13898,#13899,#13900,#13901),
 .UNSPECIFIED.,.F.,.F.,(4,1,4),(0.,0.106148670488312,0.208562820236332),
 .UNSPECIFIED.);
#3109=B_SPLINE_CURVE_WITH_KNOTS('',3,(#13914,#13915,#13916,#13917,#13918),
 .UNSPECIFIED.,.F.,.F.,(4,1,4),(0.,0.148834333657505,0.305011487273801),
 .UNSPECIFIED.);
#3110=B_SPLINE_CURVE_WITH_KNOTS('',3,(#13931,#13932,#13933,#13934,#13935),
 .UNSPECIFIED.,.F.,.F.,(4,1,4),(0.,0.179560083569776,0.33600302249244),
 .UNSPECIFIED.);
#3111=B_SPLINE_CURVE_WITH_KNOTS('',3,(#13947,#13948,#13949,#13950,#13951),
 .UNSPECIFIED.,.F.,.F.,(4,1,4),(0.,0.103039797960805,0.206269840181095),
 .UNSPECIFIED.);
#3112=B_SPLINE_CURVE_WITH_KNOTS('',3,(#13965,#13966,#13967,#13968,#13969),
 .UNSPECIFIED.,.F.,.F.,(4,1,4),(0.,0.106337182274488,0.21242095295191),
 .UNSPECIFIED.);
#3113=B_SPLINE_CURVE_WITH_KNOTS('',3,(#13982,#13983,#13984,#13985,#13986),
 .UNSPECIFIED.,.F.,.F.,(4,1,4),(0.,0.0738654679566265,0.149769399501564),
 .UNSPECIFIED.);
#3114=B_SPLINE_CURVE_WITH_KNOTS('',3,(#13999,#14000,#14001,#14002,#14003),
 .UNSPECIFIED.,.F.,.F.,(4,1,4),(0.,0.0763838050112961,0.150282542266023),
 .UNSPECIFIED.);
#3115=B_SPLINE_CURVE_WITH_KNOTS('',3,(#14016,#14017,#14018,#14019,#14020),
 .UNSPECIFIED.,.F.,.F.,(4,1,4),(0.,0.0918449539673189,0.174690549002091),
 .UNSPECIFIED.);
#3116=B_SPLINE_CURVE_WITH_KNOTS('',3,(#14033,#14034,#14035,#14036,#14037),
 .UNSPECIFIED.,.F.,.F.,(4,1,4),(0.,0.116978308159103,0.255168391633643),
 .UNSPECIFIED.);
#3117=B_SPLINE_CURVE_WITH_KNOTS('',3,(#14050,#14051,#14052,#14053,#14054),
 .UNSPECIFIED.,.F.,.F.,(4,1,4),(0.,0.11094340208416,0.219016046786533),
 .UNSPECIFIED.);
#3118=B_SPLINE_CURVE_WITH_KNOTS('',3,(#14067,#14068,#14069,#14070,#14071),
 .UNSPECIFIED.,.F.,.F.,(4,1,4),(0.,0.107604494437249,0.217035501847685),
 .UNSPECIFIED.);
#3119=B_SPLINE_CURVE_WITH_KNOTS('',3,(#14084,#14085,#14086,#14087,#14088),
 .UNSPECIFIED.,.F.,.F.,(4,1,4),(0.,0.130716885357866,0.24524656029055),
 .UNSPECIFIED.);
#3120=B_SPLINE_CURVE_WITH_KNOTS('',3,(#14100,#14101,#14102,#14103,#14104),
 .UNSPECIFIED.,.F.,.F.,(4,1,4),(0.,0.119654733842039,0.275749909351573),
 .UNSPECIFIED.);
#3121=B_SPLINE_CURVE_WITH_KNOTS('',3,(#14186,#14187,#14188,#14189),
 .UNSPECIFIED.,.F.,.F.,(4,4),(0.232227456857958,5.74565894533698),
 .UNSPECIFIED.);
#3122=B_SPLINE_CURVE_WITH_KNOTS('',3,(#14279,#14280,#14281,#14282,#14283,
#14284,#14285,#14286,#14287,#14288,#14289,#14290,#14291),.UNSPECIFIED.,
 .F.,.F.,(4,3,3,3,4),(0.0176288158307758,0.0271537284342012,0.0443165203292682,
0.0555687748019708,0.0757012128881343),.UNSPECIFIED.);
#3123=B_SPLINE_CURVE_WITH_KNOTS('',3,(#14294,#14295,#14296,#14297),
 .UNSPECIFIED.,.F.,.F.,(4,4),(-1.3814076570396,4.18125003097507),
 .UNSPECIFIED.);
#3124=VERTEX_POINT('',#10258);
#3125=VERTEX_POINT('',#10259);
#3126=VERTEX_POINT('',#10265);
#3127=VERTEX_POINT('',#10271);
#3128=VERTEX_POINT('',#10277);
#3129=VERTEX_POINT('',#10283);
#3130=VERTEX_POINT('',#10289);
#3131=VERTEX_POINT('',#10295);
#3132=VERTEX_POINT('',#10301);
#3133=VERTEX_POINT('',#10307);
#3134=VERTEX_POINT('',#10313);
#3135=VERTEX_POINT('',#10324);
#3136=VERTEX_POINT('',#10325);
#3137=VERTEX_POINT('',#10331);
#3138=VERTEX_POINT('',#10337);
#3139=VERTEX_POINT('',#10343);
#3140=VERTEX_POINT('',#10349);
#3141=VERTEX_POINT('',#10355);
#3142=VERTEX_POINT('',#10361);
#3143=VERTEX_POINT('',#10367);
#3144=VERTEX_POINT('',#10388);
#3145=VERTEX_POINT('',#10390);
#3146=VERTEX_POINT('',#10407);
#3147=VERTEX_POINT('',#10424);
#3148=VERTEX_POINT('',#10441);
#3149=VERTEX_POINT('',#10458);
#3150=VERTEX_POINT('',#10475);
#3151=VERTEX_POINT('',#10492);
#3152=VERTEX_POINT('',#10509);
#3153=VERTEX_POINT('',#10526);
#3154=VERTEX_POINT('',#10543);
#3155=VERTEX_POINT('',#10575);
#3156=VERTEX_POINT('',#10577);
#3157=VERTEX_POINT('',#10594);
#3158=VERTEX_POINT('',#10611);
#3159=VERTEX_POINT('',#10628);
#3160=VERTEX_POINT('',#10645);
#3161=VERTEX_POINT('',#10662);
#3162=VERTEX_POINT('',#10679);
#3163=VERTEX_POINT('',#10696);
#3164=VERTEX_POINT('',#10719);
#3165=VERTEX_POINT('',#10720);
#3166=VERTEX_POINT('',#10722);
#3167=VERTEX_POINT('',#10724);
#3168=VERTEX_POINT('',#10726);
#3169=VERTEX_POINT('',#10728);
#3170=VERTEX_POINT('',#10730);
#3171=VERTEX_POINT('',#10732);
#3172=VERTEX_POINT('',#10736);
#3173=VERTEX_POINT('',#10738);
#3174=VERTEX_POINT('',#10742);
#3175=VERTEX_POINT('',#10746);
#3176=VERTEX_POINT('',#10750);
#3177=VERTEX_POINT('',#10754);
#3178=VERTEX_POINT('',#10758);
#3179=VERTEX_POINT('',#10762);
#3180=VERTEX_POINT('',#10768);
#3181=VERTEX_POINT('',#10769);
#3182=VERTEX_POINT('',#10771);
#3183=VERTEX_POINT('',#10773);
#3184=VERTEX_POINT('',#10779);
#3185=VERTEX_POINT('',#10785);
#3186=VERTEX_POINT('',#10791);
#3187=VERTEX_POINT('',#10797);
#3188=VERTEX_POINT('',#10803);
#3189=VERTEX_POINT('',#10809);
#3190=VERTEX_POINT('',#10811);
#3191=VERTEX_POINT('',#10814);
#3192=VERTEX_POINT('',#10815);
#3193=VERTEX_POINT('',#10817);
#3194=VERTEX_POINT('',#10823);
#3195=VERTEX_POINT('',#10829);
#3196=VERTEX_POINT('',#10835);
#3197=VERTEX_POINT('',#10841);
#3198=VERTEX_POINT('',#10847);
#3199=VERTEX_POINT('',#10851);
#3200=VERTEX_POINT('',#10853);
#3201=VERTEX_POINT('',#10857);
#3202=VERTEX_POINT('',#10870);
#3203=VERTEX_POINT('',#10887);
#3204=VERTEX_POINT('',#10904);
#3205=VERTEX_POINT('',#10921);
#3206=VERTEX_POINT('',#10938);
#3207=VERTEX_POINT('',#10955);
#3208=VERTEX_POINT('',#10963);
#3209=VERTEX_POINT('',#10967);
#3210=VERTEX_POINT('',#10973);
#3211=VERTEX_POINT('',#10975);
#3212=VERTEX_POINT('',#10988);
#3213=VERTEX_POINT('',#11005);
#3214=VERTEX_POINT('',#11022);
#3215=VERTEX_POINT('',#11039);
#3216=VERTEX_POINT('',#11056);
#3217=VERTEX_POINT('',#11064);
#3218=VERTEX_POINT('',#11072);
#3219=VERTEX_POINT('',#11073);
#3220=VERTEX_POINT('',#11075);
#3221=VERTEX_POINT('',#11077);
#3222=VERTEX_POINT('',#11081);
#3223=VERTEX_POINT('',#11083);
#3224=VERTEX_POINT('',#11087);
#3225=VERTEX_POINT('',#11089);
#3226=VERTEX_POINT('',#11093);
#3227=VERTEX_POINT('',#11094);
#3228=VERTEX_POINT('',#11096);
#3229=VERTEX_POINT('',#11098);
#3230=VERTEX_POINT('',#11102);
#3231=VERTEX_POINT('',#11104);
#3232=VERTEX_POINT('',#11108);
#3233=VERTEX_POINT('',#11110);
#3234=VERTEX_POINT('',#11114);
#3235=VERTEX_POINT('',#11115);
#3236=VERTEX_POINT('',#11117);
#3237=VERTEX_POINT('',#11119);
#3238=VERTEX_POINT('',#11123);
#3239=VERTEX_POINT('',#11125);
#3240=VERTEX_POINT('',#11129);
#3241=VERTEX_POINT('',#11131);
#3242=VERTEX_POINT('',#11137);
#3243=VERTEX_POINT('',#11139);
#3244=VERTEX_POINT('',#11141);
#3245=VERTEX_POINT('',#11143);
#3246=VERTEX_POINT('',#11145);
#3247=VERTEX_POINT('',#11147);
#3248=VERTEX_POINT('',#11149);
#3249=VERTEX_POINT('',#11154);
#3250=VERTEX_POINT('',#11158);
#3251=VERTEX_POINT('',#11160);
#3252=VERTEX_POINT('',#11162);
#3253=VERTEX_POINT('',#11166);
#3254=VERTEX_POINT('',#11174);
#3255=VERTEX_POINT('',#11176);
#3256=VERTEX_POINT('',#11180);
#3257=VERTEX_POINT('',#11186);
#3258=VERTEX_POINT('',#11188);
#3259=VERTEX_POINT('',#11192);
#3260=VERTEX_POINT('',#11193);
#3261=VERTEX_POINT('',#11195);
#3262=VERTEX_POINT('',#11197);
#3263=VERTEX_POINT('',#11199);
#3264=VERTEX_POINT('',#11203);
#3265=VERTEX_POINT('',#11204);
#3266=VERTEX_POINT('',#11206);
#3267=VERTEX_POINT('',#11208);
#3268=VERTEX_POINT('',#11210);
#3269=VERTEX_POINT('',#11214);
#3270=VERTEX_POINT('',#11216);
#3271=VERTEX_POINT('',#11221);
#3272=VERTEX_POINT('',#11223);
#3273=VERTEX_POINT('',#11230);
#3274=VERTEX_POINT('',#11234);
#3275=VERTEX_POINT('',#11236);
#3276=VERTEX_POINT('',#11238);
#3277=VERTEX_POINT('',#11242);
#3278=VERTEX_POINT('',#11243);
#3279=VERTEX_POINT('',#11245);
#3280=VERTEX_POINT('',#11249);
#3281=VERTEX_POINT('',#11251);
#3282=VERTEX_POINT('',#11255);
#3283=VERTEX_POINT('',#11261);
#3284=VERTEX_POINT('',#11263);
#3285=VERTEX_POINT('',#11267);
#3286=VERTEX_POINT('',#11303);
#3287=VERTEX_POINT('',#11321);
#3288=VERTEX_POINT('',#11322);
#3289=VERTEX_POINT('',#11324);
#3290=VERTEX_POINT('',#11326);
#3291=VERTEX_POINT('',#11330);
#3292=VERTEX_POINT('',#11332);
#3293=VERTEX_POINT('',#11336);
#3294=VERTEX_POINT('',#11338);
#3295=VERTEX_POINT('',#11342);
#3296=VERTEX_POINT('',#11344);
#3297=VERTEX_POINT('',#11348);
#3298=VERTEX_POINT('',#11350);
#3299=VERTEX_POINT('',#11354);
#3300=VERTEX_POINT('',#11356);
#3301=VERTEX_POINT('',#11360);
#3302=VERTEX_POINT('',#11362);
#3303=VERTEX_POINT('',#11369);
#3304=VERTEX_POINT('',#11370);
#3305=VERTEX_POINT('',#11372);
#3306=VERTEX_POINT('',#11374);
#3307=VERTEX_POINT('',#11378);
#3308=VERTEX_POINT('',#11380);
#3309=VERTEX_POINT('',#11382);
#3310=VERTEX_POINT('',#11384);
#3311=VERTEX_POINT('',#11388);
#3312=VERTEX_POINT('',#11390);
#3313=VERTEX_POINT('',#11392);
#3314=VERTEX_POINT('',#11396);
#3315=VERTEX_POINT('',#11398);
#3316=VERTEX_POINT('',#11402);
#3317=VERTEX_POINT('',#11404);
#3318=VERTEX_POINT('',#11406);
#3319=VERTEX_POINT('',#11410);
#3320=VERTEX_POINT('',#11414);
#3321=VERTEX_POINT('',#11415);
#3322=VERTEX_POINT('',#11417);
#3323=VERTEX_POINT('',#11419);
#3324=VERTEX_POINT('',#11423);
#3325=VERTEX_POINT('',#11424);
#3326=VERTEX_POINT('',#11426);
#3327=VERTEX_POINT('',#11428);
#3328=VERTEX_POINT('',#11432);
#3329=VERTEX_POINT('',#11433);
#3330=VERTEX_POINT('',#11435);
#3331=VERTEX_POINT('',#11437);
#3332=VERTEX_POINT('',#11441);
#3333=VERTEX_POINT('',#11443);
#3334=VERTEX_POINT('',#11445);
#3335=VERTEX_POINT('',#11447);
#3336=VERTEX_POINT('',#11449);
#3337=VERTEX_POINT('',#11451);
#3338=VERTEX_POINT('',#11453);
#3339=VERTEX_POINT('',#11455);
#3340=VERTEX_POINT('',#11457);
#3341=VERTEX_POINT('',#11459);
#3342=VERTEX_POINT('',#11461);
#3343=VERTEX_POINT('',#11463);
#3344=VERTEX_POINT('',#11465);
#3345=VERTEX_POINT('',#11467);
#3346=VERTEX_POINT('',#11469);
#3347=VERTEX_POINT('',#11471);
#3348=VERTEX_POINT('',#11473);
#3349=VERTEX_POINT('',#11475);
#3350=VERTEX_POINT('',#11479);
#3351=VERTEX_POINT('',#11481);
#3352=VERTEX_POINT('',#11483);
#3353=VERTEX_POINT('',#11485);
#3354=VERTEX_POINT('',#11487);
#3355=VERTEX_POINT('',#11489);
#3356=VERTEX_POINT('',#11491);
#3357=VERTEX_POINT('',#11493);
#3358=VERTEX_POINT('',#11495);
#3359=VERTEX_POINT('',#11497);
#3360=VERTEX_POINT('',#11499);
#3361=VERTEX_POINT('',#11501);
#3362=VERTEX_POINT('',#11503);
#3363=VERTEX_POINT('',#11505);
#3364=VERTEX_POINT('',#11507);
#3365=VERTEX_POINT('',#11509);
#3366=VERTEX_POINT('',#11511);
#3367=VERTEX_POINT('',#11515);
#3368=VERTEX_POINT('',#11516);
#3369=VERTEX_POINT('',#11518);
#3370=VERTEX_POINT('',#11520);
#3371=VERTEX_POINT('',#11524);
#3372=VERTEX_POINT('',#11525);
#3373=VERTEX_POINT('',#11527);
#3374=VERTEX_POINT('',#11529);
#3375=VERTEX_POINT('',#11531);
#3376=VERTEX_POINT('',#11533);
#3377=VERTEX_POINT('',#11535);
#3378=VERTEX_POINT('',#11537);
#3379=VERTEX_POINT('',#11539);
#3380=VERTEX_POINT('',#11541);
#3381=VERTEX_POINT('',#11543);
#3382=VERTEX_POINT('',#11545);
#3383=VERTEX_POINT('',#11547);
#3384=VERTEX_POINT('',#11549);
#3385=VERTEX_POINT('',#11551);
#3386=VERTEX_POINT('',#11553);
#3387=VERTEX_POINT('',#11555);
#3388=VERTEX_POINT('',#11557);
#3389=VERTEX_POINT('',#11559);
#3390=VERTEX_POINT('',#11561);
#3391=VERTEX_POINT('',#11563);
#3392=VERTEX_POINT('',#11565);
#3393=VERTEX_POINT('',#11567);
#3394=VERTEX_POINT('',#11569);
#3395=VERTEX_POINT('',#11571);
#3396=VERTEX_POINT('',#11573);
#3397=VERTEX_POINT('',#11575);
#3398=VERTEX_POINT('',#11577);
#3399=VERTEX_POINT('',#11579);
#3400=VERTEX_POINT('',#11581);
#3401=VERTEX_POINT('',#11583);
#3402=VERTEX_POINT('',#11585);
#3403=VERTEX_POINT('',#11587);
#3404=VERTEX_POINT('',#11589);
#3405=VERTEX_POINT('',#11591);
#3406=VERTEX_POINT('',#11593);
#3407=VERTEX_POINT('',#11597);
#3408=VERTEX_POINT('',#11598);
#3409=VERTEX_POINT('',#11600);
#3410=VERTEX_POINT('',#11602);
#3411=VERTEX_POINT('',#11606);
#3412=VERTEX_POINT('',#11608);
#3413=VERTEX_POINT('',#11612);
#3414=VERTEX_POINT('',#11614);
#3415=VERTEX_POINT('',#11616);
#3416=VERTEX_POINT('',#11618);
#3417=VERTEX_POINT('',#11622);
#3418=VERTEX_POINT('',#11626);
#3419=VERTEX_POINT('',#11630);
#3420=VERTEX_POINT('',#11634);
#3421=VERTEX_POINT('',#11638);
#3422=VERTEX_POINT('',#11642);
#3423=VERTEX_POINT('',#11646);
#3424=VERTEX_POINT('',#11650);
#3425=VERTEX_POINT('',#11654);
#3426=VERTEX_POINT('',#11658);
#3427=VERTEX_POINT('',#11662);
#3428=VERTEX_POINT('',#11666);
#3429=VERTEX_POINT('',#11667);
#3430=VERTEX_POINT('',#11670);
#3431=VERTEX_POINT('',#11672);
#3432=VERTEX_POINT('',#11675);
#3433=VERTEX_POINT('',#11679);
#3434=VERTEX_POINT('',#11683);
#3435=VERTEX_POINT('',#11685);
#3436=VERTEX_POINT('',#11687);
#3437=VERTEX_POINT('',#11691);
#3438=VERTEX_POINT('',#11695);
#3439=VERTEX_POINT('',#11699);
#3440=VERTEX_POINT('',#11700);
#3441=VERTEX_POINT('',#11702);
#3442=VERTEX_POINT('',#11704);
#3443=VERTEX_POINT('',#11706);
#3444=VERTEX_POINT('',#11708);
#3445=VERTEX_POINT('',#11712);
#3446=VERTEX_POINT('',#11714);
#3447=VERTEX_POINT('',#11716);
#3448=VERTEX_POINT('',#11720);
#3449=VERTEX_POINT('',#11724);
#3450=VERTEX_POINT('',#11726);
#3451=VERTEX_POINT('',#11730);
#3452=VERTEX_POINT('',#11732);
#3453=VERTEX_POINT('',#11736);
#3454=VERTEX_POINT('',#11738);
#3455=VERTEX_POINT('',#11742);
#3456=VERTEX_POINT('',#11744);
#3457=VERTEX_POINT('',#11749);
#3458=VERTEX_POINT('',#11751);
#3459=VERTEX_POINT('',#11753);
#3460=VERTEX_POINT('',#11757);
#3461=VERTEX_POINT('',#11759);
#3462=VERTEX_POINT('',#11761);
#3463=VERTEX_POINT('',#11763);
#3464=VERTEX_POINT('',#11765);
#3465=VERTEX_POINT('',#11767);
#3466=VERTEX_POINT('',#11769);
#3467=VERTEX_POINT('',#11771);
#3468=VERTEX_POINT('',#11773);
#3469=VERTEX_POINT('',#11775);
#3470=VERTEX_POINT('',#11777);
#3471=VERTEX_POINT('',#11779);
#3472=VERTEX_POINT('',#11781);
#3473=VERTEX_POINT('',#11783);
#3474=VERTEX_POINT('',#11785);
#3475=VERTEX_POINT('',#11787);
#3476=VERTEX_POINT('',#11789);
#3477=VERTEX_POINT('',#11791);
#3478=VERTEX_POINT('',#11793);
#3479=VERTEX_POINT('',#11796);
#3480=VERTEX_POINT('',#11798);
#3481=VERTEX_POINT('',#11800);
#3482=VERTEX_POINT('',#11802);
#3483=VERTEX_POINT('',#11804);
#3484=VERTEX_POINT('',#11806);
#3485=VERTEX_POINT('',#11808);
#3486=VERTEX_POINT('',#11810);
#3487=VERTEX_POINT('',#11812);
#3488=VERTEX_POINT('',#11814);
#3489=VERTEX_POINT('',#11816);
#3490=VERTEX_POINT('',#11818);
#3491=VERTEX_POINT('',#11820);
#3492=VERTEX_POINT('',#11824);
#3493=VERTEX_POINT('',#11826);
#3494=VERTEX_POINT('',#11830);
#3495=VERTEX_POINT('',#11832);
#3496=VERTEX_POINT('',#11834);
#3497=VERTEX_POINT('',#11836);
#3498=VERTEX_POINT('',#11838);
#3499=VERTEX_POINT('',#11840);
#3500=VERTEX_POINT('',#11842);
#3501=VERTEX_POINT('',#11844);
#3502=VERTEX_POINT('',#11846);
#3503=VERTEX_POINT('',#11848);
#3504=VERTEX_POINT('',#11853);
#3505=VERTEX_POINT('',#11884);
#3506=VERTEX_POINT('',#11885);
#3507=VERTEX_POINT('',#11890);
#3508=VERTEX_POINT('',#11892);
#3509=VERTEX_POINT('',#11894);
#3510=VERTEX_POINT('',#11898);
#3511=VERTEX_POINT('',#11900);
#3512=VERTEX_POINT('',#11904);
#3513=VERTEX_POINT('',#11906);
#3514=VERTEX_POINT('',#11910);
#3515=VERTEX_POINT('',#11912);
#3516=VERTEX_POINT('',#11916);
#3517=VERTEX_POINT('',#11918);
#3518=VERTEX_POINT('',#11922);
#3519=VERTEX_POINT('',#11924);
#3520=VERTEX_POINT('',#11926);
#3521=VERTEX_POINT('',#11930);
#3522=VERTEX_POINT('',#11934);
#3523=VERTEX_POINT('',#11936);
#3524=VERTEX_POINT('',#11940);
#3525=VERTEX_POINT('',#11942);
#3526=VERTEX_POINT('',#11946);
#3527=VERTEX_POINT('',#11948);
#3528=VERTEX_POINT('',#11950);
#3529=VERTEX_POINT('',#11952);
#3530=VERTEX_POINT('',#11954);
#3531=VERTEX_POINT('',#11956);
#3532=VERTEX_POINT('',#11958);
#3533=VERTEX_POINT('',#11960);
#3534=VERTEX_POINT('',#11962);
#3535=VERTEX_POINT('',#11964);
#3536=VERTEX_POINT('',#11966);
#3537=VERTEX_POINT('',#11968);
#3538=VERTEX_POINT('',#11970);
#3539=VERTEX_POINT('',#11972);
#3540=VERTEX_POINT('',#11974);
#3541=VERTEX_POINT('',#11976);
#3542=VERTEX_POINT('',#11978);
#3543=VERTEX_POINT('',#11980);
#3544=VERTEX_POINT('',#11982);
#3545=VERTEX_POINT('',#11984);
#3546=VERTEX_POINT('',#11986);
#3547=VERTEX_POINT('',#11988);
#3548=VERTEX_POINT('',#11990);
#3549=VERTEX_POINT('',#11992);
#3550=VERTEX_POINT('',#11994);
#3551=VERTEX_POINT('',#11996);
#3552=VERTEX_POINT('',#11998);
#3553=VERTEX_POINT('',#12000);
#3554=VERTEX_POINT('',#12002);
#3555=VERTEX_POINT('',#12004);
#3556=VERTEX_POINT('',#12006);
#3557=VERTEX_POINT('',#12008);
#3558=VERTEX_POINT('',#12010);
#3559=VERTEX_POINT('',#12013);
#3560=VERTEX_POINT('',#12015);
#3561=VERTEX_POINT('',#12017);
#3562=VERTEX_POINT('',#12019);
#3563=VERTEX_POINT('',#12021);
#3564=VERTEX_POINT('',#12023);
#3565=VERTEX_POINT('',#12026);
#3566=VERTEX_POINT('',#12028);
#3567=VERTEX_POINT('',#12031);
#3568=VERTEX_POINT('',#12033);
#3569=VERTEX_POINT('',#12035);
#3570=VERTEX_POINT('',#12039);
#3571=VERTEX_POINT('',#12041);
#3572=VERTEX_POINT('',#12045);
#3573=VERTEX_POINT('',#12047);
#3574=VERTEX_POINT('',#12051);
#3575=VERTEX_POINT('',#12053);
#3576=VERTEX_POINT('',#12057);
#3577=VERTEX_POINT('',#12059);
#3578=VERTEX_POINT('',#12063);
#3579=VERTEX_POINT('',#12065);
#3580=VERTEX_POINT('',#12069);
#3581=VERTEX_POINT('',#12071);
#3582=VERTEX_POINT('',#12075);
#3583=VERTEX_POINT('',#12077);
#3584=VERTEX_POINT('',#12081);
#3585=VERTEX_POINT('',#12083);
#3586=VERTEX_POINT('',#12087);
#3587=VERTEX_POINT('',#12089);
#3588=VERTEX_POINT('',#12093);
#3589=VERTEX_POINT('',#12095);
#3590=VERTEX_POINT('',#12099);
#3591=VERTEX_POINT('',#12101);
#3592=VERTEX_POINT('',#12105);
#3593=VERTEX_POINT('',#12107);
#3594=VERTEX_POINT('',#12111);
#3595=VERTEX_POINT('',#12123);
#3596=VERTEX_POINT('',#12133);
#3597=VERTEX_POINT('',#12143);
#3598=VERTEX_POINT('',#12146);
#3599=VERTEX_POINT('',#12149);
#3600=VERTEX_POINT('',#12151);
#3601=VERTEX_POINT('',#12209);
#3602=VERTEX_POINT('',#12211);
#3603=VERTEX_POINT('',#12215);
#3604=VERTEX_POINT('',#12221);
#3605=VERTEX_POINT('',#12223);
#3606=VERTEX_POINT('',#12227);
#3607=VERTEX_POINT('',#12231);
#3608=VERTEX_POINT('',#12235);
#3609=VERTEX_POINT('',#12237);
#3610=VERTEX_POINT('',#12241);
#3611=VERTEX_POINT('',#12245);
#3612=VERTEX_POINT('',#12249);
#3613=VERTEX_POINT('',#12251);
#3614=VERTEX_POINT('',#12253);
#3615=VERTEX_POINT('',#12255);
#3616=VERTEX_POINT('',#12260);
#3617=VERTEX_POINT('',#12265);
#3618=VERTEX_POINT('',#12267);
#3619=VERTEX_POINT('',#12269);
#3620=VERTEX_POINT('',#12281);
#3621=VERTEX_POINT('',#12285);
#3622=VERTEX_POINT('',#12323);
#3623=VERTEX_POINT('',#12354);
#3624=VERTEX_POINT('',#12355);
#3625=VERTEX_POINT('',#12357);
#3626=VERTEX_POINT('',#12359);
#3627=VERTEX_POINT('',#12361);
#3628=VERTEX_POINT('',#12363);
#3629=VERTEX_POINT('',#12365);
#3630=VERTEX_POINT('',#12367);
#3631=VERTEX_POINT('',#12371);
#3632=VERTEX_POINT('',#12373);
#3633=VERTEX_POINT('',#12377);
#3634=VERTEX_POINT('',#12381);
#3635=VERTEX_POINT('',#12385);
#3636=VERTEX_POINT('',#12389);
#3637=VERTEX_POINT('',#12393);
#3638=VERTEX_POINT('',#12397);
#3639=VERTEX_POINT('',#12403);
#3640=VERTEX_POINT('',#12404);
#3641=VERTEX_POINT('',#12406);
#3642=VERTEX_POINT('',#12408);
#3643=VERTEX_POINT('',#12410);
#3644=VERTEX_POINT('',#12412);
#3645=VERTEX_POINT('',#12414);
#3646=VERTEX_POINT('',#12416);
#3647=VERTEX_POINT('',#12420);
#3648=VERTEX_POINT('',#12422);
#3649=VERTEX_POINT('',#12426);
#3650=VERTEX_POINT('',#12430);
#3651=VERTEX_POINT('',#12434);
#3652=VERTEX_POINT('',#12438);
#3653=VERTEX_POINT('',#12442);
#3654=VERTEX_POINT('',#12446);
#3655=VERTEX_POINT('',#12452);
#3656=VERTEX_POINT('',#12453);
#3657=VERTEX_POINT('',#12459);
#3658=VERTEX_POINT('',#12465);
#3659=VERTEX_POINT('',#12471);
#3660=VERTEX_POINT('',#12477);
#3661=VERTEX_POINT('',#12483);
#3662=VERTEX_POINT('',#12489);
#3663=VERTEX_POINT('',#12495);
#3664=VERTEX_POINT('',#12501);
#3665=VERTEX_POINT('',#12507);
#3666=VERTEX_POINT('',#12513);
#3667=VERTEX_POINT('',#12519);
#3668=VERTEX_POINT('',#12521);
#3669=VERTEX_POINT('',#12524);
#3670=VERTEX_POINT('',#12525);
#3671=VERTEX_POINT('',#12527);
#3672=VERTEX_POINT('',#12533);
#3673=VERTEX_POINT('',#12539);
#3674=VERTEX_POINT('',#12545);
#3675=VERTEX_POINT('',#12551);
#3676=VERTEX_POINT('',#12557);
#3677=VERTEX_POINT('',#12563);
#3678=VERTEX_POINT('',#12569);
#3679=VERTEX_POINT('',#12572);
#3680=VERTEX_POINT('',#12573);
#3681=VERTEX_POINT('',#12575);
#3682=VERTEX_POINT('',#12581);
#3683=VERTEX_POINT('',#12587);
#3684=VERTEX_POINT('',#12593);
#3685=VERTEX_POINT('',#12599);
#3686=VERTEX_POINT('',#12605);
#3687=VERTEX_POINT('',#12611);
#3688=VERTEX_POINT('',#12624);
#3689=VERTEX_POINT('',#12626);
#3690=VERTEX_POINT('',#12643);
#3691=VERTEX_POINT('',#12660);
#3692=VERTEX_POINT('',#12677);
#3693=VERTEX_POINT('',#12694);
#3694=VERTEX_POINT('',#12711);
#3695=VERTEX_POINT('',#12728);
#3696=VERTEX_POINT('',#12745);
#3697=VERTEX_POINT('',#12762);
#3698=VERTEX_POINT('',#12779);
#3699=VERTEX_POINT('',#12796);
#3700=VERTEX_POINT('',#12804);
#3701=VERTEX_POINT('',#12808);
#3702=VERTEX_POINT('',#12814);
#3703=VERTEX_POINT('',#12816);
#3704=VERTEX_POINT('',#12829);
#3705=VERTEX_POINT('',#12846);
#3706=VERTEX_POINT('',#12863);
#3707=VERTEX_POINT('',#12880);
#3708=VERTEX_POINT('',#12897);
#3709=VERTEX_POINT('',#12914);
#3710=VERTEX_POINT('',#12931);
#3711=VERTEX_POINT('',#12939);
#3712=VERTEX_POINT('',#12945);
#3713=VERTEX_POINT('',#12947);
#3714=VERTEX_POINT('',#12960);
#3715=VERTEX_POINT('',#12977);
#3716=VERTEX_POINT('',#12994);
#3717=VERTEX_POINT('',#13011);
#3718=VERTEX_POINT('',#13028);
#3719=VERTEX_POINT('',#13045);
#3720=VERTEX_POINT('',#13053);
#3721=VERTEX_POINT('',#13059);
#3722=VERTEX_POINT('',#13060);
#3723=VERTEX_POINT('',#13066);
#3724=VERTEX_POINT('',#13072);
#3725=VERTEX_POINT('',#13078);
#3726=VERTEX_POINT('',#13084);
#3727=VERTEX_POINT('',#13090);
#3728=VERTEX_POINT('',#13096);
#3729=VERTEX_POINT('',#13102);
#3730=VERTEX_POINT('',#13108);
#3731=VERTEX_POINT('',#13114);
#3732=VERTEX_POINT('',#13125);
#3733=VERTEX_POINT('',#13126);
#3734=VERTEX_POINT('',#13132);
#3735=VERTEX_POINT('',#13138);
#3736=VERTEX_POINT('',#13144);
#3737=VERTEX_POINT('',#13150);
#3738=VERTEX_POINT('',#13156);
#3739=VERTEX_POINT('',#13162);
#3740=VERTEX_POINT('',#13168);
#3741=VERTEX_POINT('',#13189);
#3742=VERTEX_POINT('',#13191);
#3743=VERTEX_POINT('',#13208);
#3744=VERTEX_POINT('',#13225);
#3745=VERTEX_POINT('',#13242);
#3746=VERTEX_POINT('',#13259);
#3747=VERTEX_POINT('',#13276);
#3748=VERTEX_POINT('',#13293);
#3749=VERTEX_POINT('',#13310);
#3750=VERTEX_POINT('',#13327);
#3751=VERTEX_POINT('',#13344);
#3752=VERTEX_POINT('',#13376);
#3753=VERTEX_POINT('',#13378);
#3754=VERTEX_POINT('',#13395);
#3755=VERTEX_POINT('',#13412);
#3756=VERTEX_POINT('',#13429);
#3757=VERTEX_POINT('',#13446);
#3758=VERTEX_POINT('',#13463);
#3759=VERTEX_POINT('',#13480);
#3760=VERTEX_POINT('',#13497);
#3761=VERTEX_POINT('',#13520);
#3762=VERTEX_POINT('',#13521);
#3763=VERTEX_POINT('',#13523);
#3764=VERTEX_POINT('',#13525);
#3765=VERTEX_POINT('',#13527);
#3766=VERTEX_POINT('',#13529);
#3767=VERTEX_POINT('',#13531);
#3768=VERTEX_POINT('',#13533);
#3769=VERTEX_POINT('',#13535);
#3770=VERTEX_POINT('',#13537);
#3771=VERTEX_POINT('',#13539);
#3772=VERTEX_POINT('',#13545);
#3773=VERTEX_POINT('',#13551);
#3774=VERTEX_POINT('',#13553);
#3775=VERTEX_POINT('',#13555);
#3776=VERTEX_POINT('',#13559);
#3777=VERTEX_POINT('',#13561);
#3778=VERTEX_POINT('',#13565);
#3779=VERTEX_POINT('',#13569);
#3780=VERTEX_POINT('',#13573);
#3781=VERTEX_POINT('',#13577);
#3782=VERTEX_POINT('',#13581);
#3783=VERTEX_POINT('',#13585);
#3784=VERTEX_POINT('',#13589);
#3785=VERTEX_POINT('',#13593);
#3786=VERTEX_POINT('',#13606);
#3787=VERTEX_POINT('',#13623);
#3788=VERTEX_POINT('',#13631);
#3789=VERTEX_POINT('',#13635);
#3790=VERTEX_POINT('',#13639);
#3791=VERTEX_POINT('',#13645);
#3792=VERTEX_POINT('',#13646);
#3793=VERTEX_POINT('',#13652);
#3794=VERTEX_POINT('',#13658);
#3795=VERTEX_POINT('',#13664);
#3796=VERTEX_POINT('',#13670);
#3797=VERTEX_POINT('',#13676);
#3798=VERTEX_POINT('',#13682);
#3799=VERTEX_POINT('',#13688);
#3800=VERTEX_POINT('',#13694);
#3801=VERTEX_POINT('',#13700);
#3802=VERTEX_POINT('',#13711);
#3803=VERTEX_POINT('',#13712);
#3804=VERTEX_POINT('',#13718);
#3805=VERTEX_POINT('',#13724);
#3806=VERTEX_POINT('',#13730);
#3807=VERTEX_POINT('',#13736);
#3808=VERTEX_POINT('',#13742);
#3809=VERTEX_POINT('',#13748);
#3810=VERTEX_POINT('',#13754);
#3811=VERTEX_POINT('',#13775);
#3812=VERTEX_POINT('',#13777);
#3813=VERTEX_POINT('',#13794);
#3814=VERTEX_POINT('',#13811);
#3815=VERTEX_POINT('',#13828);
#3816=VERTEX_POINT('',#13845);
#3817=VERTEX_POINT('',#13862);
#3818=VERTEX_POINT('',#13879);
#3819=VERTEX_POINT('',#13896);
#3820=VERTEX_POINT('',#13913);
#3821=VERTEX_POINT('',#13930);
#3822=VERTEX_POINT('',#13962);
#3823=VERTEX_POINT('',#13964);
#3824=VERTEX_POINT('',#13981);
#3825=VERTEX_POINT('',#13998);
#3826=VERTEX_POINT('',#14015);
#3827=VERTEX_POINT('',#14032);
#3828=VERTEX_POINT('',#14049);
#3829=VERTEX_POINT('',#14066);
#3830=VERTEX_POINT('',#14083);
#3831=VERTEX_POINT('',#14110);
#3832=VERTEX_POINT('',#14111);
#3833=VERTEX_POINT('',#14113);
#3834=VERTEX_POINT('',#14115);
#3835=VERTEX_POINT('',#14119);
#3836=VERTEX_POINT('',#14121);
#3837=VERTEX_POINT('',#14125);
#3838=VERTEX_POINT('',#14127);
#3839=VERTEX_POINT('',#14131);
#3840=VERTEX_POINT('',#14132);
#3841=VERTEX_POINT('',#14134);
#3842=VERTEX_POINT('',#14136);
#3843=VERTEX_POINT('',#14140);
#3844=VERTEX_POINT('',#14142);
#3845=VERTEX_POINT('',#14146);
#3846=VERTEX_POINT('',#14148);
#3847=VERTEX_POINT('',#14152);
#3848=VERTEX_POINT('',#14153);
#3849=VERTEX_POINT('',#14155);
#3850=VERTEX_POINT('',#14157);
#3851=VERTEX_POINT('',#14161);
#3852=VERTEX_POINT('',#14163);
#3853=VERTEX_POINT('',#14167);
#3854=VERTEX_POINT('',#14169);
#3855=VERTEX_POINT('',#14173);
#3856=VERTEX_POINT('',#14175);
#3857=VERTEX_POINT('',#14177);
#3858=VERTEX_POINT('',#14179);
#3859=VERTEX_POINT('',#14181);
#3860=VERTEX_POINT('',#14185);
#3861=VERTEX_POINT('',#14190);
#3862=VERTEX_POINT('',#14192);
#3863=VERTEX_POINT('',#14194);
#3864=VERTEX_POINT('',#14196);
#3865=VERTEX_POINT('',#14198);
#3866=VERTEX_POINT('',#14204);
#3867=VERTEX_POINT('',#14206);
#3868=VERTEX_POINT('',#14210);
#3869=VERTEX_POINT('',#14216);
#3870=VERTEX_POINT('',#14218);
#3871=VERTEX_POINT('',#14224);
#3872=VERTEX_POINT('',#14230);
#3873=VERTEX_POINT('',#14231);
#3874=VERTEX_POINT('',#14233);
#3875=VERTEX_POINT('',#14237);
#3876=VERTEX_POINT('',#14239);
#3877=VERTEX_POINT('',#14243);
#3878=VERTEX_POINT('',#14249);
#3879=VERTEX_POINT('',#14250);
#3880=VERTEX_POINT('',#14252);
#3881=VERTEX_POINT('',#14254);
#3882=VERTEX_POINT('',#14258);
#3883=VERTEX_POINT('',#14259);
#3884=VERTEX_POINT('',#14292);
#3885=VERTEX_POINT('',#14299);
#3886=VERTEX_POINT('',#14301);
#3887=VERTEX_POINT('',#14306);
#3888=VERTEX_POINT('',#14308);
#3889=VERTEX_POINT('',#14312);
#3890=VERTEX_POINT('',#14318);
#3891=VERTEX_POINT('',#14322);
#3892=VERTEX_POINT('',#14326);
#3893=VERTEX_POINT('',#14331);
#3894=VERTEX_POINT('',#14335);
#3895=VERTEX_POINT('',#14339);
#3896=EDGE_CURVE('',#3124,#3125,#2924,.T.);
#3897=EDGE_CURVE('',#3126,#3124,#2925,.T.);
#3898=EDGE_CURVE('',#3127,#3126,#2926,.T.);
#3899=EDGE_CURVE('',#3128,#3127,#2927,.T.);
#3900=EDGE_CURVE('',#3129,#3128,#2928,.T.);
#3901=EDGE_CURVE('',#3130,#3129,#2929,.T.);
#3902=EDGE_CURVE('',#3131,#3130,#2930,.T.);
#3903=EDGE_CURVE('',#3132,#3131,#2931,.T.);
#3904=EDGE_CURVE('',#3133,#3132,#2932,.T.);
#3905=EDGE_CURVE('',#3134,#3133,#2933,.T.);
#3906=EDGE_CURVE('',#3125,#3134,#2934,.T.);
#3907=EDGE_CURVE('',#3135,#3136,#2935,.T.);
#3908=EDGE_CURVE('',#3137,#3135,#2936,.T.);
#3909=EDGE_CURVE('',#3138,#3137,#2937,.T.);
#3910=EDGE_CURVE('',#3139,#3138,#2938,.T.);
#3911=EDGE_CURVE('',#3140,#3139,#2939,.T.);
#3912=EDGE_CURVE('',#3141,#3140,#2940,.T.);
#3913=EDGE_CURVE('',#3142,#3141,#2941,.T.);
#3914=EDGE_CURVE('',#3143,#3142,#2942,.T.);
#3915=EDGE_CURVE('',#3136,#3143,#2943,.T.);
#3916=EDGE_CURVE('',#3125,#3144,#121,.T.);
#3917=EDGE_CURVE('',#3145,#3144,#2944,.T.);
#3918=EDGE_CURVE('',#3124,#3145,#122,.T.);
#3919=EDGE_CURVE('',#3146,#3145,#2945,.T.);
#3920=EDGE_CURVE('',#3126,#3146,#123,.T.);
#3921=EDGE_CURVE('',#3147,#3146,#2946,.T.);
#3922=EDGE_CURVE('',#3127,#3147,#124,.T.);
#3923=EDGE_CURVE('',#3148,#3147,#2947,.T.);
#3924=EDGE_CURVE('',#3128,#3148,#125,.T.);
#3925=EDGE_CURVE('',#3149,#3148,#2948,.T.);
#3926=EDGE_CURVE('',#3129,#3149,#126,.T.);
#3927=EDGE_CURVE('',#3150,#3149,#2949,.T.);
#3928=EDGE_CURVE('',#3130,#3150,#127,.T.);
#3929=EDGE_CURVE('',#3151,#3150,#2950,.T.);
#3930=EDGE_CURVE('',#3131,#3151,#128,.T.);
#3931=EDGE_CURVE('',#3152,#3151,#2951,.T.);
#3932=EDGE_CURVE('',#3132,#3152,#129,.T.);
#3933=EDGE_CURVE('',#3153,#3152,#2952,.T.);
#3934=EDGE_CURVE('',#3133,#3153,#130,.T.);
#3935=EDGE_CURVE('',#3154,#3153,#2953,.T.);
#3936=EDGE_CURVE('',#3134,#3154,#131,.T.);
#3937=EDGE_CURVE('',#3144,#3154,#2954,.T.);
#3938=EDGE_CURVE('',#3136,#3155,#132,.T.);
#3939=EDGE_CURVE('',#3156,#3155,#2955,.T.);
#3940=EDGE_CURVE('',#3135,#3156,#133,.T.);
#3941=EDGE_CURVE('',#3157,#3156,#2956,.T.);
#3942=EDGE_CURVE('',#3137,#3157,#134,.T.);
#3943=EDGE_CURVE('',#3158,#3157,#2957,.T.);
#3944=EDGE_CURVE('',#3138,#3158,#135,.T.);
#3945=EDGE_CURVE('',#3159,#3158,#2958,.T.);
#3946=EDGE_CURVE('',#3139,#3159,#136,.T.);
#3947=EDGE_CURVE('',#3160,#3159,#2959,.T.);
#3948=EDGE_CURVE('',#3140,#3160,#137,.T.);
#3949=EDGE_CURVE('',#3161,#3160,#2960,.T.);
#3950=EDGE_CURVE('',#3141,#3161,#138,.T.);
#3951=EDGE_CURVE('',#3162,#3161,#2961,.T.);
#3952=EDGE_CURVE('',#3142,#3162,#139,.T.);
#3953=EDGE_CURVE('',#3163,#3162,#2962,.T.);
#3954=EDGE_CURVE('',#3143,#3163,#140,.T.);
#3955=EDGE_CURVE('',#3155,#3163,#2963,.T.);
#3956=EDGE_CURVE('',#3164,#3165,#141,.T.);
#3957=EDGE_CURVE('',#3166,#3164,#142,.T.);
#3958=EDGE_CURVE('',#3167,#3166,#143,.T.);
#3959=EDGE_CURVE('',#3168,#3167,#144,.T.);
#3960=EDGE_CURVE('',#3169,#3168,#145,.T.);
#3961=EDGE_CURVE('',#3170,#3169,#146,.T.);
#3962=EDGE_CURVE('',#3171,#3170,#147,.T.);
#3963=EDGE_CURVE('',#3165,#3171,#148,.T.);
#3964=EDGE_CURVE('',#3165,#3172,#149,.T.);
#3965=EDGE_CURVE('',#3173,#3172,#150,.T.);
#3966=EDGE_CURVE('',#3164,#3173,#151,.T.);
#3967=EDGE_CURVE('',#3174,#3173,#152,.T.);
#3968=EDGE_CURVE('',#3166,#3174,#153,.T.);
#3969=EDGE_CURVE('',#3175,#3174,#154,.T.);
#3970=EDGE_CURVE('',#3167,#3175,#155,.T.);
#3971=EDGE_CURVE('',#3176,#3175,#156,.T.);
#3972=EDGE_CURVE('',#3168,#3176,#157,.T.);
#3973=EDGE_CURVE('',#3177,#3176,#158,.T.);
#3974=EDGE_CURVE('',#3169,#3177,#159,.T.);
#3975=EDGE_CURVE('',#3178,#3177,#160,.T.);
#3976=EDGE_CURVE('',#3170,#3178,#161,.T.);
#3977=EDGE_CURVE('',#3179,#3178,#162,.T.);
#3978=EDGE_CURVE('',#3171,#3179,#163,.T.);
#3979=EDGE_CURVE('',#3172,#3179,#164,.T.);
#3980=EDGE_CURVE('',#3180,#3181,#165,.T.);
#3981=EDGE_CURVE('',#3182,#3180,#166,.T.);
#3982=EDGE_CURVE('',#3183,#3182,#2964,.T.);
#3983=EDGE_CURVE('',#3184,#3183,#2965,.T.);
#3984=EDGE_CURVE('',#3185,#3184,#2966,.T.);
#3985=EDGE_CURVE('',#3186,#3185,#2967,.T.);
#3986=EDGE_CURVE('',#3187,#3186,#2968,.T.);
#3987=EDGE_CURVE('',#3188,#3187,#2969,.T.);
#3988=EDGE_CURVE('',#3189,#3188,#167,.T.);
#3989=EDGE_CURVE('',#3190,#3189,#168,.T.);
#3990=EDGE_CURVE('',#3181,#3190,#169,.T.);
#3991=EDGE_CURVE('',#3191,#3192,#170,.T.);
#3992=EDGE_CURVE('',#3193,#3191,#2970,.T.);
#3993=EDGE_CURVE('',#3194,#3193,#2971,.T.);
#3994=EDGE_CURVE('',#3195,#3194,#2972,.T.);
#3995=EDGE_CURVE('',#3196,#3195,#2973,.T.);
#3996=EDGE_CURVE('',#3197,#3196,#2974,.T.);
#3997=EDGE_CURVE('',#3198,#3197,#171,.T.);
#3998=EDGE_CURVE('',#3192,#3198,#172,.T.);
#3999=EDGE_CURVE('',#3181,#3199,#173,.T.);
#4000=EDGE_CURVE('',#3200,#3199,#174,.T.);
#4001=EDGE_CURVE('',#3180,#3200,#175,.T.);
#4002=EDGE_CURVE('',#3201,#3200,#176,.T.);
#4003=EDGE_CURVE('',#3182,#3201,#177,.T.);
#4004=EDGE_CURVE('',#3202,#3201,#2975,.T.);
#4005=EDGE_CURVE('',#3183,#3202,#178,.T.);
#4006=EDGE_CURVE('',#3203,#3202,#2976,.T.);
#4007=EDGE_CURVE('',#3184,#3203,#179,.T.);
#4008=EDGE_CURVE('',#3204,#3203,#2977,.T.);
#4009=EDGE_CURVE('',#3185,#3204,#180,.T.);
#4010=EDGE_CURVE('',#3205,#3204,#2978,.T.);
#4011=EDGE_CURVE('',#3186,#3205,#181,.T.);
#4012=EDGE_CURVE('',#3206,#3205,#2979,.T.);
#4013=EDGE_CURVE('',#3187,#3206,#182,.T.);
#4014=EDGE_CURVE('',#3207,#3206,#2980,.T.);
#4015=EDGE_CURVE('',#3188,#3207,#183,.T.);
#4016=EDGE_CURVE('',#3208,#3207,#184,.T.);
#4017=EDGE_CURVE('',#3189,#3208,#185,.T.);
#4018=EDGE_CURVE('',#3209,#3208,#186,.T.);
#4019=EDGE_CURVE('',#3190,#3209,#187,.T.);
#4020=EDGE_CURVE('',#3199,#3209,#188,.T.);
#4021=EDGE_CURVE('',#3192,#3210,#189,.T.);
#4022=EDGE_CURVE('',#3211,#3210,#190,.T.);
#4023=EDGE_CURVE('',#3191,#3211,#191,.T.);
#4024=EDGE_CURVE('',#3212,#3211,#2981,.T.);
#4025=EDGE_CURVE('',#3193,#3212,#192,.T.);
#4026=EDGE_CURVE('',#3213,#3212,#2982,.T.);
#4027=EDGE_CURVE('',#3194,#3213,#193,.T.);
#4028=EDGE_CURVE('',#3214,#3213,#2983,.T.);
#4029=EDGE_CURVE('',#3195,#3214,#194,.T.);
#4030=EDGE_CURVE('',#3215,#3214,#2984,.T.);
#4031=EDGE_CURVE('',#3196,#3215,#195,.T.);
#4032=EDGE_CURVE('',#3216,#3215,#2985,.T.);
#4033=EDGE_CURVE('',#3197,#3216,#196,.T.);
#4034=EDGE_CURVE('',#3217,#3216,#197,.T.);
#4035=EDGE_CURVE('',#3198,#3217,#198,.T.);
#4036=EDGE_CURVE('',#3210,#3217,#199,.T.);
#4037=EDGE_CURVE('',#3218,#3219,#200,.T.);
#4038=EDGE_CURVE('',#3218,#3220,#201,.T.);
#4039=EDGE_CURVE('',#3221,#3220,#202,.T.);
#4040=EDGE_CURVE('',#3219,#3221,#203,.T.);
#4041=EDGE_CURVE('',#3219,#3222,#204,.T.);
#4042=EDGE_CURVE('',#3223,#3221,#205,.T.);
#4043=EDGE_CURVE('',#3222,#3223,#206,.T.);
#4044=EDGE_CURVE('',#3224,#3218,#207,.T.);
#4045=EDGE_CURVE('',#3225,#3224,#208,.T.);
#4046=EDGE_CURVE('',#3220,#3225,#209,.T.);
#4047=EDGE_CURVE('',#3226,#3227,#210,.T.);
#4048=EDGE_CURVE('',#3226,#3228,#211,.T.);
#4049=EDGE_CURVE('',#3229,#3228,#212,.T.);
#4050=EDGE_CURVE('',#3227,#3229,#213,.T.);
#4051=EDGE_CURVE('',#3227,#3230,#214,.T.);
#4052=EDGE_CURVE('',#3231,#3229,#215,.T.);
#4053=EDGE_CURVE('',#3230,#3231,#216,.T.);
#4054=EDGE_CURVE('',#3232,#3226,#217,.T.);
#4055=EDGE_CURVE('',#3233,#3232,#218,.T.);
#4056=EDGE_CURVE('',#3228,#3233,#219,.T.);
#4057=EDGE_CURVE('',#3234,#3235,#220,.T.);
#4058=EDGE_CURVE('',#3234,#3236,#221,.T.);
#4059=EDGE_CURVE('',#3237,#3236,#222,.T.);
#4060=EDGE_CURVE('',#3235,#3237,#223,.T.);
#4061=EDGE_CURVE('',#3235,#3238,#224,.T.);
#4062=EDGE_CURVE('',#3239,#3237,#225,.T.);
#4063=EDGE_CURVE('',#3238,#3239,#226,.T.);
#4064=EDGE_CURVE('',#3240,#3234,#227,.T.);
#4065=EDGE_CURVE('',#3241,#3240,#228,.T.);
#4066=EDGE_CURVE('',#3236,#3241,#229,.T.);
#4067=EDGE_CURVE('',#3232,#3222,#230,.T.);
#4068=EDGE_CURVE('',#3240,#3230,#231,.T.);
#4069=EDGE_CURVE('',#3242,#3238,#232,.T.);
#4070=EDGE_CURVE('',#3242,#3243,#233,.T.);
#4071=EDGE_CURVE('',#3243,#3244,#234,.T.);
#4072=EDGE_CURVE('',#3244,#3245,#235,.T.);
#4073=EDGE_CURVE('',#3246,#3245,#236,.T.);
#4074=EDGE_CURVE('',#3246,#3247,#237,.T.);
#4075=EDGE_CURVE('',#3247,#3248,#2986,.F.);
#4076=EDGE_CURVE('',#3248,#3249,#119,.F.);
#4077=EDGE_CURVE('',#3250,#3249,#238,.F.);
#4078=EDGE_CURVE('',#3251,#3250,#239,.T.);
#4079=EDGE_CURVE('',#3252,#3251,#240,.T.);
#4080=EDGE_CURVE('',#3224,#3252,#241,.T.);
#4081=EDGE_CURVE('',#3239,#3253,#242,.T.);
#4082=EDGE_CURVE('',#3253,#3242,#243,.T.);
#4083=EDGE_CURVE('',#3231,#3241,#244,.T.);
#4084=EDGE_CURVE('',#3223,#3233,#245,.T.);
#4085=EDGE_CURVE('',#3243,#3254,#246,.T.);
#4086=EDGE_CURVE('',#3255,#3254,#247,.T.);
#4087=EDGE_CURVE('',#3244,#3255,#248,.T.);
#4088=EDGE_CURVE('',#3256,#3255,#249,.T.);
#4089=EDGE_CURVE('',#3245,#3256,#250,.T.);
#4090=EDGE_CURVE('',#3254,#3253,#251,.T.);
#4091=EDGE_CURVE('',#3256,#3257,#252,.T.);
#4092=EDGE_CURVE('',#3257,#3258,#253,.T.);
#4093=EDGE_CURVE('',#3258,#3246,#65,.T.);
#4094=EDGE_CURVE('',#3259,#3260,#254,.T.);
#4095=EDGE_CURVE('',#3261,#3259,#255,.T.);
#4096=EDGE_CURVE('',#3262,#3261,#256,.T.);
#4097=EDGE_CURVE('',#3263,#3262,#59,.T.);
#4098=EDGE_CURVE('',#3260,#3263,#257,.T.);
#4099=EDGE_CURVE('',#3264,#3265,#258,.T.);
#4100=EDGE_CURVE('',#3266,#3264,#259,.T.);
#4101=EDGE_CURVE('',#3267,#3266,#260,.T.);
#4102=EDGE_CURVE('',#3268,#3267,#261,.T.);
#4103=EDGE_CURVE('',#3265,#3268,#60,.T.);
#4104=EDGE_CURVE('',#3262,#3269,#262,.T.);
#4105=EDGE_CURVE('',#3270,#3269,#66,.T.);
#4106=EDGE_CURVE('',#3270,#3263,#263,.T.);
#4107=EDGE_CURVE('',#3264,#3261,#264,.T.);
#4108=EDGE_CURVE('',#3265,#3271,#265,.T.);
#4109=EDGE_CURVE('',#3272,#3271,#2987,.T.);
#4110=EDGE_CURVE('',#3269,#3272,#266,.T.);
#4111=EDGE_CURVE('',#3268,#3273,#267,.T.);
#4112=EDGE_CURVE('',#3271,#3273,#67,.T.);
#4113=EDGE_CURVE('',#3267,#3274,#268,.T.);
#4114=EDGE_CURVE('',#3275,#3274,#269,.T.);
#4115=EDGE_CURVE('',#3275,#3276,#270,.T.);
#4116=EDGE_CURVE('',#3276,#3273,#271,.T.);
#4117=EDGE_CURVE('',#3277,#3278,#272,.T.);
#4118=EDGE_CURVE('',#3279,#3277,#273,.T.);
#4119=EDGE_CURVE('',#3278,#3279,#274,.T.);
#4120=EDGE_CURVE('',#3279,#3280,#275,.T.);
#4121=EDGE_CURVE('',#3277,#3281,#276,.T.);
#4122=EDGE_CURVE('',#3281,#3280,#277,.T.);
#4123=EDGE_CURVE('',#3282,#3278,#278,.T.);
#4124=EDGE_CURVE('',#3282,#3281,#279,.T.);
#4125=EDGE_CURVE('',#3280,#3282,#280,.T.);
#4126=EDGE_CURVE('',#3272,#3283,#281,.T.);
#4127=EDGE_CURVE('',#3283,#3284,#282,.T.);
#4128=EDGE_CURVE('',#3284,#3269,#283,.T.);
#4129=EDGE_CURVE('',#3270,#3285,#284,.T.);
#4130=EDGE_CURVE('',#3284,#3285,#68,.T.);
#4131=EDGE_CURVE('',#3247,#3283,#2988,.T.);
#4132=EDGE_CURVE('',#3271,#3248,#285,.T.);
#4133=EDGE_CURVE('',#3249,#3276,#69,.F.);
#4134=EDGE_CURVE('',#3283,#3286,#70,.T.);
#4135=EDGE_CURVE('',#3285,#3286,#286,.T.);
#4136=EDGE_CURVE('',#3250,#3251,#71,.T.);
#4137=EDGE_CURVE('',#3286,#3258,#287,.T.);
#4138=EDGE_CURVE('',#3252,#3275,#72,.T.);
#4139=EDGE_CURVE('',#3259,#3266,#288,.T.);
#4140=EDGE_CURVE('',#3260,#3257,#289,.T.);
#4141=EDGE_CURVE('',#3274,#3225,#290,.T.);
#4142=EDGE_CURVE('',#3287,#3288,#291,.T.);
#4143=EDGE_CURVE('',#3287,#3289,#292,.T.);
#4144=EDGE_CURVE('',#3290,#3289,#293,.T.);
#4145=EDGE_CURVE('',#3288,#3290,#294,.T.);
#4146=EDGE_CURVE('',#3288,#3291,#73,.T.);
#4147=EDGE_CURVE('',#3292,#3290,#74,.T.);
#4148=EDGE_CURVE('',#3291,#3292,#295,.T.);
#4149=EDGE_CURVE('',#3291,#3293,#296,.T.);
#4150=EDGE_CURVE('',#3294,#3292,#297,.T.);
#4151=EDGE_CURVE('',#3293,#3294,#298,.T.);
#4152=EDGE_CURVE('',#3293,#3295,#75,.T.);
#4153=EDGE_CURVE('',#3296,#3294,#76,.T.);
#4154=EDGE_CURVE('',#3295,#3296,#299,.T.);
#4155=EDGE_CURVE('',#3295,#3297,#300,.T.);
#4156=EDGE_CURVE('',#3298,#3296,#301,.T.);
#4157=EDGE_CURVE('',#3297,#3298,#302,.T.);
#4158=EDGE_CURVE('',#3299,#3287,#77,.T.);
#4159=EDGE_CURVE('',#3299,#3300,#303,.T.);
#4160=EDGE_CURVE('',#3289,#3300,#78,.T.);
#4161=EDGE_CURVE('',#3301,#3299,#304,.T.);
#4162=EDGE_CURVE('',#3301,#3302,#305,.T.);
#4163=EDGE_CURVE('',#3300,#3302,#306,.T.);
#4164=EDGE_CURVE('',#3297,#3301,#79,.T.);
#4165=EDGE_CURVE('',#3302,#3298,#80,.T.);
#4166=EDGE_CURVE('',#3303,#3304,#307,.T.);
#4167=EDGE_CURVE('',#3305,#3304,#308,.T.);
#4168=EDGE_CURVE('',#3305,#3306,#309,.T.);
#4169=EDGE_CURVE('',#3306,#3303,#310,.T.);
#4170=EDGE_CURVE('',#3306,#3307,#311,.T.);
#4171=EDGE_CURVE('',#3308,#3307,#312,.T.);
#4172=EDGE_CURVE('',#3308,#3309,#313,.T.);
#4173=EDGE_CURVE('',#3309,#3310,#314,.T.);
#4174=EDGE_CURVE('',#3310,#3303,#315,.T.);
#4175=EDGE_CURVE('',#3311,#3305,#316,.T.);
#4176=EDGE_CURVE('',#3312,#3311,#317,.T.);
#4177=EDGE_CURVE('',#3312,#3313,#318,.T.);
#4178=EDGE_CURVE('',#3313,#3306,#319,.T.);
#4179=EDGE_CURVE('',#3314,#3308,#320,.T.);
#4180=EDGE_CURVE('',#3307,#3315,#321,.T.);
#4181=EDGE_CURVE('',#3314,#3315,#322,.T.);
#4182=EDGE_CURVE('',#3316,#3314,#323,.T.);
#4183=EDGE_CURVE('',#3316,#3317,#324,.T.);
#4184=EDGE_CURVE('',#3317,#3318,#325,.T.);
#4185=EDGE_CURVE('',#3318,#3309,#326,.T.);
#4186=EDGE_CURVE('',#3319,#3307,#327,.T.);
#4187=EDGE_CURVE('',#3315,#3319,#328,.T.);
#4188=EDGE_CURVE('',#3320,#3321,#329,.T.);
#4189=EDGE_CURVE('',#3321,#3322,#330,.T.);
#4190=EDGE_CURVE('',#3322,#3323,#331,.T.);
#4191=EDGE_CURVE('',#3323,#3320,#332,.T.);
#4192=EDGE_CURVE('',#3324,#3325,#333,.T.);
#4193=EDGE_CURVE('',#3325,#3326,#334,.T.);
#4194=EDGE_CURVE('',#3326,#3327,#335,.T.);
#4195=EDGE_CURVE('',#3327,#3324,#336,.T.);
#4196=EDGE_CURVE('',#3328,#3329,#337,.T.);
#4197=EDGE_CURVE('',#3329,#3330,#338,.T.);
#4198=EDGE_CURVE('',#3330,#3331,#339,.T.);
#4199=EDGE_CURVE('',#3331,#3328,#340,.T.);
#4200=EDGE_CURVE('',#3319,#3332,#341,.T.);
#4201=EDGE_CURVE('',#3333,#3332,#342,.T.);
#4202=EDGE_CURVE('',#3333,#3334,#343,.T.);
#4203=EDGE_CURVE('',#3334,#3335,#344,.T.);
#4204=EDGE_CURVE('',#3335,#3336,#345,.T.);
#4205=EDGE_CURVE('',#3336,#3337,#346,.T.);
#4206=EDGE_CURVE('',#3337,#3338,#347,.T.);
#4207=EDGE_CURVE('',#3338,#3339,#348,.T.);
#4208=EDGE_CURVE('',#3339,#3340,#349,.T.);
#4209=EDGE_CURVE('',#3340,#3341,#350,.T.);
#4210=EDGE_CURVE('',#3341,#3342,#351,.T.);
#4211=EDGE_CURVE('',#3342,#3343,#352,.T.);
#4212=EDGE_CURVE('',#3343,#3344,#353,.T.);
#4213=EDGE_CURVE('',#3344,#3345,#354,.T.);
#4214=EDGE_CURVE('',#3345,#3346,#355,.T.);
#4215=EDGE_CURVE('',#3346,#3347,#356,.T.);
#4216=EDGE_CURVE('',#3347,#3348,#357,.T.);
#4217=EDGE_CURVE('',#3348,#3349,#358,.T.);
#4218=EDGE_CURVE('',#3349,#3316,#359,.T.);
#4219=EDGE_CURVE('',#3304,#3350,#360,.T.);
#4220=EDGE_CURVE('',#3350,#3351,#361,.T.);
#4221=EDGE_CURVE('',#3351,#3352,#362,.T.);
#4222=EDGE_CURVE('',#3352,#3353,#363,.T.);
#4223=EDGE_CURVE('',#3353,#3354,#364,.T.);
#4224=EDGE_CURVE('',#3354,#3355,#365,.T.);
#4225=EDGE_CURVE('',#3355,#3356,#366,.T.);
#4226=EDGE_CURVE('',#3356,#3357,#367,.T.);
#4227=EDGE_CURVE('',#3357,#3358,#368,.T.);
#4228=EDGE_CURVE('',#3358,#3359,#369,.T.);
#4229=EDGE_CURVE('',#3359,#3360,#370,.T.);
#4230=EDGE_CURVE('',#3360,#3361,#371,.T.);
#4231=EDGE_CURVE('',#3361,#3362,#372,.T.);
#4232=EDGE_CURVE('',#3362,#3363,#373,.T.);
#4233=EDGE_CURVE('',#3363,#3364,#374,.T.);
#4234=EDGE_CURVE('',#3364,#3365,#375,.T.);
#4235=EDGE_CURVE('',#3365,#3366,#376,.T.);
#4236=EDGE_CURVE('',#3366,#3311,#377,.T.);
#4237=EDGE_CURVE('',#3367,#3368,#378,.T.);
#4238=EDGE_CURVE('',#3368,#3369,#379,.T.);
#4239=EDGE_CURVE('',#3369,#3370,#380,.T.);
#4240=EDGE_CURVE('',#3370,#3367,#381,.T.);
#4241=EDGE_CURVE('',#3371,#3372,#382,.T.);
#4242=EDGE_CURVE('',#3373,#3371,#383,.T.);
#4243=EDGE_CURVE('',#3374,#3373,#384,.T.);
#4244=EDGE_CURVE('',#3375,#3374,#385,.T.);
#4245=EDGE_CURVE('',#3376,#3375,#386,.T.);
#4246=EDGE_CURVE('',#3377,#3376,#387,.T.);
#4247=EDGE_CURVE('',#3378,#3377,#388,.T.);
#4248=EDGE_CURVE('',#3379,#3378,#389,.T.);
#4249=EDGE_CURVE('',#3380,#3379,#390,.T.);
#4250=EDGE_CURVE('',#3381,#3380,#391,.T.);
#4251=EDGE_CURVE('',#3382,#3381,#392,.T.);
#4252=EDGE_CURVE('',#3383,#3382,#393,.T.);
#4253=EDGE_CURVE('',#3384,#3383,#394,.T.);
#4254=EDGE_CURVE('',#3385,#3384,#395,.T.);
#4255=EDGE_CURVE('',#3386,#3385,#396,.T.);
#4256=EDGE_CURVE('',#3387,#3386,#397,.T.);
#4257=EDGE_CURVE('',#3388,#3387,#398,.T.);
#4258=EDGE_CURVE('',#3389,#3388,#399,.T.);
#4259=EDGE_CURVE('',#3390,#3389,#400,.T.);
#4260=EDGE_CURVE('',#3391,#3390,#401,.T.);
#4261=EDGE_CURVE('',#3392,#3391,#402,.T.);
#4262=EDGE_CURVE('',#3393,#3392,#403,.T.);
#4263=EDGE_CURVE('',#3394,#3393,#404,.T.);
#4264=EDGE_CURVE('',#3395,#3394,#405,.T.);
#4265=EDGE_CURVE('',#3396,#3395,#406,.T.);
#4266=EDGE_CURVE('',#3397,#3396,#407,.T.);
#4267=EDGE_CURVE('',#3398,#3397,#408,.T.);
#4268=EDGE_CURVE('',#3399,#3398,#409,.T.);
#4269=EDGE_CURVE('',#3400,#3399,#410,.T.);
#4270=EDGE_CURVE('',#3401,#3400,#411,.T.);
#4271=EDGE_CURVE('',#3402,#3401,#412,.T.);
#4272=EDGE_CURVE('',#3403,#3402,#413,.T.);
#4273=EDGE_CURVE('',#3404,#3403,#414,.T.);
#4274=EDGE_CURVE('',#3405,#3404,#415,.T.);
#4275=EDGE_CURVE('',#3406,#3405,#416,.T.);
#4276=EDGE_CURVE('',#3406,#3372,#417,.T.);
#4277=EDGE_CURVE('',#3407,#3408,#418,.T.);
#4278=EDGE_CURVE('',#3409,#3408,#419,.T.);
#4279=EDGE_CURVE('',#3410,#3409,#420,.T.);
#4280=EDGE_CURVE('',#3407,#3410,#421,.T.);
#4281=EDGE_CURVE('',#3411,#3371,#422,.T.);
#4282=EDGE_CURVE('',#3411,#3412,#423,.T.);
#4283=EDGE_CURVE('',#3373,#3412,#424,.T.);
#4284=EDGE_CURVE('',#3405,#3413,#425,.T.);
#4285=EDGE_CURVE('',#3414,#3413,#426,.T.);
#4286=EDGE_CURVE('',#3415,#3414,#427,.T.);
#4287=EDGE_CURVE('',#3415,#3416,#428,.T.);
#4288=EDGE_CURVE('',#3416,#3406,#81,.T.);
#4289=EDGE_CURVE('',#3404,#3417,#429,.T.);
#4290=EDGE_CURVE('',#3413,#3417,#82,.T.);
#4291=EDGE_CURVE('',#3403,#3418,#430,.T.);
#4292=EDGE_CURVE('',#3417,#3418,#431,.T.);
#4293=EDGE_CURVE('',#3419,#3402,#432,.T.);
#4294=EDGE_CURVE('',#3418,#3419,#83,.T.);
#4295=EDGE_CURVE('',#3401,#3420,#433,.T.);
#4296=EDGE_CURVE('',#3419,#3420,#434,.T.);
#4297=EDGE_CURVE('',#3400,#3421,#435,.T.);
#4298=EDGE_CURVE('',#3420,#3421,#84,.T.);
#4299=EDGE_CURVE('',#3399,#3422,#436,.T.);
#4300=EDGE_CURVE('',#3421,#3422,#437,.T.);
#4301=EDGE_CURVE('',#3423,#3398,#438,.T.);
#4302=EDGE_CURVE('',#3422,#3423,#85,.T.);
#4303=EDGE_CURVE('',#3397,#3424,#439,.T.);
#4304=EDGE_CURVE('',#3423,#3424,#440,.T.);
#4305=EDGE_CURVE('',#3396,#3425,#441,.T.);
#4306=EDGE_CURVE('',#3424,#3425,#86,.T.);
#4307=EDGE_CURVE('',#3395,#3426,#442,.T.);
#4308=EDGE_CURVE('',#3425,#3426,#443,.T.);
#4309=EDGE_CURVE('',#3427,#3394,#444,.T.);
#4310=EDGE_CURVE('',#3426,#3427,#87,.T.);
#4311=EDGE_CURVE('',#3428,#3429,#445,.T.);
#4312=EDGE_CURVE('',#3429,#3388,#88,.T.);
#4313=EDGE_CURVE('',#3387,#3430,#446,.T.);
#4314=EDGE_CURVE('',#3430,#3431,#447,.T.);
#4315=EDGE_CURVE('',#3431,#3312,#89,.T.);
#4316=EDGE_CURVE('',#3432,#3366,#448,.T.);
#4317=EDGE_CURVE('',#3432,#3428,#449,.T.);
#4318=EDGE_CURVE('',#3393,#3433,#450,.T.);
#4319=EDGE_CURVE('',#3427,#3433,#451,.T.);
#4320=EDGE_CURVE('',#3429,#3434,#452,.T.);
#4321=EDGE_CURVE('',#3435,#3434,#90,.T.);
#4322=EDGE_CURVE('',#3436,#3435,#453,.T.);
#4323=EDGE_CURVE('',#3389,#3436,#91,.T.);
#4324=EDGE_CURVE('',#3392,#3437,#454,.T.);
#4325=EDGE_CURVE('',#3433,#3437,#92,.T.);
#4326=EDGE_CURVE('',#3391,#3438,#455,.T.);
#4327=EDGE_CURVE('',#3437,#3438,#456,.T.);
#4328=EDGE_CURVE('',#3439,#3440,#457,.T.);
#4329=EDGE_CURVE('',#3441,#3439,#458,.T.);
#4330=EDGE_CURVE('',#3442,#3441,#459,.T.);
#4331=EDGE_CURVE('',#3443,#3442,#460,.T.);
#4332=EDGE_CURVE('',#3444,#3443,#461,.T.);
#4333=EDGE_CURVE('',#3408,#3444,#93,.T.);
#4334=EDGE_CURVE('',#3372,#3407,#94,.T.);
#4335=EDGE_CURVE('',#3445,#3416,#462,.T.);
#4336=EDGE_CURVE('',#3446,#3445,#463,.T.);
#4337=EDGE_CURVE('',#3447,#3446,#464,.T.);
#4338=EDGE_CURVE('',#3440,#3447,#465,.T.);
#4339=EDGE_CURVE('',#3448,#3428,#466,.T.);
#4340=EDGE_CURVE('',#3448,#3434,#467,.T.);
#4341=EDGE_CURVE('',#3445,#3449,#468,.T.);
#4342=EDGE_CURVE('',#3450,#3449,#469,.T.);
#4343=EDGE_CURVE('',#3446,#3450,#470,.T.);
#4344=EDGE_CURVE('',#3442,#3451,#471,.T.);
#4345=EDGE_CURVE('',#3452,#3451,#472,.T.);
#4346=EDGE_CURVE('',#3443,#3452,#473,.T.);
#4347=EDGE_CURVE('',#3439,#3453,#474,.T.);
#4348=EDGE_CURVE('',#3454,#3453,#475,.T.);
#4349=EDGE_CURVE('',#3441,#3454,#476,.T.);
#4350=EDGE_CURVE('',#3447,#3455,#477,.T.);
#4351=EDGE_CURVE('',#3456,#3455,#478,.T.);
#4352=EDGE_CURVE('',#3440,#3456,#479,.T.);
#4353=EDGE_CURVE('',#3448,#3409,#480,.T.);
#4354=EDGE_CURVE('',#3444,#3457,#481,.T.);
#4355=EDGE_CURVE('',#3457,#3458,#482,.T.);
#4356=EDGE_CURVE('',#3459,#3458,#483,.T.);
#4357=EDGE_CURVE('',#3435,#3459,#484,.T.);
#4358=EDGE_CURVE('',#3460,#3411,#485,.T.);
#4359=EDGE_CURVE('',#3460,#3461,#486,.T.);
#4360=EDGE_CURVE('',#3462,#3461,#487,.T.);
#4361=EDGE_CURVE('',#3463,#3462,#488,.T.);
#4362=EDGE_CURVE('',#3464,#3463,#489,.T.);
#4363=EDGE_CURVE('',#3465,#3464,#490,.T.);
#4364=EDGE_CURVE('',#3466,#3465,#491,.T.);
#4365=EDGE_CURVE('',#3467,#3466,#492,.T.);
#4366=EDGE_CURVE('',#3468,#3467,#493,.T.);
#4367=EDGE_CURVE('',#3469,#3468,#494,.T.);
#4368=EDGE_CURVE('',#3470,#3469,#495,.T.);
#4369=EDGE_CURVE('',#3471,#3470,#496,.T.);
#4370=EDGE_CURVE('',#3472,#3471,#497,.T.);
#4371=EDGE_CURVE('',#3473,#3472,#498,.T.);
#4372=EDGE_CURVE('',#3474,#3473,#499,.T.);
#4373=EDGE_CURVE('',#3475,#3474,#500,.T.);
#4374=EDGE_CURVE('',#3476,#3475,#501,.T.);
#4375=EDGE_CURVE('',#3477,#3476,#502,.T.);
#4376=EDGE_CURVE('',#3478,#3477,#503,.T.);
#4377=EDGE_CURVE('',#3431,#3478,#504,.T.);
#4378=EDGE_CURVE('',#3479,#3430,#505,.T.);
#4379=EDGE_CURVE('',#3480,#3479,#506,.T.);
#4380=EDGE_CURVE('',#3481,#3480,#507,.T.);
#4381=EDGE_CURVE('',#3482,#3481,#508,.T.);
#4382=EDGE_CURVE('',#3483,#3482,#509,.T.);
#4383=EDGE_CURVE('',#3484,#3483,#510,.T.);
#4384=EDGE_CURVE('',#3485,#3484,#511,.T.);
#4385=EDGE_CURVE('',#3486,#3485,#512,.T.);
#4386=EDGE_CURVE('',#3487,#3486,#513,.T.);
#4387=EDGE_CURVE('',#3488,#3487,#514,.T.);
#4388=EDGE_CURVE('',#3489,#3488,#515,.T.);
#4389=EDGE_CURVE('',#3490,#3489,#516,.T.);
#4390=EDGE_CURVE('',#3491,#3490,#517,.T.);
#4391=EDGE_CURVE('',#3412,#3491,#518,.T.);
#4392=EDGE_CURVE('',#3492,#3332,#519,.T.);
#4393=EDGE_CURVE('',#3493,#3492,#520,.T.);
#4394=EDGE_CURVE('',#3333,#3493,#521,.T.);
#4395=EDGE_CURVE('',#3492,#3494,#95,.T.);
#4396=EDGE_CURVE('',#3494,#3495,#522,.T.);
#4397=EDGE_CURVE('',#3496,#3495,#523,.T.);
#4398=EDGE_CURVE('',#3496,#3497,#524,.T.);
#4399=EDGE_CURVE('',#3498,#3497,#525,.T.);
#4400=EDGE_CURVE('',#3498,#3499,#526,.T.);
#4401=EDGE_CURVE('',#3500,#3499,#527,.T.);
#4402=EDGE_CURVE('',#3500,#3501,#528,.T.);
#4403=EDGE_CURVE('',#3502,#3501,#529,.T.);
#4404=EDGE_CURVE('',#3502,#3503,#530,.T.);
#4405=EDGE_CURVE('',#3461,#3503,#96,.T.);
#4406=EDGE_CURVE('',#3493,#3460,#97,.T.);
#4407=EDGE_CURVE('',#3410,#3504,#531,.T.);
#4408=EDGE_CURVE('',#3504,#3334,#532,.T.);
#4409=EDGE_CURVE('',#3374,#3491,#533,.T.);
#4410=EDGE_CURVE('',#3375,#3490,#534,.T.);
#4411=EDGE_CURVE('',#3489,#3376,#535,.T.);
#4412=EDGE_CURVE('',#3377,#3488,#536,.T.);
#4413=EDGE_CURVE('',#3378,#3487,#537,.T.);
#4414=EDGE_CURVE('',#3379,#3486,#538,.T.);
#4415=EDGE_CURVE('',#3485,#3380,#539,.T.);
#4416=EDGE_CURVE('',#3381,#3484,#540,.T.);
#4417=EDGE_CURVE('',#3382,#3483,#541,.T.);
#4418=EDGE_CURVE('',#3383,#3482,#542,.T.);
#4419=EDGE_CURVE('',#3481,#3384,#543,.T.);
#4420=EDGE_CURVE('',#3385,#3480,#544,.T.);
#4421=EDGE_CURVE('',#3386,#3479,#545,.T.);
#4422=EDGE_CURVE('',#3505,#3506,#546,.T.);
#4423=EDGE_CURVE('',#3505,#3313,#98,.T.);
#4424=EDGE_CURVE('',#3506,#3478,#99,.T.);
#4425=EDGE_CURVE('',#3503,#3507,#547,.T.);
#4426=EDGE_CURVE('',#3508,#3507,#548,.T.);
#4427=EDGE_CURVE('',#3508,#3509,#549,.T.);
#4428=EDGE_CURVE('',#3509,#3462,#550,.T.);
#4429=EDGE_CURVE('',#3510,#3501,#551,.T.);
#4430=EDGE_CURVE('',#3511,#3510,#552,.T.);
#4431=EDGE_CURVE('',#3511,#3502,#553,.T.);
#4432=EDGE_CURVE('',#3512,#3499,#554,.T.);
#4433=EDGE_CURVE('',#3513,#3512,#555,.T.);
#4434=EDGE_CURVE('',#3513,#3500,#556,.T.);
#4435=EDGE_CURVE('',#3514,#3497,#557,.T.);
#4436=EDGE_CURVE('',#3515,#3514,#558,.T.);
#4437=EDGE_CURVE('',#3515,#3498,#559,.T.);
#4438=EDGE_CURVE('',#3516,#3495,#560,.T.);
#4439=EDGE_CURVE('',#3517,#3516,#561,.T.);
#4440=EDGE_CURVE('',#3517,#3496,#562,.T.);
#4441=EDGE_CURVE('',#3518,#3505,#563,.T.);
#4442=EDGE_CURVE('',#3518,#3519,#564,.T.);
#4443=EDGE_CURVE('',#3519,#3520,#565,.T.);
#4444=EDGE_CURVE('',#3520,#3494,#566,.T.);
#4445=EDGE_CURVE('',#3521,#3506,#567,.T.);
#4446=EDGE_CURVE('',#3521,#3518,#568,.T.);
#4447=EDGE_CURVE('',#3522,#3339,#569,.T.);
#4448=EDGE_CURVE('',#3338,#3523,#570,.T.);
#4449=EDGE_CURVE('',#3523,#3522,#571,.T.);
#4450=EDGE_CURVE('',#3524,#3343,#572,.T.);
#4451=EDGE_CURVE('',#3342,#3525,#573,.T.);
#4452=EDGE_CURVE('',#3525,#3524,#574,.T.);
#4453=EDGE_CURVE('',#3526,#3432,#575,.T.);
#4454=EDGE_CURVE('',#3527,#3526,#576,.T.);
#4455=EDGE_CURVE('',#3528,#3527,#577,.T.);
#4456=EDGE_CURVE('',#3529,#3528,#578,.T.);
#4457=EDGE_CURVE('',#3530,#3529,#579,.T.);
#4458=EDGE_CURVE('',#3531,#3530,#580,.T.);
#4459=EDGE_CURVE('',#3532,#3531,#581,.T.);
#4460=EDGE_CURVE('',#3533,#3532,#582,.T.);
#4461=EDGE_CURVE('',#3534,#3533,#583,.T.);
#4462=EDGE_CURVE('',#3535,#3534,#584,.T.);
#4463=EDGE_CURVE('',#3536,#3535,#585,.T.);
#4464=EDGE_CURVE('',#3537,#3536,#586,.T.);
#4465=EDGE_CURVE('',#3538,#3537,#587,.T.);
#4466=EDGE_CURVE('',#3539,#3538,#588,.T.);
#4467=EDGE_CURVE('',#3540,#3539,#589,.T.);
#4468=EDGE_CURVE('',#3541,#3540,#590,.T.);
#4469=EDGE_CURVE('',#3542,#3541,#591,.T.);
#4470=EDGE_CURVE('',#3543,#3542,#592,.T.);
#4471=EDGE_CURVE('',#3543,#3544,#593,.T.);
#4472=EDGE_CURVE('',#3544,#3545,#594,.T.);
#4473=EDGE_CURVE('',#3545,#3546,#595,.T.);
#4474=EDGE_CURVE('',#3547,#3546,#596,.T.);
#4475=EDGE_CURVE('',#3547,#3548,#597,.T.);
#4476=EDGE_CURVE('',#3548,#3549,#598,.T.);
#4477=EDGE_CURVE('',#3549,#3550,#599,.T.);
#4478=EDGE_CURVE('',#3551,#3550,#600,.T.);
#4479=EDGE_CURVE('',#3551,#3552,#601,.T.);
#4480=EDGE_CURVE('',#3552,#3553,#602,.T.);
#4481=EDGE_CURVE('',#3553,#3554,#603,.T.);
#4482=EDGE_CURVE('',#3555,#3554,#604,.T.);
#4483=EDGE_CURVE('',#3555,#3556,#605,.T.);
#4484=EDGE_CURVE('',#3556,#3557,#606,.T.);
#4485=EDGE_CURVE('',#3557,#3558,#607,.T.);
#4486=EDGE_CURVE('',#3318,#3558,#608,.T.);
#4487=EDGE_CURVE('',#3317,#3559,#609,.T.);
#4488=EDGE_CURVE('',#3559,#3560,#610,.T.);
#4489=EDGE_CURVE('',#3560,#3561,#611,.T.);
#4490=EDGE_CURVE('',#3562,#3561,#612,.T.);
#4491=EDGE_CURVE('',#3562,#3563,#613,.T.);
#4492=EDGE_CURVE('',#3563,#3564,#614,.T.);
#4493=EDGE_CURVE('',#3564,#3524,#615,.T.);
#4494=EDGE_CURVE('',#3525,#3565,#616,.T.);
#4495=EDGE_CURVE('',#3565,#3566,#617,.T.);
#4496=EDGE_CURVE('',#3566,#3522,#618,.T.);
#4497=EDGE_CURVE('',#3523,#3567,#619,.T.);
#4498=EDGE_CURVE('',#3567,#3568,#620,.T.);
#4499=EDGE_CURVE('',#3568,#3569,#621,.T.);
#4500=EDGE_CURVE('',#3504,#3569,#622,.T.);
#4501=EDGE_CURVE('',#3443,#3570,#623,.T.);
#4502=EDGE_CURVE('',#3571,#3452,#100,.T.);
#4503=EDGE_CURVE('',#3570,#3571,#624,.T.);
#4504=EDGE_CURVE('',#3572,#3442,#625,.T.);
#4505=EDGE_CURVE('',#3573,#3572,#626,.T.);
#4506=EDGE_CURVE('',#3451,#3573,#101,.T.);
#4507=EDGE_CURVE('',#3574,#3517,#627,.T.);
#4508=EDGE_CURVE('',#3575,#3574,#628,.T.);
#4509=EDGE_CURVE('',#3496,#3575,#629,.T.);
#4510=EDGE_CURVE('',#3516,#3576,#630,.T.);
#4511=EDGE_CURVE('',#3577,#3495,#631,.T.);
#4512=EDGE_CURVE('',#3576,#3577,#632,.T.);
#4513=EDGE_CURVE('',#3441,#3578,#633,.T.);
#4514=EDGE_CURVE('',#3579,#3454,#102,.T.);
#4515=EDGE_CURVE('',#3578,#3579,#634,.T.);
#4516=EDGE_CURVE('',#3580,#3439,#635,.T.);
#4517=EDGE_CURVE('',#3581,#3580,#636,.T.);
#4518=EDGE_CURVE('',#3453,#3581,#103,.T.);
#4519=EDGE_CURVE('',#3582,#3515,#637,.T.);
#4520=EDGE_CURVE('',#3583,#3582,#638,.T.);
#4521=EDGE_CURVE('',#3498,#3583,#639,.T.);
#4522=EDGE_CURVE('',#3514,#3584,#640,.T.);
#4523=EDGE_CURVE('',#3585,#3497,#641,.T.);
#4524=EDGE_CURVE('',#3584,#3585,#642,.T.);
#4525=EDGE_CURVE('',#3440,#3586,#643,.T.);
#4526=EDGE_CURVE('',#3587,#3456,#104,.T.);
#4527=EDGE_CURVE('',#3586,#3587,#644,.T.);
#4528=EDGE_CURVE('',#3588,#3447,#645,.T.);
#4529=EDGE_CURVE('',#3589,#3588,#646,.T.);
#4530=EDGE_CURVE('',#3455,#3589,#105,.T.);
#4531=EDGE_CURVE('',#3590,#3513,#647,.T.);
#4532=EDGE_CURVE('',#3591,#3590,#648,.T.);
#4533=EDGE_CURVE('',#3500,#3591,#649,.T.);
#4534=EDGE_CURVE('',#3512,#3592,#650,.T.);
#4535=EDGE_CURVE('',#3593,#3499,#651,.T.);
#4536=EDGE_CURVE('',#3592,#3593,#652,.T.);
#4537=EDGE_CURVE('',#3594,#3591,#653,.T.);
#4538=EDGE_CURVE('',#3594,#3501,#654,.T.);
#4539=EDGE_CURVE('',#3593,#3583,#655,.T.);
#4540=EDGE_CURVE('',#3577,#3520,#656,.T.);
#4541=EDGE_CURVE('',#3585,#3575,#657,.T.);
#4542=EDGE_CURVE('',#3519,#3576,#658,.T.);
#4543=EDGE_CURVE('',#3590,#3595,#659,.T.);
#4544=EDGE_CURVE('',#3595,#3594,#660,.T.);
#4545=EDGE_CURVE('',#3582,#3592,#661,.T.);
#4546=EDGE_CURVE('',#3574,#3584,#662,.T.);
#4547=EDGE_CURVE('',#3457,#3570,#663,.T.);
#4548=EDGE_CURVE('',#3446,#3596,#664,.T.);
#4549=EDGE_CURVE('',#3588,#3596,#665,.T.);
#4550=EDGE_CURVE('',#3580,#3586,#666,.T.);
#4551=EDGE_CURVE('',#3572,#3578,#667,.T.);
#4552=EDGE_CURVE('',#3573,#3579,#668,.T.);
#4553=EDGE_CURVE('',#3581,#3587,#669,.T.);
#4554=EDGE_CURVE('',#3589,#3597,#670,.T.);
#4555=EDGE_CURVE('',#3597,#3450,#106,.T.);
#4556=EDGE_CURVE('',#3449,#3598,#107,.T.);
#4557=EDGE_CURVE('',#3598,#3414,#671,.T.);
#4558=EDGE_CURVE('',#3599,#3414,#61,.T.);
#4559=EDGE_CURVE('',#3599,#3600,#672,.T.);
#4560=EDGE_CURVE('',#3458,#3600,#62,.T.);
#4561=EDGE_CURVE('',#3458,#3571,#673,.T.);
#4562=EDGE_CURVE('',#3596,#3597,#674,.T.);
#4563=EDGE_CURVE('',#3353,#3538,#675,.T.);
#4564=EDGE_CURVE('',#3539,#3352,#676,.T.);
#4565=EDGE_CURVE('',#3540,#3351,#677,.T.);
#4566=EDGE_CURVE('',#3541,#3350,#678,.T.);
#4567=EDGE_CURVE('',#3357,#3534,#679,.T.);
#4568=EDGE_CURVE('',#3535,#3356,#680,.T.);
#4569=EDGE_CURVE('',#3536,#3355,#681,.T.);
#4570=EDGE_CURVE('',#3537,#3354,#682,.T.);
#4571=EDGE_CURVE('',#3361,#3530,#683,.T.);
#4572=EDGE_CURVE('',#3531,#3360,#684,.T.);
#4573=EDGE_CURVE('',#3532,#3359,#685,.T.);
#4574=EDGE_CURVE('',#3533,#3358,#686,.T.);
#4575=EDGE_CURVE('',#3529,#3362,#687,.T.);
#4576=EDGE_CURVE('',#3542,#3310,#688,.T.);
#4577=EDGE_CURVE('',#3557,#3330,#689,.T.);
#4578=EDGE_CURVE('',#3558,#3329,#690,.T.);
#4579=EDGE_CURVE('',#3328,#3555,#691,.T.);
#4580=EDGE_CURVE('',#3556,#3331,#692,.T.);
#4581=EDGE_CURVE('',#3553,#3326,#693,.T.);
#4582=EDGE_CURVE('',#3554,#3325,#694,.T.);
#4583=EDGE_CURVE('',#3324,#3551,#695,.T.);
#4584=EDGE_CURVE('',#3552,#3327,#696,.T.);
#4585=EDGE_CURVE('',#3549,#3322,#697,.T.);
#4586=EDGE_CURVE('',#3550,#3321,#698,.T.);
#4587=EDGE_CURVE('',#3320,#3547,#699,.T.);
#4588=EDGE_CURVE('',#3548,#3323,#700,.T.);
#4589=EDGE_CURVE('',#3601,#3464,#701,.T.);
#4590=EDGE_CURVE('',#3602,#3601,#702,.T.);
#4591=EDGE_CURVE('',#3465,#3602,#703,.T.);
#4592=EDGE_CURVE('',#3603,#3463,#704,.T.);
#4593=EDGE_CURVE('',#3601,#3603,#705,.T.);
#4594=EDGE_CURVE('',#3603,#3509,#706,.T.);
#4595=EDGE_CURVE('',#3604,#3468,#707,.T.);
#4596=EDGE_CURVE('',#3605,#3604,#708,.T.);
#4597=EDGE_CURVE('',#3469,#3605,#709,.T.);
#4598=EDGE_CURVE('',#3606,#3467,#710,.T.);
#4599=EDGE_CURVE('',#3604,#3606,#711,.T.);
#4600=EDGE_CURVE('',#3607,#3466,#712,.T.);
#4601=EDGE_CURVE('',#3606,#3607,#713,.T.);
#4602=EDGE_CURVE('',#3608,#3472,#714,.T.);
#4603=EDGE_CURVE('',#3609,#3608,#715,.T.);
#4604=EDGE_CURVE('',#3473,#3609,#716,.T.);
#4605=EDGE_CURVE('',#3610,#3471,#717,.T.);
#4606=EDGE_CURVE('',#3608,#3610,#718,.T.);
#4607=EDGE_CURVE('',#3611,#3470,#719,.T.);
#4608=EDGE_CURVE('',#3610,#3611,#720,.T.);
#4609=EDGE_CURVE('',#3612,#3521,#721,.T.);
#4610=EDGE_CURVE('',#3612,#3613,#722,.T.);
#4611=EDGE_CURVE('',#3613,#3614,#723,.T.);
#4612=EDGE_CURVE('',#3614,#3615,#724,.T.);
#4613=EDGE_CURVE('',#3609,#3615,#725,.T.);
#4614=EDGE_CURVE('',#3605,#3611,#726,.T.);
#4615=EDGE_CURVE('',#3602,#3607,#727,.T.);
#4616=EDGE_CURVE('',#3616,#3508,#728,.T.);
#4617=EDGE_CURVE('',#3616,#3511,#729,.T.);
#4618=EDGE_CURVE('',#3510,#3595,#730,.T.);
#4619=EDGE_CURVE('',#3438,#3617,#108,.T.);
#4620=EDGE_CURVE('',#3617,#3618,#731,.T.);
#4621=EDGE_CURVE('',#3619,#3618,#63,.T.);
#4622=EDGE_CURVE('',#3619,#3599,#732,.T.);
#4623=EDGE_CURVE('',#3615,#3474,#733,.T.);
#4624=EDGE_CURVE('',#3561,#3347,#734,.T.);
#4625=EDGE_CURVE('',#3346,#3562,#735,.T.);
#4626=EDGE_CURVE('',#3620,#3445,#736,.T.);
#4627=EDGE_CURVE('',#3598,#3620,#737,.T.);
#4628=EDGE_CURVE('',#3621,#3616,#738,.T.);
#4629=EDGE_CURVE('',#3502,#3621,#739,.T.);
#4630=EDGE_CURVE('',#3507,#3621,#740,.T.);
#4631=EDGE_CURVE('',#3620,#3415,#741,.T.);
#4632=EDGE_CURVE('',#3365,#3526,#742,.T.);
#4633=EDGE_CURVE('',#3527,#3364,#743,.T.);
#4634=EDGE_CURVE('',#3528,#3363,#744,.T.);
#4635=EDGE_CURVE('',#3545,#3369,#745,.T.);
#4636=EDGE_CURVE('',#3546,#3368,#746,.T.);
#4637=EDGE_CURVE('',#3367,#3543,#747,.T.);
#4638=EDGE_CURVE('',#3544,#3370,#748,.T.);
#4639=EDGE_CURVE('',#3617,#3390,#749,.T.);
#4640=EDGE_CURVE('',#3613,#3476,#750,.T.);
#4641=EDGE_CURVE('',#3477,#3612,#751,.T.);
#4642=EDGE_CURVE('',#3614,#3475,#752,.T.);
#4643=EDGE_CURVE('',#3436,#3618,#753,.T.);
#4644=EDGE_CURVE('',#3618,#3459,#754,.T.);
#4645=EDGE_CURVE('',#3459,#3622,#64,.T.);
#4646=EDGE_CURVE('',#3622,#3619,#755,.T.);
#4647=EDGE_CURVE('',#3600,#3622,#756,.T.);
#4648=EDGE_CURVE('',#3569,#3335,#757,.T.);
#4649=EDGE_CURVE('',#3567,#3337,#758,.T.);
#4650=EDGE_CURVE('',#3568,#3336,#759,.T.);
#4651=EDGE_CURVE('',#3559,#3349,#760,.T.);
#4652=EDGE_CURVE('',#3560,#3348,#761,.T.);
#4653=EDGE_CURVE('',#3563,#3345,#762,.T.);
#4654=EDGE_CURVE('',#3564,#3344,#763,.T.);
#4655=EDGE_CURVE('',#3565,#3341,#764,.T.);
#4656=EDGE_CURVE('',#3566,#3340,#765,.T.);
#4657=EDGE_CURVE('',#3623,#3624,#766,.T.);
#4658=EDGE_CURVE('',#3625,#3623,#767,.T.);
#4659=EDGE_CURVE('',#3626,#3625,#768,.T.);
#4660=EDGE_CURVE('',#3627,#3626,#769,.T.);
#4661=EDGE_CURVE('',#3628,#3627,#770,.T.);
#4662=EDGE_CURVE('',#3629,#3628,#771,.T.);
#4663=EDGE_CURVE('',#3630,#3629,#772,.T.);
#4664=EDGE_CURVE('',#3624,#3630,#773,.T.);
#4665=EDGE_CURVE('',#3624,#3631,#774,.T.);
#4666=EDGE_CURVE('',#3632,#3631,#775,.T.);
#4667=EDGE_CURVE('',#3623,#3632,#776,.T.);
#4668=EDGE_CURVE('',#3633,#3632,#777,.T.);
#4669=EDGE_CURVE('',#3625,#3633,#778,.T.);
#4670=EDGE_CURVE('',#3634,#3633,#779,.T.);
#4671=EDGE_CURVE('',#3626,#3634,#780,.T.);
#4672=EDGE_CURVE('',#3635,#3634,#781,.T.);
#4673=EDGE_CURVE('',#3627,#3635,#782,.T.);
#4674=EDGE_CURVE('',#3636,#3635,#783,.T.);
#4675=EDGE_CURVE('',#3628,#3636,#784,.T.);
#4676=EDGE_CURVE('',#3637,#3636,#785,.T.);
#4677=EDGE_CURVE('',#3629,#3637,#786,.T.);
#4678=EDGE_CURVE('',#3638,#3637,#787,.T.);
#4679=EDGE_CURVE('',#3630,#3638,#788,.T.);
#4680=EDGE_CURVE('',#3631,#3638,#789,.T.);
#4681=EDGE_CURVE('',#3639,#3640,#790,.T.);
#4682=EDGE_CURVE('',#3641,#3639,#791,.T.);
#4683=EDGE_CURVE('',#3642,#3641,#792,.T.);
#4684=EDGE_CURVE('',#3643,#3642,#793,.T.);
#4685=EDGE_CURVE('',#3644,#3643,#794,.T.);
#4686=EDGE_CURVE('',#3645,#3644,#795,.T.);
#4687=EDGE_CURVE('',#3646,#3645,#796,.T.);
#4688=EDGE_CURVE('',#3640,#3646,#797,.T.);
#4689=EDGE_CURVE('',#3640,#3647,#798,.T.);
#4690=EDGE_CURVE('',#3648,#3647,#799,.T.);
#4691=EDGE_CURVE('',#3639,#3648,#800,.T.);
#4692=EDGE_CURVE('',#3649,#3648,#801,.T.);
#4693=EDGE_CURVE('',#3641,#3649,#802,.T.);
#4694=EDGE_CURVE('',#3650,#3649,#803,.T.);
#4695=EDGE_CURVE('',#3642,#3650,#804,.T.);
#4696=EDGE_CURVE('',#3651,#3650,#805,.T.);
#4697=EDGE_CURVE('',#3643,#3651,#806,.T.);
#4698=EDGE_CURVE('',#3652,#3651,#807,.T.);
#4699=EDGE_CURVE('',#3644,#3652,#808,.T.);
#4700=EDGE_CURVE('',#3653,#3652,#809,.T.);
#4701=EDGE_CURVE('',#3645,#3653,#810,.T.);
#4702=EDGE_CURVE('',#3654,#3653,#811,.T.);
#4703=EDGE_CURVE('',#3646,#3654,#812,.T.);
#4704=EDGE_CURVE('',#3647,#3654,#813,.T.);
#4705=EDGE_CURVE('',#3655,#3656,#2989,.T.);
#4706=EDGE_CURVE('',#3657,#3655,#2990,.T.);
#4707=EDGE_CURVE('',#3658,#3657,#2991,.T.);
#4708=EDGE_CURVE('',#3659,#3658,#2992,.T.);
#4709=EDGE_CURVE('',#3660,#3659,#2993,.T.);
#4710=EDGE_CURVE('',#3661,#3660,#2994,.T.);
#4711=EDGE_CURVE('',#3662,#3661,#2995,.T.);
#4712=EDGE_CURVE('',#3663,#3662,#2996,.T.);
#4713=EDGE_CURVE('',#3664,#3663,#2997,.T.);
#4714=EDGE_CURVE('',#3665,#3664,#2998,.T.);
#4715=EDGE_CURVE('',#3666,#3665,#2999,.T.);
#4716=EDGE_CURVE('',#3667,#3666,#814,.T.);
#4717=EDGE_CURVE('',#3668,#3667,#815,.T.);
#4718=EDGE_CURVE('',#3656,#3668,#816,.T.);
#4719=EDGE_CURVE('',#3669,#3670,#817,.T.);
#4720=EDGE_CURVE('',#3671,#3669,#3000,.T.);
#4721=EDGE_CURVE('',#3672,#3671,#3001,.T.);
#4722=EDGE_CURVE('',#3673,#3672,#3002,.T.);
#4723=EDGE_CURVE('',#3674,#3673,#3003,.T.);
#4724=EDGE_CURVE('',#3675,#3674,#3004,.T.);
#4725=EDGE_CURVE('',#3676,#3675,#3005,.T.);
#4726=EDGE_CURVE('',#3677,#3676,#3006,.T.);
#4727=EDGE_CURVE('',#3678,#3677,#818,.T.);
#4728=EDGE_CURVE('',#3670,#3678,#819,.T.);
#4729=EDGE_CURVE('',#3679,#3680,#820,.T.);
#4730=EDGE_CURVE('',#3681,#3679,#3007,.T.);
#4731=EDGE_CURVE('',#3682,#3681,#3008,.T.);
#4732=EDGE_CURVE('',#3683,#3682,#3009,.T.);
#4733=EDGE_CURVE('',#3684,#3683,#3010,.T.);
#4734=EDGE_CURVE('',#3685,#3684,#3011,.T.);
#4735=EDGE_CURVE('',#3686,#3685,#3012,.T.);
#4736=EDGE_CURVE('',#3687,#3686,#821,.T.);
#4737=EDGE_CURVE('',#3680,#3687,#822,.T.);
#4738=EDGE_CURVE('',#3656,#3688,#823,.T.);
#4739=EDGE_CURVE('',#3689,#3688,#3013,.T.);
#4740=EDGE_CURVE('',#3655,#3689,#824,.T.);
#4741=EDGE_CURVE('',#3690,#3689,#3014,.T.);
#4742=EDGE_CURVE('',#3657,#3690,#825,.T.);
#4743=EDGE_CURVE('',#3691,#3690,#3015,.T.);
#4744=EDGE_CURVE('',#3658,#3691,#826,.T.);
#4745=EDGE_CURVE('',#3692,#3691,#3016,.T.);
#4746=EDGE_CURVE('',#3659,#3692,#827,.T.);
#4747=EDGE_CURVE('',#3693,#3692,#3017,.T.);
#4748=EDGE_CURVE('',#3660,#3693,#828,.T.);
#4749=EDGE_CURVE('',#3694,#3693,#3018,.T.);
#4750=EDGE_CURVE('',#3661,#3694,#829,.T.);
#4751=EDGE_CURVE('',#3695,#3694,#3019,.T.);
#4752=EDGE_CURVE('',#3662,#3695,#830,.T.);
#4753=EDGE_CURVE('',#3696,#3695,#3020,.T.);
#4754=EDGE_CURVE('',#3663,#3696,#831,.T.);
#4755=EDGE_CURVE('',#3697,#3696,#3021,.T.);
#4756=EDGE_CURVE('',#3664,#3697,#832,.T.);
#4757=EDGE_CURVE('',#3698,#3697,#3022,.T.);
#4758=EDGE_CURVE('',#3665,#3698,#833,.T.);
#4759=EDGE_CURVE('',#3699,#3698,#3023,.T.);
#4760=EDGE_CURVE('',#3666,#3699,#834,.T.);
#4761=EDGE_CURVE('',#3700,#3699,#835,.T.);
#4762=EDGE_CURVE('',#3667,#3700,#836,.T.);
#4763=EDGE_CURVE('',#3701,#3700,#837,.T.);
#4764=EDGE_CURVE('',#3668,#3701,#838,.T.);
#4765=EDGE_CURVE('',#3688,#3701,#839,.T.);
#4766=EDGE_CURVE('',#3670,#3702,#840,.T.);
#4767=EDGE_CURVE('',#3703,#3702,#841,.T.);
#4768=EDGE_CURVE('',#3669,#3703,#842,.T.);
#4769=EDGE_CURVE('',#3704,#3703,#3024,.T.);
#4770=EDGE_CURVE('',#3671,#3704,#843,.T.);
#4771=EDGE_CURVE('',#3705,#3704,#3025,.T.);
#4772=EDGE_CURVE('',#3672,#3705,#844,.T.);
#4773=EDGE_CURVE('',#3706,#3705,#3026,.T.);
#4774=EDGE_CURVE('',#3673,#3706,#845,.T.);
#4775=EDGE_CURVE('',#3707,#3706,#3027,.T.);
#4776=EDGE_CURVE('',#3674,#3707,#846,.T.);
#4777=EDGE_CURVE('',#3708,#3707,#3028,.T.);
#4778=EDGE_CURVE('',#3675,#3708,#847,.T.);
#4779=EDGE_CURVE('',#3709,#3708,#3029,.T.);
#4780=EDGE_CURVE('',#3676,#3709,#848,.T.);
#4781=EDGE_CURVE('',#3710,#3709,#3030,.T.);
#4782=EDGE_CURVE('',#3677,#3710,#849,.T.);
#4783=EDGE_CURVE('',#3711,#3710,#850,.T.);
#4784=EDGE_CURVE('',#3678,#3711,#851,.T.);
#4785=EDGE_CURVE('',#3702,#3711,#852,.T.);
#4786=EDGE_CURVE('',#3680,#3712,#853,.T.);
#4787=EDGE_CURVE('',#3713,#3712,#854,.T.);
#4788=EDGE_CURVE('',#3679,#3713,#855,.T.);
#4789=EDGE_CURVE('',#3714,#3713,#3031,.T.);
#4790=EDGE_CURVE('',#3681,#3714,#856,.T.);
#4791=EDGE_CURVE('',#3715,#3714,#3032,.T.);
#4792=EDGE_CURVE('',#3682,#3715,#857,.T.);
#4793=EDGE_CURVE('',#3716,#3715,#3033,.T.);
#4794=EDGE_CURVE('',#3683,#3716,#858,.T.);
#4795=EDGE_CURVE('',#3717,#3716,#3034,.T.);
#4796=EDGE_CURVE('',#3684,#3717,#859,.T.);
#4797=EDGE_CURVE('',#3718,#3717,#3035,.T.);
#4798=EDGE_CURVE('',#3685,#3718,#860,.T.);
#4799=EDGE_CURVE('',#3719,#3718,#3036,.T.);
#4800=EDGE_CURVE('',#3686,#3719,#861,.T.);
#4801=EDGE_CURVE('',#3720,#3719,#862,.T.);
#4802=EDGE_CURVE('',#3687,#3720,#863,.T.);
#4803=EDGE_CURVE('',#3712,#3720,#864,.T.);
#4804=EDGE_CURVE('',#3721,#3722,#3037,.T.);
#4805=EDGE_CURVE('',#3723,#3721,#3038,.T.);
#4806=EDGE_CURVE('',#3724,#3723,#3039,.T.);
#4807=EDGE_CURVE('',#3725,#3724,#3040,.T.);
#4808=EDGE_CURVE('',#3726,#3725,#3041,.T.);
#4809=EDGE_CURVE('',#3727,#3726,#3042,.T.);
#4810=EDGE_CURVE('',#3728,#3727,#3043,.T.);
#4811=EDGE_CURVE('',#3729,#3728,#3044,.T.);
#4812=EDGE_CURVE('',#3730,#3729,#3045,.T.);
#4813=EDGE_CURVE('',#3731,#3730,#3046,.T.);
#4814=EDGE_CURVE('',#3722,#3731,#3047,.T.);
#4815=EDGE_CURVE('',#3732,#3733,#3048,.T.);
#4816=EDGE_CURVE('',#3734,#3732,#3049,.T.);
#4817=EDGE_CURVE('',#3735,#3734,#3050,.T.);
#4818=EDGE_CURVE('',#3736,#3735,#3051,.T.);
#4819=EDGE_CURVE('',#3737,#3736,#3052,.T.);
#4820=EDGE_CURVE('',#3738,#3737,#3053,.T.);
#4821=EDGE_CURVE('',#3739,#3738,#3054,.T.);
#4822=EDGE_CURVE('',#3740,#3739,#3055,.T.);
#4823=EDGE_CURVE('',#3733,#3740,#3056,.T.);
#4824=EDGE_CURVE('',#3722,#3741,#865,.T.);
#4825=EDGE_CURVE('',#3742,#3741,#3057,.T.);
#4826=EDGE_CURVE('',#3721,#3742,#866,.T.);
#4827=EDGE_CURVE('',#3743,#3742,#3058,.T.);
#4828=EDGE_CURVE('',#3723,#3743,#867,.T.);
#4829=EDGE_CURVE('',#3744,#3743,#3059,.T.);
#4830=EDGE_CURVE('',#3724,#3744,#868,.T.);
#4831=EDGE_CURVE('',#3745,#3744,#3060,.T.);
#4832=EDGE_CURVE('',#3725,#3745,#869,.T.);
#4833=EDGE_CURVE('',#3746,#3745,#3061,.T.);
#4834=EDGE_CURVE('',#3726,#3746,#870,.T.);
#4835=EDGE_CURVE('',#3747,#3746,#3062,.T.);
#4836=EDGE_CURVE('',#3727,#3747,#871,.T.);
#4837=EDGE_CURVE('',#3748,#3747,#3063,.T.);
#4838=EDGE_CURVE('',#3728,#3748,#872,.T.);
#4839=EDGE_CURVE('',#3749,#3748,#3064,.T.);
#4840=EDGE_CURVE('',#3729,#3749,#873,.T.);
#4841=EDGE_CURVE('',#3750,#3749,#3065,.T.);
#4842=EDGE_CURVE('',#3730,#3750,#874,.T.);
#4843=EDGE_CURVE('',#3751,#3750,#3066,.T.);
#4844=EDGE_CURVE('',#3731,#3751,#875,.T.);
#4845=EDGE_CURVE('',#3741,#3751,#3067,.T.);
#4846=EDGE_CURVE('',#3733,#3752,#876,.T.);
#4847=EDGE_CURVE('',#3753,#3752,#3068,.T.);
#4848=EDGE_CURVE('',#3732,#3753,#877,.T.);
#4849=EDGE_CURVE('',#3754,#3753,#3069,.T.);
#4850=EDGE_CURVE('',#3734,#3754,#878,.T.);
#4851=EDGE_CURVE('',#3755,#3754,#3070,.T.);
#4852=EDGE_CURVE('',#3735,#3755,#879,.T.);
#4853=EDGE_CURVE('',#3756,#3755,#3071,.T.);
#4854=EDGE_CURVE('',#3736,#3756,#880,.T.);
#4855=EDGE_CURVE('',#3757,#3756,#3072,.T.);
#4856=EDGE_CURVE('',#3737,#3757,#881,.T.);
#4857=EDGE_CURVE('',#3758,#3757,#3073,.T.);
#4858=EDGE_CURVE('',#3738,#3758,#882,.T.);
#4859=EDGE_CURVE('',#3759,#3758,#3074,.T.);
#4860=EDGE_CURVE('',#3739,#3759,#883,.T.);
#4861=EDGE_CURVE('',#3760,#3759,#3075,.T.);
#4862=EDGE_CURVE('',#3740,#3760,#884,.T.);
#4863=EDGE_CURVE('',#3752,#3760,#3076,.T.);
#4864=EDGE_CURVE('',#3761,#3762,#885,.T.);
#4865=EDGE_CURVE('',#3763,#3761,#886,.T.);
#4866=EDGE_CURVE('',#3764,#3763,#887,.T.);
#4867=EDGE_CURVE('',#3765,#3764,#888,.T.);
#4868=EDGE_CURVE('',#3766,#3765,#889,.T.);
#4869=EDGE_CURVE('',#3767,#3766,#890,.T.);
#4870=EDGE_CURVE('',#3768,#3767,#891,.T.);
#4871=EDGE_CURVE('',#3769,#3768,#892,.T.);
#4872=EDGE_CURVE('',#3770,#3769,#893,.T.);
#4873=EDGE_CURVE('',#3771,#3770,#3077,.T.);
#4874=EDGE_CURVE('',#3772,#3771,#3078,.T.);
#4875=EDGE_CURVE('',#3773,#3772,#894,.T.);
#4876=EDGE_CURVE('',#3774,#3773,#895,.T.);
#4877=EDGE_CURVE('',#3775,#3774,#896,.T.);
#4878=EDGE_CURVE('',#3762,#3775,#897,.T.);
#4879=EDGE_CURVE('',#3762,#3776,#898,.T.);
#4880=EDGE_CURVE('',#3777,#3776,#899,.T.);
#4881=EDGE_CURVE('',#3761,#3777,#900,.T.);
#4882=EDGE_CURVE('',#3778,#3777,#901,.T.);
#4883=EDGE_CURVE('',#3763,#3778,#902,.T.);
#4884=EDGE_CURVE('',#3779,#3778,#903,.T.);
#4885=EDGE_CURVE('',#3764,#3779,#904,.T.);
#4886=EDGE_CURVE('',#3780,#3779,#905,.T.);
#4887=EDGE_CURVE('',#3765,#3780,#906,.T.);
#4888=EDGE_CURVE('',#3781,#3780,#907,.T.);
#4889=EDGE_CURVE('',#3766,#3781,#908,.T.);
#4890=EDGE_CURVE('',#3782,#3781,#909,.T.);
#4891=EDGE_CURVE('',#3767,#3782,#910,.T.);
#4892=EDGE_CURVE('',#3783,#3782,#911,.T.);
#4893=EDGE_CURVE('',#3768,#3783,#912,.T.);
#4894=EDGE_CURVE('',#3784,#3783,#913,.T.);
#4895=EDGE_CURVE('',#3769,#3784,#914,.T.);
#4896=EDGE_CURVE('',#3785,#3784,#915,.T.);
#4897=EDGE_CURVE('',#3770,#3785,#916,.T.);
#4898=EDGE_CURVE('',#3786,#3785,#3079,.T.);
#4899=EDGE_CURVE('',#3771,#3786,#917,.T.);
#4900=EDGE_CURVE('',#3787,#3786,#3080,.T.);
#4901=EDGE_CURVE('',#3772,#3787,#918,.T.);
#4902=EDGE_CURVE('',#3788,#3787,#919,.T.);
#4903=EDGE_CURVE('',#3773,#3788,#920,.T.);
#4904=EDGE_CURVE('',#3789,#3788,#921,.T.);
#4905=EDGE_CURVE('',#3774,#3789,#922,.T.);
#4906=EDGE_CURVE('',#3790,#3789,#923,.T.);
#4907=EDGE_CURVE('',#3775,#3790,#924,.T.);
#4908=EDGE_CURVE('',#3776,#3790,#925,.T.);
#4909=EDGE_CURVE('',#3791,#3792,#3081,.T.);
#4910=EDGE_CURVE('',#3793,#3791,#3082,.T.);
#4911=EDGE_CURVE('',#3794,#3793,#3083,.T.);
#4912=EDGE_CURVE('',#3795,#3794,#3084,.T.);
#4913=EDGE_CURVE('',#3796,#3795,#3085,.T.);
#4914=EDGE_CURVE('',#3797,#3796,#3086,.T.);
#4915=EDGE_CURVE('',#3798,#3797,#3087,.T.);
#4916=EDGE_CURVE('',#3799,#3798,#3088,.T.);
#4917=EDGE_CURVE('',#3800,#3799,#3089,.T.);
#4918=EDGE_CURVE('',#3801,#3800,#3090,.T.);
#4919=EDGE_CURVE('',#3792,#3801,#3091,.T.);
#4920=EDGE_CURVE('',#3802,#3803,#3092,.T.);
#4921=EDGE_CURVE('',#3804,#3802,#3093,.T.);
#4922=EDGE_CURVE('',#3805,#3804,#3094,.T.);
#4923=EDGE_CURVE('',#3806,#3805,#3095,.T.);
#4924=EDGE_CURVE('',#3807,#3806,#3096,.T.);
#4925=EDGE_CURVE('',#3808,#3807,#3097,.T.);
#4926=EDGE_CURVE('',#3809,#3808,#3098,.T.);
#4927=EDGE_CURVE('',#3810,#3809,#3099,.T.);
#4928=EDGE_CURVE('',#3803,#3810,#3100,.T.);
#4929=EDGE_CURVE('',#3792,#3811,#926,.T.);
#4930=EDGE_CURVE('',#3812,#3811,#3101,.T.);
#4931=EDGE_CURVE('',#3791,#3812,#927,.T.);
#4932=EDGE_CURVE('',#3813,#3812,#3102,.T.);
#4933=EDGE_CURVE('',#3793,#3813,#928,.T.);
#4934=EDGE_CURVE('',#3814,#3813,#3103,.T.);
#4935=EDGE_CURVE('',#3794,#3814,#929,.T.);
#4936=EDGE_CURVE('',#3815,#3814,#3104,.T.);
#4937=EDGE_CURVE('',#3795,#3815,#930,.T.);
#4938=EDGE_CURVE('',#3816,#3815,#3105,.T.);
#4939=EDGE_CURVE('',#3796,#3816,#931,.T.);
#4940=EDGE_CURVE('',#3817,#3816,#3106,.T.);
#4941=EDGE_CURVE('',#3797,#3817,#932,.T.);
#4942=EDGE_CURVE('',#3818,#3817,#3107,.T.);
#4943=EDGE_CURVE('',#3798,#3818,#933,.T.);
#4944=EDGE_CURVE('',#3819,#3818,#3108,.T.);
#4945=EDGE_CURVE('',#3799,#3819,#934,.T.);
#4946=EDGE_CURVE('',#3820,#3819,#3109,.T.);
#4947=EDGE_CURVE('',#3800,#3820,#935,.T.);
#4948=EDGE_CURVE('',#3821,#3820,#3110,.T.);
#4949=EDGE_CURVE('',#3801,#3821,#936,.T.);
#4950=EDGE_CURVE('',#3811,#3821,#3111,.T.);
#4951=EDGE_CURVE('',#3803,#3822,#937,.T.);
#4952=EDGE_CURVE('',#3823,#3822,#3112,.T.);
#4953=EDGE_CURVE('',#3802,#3823,#938,.T.);
#4954=EDGE_CURVE('',#3824,#3823,#3113,.T.);
#4955=EDGE_CURVE('',#3804,#3824,#939,.T.);
#4956=EDGE_CURVE('',#3825,#3824,#3114,.T.);
#4957=EDGE_CURVE('',#3805,#3825,#940,.T.);
#4958=EDGE_CURVE('',#3826,#3825,#3115,.T.);
#4959=EDGE_CURVE('',#3806,#3826,#941,.T.);
#4960=EDGE_CURVE('',#3827,#3826,#3116,.T.);
#4961=EDGE_CURVE('',#3807,#3827,#942,.T.);
#4962=EDGE_CURVE('',#3828,#3827,#3117,.T.);
#4963=EDGE_CURVE('',#3808,#3828,#943,.T.);
#4964=EDGE_CURVE('',#3829,#3828,#3118,.T.);
#4965=EDGE_CURVE('',#3809,#3829,#944,.T.);
#4966=EDGE_CURVE('',#3830,#3829,#3119,.T.);
#4967=EDGE_CURVE('',#3810,#3830,#945,.T.);
#4968=EDGE_CURVE('',#3822,#3830,#3120,.T.);
#4969=EDGE_CURVE('',#3831,#3832,#946,.T.);
#4970=EDGE_CURVE('',#3833,#3831,#947,.T.);
#4971=EDGE_CURVE('',#3834,#3833,#948,.T.);
#4972=EDGE_CURVE('',#3834,#3832,#949,.T.);
#4973=EDGE_CURVE('',#3832,#3835,#950,.T.);
#4974=EDGE_CURVE('',#3836,#3834,#951,.T.);
#4975=EDGE_CURVE('',#3835,#3836,#952,.T.);
#4976=EDGE_CURVE('',#3837,#3831,#953,.T.);
#4977=EDGE_CURVE('',#3838,#3837,#954,.T.);
#4978=EDGE_CURVE('',#3833,#3838,#955,.T.);
#4979=EDGE_CURVE('',#3839,#3840,#956,.T.);
#4980=EDGE_CURVE('',#3841,#3839,#957,.T.);
#4981=EDGE_CURVE('',#3842,#3841,#958,.T.);
#4982=EDGE_CURVE('',#3842,#3840,#959,.T.);
#4983=EDGE_CURVE('',#3840,#3843,#960,.T.);
#4984=EDGE_CURVE('',#3844,#3842,#961,.T.);
#4985=EDGE_CURVE('',#3843,#3844,#962,.T.);
#4986=EDGE_CURVE('',#3845,#3839,#963,.T.);
#4987=EDGE_CURVE('',#3846,#3845,#964,.T.);
#4988=EDGE_CURVE('',#3841,#3846,#965,.T.);
#4989=EDGE_CURVE('',#3847,#3848,#966,.T.);
#4990=EDGE_CURVE('',#3849,#3847,#967,.T.);
#4991=EDGE_CURVE('',#3850,#3849,#968,.T.);
#4992=EDGE_CURVE('',#3850,#3848,#969,.T.);
#4993=EDGE_CURVE('',#3848,#3851,#970,.T.);
#4994=EDGE_CURVE('',#3852,#3850,#971,.T.);
#4995=EDGE_CURVE('',#3851,#3852,#972,.T.);
#4996=EDGE_CURVE('',#3853,#3847,#973,.T.);
#4997=EDGE_CURVE('',#3854,#3853,#974,.T.);
#4998=EDGE_CURVE('',#3849,#3854,#975,.T.);
#4999=EDGE_CURVE('',#3835,#3855,#976,.T.);
#5000=EDGE_CURVE('',#3855,#3856,#977,.T.);
#5001=EDGE_CURVE('',#3856,#3857,#978,.T.);
#5002=EDGE_CURVE('',#3857,#3858,#979,.F.);
#5003=EDGE_CURVE('',#3859,#3858,#120,.F.);
#5004=EDGE_CURVE('',#3860,#3859,#3121,.F.);
#5005=EDGE_CURVE('',#3861,#3860,#980,.T.);
#5006=EDGE_CURVE('',#3861,#3862,#981,.T.);
#5007=EDGE_CURVE('',#3862,#3863,#982,.T.);
#5008=EDGE_CURVE('',#3863,#3864,#983,.T.);
#5009=EDGE_CURVE('',#3864,#3865,#984,.T.);
#5010=EDGE_CURVE('',#3865,#3853,#985,.T.);
#5011=EDGE_CURVE('',#3851,#3845,#986,.T.);
#5012=EDGE_CURVE('',#3843,#3837,#987,.T.);
#5013=EDGE_CURVE('',#3866,#3836,#988,.T.);
#5014=EDGE_CURVE('',#3867,#3866,#989,.T.);
#5015=EDGE_CURVE('',#3855,#3867,#109,.T.);
#5016=EDGE_CURVE('',#3865,#3868,#990,.T.);
#5017=EDGE_CURVE('',#3854,#3868,#991,.T.);
#5018=EDGE_CURVE('',#3846,#3852,#992,.T.);
#5019=EDGE_CURVE('',#3869,#3863,#993,.T.);
#5020=EDGE_CURVE('',#3870,#3869,#994,.T.);
#5021=EDGE_CURVE('',#3870,#3864,#995,.T.);
#5022=EDGE_CURVE('',#3868,#3870,#996,.T.);
#5023=EDGE_CURVE('',#3871,#3862,#997,.T.);
#5024=EDGE_CURVE('',#3869,#3871,#998,.T.);
#5025=EDGE_CURVE('',#3838,#3844,#999,.T.);
#5026=EDGE_CURVE('',#3872,#3873,#1000,.T.);
#5027=EDGE_CURVE('',#3873,#3874,#1001,.T.);
#5028=EDGE_CURVE('',#3874,#3872,#1002,.T.);
#5029=EDGE_CURVE('',#3874,#3875,#1003,.T.);
#5030=EDGE_CURVE('',#3876,#3875,#1004,.T.);
#5031=EDGE_CURVE('',#3872,#3876,#1005,.T.);
#5032=EDGE_CURVE('',#3877,#3876,#1006,.T.);
#5033=EDGE_CURVE('',#3877,#3873,#1007,.T.);
#5034=EDGE_CURVE('',#3875,#3877,#1008,.T.);
#5035=EDGE_CURVE('',#3878,#3879,#1009,.T.);
#5036=EDGE_CURVE('',#3880,#3878,#1010,.T.);
#5037=EDGE_CURVE('',#3881,#3880,#1011,.T.);
#5038=EDGE_CURVE('',#3879,#3881,#1012,.T.);
#5039=EDGE_CURVE('',#3882,#3883,#1013,.T.);
#5040=EDGE_CURVE('',#3881,#3883,#110,.T.);
#5041=EDGE_CURVE('',#3882,#3880,#111,.T.);
#5042=EDGE_CURVE('',#3860,#3879,#3122,.T.);
#5043=EDGE_CURVE('',#3884,#3859,#1014,.T.);
#5044=EDGE_CURVE('',#3878,#3884,#3123,.T.);
#5045=EDGE_CURVE('',#3858,#3885,#112,.F.);
#5046=EDGE_CURVE('',#3885,#3886,#1015,.T.);
#5047=EDGE_CURVE('',#3884,#3886,#113,.T.);
#5048=EDGE_CURVE('',#3867,#3885,#1016,.T.);
#5049=EDGE_CURVE('',#3887,#3866,#1017,.T.);
#5050=EDGE_CURVE('',#3887,#3888,#1018,.T.);
#5051=EDGE_CURVE('',#3888,#3886,#1019,.T.);
#5052=EDGE_CURVE('',#3883,#3889,#1020,.T.);
#5053=EDGE_CURVE('',#3879,#3889,#114,.T.);
#5054=EDGE_CURVE('',#3857,#3856,#115,.T.);
#5055=EDGE_CURVE('',#3888,#3890,#116,.T.);
#5056=EDGE_CURVE('',#3890,#3884,#1021,.T.);
#5057=EDGE_CURVE('',#3890,#3891,#1022,.T.);
#5058=EDGE_CURVE('',#3891,#3880,#1023,.T.);
#5059=EDGE_CURVE('',#3892,#3861,#117,.T.);
#5060=EDGE_CURVE('',#3889,#3892,#1024,.T.);
#5061=EDGE_CURVE('',#3891,#3893,#118,.T.);
#5062=EDGE_CURVE('',#3882,#3893,#1025,.T.);
#5063=EDGE_CURVE('',#3894,#3887,#1026,.T.);
#5064=EDGE_CURVE('',#3893,#3894,#1027,.T.);
#5065=EDGE_CURVE('',#3894,#3895,#1028,.T.);
#5066=EDGE_CURVE('',#3895,#3892,#1029,.T.);
#5067=EDGE_CURVE('',#3871,#3895,#1030,.T.);
#5068=ORIENTED_EDGE('',*,*,#3896,.F.);
#5069=ORIENTED_EDGE('',*,*,#3897,.F.);
#5070=ORIENTED_EDGE('',*,*,#3898,.F.);
#5071=ORIENTED_EDGE('',*,*,#3899,.F.);
#5072=ORIENTED_EDGE('',*,*,#3900,.F.);
#5073=ORIENTED_EDGE('',*,*,#3901,.F.);
#5074=ORIENTED_EDGE('',*,*,#3902,.F.);
#5075=ORIENTED_EDGE('',*,*,#3903,.F.);
#5076=ORIENTED_EDGE('',*,*,#3904,.F.);
#5077=ORIENTED_EDGE('',*,*,#3905,.F.);
#5078=ORIENTED_EDGE('',*,*,#3906,.F.);
#5079=ORIENTED_EDGE('',*,*,#3907,.F.);
#5080=ORIENTED_EDGE('',*,*,#3908,.F.);
#5081=ORIENTED_EDGE('',*,*,#3909,.F.);
#5082=ORIENTED_EDGE('',*,*,#3910,.F.);
#5083=ORIENTED_EDGE('',*,*,#3911,.F.);
#5084=ORIENTED_EDGE('',*,*,#3912,.F.);
#5085=ORIENTED_EDGE('',*,*,#3913,.F.);
#5086=ORIENTED_EDGE('',*,*,#3914,.F.);
#5087=ORIENTED_EDGE('',*,*,#3915,.F.);
#5088=ORIENTED_EDGE('',*,*,#3896,.T.);
#5089=ORIENTED_EDGE('',*,*,#3916,.T.);
#5090=ORIENTED_EDGE('',*,*,#3917,.F.);
#5091=ORIENTED_EDGE('',*,*,#3918,.F.);
#5092=ORIENTED_EDGE('',*,*,#3897,.T.);
#5093=ORIENTED_EDGE('',*,*,#3918,.T.);
#5094=ORIENTED_EDGE('',*,*,#3919,.F.);
#5095=ORIENTED_EDGE('',*,*,#3920,.F.);
#5096=ORIENTED_EDGE('',*,*,#3898,.T.);
#5097=ORIENTED_EDGE('',*,*,#3920,.T.);
#5098=ORIENTED_EDGE('',*,*,#3921,.F.);
#5099=ORIENTED_EDGE('',*,*,#3922,.F.);
#5100=ORIENTED_EDGE('',*,*,#3899,.T.);
#5101=ORIENTED_EDGE('',*,*,#3922,.T.);
#5102=ORIENTED_EDGE('',*,*,#3923,.F.);
#5103=ORIENTED_EDGE('',*,*,#3924,.F.);
#5104=ORIENTED_EDGE('',*,*,#3900,.T.);
#5105=ORIENTED_EDGE('',*,*,#3924,.T.);
#5106=ORIENTED_EDGE('',*,*,#3925,.F.);
#5107=ORIENTED_EDGE('',*,*,#3926,.F.);
#5108=ORIENTED_EDGE('',*,*,#3901,.T.);
#5109=ORIENTED_EDGE('',*,*,#3926,.T.);
#5110=ORIENTED_EDGE('',*,*,#3927,.F.);
#5111=ORIENTED_EDGE('',*,*,#3928,.F.);
#5112=ORIENTED_EDGE('',*,*,#3902,.T.);
#5113=ORIENTED_EDGE('',*,*,#3928,.T.);
#5114=ORIENTED_EDGE('',*,*,#3929,.F.);
#5115=ORIENTED_EDGE('',*,*,#3930,.F.);
#5116=ORIENTED_EDGE('',*,*,#3903,.T.);
#5117=ORIENTED_EDGE('',*,*,#3930,.T.);
#5118=ORIENTED_EDGE('',*,*,#3931,.F.);
#5119=ORIENTED_EDGE('',*,*,#3932,.F.);
#5120=ORIENTED_EDGE('',*,*,#3904,.T.);
#5121=ORIENTED_EDGE('',*,*,#3932,.T.);
#5122=ORIENTED_EDGE('',*,*,#3933,.F.);
#5123=ORIENTED_EDGE('',*,*,#3934,.F.);
#5124=ORIENTED_EDGE('',*,*,#3905,.T.);
#5125=ORIENTED_EDGE('',*,*,#3934,.T.);
#5126=ORIENTED_EDGE('',*,*,#3935,.F.);
#5127=ORIENTED_EDGE('',*,*,#3936,.F.);
#5128=ORIENTED_EDGE('',*,*,#3906,.T.);
#5129=ORIENTED_EDGE('',*,*,#3936,.T.);
#5130=ORIENTED_EDGE('',*,*,#3937,.F.);
#5131=ORIENTED_EDGE('',*,*,#3916,.F.);
#5132=ORIENTED_EDGE('',*,*,#3907,.T.);
#5133=ORIENTED_EDGE('',*,*,#3938,.T.);
#5134=ORIENTED_EDGE('',*,*,#3939,.F.);
#5135=ORIENTED_EDGE('',*,*,#3940,.F.);
#5136=ORIENTED_EDGE('',*,*,#3908,.T.);
#5137=ORIENTED_EDGE('',*,*,#3940,.T.);
#5138=ORIENTED_EDGE('',*,*,#3941,.F.);
#5139=ORIENTED_EDGE('',*,*,#3942,.F.);
#5140=ORIENTED_EDGE('',*,*,#3909,.T.);
#5141=ORIENTED_EDGE('',*,*,#3942,.T.);
#5142=ORIENTED_EDGE('',*,*,#3943,.F.);
#5143=ORIENTED_EDGE('',*,*,#3944,.F.);
#5144=ORIENTED_EDGE('',*,*,#3910,.T.);
#5145=ORIENTED_EDGE('',*,*,#3944,.T.);
#5146=ORIENTED_EDGE('',*,*,#3945,.F.);
#5147=ORIENTED_EDGE('',*,*,#3946,.F.);
#5148=ORIENTED_EDGE('',*,*,#3911,.T.);
#5149=ORIENTED_EDGE('',*,*,#3946,.T.);
#5150=ORIENTED_EDGE('',*,*,#3947,.F.);
#5151=ORIENTED_EDGE('',*,*,#3948,.F.);
#5152=ORIENTED_EDGE('',*,*,#3912,.T.);
#5153=ORIENTED_EDGE('',*,*,#3948,.T.);
#5154=ORIENTED_EDGE('',*,*,#3949,.F.);
#5155=ORIENTED_EDGE('',*,*,#3950,.F.);
#5156=ORIENTED_EDGE('',*,*,#3913,.T.);
#5157=ORIENTED_EDGE('',*,*,#3950,.T.);
#5158=ORIENTED_EDGE('',*,*,#3951,.F.);
#5159=ORIENTED_EDGE('',*,*,#3952,.F.);
#5160=ORIENTED_EDGE('',*,*,#3914,.T.);
#5161=ORIENTED_EDGE('',*,*,#3952,.T.);
#5162=ORIENTED_EDGE('',*,*,#3953,.F.);
#5163=ORIENTED_EDGE('',*,*,#3954,.F.);
#5164=ORIENTED_EDGE('',*,*,#3915,.T.);
#5165=ORIENTED_EDGE('',*,*,#3954,.T.);
#5166=ORIENTED_EDGE('',*,*,#3955,.F.);
#5167=ORIENTED_EDGE('',*,*,#3938,.F.);
#5168=ORIENTED_EDGE('',*,*,#3956,.F.);
#5169=ORIENTED_EDGE('',*,*,#3957,.F.);
#5170=ORIENTED_EDGE('',*,*,#3958,.F.);
#5171=ORIENTED_EDGE('',*,*,#3959,.F.);
#5172=ORIENTED_EDGE('',*,*,#3960,.F.);
#5173=ORIENTED_EDGE('',*,*,#3961,.F.);
#5174=ORIENTED_EDGE('',*,*,#3962,.F.);
#5175=ORIENTED_EDGE('',*,*,#3963,.F.);
#5176=ORIENTED_EDGE('',*,*,#3956,.T.);
#5177=ORIENTED_EDGE('',*,*,#3964,.T.);
#5178=ORIENTED_EDGE('',*,*,#3965,.F.);
#5179=ORIENTED_EDGE('',*,*,#3966,.F.);
#5180=ORIENTED_EDGE('',*,*,#3957,.T.);
#5181=ORIENTED_EDGE('',*,*,#3966,.T.);
#5182=ORIENTED_EDGE('',*,*,#3967,.F.);
#5183=ORIENTED_EDGE('',*,*,#3968,.F.);
#5184=ORIENTED_EDGE('',*,*,#3958,.T.);
#5185=ORIENTED_EDGE('',*,*,#3968,.T.);
#5186=ORIENTED_EDGE('',*,*,#3969,.F.);
#5187=ORIENTED_EDGE('',*,*,#3970,.F.);
#5188=ORIENTED_EDGE('',*,*,#3959,.T.);
#5189=ORIENTED_EDGE('',*,*,#3970,.T.);
#5190=ORIENTED_EDGE('',*,*,#3971,.F.);
#5191=ORIENTED_EDGE('',*,*,#3972,.F.);
#5192=ORIENTED_EDGE('',*,*,#3960,.T.);
#5193=ORIENTED_EDGE('',*,*,#3972,.T.);
#5194=ORIENTED_EDGE('',*,*,#3973,.F.);
#5195=ORIENTED_EDGE('',*,*,#3974,.F.);
#5196=ORIENTED_EDGE('',*,*,#3961,.T.);
#5197=ORIENTED_EDGE('',*,*,#3974,.T.);
#5198=ORIENTED_EDGE('',*,*,#3975,.F.);
#5199=ORIENTED_EDGE('',*,*,#3976,.F.);
#5200=ORIENTED_EDGE('',*,*,#3962,.T.);
#5201=ORIENTED_EDGE('',*,*,#3976,.T.);
#5202=ORIENTED_EDGE('',*,*,#3977,.F.);
#5203=ORIENTED_EDGE('',*,*,#3978,.F.);
#5204=ORIENTED_EDGE('',*,*,#3963,.T.);
#5205=ORIENTED_EDGE('',*,*,#3978,.T.);
#5206=ORIENTED_EDGE('',*,*,#3979,.F.);
#5207=ORIENTED_EDGE('',*,*,#3964,.F.);
#5208=ORIENTED_EDGE('',*,*,#3980,.F.);
#5209=ORIENTED_EDGE('',*,*,#3981,.F.);
#5210=ORIENTED_EDGE('',*,*,#3982,.F.);
#5211=ORIENTED_EDGE('',*,*,#3983,.F.);
#5212=ORIENTED_EDGE('',*,*,#3984,.F.);
#5213=ORIENTED_EDGE('',*,*,#3985,.F.);
#5214=ORIENTED_EDGE('',*,*,#3986,.F.);
#5215=ORIENTED_EDGE('',*,*,#3987,.F.);
#5216=ORIENTED_EDGE('',*,*,#3988,.F.);
#5217=ORIENTED_EDGE('',*,*,#3989,.F.);
#5218=ORIENTED_EDGE('',*,*,#3990,.F.);
#5219=ORIENTED_EDGE('',*,*,#3991,.F.);
#5220=ORIENTED_EDGE('',*,*,#3992,.F.);
#5221=ORIENTED_EDGE('',*,*,#3993,.F.);
#5222=ORIENTED_EDGE('',*,*,#3994,.F.);
#5223=ORIENTED_EDGE('',*,*,#3995,.F.);
#5224=ORIENTED_EDGE('',*,*,#3996,.F.);
#5225=ORIENTED_EDGE('',*,*,#3997,.F.);
#5226=ORIENTED_EDGE('',*,*,#3998,.F.);
#5227=ORIENTED_EDGE('',*,*,#3980,.T.);
#5228=ORIENTED_EDGE('',*,*,#3999,.T.);
#5229=ORIENTED_EDGE('',*,*,#4000,.F.);
#5230=ORIENTED_EDGE('',*,*,#4001,.F.);
#5231=ORIENTED_EDGE('',*,*,#3981,.T.);
#5232=ORIENTED_EDGE('',*,*,#4001,.T.);
#5233=ORIENTED_EDGE('',*,*,#4002,.F.);
#5234=ORIENTED_EDGE('',*,*,#4003,.F.);
#5235=ORIENTED_EDGE('',*,*,#3982,.T.);
#5236=ORIENTED_EDGE('',*,*,#4003,.T.);
#5237=ORIENTED_EDGE('',*,*,#4004,.F.);
#5238=ORIENTED_EDGE('',*,*,#4005,.F.);
#5239=ORIENTED_EDGE('',*,*,#3983,.T.);
#5240=ORIENTED_EDGE('',*,*,#4005,.T.);
#5241=ORIENTED_EDGE('',*,*,#4006,.F.);
#5242=ORIENTED_EDGE('',*,*,#4007,.F.);
#5243=ORIENTED_EDGE('',*,*,#3984,.T.);
#5244=ORIENTED_EDGE('',*,*,#4007,.T.);
#5245=ORIENTED_EDGE('',*,*,#4008,.F.);
#5246=ORIENTED_EDGE('',*,*,#4009,.F.);
#5247=ORIENTED_EDGE('',*,*,#3985,.T.);
#5248=ORIENTED_EDGE('',*,*,#4009,.T.);
#5249=ORIENTED_EDGE('',*,*,#4010,.F.);
#5250=ORIENTED_EDGE('',*,*,#4011,.F.);
#5251=ORIENTED_EDGE('',*,*,#3986,.T.);
#5252=ORIENTED_EDGE('',*,*,#4011,.T.);
#5253=ORIENTED_EDGE('',*,*,#4012,.F.);
#5254=ORIENTED_EDGE('',*,*,#4013,.F.);
#5255=ORIENTED_EDGE('',*,*,#3987,.T.);
#5256=ORIENTED_EDGE('',*,*,#4013,.T.);
#5257=ORIENTED_EDGE('',*,*,#4014,.F.);
#5258=ORIENTED_EDGE('',*,*,#4015,.F.);
#5259=ORIENTED_EDGE('',*,*,#3988,.T.);
#5260=ORIENTED_EDGE('',*,*,#4015,.T.);
#5261=ORIENTED_EDGE('',*,*,#4016,.F.);
#5262=ORIENTED_EDGE('',*,*,#4017,.F.);
#5263=ORIENTED_EDGE('',*,*,#3989,.T.);
#5264=ORIENTED_EDGE('',*,*,#4017,.T.);
#5265=ORIENTED_EDGE('',*,*,#4018,.F.);
#5266=ORIENTED_EDGE('',*,*,#4019,.F.);
#5267=ORIENTED_EDGE('',*,*,#3990,.T.);
#5268=ORIENTED_EDGE('',*,*,#4019,.T.);
#5269=ORIENTED_EDGE('',*,*,#4020,.F.);
#5270=ORIENTED_EDGE('',*,*,#3999,.F.);
#5271=ORIENTED_EDGE('',*,*,#3991,.T.);
#5272=ORIENTED_EDGE('',*,*,#4021,.T.);
#5273=ORIENTED_EDGE('',*,*,#4022,.F.);
#5274=ORIENTED_EDGE('',*,*,#4023,.F.);
#5275=ORIENTED_EDGE('',*,*,#3992,.T.);
#5276=ORIENTED_EDGE('',*,*,#4023,.T.);
#5277=ORIENTED_EDGE('',*,*,#4024,.F.);
#5278=ORIENTED_EDGE('',*,*,#4025,.F.);
#5279=ORIENTED_EDGE('',*,*,#3993,.T.);
#5280=ORIENTED_EDGE('',*,*,#4025,.T.);
#5281=ORIENTED_EDGE('',*,*,#4026,.F.);
#5282=ORIENTED_EDGE('',*,*,#4027,.F.);
#5283=ORIENTED_EDGE('',*,*,#3994,.T.);
#5284=ORIENTED_EDGE('',*,*,#4027,.T.);
#5285=ORIENTED_EDGE('',*,*,#4028,.F.);
#5286=ORIENTED_EDGE('',*,*,#4029,.F.);
#5287=ORIENTED_EDGE('',*,*,#3995,.T.);
#5288=ORIENTED_EDGE('',*,*,#4029,.T.);
#5289=ORIENTED_EDGE('',*,*,#4030,.F.);
#5290=ORIENTED_EDGE('',*,*,#4031,.F.);
#5291=ORIENTED_EDGE('',*,*,#3996,.T.);
#5292=ORIENTED_EDGE('',*,*,#4031,.T.);
#5293=ORIENTED_EDGE('',*,*,#4032,.F.);
#5294=ORIENTED_EDGE('',*,*,#4033,.F.);
#5295=ORIENTED_EDGE('',*,*,#3997,.T.);
#5296=ORIENTED_EDGE('',*,*,#4033,.T.);
#5297=ORIENTED_EDGE('',*,*,#4034,.F.);
#5298=ORIENTED_EDGE('',*,*,#4035,.F.);
#5299=ORIENTED_EDGE('',*,*,#3998,.T.);
#5300=ORIENTED_EDGE('',*,*,#4035,.T.);
#5301=ORIENTED_EDGE('',*,*,#4036,.F.);
#5302=ORIENTED_EDGE('',*,*,#4021,.F.);
#5303=ORIENTED_EDGE('',*,*,#4022,.T.);
#5304=ORIENTED_EDGE('',*,*,#4036,.T.);
#5305=ORIENTED_EDGE('',*,*,#4034,.T.);
#5306=ORIENTED_EDGE('',*,*,#4032,.T.);
#5307=ORIENTED_EDGE('',*,*,#4030,.T.);
#5308=ORIENTED_EDGE('',*,*,#4028,.T.);
#5309=ORIENTED_EDGE('',*,*,#4026,.T.);
#5310=ORIENTED_EDGE('',*,*,#4024,.T.);
#5311=ORIENTED_EDGE('',*,*,#3939,.T.);
#5312=ORIENTED_EDGE('',*,*,#3955,.T.);
#5313=ORIENTED_EDGE('',*,*,#3953,.T.);
#5314=ORIENTED_EDGE('',*,*,#3951,.T.);
#5315=ORIENTED_EDGE('',*,*,#3949,.T.);
#5316=ORIENTED_EDGE('',*,*,#3947,.T.);
#5317=ORIENTED_EDGE('',*,*,#3945,.T.);
#5318=ORIENTED_EDGE('',*,*,#3943,.T.);
#5319=ORIENTED_EDGE('',*,*,#3941,.T.);
#5320=ORIENTED_EDGE('',*,*,#4037,.F.);
#5321=ORIENTED_EDGE('',*,*,#4038,.T.);
#5322=ORIENTED_EDGE('',*,*,#4039,.F.);
#5323=ORIENTED_EDGE('',*,*,#4040,.F.);
#5324=ORIENTED_EDGE('',*,*,#4041,.F.);
#5325=ORIENTED_EDGE('',*,*,#4040,.T.);
#5326=ORIENTED_EDGE('',*,*,#4042,.F.);
#5327=ORIENTED_EDGE('',*,*,#4043,.F.);
#5328=ORIENTED_EDGE('',*,*,#4044,.F.);
#5329=ORIENTED_EDGE('',*,*,#4045,.F.);
#5330=ORIENTED_EDGE('',*,*,#4046,.F.);
#5331=ORIENTED_EDGE('',*,*,#4038,.F.);
#5332=ORIENTED_EDGE('',*,*,#4047,.F.);
#5333=ORIENTED_EDGE('',*,*,#4048,.T.);
#5334=ORIENTED_EDGE('',*,*,#4049,.F.);
#5335=ORIENTED_EDGE('',*,*,#4050,.F.);
#5336=ORIENTED_EDGE('',*,*,#4051,.F.);
#5337=ORIENTED_EDGE('',*,*,#4050,.T.);
#5338=ORIENTED_EDGE('',*,*,#4052,.F.);
#5339=ORIENTED_EDGE('',*,*,#4053,.F.);
#5340=ORIENTED_EDGE('',*,*,#4054,.F.);
#5341=ORIENTED_EDGE('',*,*,#4055,.F.);
#5342=ORIENTED_EDGE('',*,*,#4056,.F.);
#5343=ORIENTED_EDGE('',*,*,#4048,.F.);
#5344=ORIENTED_EDGE('',*,*,#4057,.F.);
#5345=ORIENTED_EDGE('',*,*,#4058,.T.);
#5346=ORIENTED_EDGE('',*,*,#4059,.F.);
#5347=ORIENTED_EDGE('',*,*,#4060,.F.);
#5348=ORIENTED_EDGE('',*,*,#4061,.F.);
#5349=ORIENTED_EDGE('',*,*,#4060,.T.);
#5350=ORIENTED_EDGE('',*,*,#4062,.F.);
#5351=ORIENTED_EDGE('',*,*,#4063,.F.);
#5352=ORIENTED_EDGE('',*,*,#4064,.F.);
#5353=ORIENTED_EDGE('',*,*,#4065,.F.);
#5354=ORIENTED_EDGE('',*,*,#4066,.F.);
#5355=ORIENTED_EDGE('',*,*,#4058,.F.);
#5356=ORIENTED_EDGE('',*,*,#4044,.T.);
#5357=ORIENTED_EDGE('',*,*,#4037,.T.);
#5358=ORIENTED_EDGE('',*,*,#4041,.T.);
#5359=ORIENTED_EDGE('',*,*,#4067,.F.);
#5360=ORIENTED_EDGE('',*,*,#4054,.T.);
#5361=ORIENTED_EDGE('',*,*,#4047,.T.);
#5362=ORIENTED_EDGE('',*,*,#4051,.T.);
#5363=ORIENTED_EDGE('',*,*,#4068,.F.);
#5364=ORIENTED_EDGE('',*,*,#4064,.T.);
#5365=ORIENTED_EDGE('',*,*,#4057,.T.);
#5366=ORIENTED_EDGE('',*,*,#4061,.T.);
#5367=ORIENTED_EDGE('',*,*,#4069,.F.);
#5368=ORIENTED_EDGE('',*,*,#4070,.T.);
#5369=ORIENTED_EDGE('',*,*,#4071,.T.);
#5370=ORIENTED_EDGE('',*,*,#4072,.T.);
#5371=ORIENTED_EDGE('',*,*,#4073,.F.);
#5372=ORIENTED_EDGE('',*,*,#4074,.T.);
#5373=ORIENTED_EDGE('',*,*,#4075,.T.);
#5374=ORIENTED_EDGE('',*,*,#4076,.T.);
#5375=ORIENTED_EDGE('',*,*,#4077,.F.);
#5376=ORIENTED_EDGE('',*,*,#4078,.F.);
#5377=ORIENTED_EDGE('',*,*,#4079,.F.);
#5378=ORIENTED_EDGE('',*,*,#4080,.F.);
#5379=ORIENTED_EDGE('',*,*,#4063,.T.);
#5380=ORIENTED_EDGE('',*,*,#4081,.T.);
#5381=ORIENTED_EDGE('',*,*,#4082,.T.);
#5382=ORIENTED_EDGE('',*,*,#4069,.T.);
#5383=ORIENTED_EDGE('',*,*,#4053,.T.);
#5384=ORIENTED_EDGE('',*,*,#4083,.T.);
#5385=ORIENTED_EDGE('',*,*,#4065,.T.);
#5386=ORIENTED_EDGE('',*,*,#4068,.T.);
#5387=ORIENTED_EDGE('',*,*,#4043,.T.);
#5388=ORIENTED_EDGE('',*,*,#4084,.T.);
#5389=ORIENTED_EDGE('',*,*,#4055,.T.);
#5390=ORIENTED_EDGE('',*,*,#4067,.T.);
#5391=ORIENTED_EDGE('',*,*,#4071,.F.);
#5392=ORIENTED_EDGE('',*,*,#4085,.T.);
#5393=ORIENTED_EDGE('',*,*,#4086,.F.);
#5394=ORIENTED_EDGE('',*,*,#4087,.F.);
#5395=ORIENTED_EDGE('',*,*,#4072,.F.);
#5396=ORIENTED_EDGE('',*,*,#4087,.T.);
#5397=ORIENTED_EDGE('',*,*,#4088,.F.);
#5398=ORIENTED_EDGE('',*,*,#4089,.F.);
#5399=ORIENTED_EDGE('',*,*,#4070,.F.);
#5400=ORIENTED_EDGE('',*,*,#4082,.F.);
#5401=ORIENTED_EDGE('',*,*,#4090,.F.);
#5402=ORIENTED_EDGE('',*,*,#4085,.F.);
#5403=ORIENTED_EDGE('',*,*,#4089,.T.);
#5404=ORIENTED_EDGE('',*,*,#4091,.T.);
#5405=ORIENTED_EDGE('',*,*,#4092,.T.);
#5406=ORIENTED_EDGE('',*,*,#4093,.T.);
#5407=ORIENTED_EDGE('',*,*,#4073,.T.);
#5408=ORIENTED_EDGE('',*,*,#4094,.F.);
#5409=ORIENTED_EDGE('',*,*,#4095,.F.);
#5410=ORIENTED_EDGE('',*,*,#4096,.F.);
#5411=ORIENTED_EDGE('',*,*,#4097,.F.);
#5412=ORIENTED_EDGE('',*,*,#4098,.F.);
#5413=ORIENTED_EDGE('',*,*,#4099,.F.);
#5414=ORIENTED_EDGE('',*,*,#4100,.F.);
#5415=ORIENTED_EDGE('',*,*,#4101,.F.);
#5416=ORIENTED_EDGE('',*,*,#4102,.F.);
#5417=ORIENTED_EDGE('',*,*,#4103,.F.);
#5418=ORIENTED_EDGE('',*,*,#4097,.T.);
#5419=ORIENTED_EDGE('',*,*,#4104,.T.);
#5420=ORIENTED_EDGE('',*,*,#4105,.F.);
#5421=ORIENTED_EDGE('',*,*,#4106,.T.);
#5422=ORIENTED_EDGE('',*,*,#4096,.T.);
#5423=ORIENTED_EDGE('',*,*,#4107,.F.);
#5424=ORIENTED_EDGE('',*,*,#4099,.T.);
#5425=ORIENTED_EDGE('',*,*,#4108,.T.);
#5426=ORIENTED_EDGE('',*,*,#4109,.F.);
#5427=ORIENTED_EDGE('',*,*,#4110,.F.);
#5428=ORIENTED_EDGE('',*,*,#4104,.F.);
#5429=ORIENTED_EDGE('',*,*,#4103,.T.);
#5430=ORIENTED_EDGE('',*,*,#4111,.T.);
#5431=ORIENTED_EDGE('',*,*,#4112,.F.);
#5432=ORIENTED_EDGE('',*,*,#4108,.F.);
#5433=ORIENTED_EDGE('',*,*,#4102,.T.);
#5434=ORIENTED_EDGE('',*,*,#4113,.T.);
#5435=ORIENTED_EDGE('',*,*,#4114,.F.);
#5436=ORIENTED_EDGE('',*,*,#4115,.T.);
#5437=ORIENTED_EDGE('',*,*,#4116,.T.);
#5438=ORIENTED_EDGE('',*,*,#4111,.F.);
#5439=ORIENTED_EDGE('',*,*,#4117,.F.);
#5440=ORIENTED_EDGE('',*,*,#4118,.F.);
#5441=ORIENTED_EDGE('',*,*,#4119,.F.);
#5442=ORIENTED_EDGE('',*,*,#4120,.F.);
#5443=ORIENTED_EDGE('',*,*,#4118,.T.);
#5444=ORIENTED_EDGE('',*,*,#4121,.T.);
#5445=ORIENTED_EDGE('',*,*,#4122,.T.);
#5446=ORIENTED_EDGE('',*,*,#4121,.F.);
#5447=ORIENTED_EDGE('',*,*,#4117,.T.);
#5448=ORIENTED_EDGE('',*,*,#4123,.F.);
#5449=ORIENTED_EDGE('',*,*,#4124,.T.);
#5450=ORIENTED_EDGE('',*,*,#4124,.F.);
#5451=ORIENTED_EDGE('',*,*,#4125,.F.);
#5452=ORIENTED_EDGE('',*,*,#4122,.F.);
#5453=ORIENTED_EDGE('',*,*,#4126,.T.);
#5454=ORIENTED_EDGE('',*,*,#4127,.T.);
#5455=ORIENTED_EDGE('',*,*,#4128,.T.);
#5456=ORIENTED_EDGE('',*,*,#4110,.T.);
#5457=ORIENTED_EDGE('',*,*,#4129,.F.);
#5458=ORIENTED_EDGE('',*,*,#4105,.T.);
#5459=ORIENTED_EDGE('',*,*,#4128,.F.);
#5460=ORIENTED_EDGE('',*,*,#4130,.T.);
#5461=ORIENTED_EDGE('',*,*,#4131,.T.);
#5462=ORIENTED_EDGE('',*,*,#4126,.F.);
#5463=ORIENTED_EDGE('',*,*,#4109,.T.);
#5464=ORIENTED_EDGE('',*,*,#4132,.T.);
#5465=ORIENTED_EDGE('',*,*,#4075,.F.);
#5466=ORIENTED_EDGE('',*,*,#4076,.F.);
#5467=ORIENTED_EDGE('',*,*,#4132,.F.);
#5468=ORIENTED_EDGE('',*,*,#4112,.T.);
#5469=ORIENTED_EDGE('',*,*,#4116,.F.);
#5470=ORIENTED_EDGE('',*,*,#4133,.F.);
#5471=ORIENTED_EDGE('',*,*,#4127,.F.);
#5472=ORIENTED_EDGE('',*,*,#4134,.T.);
#5473=ORIENTED_EDGE('',*,*,#4135,.F.);
#5474=ORIENTED_EDGE('',*,*,#4130,.F.);
#5475=ORIENTED_EDGE('',*,*,#4078,.T.);
#5476=ORIENTED_EDGE('',*,*,#4136,.T.);
#5477=ORIENTED_EDGE('',*,*,#4093,.F.);
#5478=ORIENTED_EDGE('',*,*,#4137,.F.);
#5479=ORIENTED_EDGE('',*,*,#4134,.F.);
#5480=ORIENTED_EDGE('',*,*,#4131,.F.);
#5481=ORIENTED_EDGE('',*,*,#4074,.F.);
#5482=ORIENTED_EDGE('',*,*,#4138,.F.);
#5483=ORIENTED_EDGE('',*,*,#4079,.T.);
#5484=ORIENTED_EDGE('',*,*,#4136,.F.);
#5485=ORIENTED_EDGE('',*,*,#4077,.T.);
#5486=ORIENTED_EDGE('',*,*,#4133,.T.);
#5487=ORIENTED_EDGE('',*,*,#4115,.F.);
#5488=ORIENTED_EDGE('',*,*,#4095,.T.);
#5489=ORIENTED_EDGE('',*,*,#4139,.T.);
#5490=ORIENTED_EDGE('',*,*,#4100,.T.);
#5491=ORIENTED_EDGE('',*,*,#4107,.T.);
#5492=ORIENTED_EDGE('',*,*,#4098,.T.);
#5493=ORIENTED_EDGE('',*,*,#4106,.F.);
#5494=ORIENTED_EDGE('',*,*,#4129,.T.);
#5495=ORIENTED_EDGE('',*,*,#4135,.T.);
#5496=ORIENTED_EDGE('',*,*,#4137,.T.);
#5497=ORIENTED_EDGE('',*,*,#4092,.F.);
#5498=ORIENTED_EDGE('',*,*,#4140,.F.);
#5499=ORIENTED_EDGE('',*,*,#4046,.T.);
#5500=ORIENTED_EDGE('',*,*,#4141,.F.);
#5501=ORIENTED_EDGE('',*,*,#4113,.F.);
#5502=ORIENTED_EDGE('',*,*,#4101,.T.);
#5503=ORIENTED_EDGE('',*,*,#4139,.F.);
#5504=ORIENTED_EDGE('',*,*,#4094,.T.);
#5505=ORIENTED_EDGE('',*,*,#4140,.T.);
#5506=ORIENTED_EDGE('',*,*,#4091,.F.);
#5507=ORIENTED_EDGE('',*,*,#4088,.T.);
#5508=ORIENTED_EDGE('',*,*,#4086,.T.);
#5509=ORIENTED_EDGE('',*,*,#4090,.T.);
#5510=ORIENTED_EDGE('',*,*,#4081,.F.);
#5511=ORIENTED_EDGE('',*,*,#4062,.T.);
#5512=ORIENTED_EDGE('',*,*,#4059,.T.);
#5513=ORIENTED_EDGE('',*,*,#4066,.T.);
#5514=ORIENTED_EDGE('',*,*,#4083,.F.);
#5515=ORIENTED_EDGE('',*,*,#4052,.T.);
#5516=ORIENTED_EDGE('',*,*,#4049,.T.);
#5517=ORIENTED_EDGE('',*,*,#4056,.T.);
#5518=ORIENTED_EDGE('',*,*,#4084,.F.);
#5519=ORIENTED_EDGE('',*,*,#4042,.T.);
#5520=ORIENTED_EDGE('',*,*,#4039,.T.);
#5521=ORIENTED_EDGE('',*,*,#4119,.T.);
#5522=ORIENTED_EDGE('',*,*,#4120,.T.);
#5523=ORIENTED_EDGE('',*,*,#4125,.T.);
#5524=ORIENTED_EDGE('',*,*,#4123,.T.);
#5525=ORIENTED_EDGE('',*,*,#4000,.T.);
#5526=ORIENTED_EDGE('',*,*,#4020,.T.);
#5527=ORIENTED_EDGE('',*,*,#4018,.T.);
#5528=ORIENTED_EDGE('',*,*,#4016,.T.);
#5529=ORIENTED_EDGE('',*,*,#4014,.T.);
#5530=ORIENTED_EDGE('',*,*,#4012,.T.);
#5531=ORIENTED_EDGE('',*,*,#4010,.T.);
#5532=ORIENTED_EDGE('',*,*,#4008,.T.);
#5533=ORIENTED_EDGE('',*,*,#4006,.T.);
#5534=ORIENTED_EDGE('',*,*,#4004,.T.);
#5535=ORIENTED_EDGE('',*,*,#4002,.T.);
#5536=ORIENTED_EDGE('',*,*,#3965,.T.);
#5537=ORIENTED_EDGE('',*,*,#3979,.T.);
#5538=ORIENTED_EDGE('',*,*,#3977,.T.);
#5539=ORIENTED_EDGE('',*,*,#3975,.T.);
#5540=ORIENTED_EDGE('',*,*,#3973,.T.);
#5541=ORIENTED_EDGE('',*,*,#3971,.T.);
#5542=ORIENTED_EDGE('',*,*,#3969,.T.);
#5543=ORIENTED_EDGE('',*,*,#3967,.T.);
#5544=ORIENTED_EDGE('',*,*,#3917,.T.);
#5545=ORIENTED_EDGE('',*,*,#3937,.T.);
#5546=ORIENTED_EDGE('',*,*,#3935,.T.);
#5547=ORIENTED_EDGE('',*,*,#3933,.T.);
#5548=ORIENTED_EDGE('',*,*,#3931,.T.);
#5549=ORIENTED_EDGE('',*,*,#3929,.T.);
#5550=ORIENTED_EDGE('',*,*,#3927,.T.);
#5551=ORIENTED_EDGE('',*,*,#3925,.T.);
#5552=ORIENTED_EDGE('',*,*,#3923,.T.);
#5553=ORIENTED_EDGE('',*,*,#3921,.T.);
#5554=ORIENTED_EDGE('',*,*,#3919,.T.);
#5555=ORIENTED_EDGE('',*,*,#4045,.T.);
#5556=ORIENTED_EDGE('',*,*,#4080,.T.);
#5557=ORIENTED_EDGE('',*,*,#4138,.T.);
#5558=ORIENTED_EDGE('',*,*,#4114,.T.);
#5559=ORIENTED_EDGE('',*,*,#4141,.T.);
#5560=ORIENTED_EDGE('',*,*,#4142,.F.);
#5561=ORIENTED_EDGE('',*,*,#4143,.T.);
#5562=ORIENTED_EDGE('',*,*,#4144,.F.);
#5563=ORIENTED_EDGE('',*,*,#4145,.F.);
#5564=ORIENTED_EDGE('',*,*,#4146,.F.);
#5565=ORIENTED_EDGE('',*,*,#4145,.T.);
#5566=ORIENTED_EDGE('',*,*,#4147,.F.);
#5567=ORIENTED_EDGE('',*,*,#4148,.F.);
#5568=ORIENTED_EDGE('',*,*,#4149,.F.);
#5569=ORIENTED_EDGE('',*,*,#4148,.T.);
#5570=ORIENTED_EDGE('',*,*,#4150,.F.);
#5571=ORIENTED_EDGE('',*,*,#4151,.F.);
#5572=ORIENTED_EDGE('',*,*,#4152,.F.);
#5573=ORIENTED_EDGE('',*,*,#4151,.T.);
#5574=ORIENTED_EDGE('',*,*,#4153,.F.);
#5575=ORIENTED_EDGE('',*,*,#4154,.F.);
#5576=ORIENTED_EDGE('',*,*,#4155,.F.);
#5577=ORIENTED_EDGE('',*,*,#4154,.T.);
#5578=ORIENTED_EDGE('',*,*,#4156,.F.);
#5579=ORIENTED_EDGE('',*,*,#4157,.F.);
#5580=ORIENTED_EDGE('',*,*,#4158,.F.);
#5581=ORIENTED_EDGE('',*,*,#4159,.T.);
#5582=ORIENTED_EDGE('',*,*,#4160,.F.);
#5583=ORIENTED_EDGE('',*,*,#4143,.F.);
#5584=ORIENTED_EDGE('',*,*,#4161,.F.);
#5585=ORIENTED_EDGE('',*,*,#4162,.T.);
#5586=ORIENTED_EDGE('',*,*,#4163,.F.);
#5587=ORIENTED_EDGE('',*,*,#4159,.F.);
#5588=ORIENTED_EDGE('',*,*,#4164,.F.);
#5589=ORIENTED_EDGE('',*,*,#4157,.T.);
#5590=ORIENTED_EDGE('',*,*,#4165,.F.);
#5591=ORIENTED_EDGE('',*,*,#4162,.F.);
#5592=ORIENTED_EDGE('',*,*,#4166,.T.);
#5593=ORIENTED_EDGE('',*,*,#4167,.F.);
#5594=ORIENTED_EDGE('',*,*,#4168,.T.);
#5595=ORIENTED_EDGE('',*,*,#4169,.T.);
#5596=ORIENTED_EDGE('',*,*,#4169,.F.);
#5597=ORIENTED_EDGE('',*,*,#4170,.T.);
#5598=ORIENTED_EDGE('',*,*,#4171,.F.);
#5599=ORIENTED_EDGE('',*,*,#4172,.T.);
#5600=ORIENTED_EDGE('',*,*,#4173,.T.);
#5601=ORIENTED_EDGE('',*,*,#4174,.T.);
#5602=ORIENTED_EDGE('',*,*,#4168,.F.);
#5603=ORIENTED_EDGE('',*,*,#4175,.F.);
#5604=ORIENTED_EDGE('',*,*,#4176,.F.);
#5605=ORIENTED_EDGE('',*,*,#4177,.T.);
#5606=ORIENTED_EDGE('',*,*,#4178,.T.);
#5607=ORIENTED_EDGE('',*,*,#4179,.T.);
#5608=ORIENTED_EDGE('',*,*,#4171,.T.);
#5609=ORIENTED_EDGE('',*,*,#4180,.T.);
#5610=ORIENTED_EDGE('',*,*,#4181,.F.);
#5611=ORIENTED_EDGE('',*,*,#4179,.F.);
#5612=ORIENTED_EDGE('',*,*,#4182,.F.);
#5613=ORIENTED_EDGE('',*,*,#4183,.T.);
#5614=ORIENTED_EDGE('',*,*,#4184,.T.);
#5615=ORIENTED_EDGE('',*,*,#4185,.T.);
#5616=ORIENTED_EDGE('',*,*,#4172,.F.);
#5617=ORIENTED_EDGE('',*,*,#4180,.F.);
#5618=ORIENTED_EDGE('',*,*,#4186,.F.);
#5619=ORIENTED_EDGE('',*,*,#4187,.F.);
#5620=ORIENTED_EDGE('',*,*,#4188,.T.);
#5621=ORIENTED_EDGE('',*,*,#4189,.T.);
#5622=ORIENTED_EDGE('',*,*,#4190,.T.);
#5623=ORIENTED_EDGE('',*,*,#4191,.T.);
#5624=ORIENTED_EDGE('',*,*,#4192,.T.);
#5625=ORIENTED_EDGE('',*,*,#4193,.T.);
#5626=ORIENTED_EDGE('',*,*,#4194,.T.);
#5627=ORIENTED_EDGE('',*,*,#4195,.T.);
#5628=ORIENTED_EDGE('',*,*,#4196,.T.);
#5629=ORIENTED_EDGE('',*,*,#4197,.T.);
#5630=ORIENTED_EDGE('',*,*,#4198,.T.);
#5631=ORIENTED_EDGE('',*,*,#4199,.T.);
#5632=ORIENTED_EDGE('',*,*,#4200,.T.);
#5633=ORIENTED_EDGE('',*,*,#4201,.F.);
#5634=ORIENTED_EDGE('',*,*,#4202,.T.);
#5635=ORIENTED_EDGE('',*,*,#4203,.T.);
#5636=ORIENTED_EDGE('',*,*,#4204,.T.);
#5637=ORIENTED_EDGE('',*,*,#4205,.T.);
#5638=ORIENTED_EDGE('',*,*,#4206,.T.);
#5639=ORIENTED_EDGE('',*,*,#4207,.T.);
#5640=ORIENTED_EDGE('',*,*,#4208,.T.);
#5641=ORIENTED_EDGE('',*,*,#4209,.T.);
#5642=ORIENTED_EDGE('',*,*,#4210,.T.);
#5643=ORIENTED_EDGE('',*,*,#4211,.T.);
#5644=ORIENTED_EDGE('',*,*,#4212,.T.);
#5645=ORIENTED_EDGE('',*,*,#4213,.T.);
#5646=ORIENTED_EDGE('',*,*,#4214,.T.);
#5647=ORIENTED_EDGE('',*,*,#4215,.T.);
#5648=ORIENTED_EDGE('',*,*,#4216,.T.);
#5649=ORIENTED_EDGE('',*,*,#4217,.T.);
#5650=ORIENTED_EDGE('',*,*,#4218,.T.);
#5651=ORIENTED_EDGE('',*,*,#4182,.T.);
#5652=ORIENTED_EDGE('',*,*,#4181,.T.);
#5653=ORIENTED_EDGE('',*,*,#4187,.T.);
#5654=ORIENTED_EDGE('',*,*,#4167,.T.);
#5655=ORIENTED_EDGE('',*,*,#4219,.T.);
#5656=ORIENTED_EDGE('',*,*,#4220,.T.);
#5657=ORIENTED_EDGE('',*,*,#4221,.T.);
#5658=ORIENTED_EDGE('',*,*,#4222,.T.);
#5659=ORIENTED_EDGE('',*,*,#4223,.T.);
#5660=ORIENTED_EDGE('',*,*,#4224,.T.);
#5661=ORIENTED_EDGE('',*,*,#4225,.T.);
#5662=ORIENTED_EDGE('',*,*,#4226,.T.);
#5663=ORIENTED_EDGE('',*,*,#4227,.T.);
#5664=ORIENTED_EDGE('',*,*,#4228,.T.);
#5665=ORIENTED_EDGE('',*,*,#4229,.T.);
#5666=ORIENTED_EDGE('',*,*,#4230,.T.);
#5667=ORIENTED_EDGE('',*,*,#4231,.T.);
#5668=ORIENTED_EDGE('',*,*,#4232,.T.);
#5669=ORIENTED_EDGE('',*,*,#4233,.T.);
#5670=ORIENTED_EDGE('',*,*,#4234,.T.);
#5671=ORIENTED_EDGE('',*,*,#4235,.T.);
#5672=ORIENTED_EDGE('',*,*,#4236,.T.);
#5673=ORIENTED_EDGE('',*,*,#4175,.T.);
#5674=ORIENTED_EDGE('',*,*,#4237,.T.);
#5675=ORIENTED_EDGE('',*,*,#4238,.T.);
#5676=ORIENTED_EDGE('',*,*,#4239,.T.);
#5677=ORIENTED_EDGE('',*,*,#4240,.T.);
#5678=ORIENTED_EDGE('',*,*,#4241,.F.);
#5679=ORIENTED_EDGE('',*,*,#4242,.F.);
#5680=ORIENTED_EDGE('',*,*,#4243,.F.);
#5681=ORIENTED_EDGE('',*,*,#4244,.F.);
#5682=ORIENTED_EDGE('',*,*,#4245,.F.);
#5683=ORIENTED_EDGE('',*,*,#4246,.F.);
#5684=ORIENTED_EDGE('',*,*,#4247,.F.);
#5685=ORIENTED_EDGE('',*,*,#4248,.F.);
#5686=ORIENTED_EDGE('',*,*,#4249,.F.);
#5687=ORIENTED_EDGE('',*,*,#4250,.F.);
#5688=ORIENTED_EDGE('',*,*,#4251,.F.);
#5689=ORIENTED_EDGE('',*,*,#4252,.F.);
#5690=ORIENTED_EDGE('',*,*,#4253,.F.);
#5691=ORIENTED_EDGE('',*,*,#4254,.F.);
#5692=ORIENTED_EDGE('',*,*,#4255,.F.);
#5693=ORIENTED_EDGE('',*,*,#4256,.F.);
#5694=ORIENTED_EDGE('',*,*,#4257,.F.);
#5695=ORIENTED_EDGE('',*,*,#4258,.F.);
#5696=ORIENTED_EDGE('',*,*,#4259,.F.);
#5697=ORIENTED_EDGE('',*,*,#4260,.F.);
#5698=ORIENTED_EDGE('',*,*,#4261,.F.);
#5699=ORIENTED_EDGE('',*,*,#4262,.F.);
#5700=ORIENTED_EDGE('',*,*,#4263,.F.);
#5701=ORIENTED_EDGE('',*,*,#4264,.F.);
#5702=ORIENTED_EDGE('',*,*,#4265,.F.);
#5703=ORIENTED_EDGE('',*,*,#4266,.F.);
#5704=ORIENTED_EDGE('',*,*,#4267,.F.);
#5705=ORIENTED_EDGE('',*,*,#4268,.F.);
#5706=ORIENTED_EDGE('',*,*,#4269,.F.);
#5707=ORIENTED_EDGE('',*,*,#4270,.F.);
#5708=ORIENTED_EDGE('',*,*,#4271,.F.);
#5709=ORIENTED_EDGE('',*,*,#4272,.F.);
#5710=ORIENTED_EDGE('',*,*,#4273,.F.);
#5711=ORIENTED_EDGE('',*,*,#4274,.F.);
#5712=ORIENTED_EDGE('',*,*,#4275,.F.);
#5713=ORIENTED_EDGE('',*,*,#4276,.T.);
#5714=ORIENTED_EDGE('',*,*,#4277,.T.);
#5715=ORIENTED_EDGE('',*,*,#4278,.F.);
#5716=ORIENTED_EDGE('',*,*,#4279,.F.);
#5717=ORIENTED_EDGE('',*,*,#4280,.F.);
#5718=ORIENTED_EDGE('',*,*,#4242,.T.);
#5719=ORIENTED_EDGE('',*,*,#4281,.F.);
#5720=ORIENTED_EDGE('',*,*,#4282,.T.);
#5721=ORIENTED_EDGE('',*,*,#4283,.F.);
#5722=ORIENTED_EDGE('',*,*,#4275,.T.);
#5723=ORIENTED_EDGE('',*,*,#4284,.T.);
#5724=ORIENTED_EDGE('',*,*,#4285,.F.);
#5725=ORIENTED_EDGE('',*,*,#4286,.F.);
#5726=ORIENTED_EDGE('',*,*,#4287,.T.);
#5727=ORIENTED_EDGE('',*,*,#4288,.T.);
#5728=ORIENTED_EDGE('',*,*,#4274,.T.);
#5729=ORIENTED_EDGE('',*,*,#4289,.T.);
#5730=ORIENTED_EDGE('',*,*,#4290,.F.);
#5731=ORIENTED_EDGE('',*,*,#4284,.F.);
#5732=ORIENTED_EDGE('',*,*,#4273,.T.);
#5733=ORIENTED_EDGE('',*,*,#4291,.T.);
#5734=ORIENTED_EDGE('',*,*,#4292,.F.);
#5735=ORIENTED_EDGE('',*,*,#4289,.F.);
#5736=ORIENTED_EDGE('',*,*,#4272,.T.);
#5737=ORIENTED_EDGE('',*,*,#4293,.F.);
#5738=ORIENTED_EDGE('',*,*,#4294,.F.);
#5739=ORIENTED_EDGE('',*,*,#4291,.F.);
#5740=ORIENTED_EDGE('',*,*,#4271,.T.);
#5741=ORIENTED_EDGE('',*,*,#4295,.T.);
#5742=ORIENTED_EDGE('',*,*,#4296,.F.);
#5743=ORIENTED_EDGE('',*,*,#4293,.T.);
#5744=ORIENTED_EDGE('',*,*,#4270,.T.);
#5745=ORIENTED_EDGE('',*,*,#4297,.T.);
#5746=ORIENTED_EDGE('',*,*,#4298,.F.);
#5747=ORIENTED_EDGE('',*,*,#4295,.F.);
#5748=ORIENTED_EDGE('',*,*,#4269,.T.);
#5749=ORIENTED_EDGE('',*,*,#4299,.T.);
#5750=ORIENTED_EDGE('',*,*,#4300,.F.);
#5751=ORIENTED_EDGE('',*,*,#4297,.F.);
#5752=ORIENTED_EDGE('',*,*,#4268,.T.);
#5753=ORIENTED_EDGE('',*,*,#4301,.F.);
#5754=ORIENTED_EDGE('',*,*,#4302,.F.);
#5755=ORIENTED_EDGE('',*,*,#4299,.F.);
#5756=ORIENTED_EDGE('',*,*,#4267,.T.);
#5757=ORIENTED_EDGE('',*,*,#4303,.T.);
#5758=ORIENTED_EDGE('',*,*,#4304,.F.);
#5759=ORIENTED_EDGE('',*,*,#4301,.T.);
#5760=ORIENTED_EDGE('',*,*,#4266,.T.);
#5761=ORIENTED_EDGE('',*,*,#4305,.T.);
#5762=ORIENTED_EDGE('',*,*,#4306,.F.);
#5763=ORIENTED_EDGE('',*,*,#4303,.F.);
#5764=ORIENTED_EDGE('',*,*,#4265,.T.);
#5765=ORIENTED_EDGE('',*,*,#4307,.T.);
#5766=ORIENTED_EDGE('',*,*,#4308,.F.);
#5767=ORIENTED_EDGE('',*,*,#4305,.F.);
#5768=ORIENTED_EDGE('',*,*,#4264,.T.);
#5769=ORIENTED_EDGE('',*,*,#4309,.F.);
#5770=ORIENTED_EDGE('',*,*,#4310,.F.);
#5771=ORIENTED_EDGE('',*,*,#4307,.F.);
#5772=ORIENTED_EDGE('',*,*,#4311,.T.);
#5773=ORIENTED_EDGE('',*,*,#4312,.T.);
#5774=ORIENTED_EDGE('',*,*,#4257,.T.);
#5775=ORIENTED_EDGE('',*,*,#4313,.T.);
#5776=ORIENTED_EDGE('',*,*,#4314,.T.);
#5777=ORIENTED_EDGE('',*,*,#4315,.T.);
#5778=ORIENTED_EDGE('',*,*,#4176,.T.);
#5779=ORIENTED_EDGE('',*,*,#4236,.F.);
#5780=ORIENTED_EDGE('',*,*,#4316,.F.);
#5781=ORIENTED_EDGE('',*,*,#4317,.T.);
#5782=ORIENTED_EDGE('',*,*,#4263,.T.);
#5783=ORIENTED_EDGE('',*,*,#4318,.T.);
#5784=ORIENTED_EDGE('',*,*,#4319,.F.);
#5785=ORIENTED_EDGE('',*,*,#4309,.T.);
#5786=ORIENTED_EDGE('',*,*,#4320,.T.);
#5787=ORIENTED_EDGE('',*,*,#4321,.F.);
#5788=ORIENTED_EDGE('',*,*,#4322,.F.);
#5789=ORIENTED_EDGE('',*,*,#4323,.F.);
#5790=ORIENTED_EDGE('',*,*,#4258,.T.);
#5791=ORIENTED_EDGE('',*,*,#4312,.F.);
#5792=ORIENTED_EDGE('',*,*,#4262,.T.);
#5793=ORIENTED_EDGE('',*,*,#4324,.T.);
#5794=ORIENTED_EDGE('',*,*,#4325,.F.);
#5795=ORIENTED_EDGE('',*,*,#4318,.F.);
#5796=ORIENTED_EDGE('',*,*,#4261,.T.);
#5797=ORIENTED_EDGE('',*,*,#4326,.T.);
#5798=ORIENTED_EDGE('',*,*,#4327,.F.);
#5799=ORIENTED_EDGE('',*,*,#4324,.F.);
#5800=ORIENTED_EDGE('',*,*,#4328,.F.);
#5801=ORIENTED_EDGE('',*,*,#4329,.F.);
#5802=ORIENTED_EDGE('',*,*,#4330,.F.);
#5803=ORIENTED_EDGE('',*,*,#4331,.F.);
#5804=ORIENTED_EDGE('',*,*,#4332,.F.);
#5805=ORIENTED_EDGE('',*,*,#4333,.F.);
#5806=ORIENTED_EDGE('',*,*,#4277,.F.);
#5807=ORIENTED_EDGE('',*,*,#4334,.F.);
#5808=ORIENTED_EDGE('',*,*,#4276,.F.);
#5809=ORIENTED_EDGE('',*,*,#4288,.F.);
#5810=ORIENTED_EDGE('',*,*,#4335,.F.);
#5811=ORIENTED_EDGE('',*,*,#4336,.F.);
#5812=ORIENTED_EDGE('',*,*,#4337,.F.);
#5813=ORIENTED_EDGE('',*,*,#4338,.F.);
#5814=ORIENTED_EDGE('',*,*,#4339,.F.);
#5815=ORIENTED_EDGE('',*,*,#4340,.T.);
#5816=ORIENTED_EDGE('',*,*,#4320,.F.);
#5817=ORIENTED_EDGE('',*,*,#4311,.F.);
#5818=ORIENTED_EDGE('',*,*,#4336,.T.);
#5819=ORIENTED_EDGE('',*,*,#4341,.T.);
#5820=ORIENTED_EDGE('',*,*,#4342,.F.);
#5821=ORIENTED_EDGE('',*,*,#4343,.F.);
#5822=ORIENTED_EDGE('',*,*,#4331,.T.);
#5823=ORIENTED_EDGE('',*,*,#4344,.T.);
#5824=ORIENTED_EDGE('',*,*,#4345,.F.);
#5825=ORIENTED_EDGE('',*,*,#4346,.F.);
#5826=ORIENTED_EDGE('',*,*,#4329,.T.);
#5827=ORIENTED_EDGE('',*,*,#4347,.T.);
#5828=ORIENTED_EDGE('',*,*,#4348,.F.);
#5829=ORIENTED_EDGE('',*,*,#4349,.F.);
#5830=ORIENTED_EDGE('',*,*,#4338,.T.);
#5831=ORIENTED_EDGE('',*,*,#4350,.T.);
#5832=ORIENTED_EDGE('',*,*,#4351,.F.);
#5833=ORIENTED_EDGE('',*,*,#4352,.F.);
#5834=ORIENTED_EDGE('',*,*,#4340,.F.);
#5835=ORIENTED_EDGE('',*,*,#4353,.T.);
#5836=ORIENTED_EDGE('',*,*,#4278,.T.);
#5837=ORIENTED_EDGE('',*,*,#4333,.T.);
#5838=ORIENTED_EDGE('',*,*,#4354,.T.);
#5839=ORIENTED_EDGE('',*,*,#4355,.T.);
#5840=ORIENTED_EDGE('',*,*,#4356,.F.);
#5841=ORIENTED_EDGE('',*,*,#4357,.F.);
#5842=ORIENTED_EDGE('',*,*,#4321,.T.);
#5843=ORIENTED_EDGE('',*,*,#4358,.F.);
#5844=ORIENTED_EDGE('',*,*,#4359,.T.);
#5845=ORIENTED_EDGE('',*,*,#4360,.F.);
#5846=ORIENTED_EDGE('',*,*,#4361,.F.);
#5847=ORIENTED_EDGE('',*,*,#4362,.F.);
#5848=ORIENTED_EDGE('',*,*,#4363,.F.);
#5849=ORIENTED_EDGE('',*,*,#4364,.F.);
#5850=ORIENTED_EDGE('',*,*,#4365,.F.);
#5851=ORIENTED_EDGE('',*,*,#4366,.F.);
#5852=ORIENTED_EDGE('',*,*,#4367,.F.);
#5853=ORIENTED_EDGE('',*,*,#4368,.F.);
#5854=ORIENTED_EDGE('',*,*,#4369,.F.);
#5855=ORIENTED_EDGE('',*,*,#4370,.F.);
#5856=ORIENTED_EDGE('',*,*,#4371,.F.);
#5857=ORIENTED_EDGE('',*,*,#4372,.F.);
#5858=ORIENTED_EDGE('',*,*,#4373,.F.);
#5859=ORIENTED_EDGE('',*,*,#4374,.F.);
#5860=ORIENTED_EDGE('',*,*,#4375,.F.);
#5861=ORIENTED_EDGE('',*,*,#4376,.F.);
#5862=ORIENTED_EDGE('',*,*,#4377,.F.);
#5863=ORIENTED_EDGE('',*,*,#4314,.F.);
#5864=ORIENTED_EDGE('',*,*,#4378,.F.);
#5865=ORIENTED_EDGE('',*,*,#4379,.F.);
#5866=ORIENTED_EDGE('',*,*,#4380,.F.);
#5867=ORIENTED_EDGE('',*,*,#4381,.F.);
#5868=ORIENTED_EDGE('',*,*,#4382,.F.);
#5869=ORIENTED_EDGE('',*,*,#4383,.F.);
#5870=ORIENTED_EDGE('',*,*,#4384,.F.);
#5871=ORIENTED_EDGE('',*,*,#4385,.F.);
#5872=ORIENTED_EDGE('',*,*,#4386,.F.);
#5873=ORIENTED_EDGE('',*,*,#4387,.F.);
#5874=ORIENTED_EDGE('',*,*,#4388,.F.);
#5875=ORIENTED_EDGE('',*,*,#4389,.F.);
#5876=ORIENTED_EDGE('',*,*,#4390,.F.);
#5877=ORIENTED_EDGE('',*,*,#4391,.F.);
#5878=ORIENTED_EDGE('',*,*,#4282,.F.);
#5879=ORIENTED_EDGE('',*,*,#4201,.T.);
#5880=ORIENTED_EDGE('',*,*,#4392,.F.);
#5881=ORIENTED_EDGE('',*,*,#4393,.F.);
#5882=ORIENTED_EDGE('',*,*,#4394,.F.);
#5883=ORIENTED_EDGE('',*,*,#4393,.T.);
#5884=ORIENTED_EDGE('',*,*,#4395,.T.);
#5885=ORIENTED_EDGE('',*,*,#4396,.T.);
#5886=ORIENTED_EDGE('',*,*,#4397,.F.);
#5887=ORIENTED_EDGE('',*,*,#4398,.T.);
#5888=ORIENTED_EDGE('',*,*,#4399,.F.);
#5889=ORIENTED_EDGE('',*,*,#4400,.T.);
#5890=ORIENTED_EDGE('',*,*,#4401,.F.);
#5891=ORIENTED_EDGE('',*,*,#4402,.T.);
#5892=ORIENTED_EDGE('',*,*,#4403,.F.);
#5893=ORIENTED_EDGE('',*,*,#4404,.T.);
#5894=ORIENTED_EDGE('',*,*,#4405,.F.);
#5895=ORIENTED_EDGE('',*,*,#4359,.F.);
#5896=ORIENTED_EDGE('',*,*,#4406,.F.);
#5897=ORIENTED_EDGE('',*,*,#4280,.T.);
#5898=ORIENTED_EDGE('',*,*,#4407,.T.);
#5899=ORIENTED_EDGE('',*,*,#4408,.T.);
#5900=ORIENTED_EDGE('',*,*,#4202,.F.);
#5901=ORIENTED_EDGE('',*,*,#4394,.T.);
#5902=ORIENTED_EDGE('',*,*,#4406,.T.);
#5903=ORIENTED_EDGE('',*,*,#4358,.T.);
#5904=ORIENTED_EDGE('',*,*,#4281,.T.);
#5905=ORIENTED_EDGE('',*,*,#4241,.T.);
#5906=ORIENTED_EDGE('',*,*,#4334,.T.);
#5907=ORIENTED_EDGE('',*,*,#4243,.T.);
#5908=ORIENTED_EDGE('',*,*,#4283,.T.);
#5909=ORIENTED_EDGE('',*,*,#4391,.T.);
#5910=ORIENTED_EDGE('',*,*,#4409,.F.);
#5911=ORIENTED_EDGE('',*,*,#4244,.T.);
#5912=ORIENTED_EDGE('',*,*,#4409,.T.);
#5913=ORIENTED_EDGE('',*,*,#4390,.T.);
#5914=ORIENTED_EDGE('',*,*,#4410,.F.);
#5915=ORIENTED_EDGE('',*,*,#4245,.T.);
#5916=ORIENTED_EDGE('',*,*,#4410,.T.);
#5917=ORIENTED_EDGE('',*,*,#4389,.T.);
#5918=ORIENTED_EDGE('',*,*,#4411,.T.);
#5919=ORIENTED_EDGE('',*,*,#4246,.T.);
#5920=ORIENTED_EDGE('',*,*,#4411,.F.);
#5921=ORIENTED_EDGE('',*,*,#4388,.T.);
#5922=ORIENTED_EDGE('',*,*,#4412,.F.);
#5923=ORIENTED_EDGE('',*,*,#4247,.T.);
#5924=ORIENTED_EDGE('',*,*,#4412,.T.);
#5925=ORIENTED_EDGE('',*,*,#4387,.T.);
#5926=ORIENTED_EDGE('',*,*,#4413,.F.);
#5927=ORIENTED_EDGE('',*,*,#4248,.T.);
#5928=ORIENTED_EDGE('',*,*,#4413,.T.);
#5929=ORIENTED_EDGE('',*,*,#4386,.T.);
#5930=ORIENTED_EDGE('',*,*,#4414,.F.);
#5931=ORIENTED_EDGE('',*,*,#4249,.T.);
#5932=ORIENTED_EDGE('',*,*,#4414,.T.);
#5933=ORIENTED_EDGE('',*,*,#4385,.T.);
#5934=ORIENTED_EDGE('',*,*,#4415,.T.);
#5935=ORIENTED_EDGE('',*,*,#4250,.T.);
#5936=ORIENTED_EDGE('',*,*,#4415,.F.);
#5937=ORIENTED_EDGE('',*,*,#4384,.T.);
#5938=ORIENTED_EDGE('',*,*,#4416,.F.);
#5939=ORIENTED_EDGE('',*,*,#4251,.T.);
#5940=ORIENTED_EDGE('',*,*,#4416,.T.);
#5941=ORIENTED_EDGE('',*,*,#4383,.T.);
#5942=ORIENTED_EDGE('',*,*,#4417,.F.);
#5943=ORIENTED_EDGE('',*,*,#4252,.T.);
#5944=ORIENTED_EDGE('',*,*,#4417,.T.);
#5945=ORIENTED_EDGE('',*,*,#4382,.T.);
#5946=ORIENTED_EDGE('',*,*,#4418,.F.);
#5947=ORIENTED_EDGE('',*,*,#4253,.T.);
#5948=ORIENTED_EDGE('',*,*,#4418,.T.);
#5949=ORIENTED_EDGE('',*,*,#4381,.T.);
#5950=ORIENTED_EDGE('',*,*,#4419,.T.);
#5951=ORIENTED_EDGE('',*,*,#4254,.T.);
#5952=ORIENTED_EDGE('',*,*,#4419,.F.);
#5953=ORIENTED_EDGE('',*,*,#4380,.T.);
#5954=ORIENTED_EDGE('',*,*,#4420,.F.);
#5955=ORIENTED_EDGE('',*,*,#4255,.T.);
#5956=ORIENTED_EDGE('',*,*,#4420,.T.);
#5957=ORIENTED_EDGE('',*,*,#4379,.T.);
#5958=ORIENTED_EDGE('',*,*,#4421,.F.);
#5959=ORIENTED_EDGE('',*,*,#4256,.T.);
#5960=ORIENTED_EDGE('',*,*,#4421,.T.);
#5961=ORIENTED_EDGE('',*,*,#4378,.T.);
#5962=ORIENTED_EDGE('',*,*,#4313,.F.);
#5963=ORIENTED_EDGE('',*,*,#4422,.F.);
#5964=ORIENTED_EDGE('',*,*,#4423,.T.);
#5965=ORIENTED_EDGE('',*,*,#4177,.F.);
#5966=ORIENTED_EDGE('',*,*,#4315,.F.);
#5967=ORIENTED_EDGE('',*,*,#4377,.T.);
#5968=ORIENTED_EDGE('',*,*,#4424,.F.);
#5969=ORIENTED_EDGE('',*,*,#4360,.T.);
#5970=ORIENTED_EDGE('',*,*,#4405,.T.);
#5971=ORIENTED_EDGE('',*,*,#4425,.T.);
#5972=ORIENTED_EDGE('',*,*,#4426,.F.);
#5973=ORIENTED_EDGE('',*,*,#4427,.T.);
#5974=ORIENTED_EDGE('',*,*,#4428,.T.);
#5975=ORIENTED_EDGE('',*,*,#4403,.T.);
#5976=ORIENTED_EDGE('',*,*,#4429,.F.);
#5977=ORIENTED_EDGE('',*,*,#4430,.F.);
#5978=ORIENTED_EDGE('',*,*,#4431,.T.);
#5979=ORIENTED_EDGE('',*,*,#4401,.T.);
#5980=ORIENTED_EDGE('',*,*,#4432,.F.);
#5981=ORIENTED_EDGE('',*,*,#4433,.F.);
#5982=ORIENTED_EDGE('',*,*,#4434,.T.);
#5983=ORIENTED_EDGE('',*,*,#4399,.T.);
#5984=ORIENTED_EDGE('',*,*,#4435,.F.);
#5985=ORIENTED_EDGE('',*,*,#4436,.F.);
#5986=ORIENTED_EDGE('',*,*,#4437,.T.);
#5987=ORIENTED_EDGE('',*,*,#4397,.T.);
#5988=ORIENTED_EDGE('',*,*,#4438,.F.);
#5989=ORIENTED_EDGE('',*,*,#4439,.F.);
#5990=ORIENTED_EDGE('',*,*,#4440,.T.);
#5991=ORIENTED_EDGE('',*,*,#4392,.T.);
#5992=ORIENTED_EDGE('',*,*,#4200,.F.);
#5993=ORIENTED_EDGE('',*,*,#4186,.T.);
#5994=ORIENTED_EDGE('',*,*,#4170,.F.);
#5995=ORIENTED_EDGE('',*,*,#4178,.F.);
#5996=ORIENTED_EDGE('',*,*,#4423,.F.);
#5997=ORIENTED_EDGE('',*,*,#4441,.F.);
#5998=ORIENTED_EDGE('',*,*,#4442,.T.);
#5999=ORIENTED_EDGE('',*,*,#4443,.T.);
#6000=ORIENTED_EDGE('',*,*,#4444,.T.);
#6001=ORIENTED_EDGE('',*,*,#4395,.F.);
#6002=ORIENTED_EDGE('',*,*,#4155,.T.);
#6003=ORIENTED_EDGE('',*,*,#4164,.T.);
#6004=ORIENTED_EDGE('',*,*,#4161,.T.);
#6005=ORIENTED_EDGE('',*,*,#4158,.T.);
#6006=ORIENTED_EDGE('',*,*,#4142,.T.);
#6007=ORIENTED_EDGE('',*,*,#4146,.T.);
#6008=ORIENTED_EDGE('',*,*,#4149,.T.);
#6009=ORIENTED_EDGE('',*,*,#4152,.T.);
#6010=ORIENTED_EDGE('',*,*,#4422,.T.);
#6011=ORIENTED_EDGE('',*,*,#4445,.F.);
#6012=ORIENTED_EDGE('',*,*,#4446,.T.);
#6013=ORIENTED_EDGE('',*,*,#4441,.T.);
#6014=ORIENTED_EDGE('',*,*,#4447,.T.);
#6015=ORIENTED_EDGE('',*,*,#4207,.F.);
#6016=ORIENTED_EDGE('',*,*,#4448,.T.);
#6017=ORIENTED_EDGE('',*,*,#4449,.T.);
#6018=ORIENTED_EDGE('',*,*,#4450,.T.);
#6019=ORIENTED_EDGE('',*,*,#4211,.F.);
#6020=ORIENTED_EDGE('',*,*,#4451,.T.);
#6021=ORIENTED_EDGE('',*,*,#4452,.T.);
#6022=ORIENTED_EDGE('',*,*,#4279,.T.);
#6023=ORIENTED_EDGE('',*,*,#4353,.F.);
#6024=ORIENTED_EDGE('',*,*,#4339,.T.);
#6025=ORIENTED_EDGE('',*,*,#4317,.F.);
#6026=ORIENTED_EDGE('',*,*,#4453,.F.);
#6027=ORIENTED_EDGE('',*,*,#4454,.F.);
#6028=ORIENTED_EDGE('',*,*,#4455,.F.);
#6029=ORIENTED_EDGE('',*,*,#4456,.F.);
#6030=ORIENTED_EDGE('',*,*,#4457,.F.);
#6031=ORIENTED_EDGE('',*,*,#4458,.F.);
#6032=ORIENTED_EDGE('',*,*,#4459,.F.);
#6033=ORIENTED_EDGE('',*,*,#4460,.F.);
#6034=ORIENTED_EDGE('',*,*,#4461,.F.);
#6035=ORIENTED_EDGE('',*,*,#4462,.F.);
#6036=ORIENTED_EDGE('',*,*,#4463,.F.);
#6037=ORIENTED_EDGE('',*,*,#4464,.F.);
#6038=ORIENTED_EDGE('',*,*,#4465,.F.);
#6039=ORIENTED_EDGE('',*,*,#4466,.F.);
#6040=ORIENTED_EDGE('',*,*,#4467,.F.);
#6041=ORIENTED_EDGE('',*,*,#4468,.F.);
#6042=ORIENTED_EDGE('',*,*,#4469,.F.);
#6043=ORIENTED_EDGE('',*,*,#4470,.F.);
#6044=ORIENTED_EDGE('',*,*,#4471,.T.);
#6045=ORIENTED_EDGE('',*,*,#4472,.T.);
#6046=ORIENTED_EDGE('',*,*,#4473,.T.);
#6047=ORIENTED_EDGE('',*,*,#4474,.F.);
#6048=ORIENTED_EDGE('',*,*,#4475,.T.);
#6049=ORIENTED_EDGE('',*,*,#4476,.T.);
#6050=ORIENTED_EDGE('',*,*,#4477,.T.);
#6051=ORIENTED_EDGE('',*,*,#4478,.F.);
#6052=ORIENTED_EDGE('',*,*,#4479,.T.);
#6053=ORIENTED_EDGE('',*,*,#4480,.T.);
#6054=ORIENTED_EDGE('',*,*,#4481,.T.);
#6055=ORIENTED_EDGE('',*,*,#4482,.F.);
#6056=ORIENTED_EDGE('',*,*,#4483,.T.);
#6057=ORIENTED_EDGE('',*,*,#4484,.T.);
#6058=ORIENTED_EDGE('',*,*,#4485,.T.);
#6059=ORIENTED_EDGE('',*,*,#4486,.F.);
#6060=ORIENTED_EDGE('',*,*,#4184,.F.);
#6061=ORIENTED_EDGE('',*,*,#4487,.T.);
#6062=ORIENTED_EDGE('',*,*,#4488,.T.);
#6063=ORIENTED_EDGE('',*,*,#4489,.T.);
#6064=ORIENTED_EDGE('',*,*,#4490,.F.);
#6065=ORIENTED_EDGE('',*,*,#4491,.T.);
#6066=ORIENTED_EDGE('',*,*,#4492,.T.);
#6067=ORIENTED_EDGE('',*,*,#4493,.T.);
#6068=ORIENTED_EDGE('',*,*,#4452,.F.);
#6069=ORIENTED_EDGE('',*,*,#4494,.T.);
#6070=ORIENTED_EDGE('',*,*,#4495,.T.);
#6071=ORIENTED_EDGE('',*,*,#4496,.T.);
#6072=ORIENTED_EDGE('',*,*,#4449,.F.);
#6073=ORIENTED_EDGE('',*,*,#4497,.T.);
#6074=ORIENTED_EDGE('',*,*,#4498,.T.);
#6075=ORIENTED_EDGE('',*,*,#4499,.T.);
#6076=ORIENTED_EDGE('',*,*,#4500,.F.);
#6077=ORIENTED_EDGE('',*,*,#4407,.F.);
#6078=ORIENTED_EDGE('',*,*,#4501,.F.);
#6079=ORIENTED_EDGE('',*,*,#4346,.T.);
#6080=ORIENTED_EDGE('',*,*,#4502,.F.);
#6081=ORIENTED_EDGE('',*,*,#4503,.F.);
#6082=ORIENTED_EDGE('',*,*,#4504,.F.);
#6083=ORIENTED_EDGE('',*,*,#4505,.F.);
#6084=ORIENTED_EDGE('',*,*,#4506,.F.);
#6085=ORIENTED_EDGE('',*,*,#4344,.F.);
#6086=ORIENTED_EDGE('',*,*,#4507,.F.);
#6087=ORIENTED_EDGE('',*,*,#4508,.F.);
#6088=ORIENTED_EDGE('',*,*,#4509,.F.);
#6089=ORIENTED_EDGE('',*,*,#4440,.F.);
#6090=ORIENTED_EDGE('',*,*,#4510,.F.);
#6091=ORIENTED_EDGE('',*,*,#4438,.T.);
#6092=ORIENTED_EDGE('',*,*,#4511,.F.);
#6093=ORIENTED_EDGE('',*,*,#4512,.F.);
#6094=ORIENTED_EDGE('',*,*,#4513,.F.);
#6095=ORIENTED_EDGE('',*,*,#4349,.T.);
#6096=ORIENTED_EDGE('',*,*,#4514,.F.);
#6097=ORIENTED_EDGE('',*,*,#4515,.F.);
#6098=ORIENTED_EDGE('',*,*,#4516,.F.);
#6099=ORIENTED_EDGE('',*,*,#4517,.F.);
#6100=ORIENTED_EDGE('',*,*,#4518,.F.);
#6101=ORIENTED_EDGE('',*,*,#4347,.F.);
#6102=ORIENTED_EDGE('',*,*,#4519,.F.);
#6103=ORIENTED_EDGE('',*,*,#4520,.F.);
#6104=ORIENTED_EDGE('',*,*,#4521,.F.);
#6105=ORIENTED_EDGE('',*,*,#4437,.F.);
#6106=ORIENTED_EDGE('',*,*,#4522,.F.);
#6107=ORIENTED_EDGE('',*,*,#4435,.T.);
#6108=ORIENTED_EDGE('',*,*,#4523,.F.);
#6109=ORIENTED_EDGE('',*,*,#4524,.F.);
#6110=ORIENTED_EDGE('',*,*,#4525,.F.);
#6111=ORIENTED_EDGE('',*,*,#4352,.T.);
#6112=ORIENTED_EDGE('',*,*,#4526,.F.);
#6113=ORIENTED_EDGE('',*,*,#4527,.F.);
#6114=ORIENTED_EDGE('',*,*,#4528,.F.);
#6115=ORIENTED_EDGE('',*,*,#4529,.F.);
#6116=ORIENTED_EDGE('',*,*,#4530,.F.);
#6117=ORIENTED_EDGE('',*,*,#4350,.F.);
#6118=ORIENTED_EDGE('',*,*,#4531,.F.);
#6119=ORIENTED_EDGE('',*,*,#4532,.F.);
#6120=ORIENTED_EDGE('',*,*,#4533,.F.);
#6121=ORIENTED_EDGE('',*,*,#4434,.F.);
#6122=ORIENTED_EDGE('',*,*,#4534,.F.);
#6123=ORIENTED_EDGE('',*,*,#4432,.T.);
#6124=ORIENTED_EDGE('',*,*,#4535,.F.);
#6125=ORIENTED_EDGE('',*,*,#4536,.F.);
#6126=ORIENTED_EDGE('',*,*,#4533,.T.);
#6127=ORIENTED_EDGE('',*,*,#4537,.F.);
#6128=ORIENTED_EDGE('',*,*,#4538,.T.);
#6129=ORIENTED_EDGE('',*,*,#4402,.F.);
#6130=ORIENTED_EDGE('',*,*,#4521,.T.);
#6131=ORIENTED_EDGE('',*,*,#4539,.F.);
#6132=ORIENTED_EDGE('',*,*,#4535,.T.);
#6133=ORIENTED_EDGE('',*,*,#4400,.F.);
#6134=ORIENTED_EDGE('',*,*,#4511,.T.);
#6135=ORIENTED_EDGE('',*,*,#4396,.F.);
#6136=ORIENTED_EDGE('',*,*,#4444,.F.);
#6137=ORIENTED_EDGE('',*,*,#4540,.F.);
#6138=ORIENTED_EDGE('',*,*,#4509,.T.);
#6139=ORIENTED_EDGE('',*,*,#4541,.F.);
#6140=ORIENTED_EDGE('',*,*,#4523,.T.);
#6141=ORIENTED_EDGE('',*,*,#4398,.F.);
#6142=ORIENTED_EDGE('',*,*,#4512,.T.);
#6143=ORIENTED_EDGE('',*,*,#4540,.T.);
#6144=ORIENTED_EDGE('',*,*,#4443,.F.);
#6145=ORIENTED_EDGE('',*,*,#4542,.T.);
#6146=ORIENTED_EDGE('',*,*,#4532,.T.);
#6147=ORIENTED_EDGE('',*,*,#4543,.T.);
#6148=ORIENTED_EDGE('',*,*,#4544,.T.);
#6149=ORIENTED_EDGE('',*,*,#4537,.T.);
#6150=ORIENTED_EDGE('',*,*,#4520,.T.);
#6151=ORIENTED_EDGE('',*,*,#4545,.T.);
#6152=ORIENTED_EDGE('',*,*,#4536,.T.);
#6153=ORIENTED_EDGE('',*,*,#4539,.T.);
#6154=ORIENTED_EDGE('',*,*,#4508,.T.);
#6155=ORIENTED_EDGE('',*,*,#4546,.T.);
#6156=ORIENTED_EDGE('',*,*,#4524,.T.);
#6157=ORIENTED_EDGE('',*,*,#4541,.T.);
#6158=ORIENTED_EDGE('',*,*,#4501,.T.);
#6159=ORIENTED_EDGE('',*,*,#4547,.F.);
#6160=ORIENTED_EDGE('',*,*,#4354,.F.);
#6161=ORIENTED_EDGE('',*,*,#4332,.T.);
#6162=ORIENTED_EDGE('',*,*,#4528,.T.);
#6163=ORIENTED_EDGE('',*,*,#4337,.T.);
#6164=ORIENTED_EDGE('',*,*,#4548,.T.);
#6165=ORIENTED_EDGE('',*,*,#4549,.F.);
#6166=ORIENTED_EDGE('',*,*,#4516,.T.);
#6167=ORIENTED_EDGE('',*,*,#4328,.T.);
#6168=ORIENTED_EDGE('',*,*,#4525,.T.);
#6169=ORIENTED_EDGE('',*,*,#4550,.F.);
#6170=ORIENTED_EDGE('',*,*,#4504,.T.);
#6171=ORIENTED_EDGE('',*,*,#4330,.T.);
#6172=ORIENTED_EDGE('',*,*,#4513,.T.);
#6173=ORIENTED_EDGE('',*,*,#4551,.F.);
#6174=ORIENTED_EDGE('',*,*,#4502,.T.);
#6175=ORIENTED_EDGE('',*,*,#4345,.T.);
#6176=ORIENTED_EDGE('',*,*,#4506,.T.);
#6177=ORIENTED_EDGE('',*,*,#4552,.T.);
#6178=ORIENTED_EDGE('',*,*,#4514,.T.);
#6179=ORIENTED_EDGE('',*,*,#4348,.T.);
#6180=ORIENTED_EDGE('',*,*,#4518,.T.);
#6181=ORIENTED_EDGE('',*,*,#4553,.T.);
#6182=ORIENTED_EDGE('',*,*,#4526,.T.);
#6183=ORIENTED_EDGE('',*,*,#4351,.T.);
#6184=ORIENTED_EDGE('',*,*,#4530,.T.);
#6185=ORIENTED_EDGE('',*,*,#4554,.T.);
#6186=ORIENTED_EDGE('',*,*,#4555,.T.);
#6187=ORIENTED_EDGE('',*,*,#4342,.T.);
#6188=ORIENTED_EDGE('',*,*,#4556,.T.);
#6189=ORIENTED_EDGE('',*,*,#4557,.T.);
#6190=ORIENTED_EDGE('',*,*,#4558,.F.);
#6191=ORIENTED_EDGE('',*,*,#4559,.T.);
#6192=ORIENTED_EDGE('',*,*,#4560,.F.);
#6193=ORIENTED_EDGE('',*,*,#4561,.T.);
#6194=ORIENTED_EDGE('',*,*,#4503,.T.);
#6195=ORIENTED_EDGE('',*,*,#4561,.F.);
#6196=ORIENTED_EDGE('',*,*,#4355,.F.);
#6197=ORIENTED_EDGE('',*,*,#4547,.T.);
#6198=ORIENTED_EDGE('',*,*,#4529,.T.);
#6199=ORIENTED_EDGE('',*,*,#4549,.T.);
#6200=ORIENTED_EDGE('',*,*,#4562,.T.);
#6201=ORIENTED_EDGE('',*,*,#4554,.F.);
#6202=ORIENTED_EDGE('',*,*,#4517,.T.);
#6203=ORIENTED_EDGE('',*,*,#4550,.T.);
#6204=ORIENTED_EDGE('',*,*,#4527,.T.);
#6205=ORIENTED_EDGE('',*,*,#4553,.F.);
#6206=ORIENTED_EDGE('',*,*,#4505,.T.);
#6207=ORIENTED_EDGE('',*,*,#4551,.T.);
#6208=ORIENTED_EDGE('',*,*,#4515,.T.);
#6209=ORIENTED_EDGE('',*,*,#4552,.F.);
#6210=ORIENTED_EDGE('',*,*,#4466,.T.);
#6211=ORIENTED_EDGE('',*,*,#4563,.F.);
#6212=ORIENTED_EDGE('',*,*,#4222,.F.);
#6213=ORIENTED_EDGE('',*,*,#4564,.F.);
#6214=ORIENTED_EDGE('',*,*,#4467,.T.);
#6215=ORIENTED_EDGE('',*,*,#4564,.T.);
#6216=ORIENTED_EDGE('',*,*,#4221,.F.);
#6217=ORIENTED_EDGE('',*,*,#4565,.F.);
#6218=ORIENTED_EDGE('',*,*,#4468,.T.);
#6219=ORIENTED_EDGE('',*,*,#4565,.T.);
#6220=ORIENTED_EDGE('',*,*,#4220,.F.);
#6221=ORIENTED_EDGE('',*,*,#4566,.F.);
#6222=ORIENTED_EDGE('',*,*,#4462,.T.);
#6223=ORIENTED_EDGE('',*,*,#4567,.F.);
#6224=ORIENTED_EDGE('',*,*,#4226,.F.);
#6225=ORIENTED_EDGE('',*,*,#4568,.F.);
#6226=ORIENTED_EDGE('',*,*,#4463,.T.);
#6227=ORIENTED_EDGE('',*,*,#4568,.T.);
#6228=ORIENTED_EDGE('',*,*,#4225,.F.);
#6229=ORIENTED_EDGE('',*,*,#4569,.F.);
#6230=ORIENTED_EDGE('',*,*,#4464,.T.);
#6231=ORIENTED_EDGE('',*,*,#4569,.T.);
#6232=ORIENTED_EDGE('',*,*,#4224,.F.);
#6233=ORIENTED_EDGE('',*,*,#4570,.F.);
#6234=ORIENTED_EDGE('',*,*,#4458,.T.);
#6235=ORIENTED_EDGE('',*,*,#4571,.F.);
#6236=ORIENTED_EDGE('',*,*,#4230,.F.);
#6237=ORIENTED_EDGE('',*,*,#4572,.F.);
#6238=ORIENTED_EDGE('',*,*,#4459,.T.);
#6239=ORIENTED_EDGE('',*,*,#4572,.T.);
#6240=ORIENTED_EDGE('',*,*,#4229,.F.);
#6241=ORIENTED_EDGE('',*,*,#4573,.F.);
#6242=ORIENTED_EDGE('',*,*,#4460,.T.);
#6243=ORIENTED_EDGE('',*,*,#4573,.T.);
#6244=ORIENTED_EDGE('',*,*,#4228,.F.);
#6245=ORIENTED_EDGE('',*,*,#4574,.F.);
#6246=ORIENTED_EDGE('',*,*,#4571,.T.);
#6247=ORIENTED_EDGE('',*,*,#4457,.T.);
#6248=ORIENTED_EDGE('',*,*,#4575,.T.);
#6249=ORIENTED_EDGE('',*,*,#4231,.F.);
#6250=ORIENTED_EDGE('',*,*,#4567,.T.);
#6251=ORIENTED_EDGE('',*,*,#4461,.T.);
#6252=ORIENTED_EDGE('',*,*,#4574,.T.);
#6253=ORIENTED_EDGE('',*,*,#4227,.F.);
#6254=ORIENTED_EDGE('',*,*,#4166,.F.);
#6255=ORIENTED_EDGE('',*,*,#4174,.F.);
#6256=ORIENTED_EDGE('',*,*,#4576,.F.);
#6257=ORIENTED_EDGE('',*,*,#4469,.T.);
#6258=ORIENTED_EDGE('',*,*,#4566,.T.);
#6259=ORIENTED_EDGE('',*,*,#4219,.F.);
#6260=ORIENTED_EDGE('',*,*,#4563,.T.);
#6261=ORIENTED_EDGE('',*,*,#4465,.T.);
#6262=ORIENTED_EDGE('',*,*,#4570,.T.);
#6263=ORIENTED_EDGE('',*,*,#4223,.F.);
#6264=ORIENTED_EDGE('',*,*,#4485,.F.);
#6265=ORIENTED_EDGE('',*,*,#4577,.T.);
#6266=ORIENTED_EDGE('',*,*,#4197,.F.);
#6267=ORIENTED_EDGE('',*,*,#4578,.F.);
#6268=ORIENTED_EDGE('',*,*,#4483,.F.);
#6269=ORIENTED_EDGE('',*,*,#4579,.F.);
#6270=ORIENTED_EDGE('',*,*,#4199,.F.);
#6271=ORIENTED_EDGE('',*,*,#4580,.F.);
#6272=ORIENTED_EDGE('',*,*,#4484,.F.);
#6273=ORIENTED_EDGE('',*,*,#4580,.T.);
#6274=ORIENTED_EDGE('',*,*,#4198,.F.);
#6275=ORIENTED_EDGE('',*,*,#4577,.F.);
#6276=ORIENTED_EDGE('',*,*,#4481,.F.);
#6277=ORIENTED_EDGE('',*,*,#4581,.T.);
#6278=ORIENTED_EDGE('',*,*,#4193,.F.);
#6279=ORIENTED_EDGE('',*,*,#4582,.F.);
#6280=ORIENTED_EDGE('',*,*,#4479,.F.);
#6281=ORIENTED_EDGE('',*,*,#4583,.F.);
#6282=ORIENTED_EDGE('',*,*,#4195,.F.);
#6283=ORIENTED_EDGE('',*,*,#4584,.F.);
#6284=ORIENTED_EDGE('',*,*,#4480,.F.);
#6285=ORIENTED_EDGE('',*,*,#4584,.T.);
#6286=ORIENTED_EDGE('',*,*,#4194,.F.);
#6287=ORIENTED_EDGE('',*,*,#4581,.F.);
#6288=ORIENTED_EDGE('',*,*,#4477,.F.);
#6289=ORIENTED_EDGE('',*,*,#4585,.T.);
#6290=ORIENTED_EDGE('',*,*,#4189,.F.);
#6291=ORIENTED_EDGE('',*,*,#4586,.F.);
#6292=ORIENTED_EDGE('',*,*,#4475,.F.);
#6293=ORIENTED_EDGE('',*,*,#4587,.F.);
#6294=ORIENTED_EDGE('',*,*,#4191,.F.);
#6295=ORIENTED_EDGE('',*,*,#4588,.F.);
#6296=ORIENTED_EDGE('',*,*,#4476,.F.);
#6297=ORIENTED_EDGE('',*,*,#4588,.T.);
#6298=ORIENTED_EDGE('',*,*,#4190,.F.);
#6299=ORIENTED_EDGE('',*,*,#4585,.F.);
#6300=ORIENTED_EDGE('',*,*,#4363,.T.);
#6301=ORIENTED_EDGE('',*,*,#4589,.F.);
#6302=ORIENTED_EDGE('',*,*,#4590,.F.);
#6303=ORIENTED_EDGE('',*,*,#4591,.F.);
#6304=ORIENTED_EDGE('',*,*,#4362,.T.);
#6305=ORIENTED_EDGE('',*,*,#4592,.F.);
#6306=ORIENTED_EDGE('',*,*,#4593,.F.);
#6307=ORIENTED_EDGE('',*,*,#4589,.T.);
#6308=ORIENTED_EDGE('',*,*,#4361,.T.);
#6309=ORIENTED_EDGE('',*,*,#4428,.F.);
#6310=ORIENTED_EDGE('',*,*,#4594,.F.);
#6311=ORIENTED_EDGE('',*,*,#4592,.T.);
#6312=ORIENTED_EDGE('',*,*,#4367,.T.);
#6313=ORIENTED_EDGE('',*,*,#4595,.F.);
#6314=ORIENTED_EDGE('',*,*,#4596,.F.);
#6315=ORIENTED_EDGE('',*,*,#4597,.F.);
#6316=ORIENTED_EDGE('',*,*,#4366,.T.);
#6317=ORIENTED_EDGE('',*,*,#4598,.F.);
#6318=ORIENTED_EDGE('',*,*,#4599,.F.);
#6319=ORIENTED_EDGE('',*,*,#4595,.T.);
#6320=ORIENTED_EDGE('',*,*,#4365,.T.);
#6321=ORIENTED_EDGE('',*,*,#4600,.F.);
#6322=ORIENTED_EDGE('',*,*,#4601,.F.);
#6323=ORIENTED_EDGE('',*,*,#4598,.T.);
#6324=ORIENTED_EDGE('',*,*,#4371,.T.);
#6325=ORIENTED_EDGE('',*,*,#4602,.F.);
#6326=ORIENTED_EDGE('',*,*,#4603,.F.);
#6327=ORIENTED_EDGE('',*,*,#4604,.F.);
#6328=ORIENTED_EDGE('',*,*,#4370,.T.);
#6329=ORIENTED_EDGE('',*,*,#4605,.F.);
#6330=ORIENTED_EDGE('',*,*,#4606,.F.);
#6331=ORIENTED_EDGE('',*,*,#4602,.T.);
#6332=ORIENTED_EDGE('',*,*,#4369,.T.);
#6333=ORIENTED_EDGE('',*,*,#4607,.F.);
#6334=ORIENTED_EDGE('',*,*,#4608,.F.);
#6335=ORIENTED_EDGE('',*,*,#4605,.T.);
#6336=ORIENTED_EDGE('',*,*,#4510,.T.);
#6337=ORIENTED_EDGE('',*,*,#4542,.F.);
#6338=ORIENTED_EDGE('',*,*,#4442,.F.);
#6339=ORIENTED_EDGE('',*,*,#4446,.F.);
#6340=ORIENTED_EDGE('',*,*,#4609,.F.);
#6341=ORIENTED_EDGE('',*,*,#4610,.T.);
#6342=ORIENTED_EDGE('',*,*,#4611,.T.);
#6343=ORIENTED_EDGE('',*,*,#4612,.T.);
#6344=ORIENTED_EDGE('',*,*,#4613,.F.);
#6345=ORIENTED_EDGE('',*,*,#4603,.T.);
#6346=ORIENTED_EDGE('',*,*,#4606,.T.);
#6347=ORIENTED_EDGE('',*,*,#4608,.T.);
#6348=ORIENTED_EDGE('',*,*,#4614,.F.);
#6349=ORIENTED_EDGE('',*,*,#4596,.T.);
#6350=ORIENTED_EDGE('',*,*,#4599,.T.);
#6351=ORIENTED_EDGE('',*,*,#4601,.T.);
#6352=ORIENTED_EDGE('',*,*,#4615,.F.);
#6353=ORIENTED_EDGE('',*,*,#4590,.T.);
#6354=ORIENTED_EDGE('',*,*,#4593,.T.);
#6355=ORIENTED_EDGE('',*,*,#4594,.T.);
#6356=ORIENTED_EDGE('',*,*,#4427,.F.);
#6357=ORIENTED_EDGE('',*,*,#4616,.F.);
#6358=ORIENTED_EDGE('',*,*,#4617,.T.);
#6359=ORIENTED_EDGE('',*,*,#4430,.T.);
#6360=ORIENTED_EDGE('',*,*,#4618,.T.);
#6361=ORIENTED_EDGE('',*,*,#4543,.F.);
#6362=ORIENTED_EDGE('',*,*,#4531,.T.);
#6363=ORIENTED_EDGE('',*,*,#4433,.T.);
#6364=ORIENTED_EDGE('',*,*,#4534,.T.);
#6365=ORIENTED_EDGE('',*,*,#4545,.F.);
#6366=ORIENTED_EDGE('',*,*,#4519,.T.);
#6367=ORIENTED_EDGE('',*,*,#4436,.T.);
#6368=ORIENTED_EDGE('',*,*,#4522,.T.);
#6369=ORIENTED_EDGE('',*,*,#4546,.F.);
#6370=ORIENTED_EDGE('',*,*,#4507,.T.);
#6371=ORIENTED_EDGE('',*,*,#4439,.T.);
#6372=ORIENTED_EDGE('',*,*,#4294,.T.);
#6373=ORIENTED_EDGE('',*,*,#4296,.T.);
#6374=ORIENTED_EDGE('',*,*,#4298,.T.);
#6375=ORIENTED_EDGE('',*,*,#4300,.T.);
#6376=ORIENTED_EDGE('',*,*,#4302,.T.);
#6377=ORIENTED_EDGE('',*,*,#4304,.T.);
#6378=ORIENTED_EDGE('',*,*,#4306,.T.);
#6379=ORIENTED_EDGE('',*,*,#4308,.T.);
#6380=ORIENTED_EDGE('',*,*,#4310,.T.);
#6381=ORIENTED_EDGE('',*,*,#4319,.T.);
#6382=ORIENTED_EDGE('',*,*,#4325,.T.);
#6383=ORIENTED_EDGE('',*,*,#4327,.T.);
#6384=ORIENTED_EDGE('',*,*,#4619,.T.);
#6385=ORIENTED_EDGE('',*,*,#4620,.T.);
#6386=ORIENTED_EDGE('',*,*,#4621,.F.);
#6387=ORIENTED_EDGE('',*,*,#4622,.T.);
#6388=ORIENTED_EDGE('',*,*,#4558,.T.);
#6389=ORIENTED_EDGE('',*,*,#4285,.T.);
#6390=ORIENTED_EDGE('',*,*,#4290,.T.);
#6391=ORIENTED_EDGE('',*,*,#4292,.T.);
#6392=ORIENTED_EDGE('',*,*,#4372,.T.);
#6393=ORIENTED_EDGE('',*,*,#4604,.T.);
#6394=ORIENTED_EDGE('',*,*,#4613,.T.);
#6395=ORIENTED_EDGE('',*,*,#4623,.T.);
#6396=ORIENTED_EDGE('',*,*,#4368,.T.);
#6397=ORIENTED_EDGE('',*,*,#4597,.T.);
#6398=ORIENTED_EDGE('',*,*,#4614,.T.);
#6399=ORIENTED_EDGE('',*,*,#4607,.T.);
#6400=ORIENTED_EDGE('',*,*,#4364,.T.);
#6401=ORIENTED_EDGE('',*,*,#4591,.T.);
#6402=ORIENTED_EDGE('',*,*,#4615,.T.);
#6403=ORIENTED_EDGE('',*,*,#4600,.T.);
#6404=ORIENTED_EDGE('',*,*,#4624,.T.);
#6405=ORIENTED_EDGE('',*,*,#4215,.F.);
#6406=ORIENTED_EDGE('',*,*,#4625,.T.);
#6407=ORIENTED_EDGE('',*,*,#4490,.T.);
#6408=ORIENTED_EDGE('',*,*,#4548,.F.);
#6409=ORIENTED_EDGE('',*,*,#4343,.T.);
#6410=ORIENTED_EDGE('',*,*,#4555,.F.);
#6411=ORIENTED_EDGE('',*,*,#4562,.F.);
#6412=ORIENTED_EDGE('',*,*,#4626,.F.);
#6413=ORIENTED_EDGE('',*,*,#4627,.F.);
#6414=ORIENTED_EDGE('',*,*,#4556,.F.);
#6415=ORIENTED_EDGE('',*,*,#4341,.F.);
#6416=ORIENTED_EDGE('',*,*,#4617,.F.);
#6417=ORIENTED_EDGE('',*,*,#4628,.F.);
#6418=ORIENTED_EDGE('',*,*,#4629,.F.);
#6419=ORIENTED_EDGE('',*,*,#4431,.F.);
#6420=ORIENTED_EDGE('',*,*,#4618,.F.);
#6421=ORIENTED_EDGE('',*,*,#4429,.T.);
#6422=ORIENTED_EDGE('',*,*,#4538,.F.);
#6423=ORIENTED_EDGE('',*,*,#4544,.F.);
#6424=ORIENTED_EDGE('',*,*,#4629,.T.);
#6425=ORIENTED_EDGE('',*,*,#4630,.F.);
#6426=ORIENTED_EDGE('',*,*,#4425,.F.);
#6427=ORIENTED_EDGE('',*,*,#4404,.F.);
#6428=ORIENTED_EDGE('',*,*,#4628,.T.);
#6429=ORIENTED_EDGE('',*,*,#4616,.T.);
#6430=ORIENTED_EDGE('',*,*,#4426,.T.);
#6431=ORIENTED_EDGE('',*,*,#4630,.T.);
#6432=ORIENTED_EDGE('',*,*,#4626,.T.);
#6433=ORIENTED_EDGE('',*,*,#4335,.T.);
#6434=ORIENTED_EDGE('',*,*,#4287,.F.);
#6435=ORIENTED_EDGE('',*,*,#4631,.F.);
#6436=ORIENTED_EDGE('',*,*,#4627,.T.);
#6437=ORIENTED_EDGE('',*,*,#4631,.T.);
#6438=ORIENTED_EDGE('',*,*,#4286,.T.);
#6439=ORIENTED_EDGE('',*,*,#4557,.F.);
#6440=ORIENTED_EDGE('',*,*,#4454,.T.);
#6441=ORIENTED_EDGE('',*,*,#4632,.F.);
#6442=ORIENTED_EDGE('',*,*,#4234,.F.);
#6443=ORIENTED_EDGE('',*,*,#4633,.F.);
#6444=ORIENTED_EDGE('',*,*,#4455,.T.);
#6445=ORIENTED_EDGE('',*,*,#4633,.T.);
#6446=ORIENTED_EDGE('',*,*,#4233,.F.);
#6447=ORIENTED_EDGE('',*,*,#4634,.F.);
#6448=ORIENTED_EDGE('',*,*,#4456,.T.);
#6449=ORIENTED_EDGE('',*,*,#4634,.T.);
#6450=ORIENTED_EDGE('',*,*,#4232,.F.);
#6451=ORIENTED_EDGE('',*,*,#4575,.F.);
#6452=ORIENTED_EDGE('',*,*,#4632,.T.);
#6453=ORIENTED_EDGE('',*,*,#4453,.T.);
#6454=ORIENTED_EDGE('',*,*,#4316,.T.);
#6455=ORIENTED_EDGE('',*,*,#4235,.F.);
#6456=ORIENTED_EDGE('',*,*,#4473,.F.);
#6457=ORIENTED_EDGE('',*,*,#4635,.T.);
#6458=ORIENTED_EDGE('',*,*,#4238,.F.);
#6459=ORIENTED_EDGE('',*,*,#4636,.F.);
#6460=ORIENTED_EDGE('',*,*,#4471,.F.);
#6461=ORIENTED_EDGE('',*,*,#4637,.F.);
#6462=ORIENTED_EDGE('',*,*,#4240,.F.);
#6463=ORIENTED_EDGE('',*,*,#4638,.F.);
#6464=ORIENTED_EDGE('',*,*,#4472,.F.);
#6465=ORIENTED_EDGE('',*,*,#4638,.T.);
#6466=ORIENTED_EDGE('',*,*,#4239,.F.);
#6467=ORIENTED_EDGE('',*,*,#4635,.F.);
#6468=ORIENTED_EDGE('',*,*,#4637,.T.);
#6469=ORIENTED_EDGE('',*,*,#4470,.T.);
#6470=ORIENTED_EDGE('',*,*,#4576,.T.);
#6471=ORIENTED_EDGE('',*,*,#4173,.F.);
#6472=ORIENTED_EDGE('',*,*,#4185,.F.);
#6473=ORIENTED_EDGE('',*,*,#4486,.T.);
#6474=ORIENTED_EDGE('',*,*,#4578,.T.);
#6475=ORIENTED_EDGE('',*,*,#4196,.F.);
#6476=ORIENTED_EDGE('',*,*,#4579,.T.);
#6477=ORIENTED_EDGE('',*,*,#4482,.T.);
#6478=ORIENTED_EDGE('',*,*,#4582,.T.);
#6479=ORIENTED_EDGE('',*,*,#4192,.F.);
#6480=ORIENTED_EDGE('',*,*,#4583,.T.);
#6481=ORIENTED_EDGE('',*,*,#4478,.T.);
#6482=ORIENTED_EDGE('',*,*,#4586,.T.);
#6483=ORIENTED_EDGE('',*,*,#4188,.F.);
#6484=ORIENTED_EDGE('',*,*,#4587,.T.);
#6485=ORIENTED_EDGE('',*,*,#4474,.T.);
#6486=ORIENTED_EDGE('',*,*,#4636,.T.);
#6487=ORIENTED_EDGE('',*,*,#4237,.F.);
#6488=ORIENTED_EDGE('',*,*,#4156,.T.);
#6489=ORIENTED_EDGE('',*,*,#4153,.T.);
#6490=ORIENTED_EDGE('',*,*,#4150,.T.);
#6491=ORIENTED_EDGE('',*,*,#4147,.T.);
#6492=ORIENTED_EDGE('',*,*,#4144,.T.);
#6493=ORIENTED_EDGE('',*,*,#4160,.T.);
#6494=ORIENTED_EDGE('',*,*,#4163,.T.);
#6495=ORIENTED_EDGE('',*,*,#4165,.T.);
#6496=ORIENTED_EDGE('',*,*,#4260,.T.);
#6497=ORIENTED_EDGE('',*,*,#4639,.F.);
#6498=ORIENTED_EDGE('',*,*,#4619,.F.);
#6499=ORIENTED_EDGE('',*,*,#4326,.F.);
#6500=ORIENTED_EDGE('',*,*,#4375,.T.);
#6501=ORIENTED_EDGE('',*,*,#4640,.F.);
#6502=ORIENTED_EDGE('',*,*,#4610,.F.);
#6503=ORIENTED_EDGE('',*,*,#4641,.F.);
#6504=ORIENTED_EDGE('',*,*,#4374,.T.);
#6505=ORIENTED_EDGE('',*,*,#4642,.F.);
#6506=ORIENTED_EDGE('',*,*,#4611,.F.);
#6507=ORIENTED_EDGE('',*,*,#4640,.T.);
#6508=ORIENTED_EDGE('',*,*,#4373,.T.);
#6509=ORIENTED_EDGE('',*,*,#4623,.F.);
#6510=ORIENTED_EDGE('',*,*,#4612,.F.);
#6511=ORIENTED_EDGE('',*,*,#4642,.T.);
#6512=ORIENTED_EDGE('',*,*,#4376,.T.);
#6513=ORIENTED_EDGE('',*,*,#4641,.T.);
#6514=ORIENTED_EDGE('',*,*,#4609,.T.);
#6515=ORIENTED_EDGE('',*,*,#4445,.T.);
#6516=ORIENTED_EDGE('',*,*,#4424,.T.);
#6517=ORIENTED_EDGE('',*,*,#4259,.T.);
#6518=ORIENTED_EDGE('',*,*,#4323,.T.);
#6519=ORIENTED_EDGE('',*,*,#4643,.T.);
#6520=ORIENTED_EDGE('',*,*,#4620,.F.);
#6521=ORIENTED_EDGE('',*,*,#4639,.T.);
#6522=ORIENTED_EDGE('',*,*,#4644,.T.);
#6523=ORIENTED_EDGE('',*,*,#4645,.T.);
#6524=ORIENTED_EDGE('',*,*,#4646,.T.);
#6525=ORIENTED_EDGE('',*,*,#4621,.T.);
#6526=ORIENTED_EDGE('',*,*,#4356,.T.);
#6527=ORIENTED_EDGE('',*,*,#4560,.T.);
#6528=ORIENTED_EDGE('',*,*,#4647,.T.);
#6529=ORIENTED_EDGE('',*,*,#4645,.F.);
#6530=ORIENTED_EDGE('',*,*,#4322,.T.);
#6531=ORIENTED_EDGE('',*,*,#4357,.T.);
#6532=ORIENTED_EDGE('',*,*,#4644,.F.);
#6533=ORIENTED_EDGE('',*,*,#4643,.F.);
#6534=ORIENTED_EDGE('',*,*,#4646,.F.);
#6535=ORIENTED_EDGE('',*,*,#4647,.F.);
#6536=ORIENTED_EDGE('',*,*,#4559,.F.);
#6537=ORIENTED_EDGE('',*,*,#4622,.F.);
#6538=ORIENTED_EDGE('',*,*,#4648,.T.);
#6539=ORIENTED_EDGE('',*,*,#4203,.F.);
#6540=ORIENTED_EDGE('',*,*,#4408,.F.);
#6541=ORIENTED_EDGE('',*,*,#4500,.T.);
#6542=ORIENTED_EDGE('',*,*,#4649,.F.);
#6543=ORIENTED_EDGE('',*,*,#4497,.F.);
#6544=ORIENTED_EDGE('',*,*,#4448,.F.);
#6545=ORIENTED_EDGE('',*,*,#4206,.F.);
#6546=ORIENTED_EDGE('',*,*,#4649,.T.);
#6547=ORIENTED_EDGE('',*,*,#4205,.F.);
#6548=ORIENTED_EDGE('',*,*,#4650,.F.);
#6549=ORIENTED_EDGE('',*,*,#4498,.F.);
#6550=ORIENTED_EDGE('',*,*,#4650,.T.);
#6551=ORIENTED_EDGE('',*,*,#4204,.F.);
#6552=ORIENTED_EDGE('',*,*,#4648,.F.);
#6553=ORIENTED_EDGE('',*,*,#4499,.F.);
#6554=ORIENTED_EDGE('',*,*,#4651,.F.);
#6555=ORIENTED_EDGE('',*,*,#4487,.F.);
#6556=ORIENTED_EDGE('',*,*,#4183,.F.);
#6557=ORIENTED_EDGE('',*,*,#4218,.F.);
#6558=ORIENTED_EDGE('',*,*,#4651,.T.);
#6559=ORIENTED_EDGE('',*,*,#4217,.F.);
#6560=ORIENTED_EDGE('',*,*,#4652,.F.);
#6561=ORIENTED_EDGE('',*,*,#4488,.F.);
#6562=ORIENTED_EDGE('',*,*,#4652,.T.);
#6563=ORIENTED_EDGE('',*,*,#4216,.F.);
#6564=ORIENTED_EDGE('',*,*,#4624,.F.);
#6565=ORIENTED_EDGE('',*,*,#4489,.F.);
#6566=ORIENTED_EDGE('',*,*,#4653,.F.);
#6567=ORIENTED_EDGE('',*,*,#4491,.F.);
#6568=ORIENTED_EDGE('',*,*,#4625,.F.);
#6569=ORIENTED_EDGE('',*,*,#4214,.F.);
#6570=ORIENTED_EDGE('',*,*,#4653,.T.);
#6571=ORIENTED_EDGE('',*,*,#4213,.F.);
#6572=ORIENTED_EDGE('',*,*,#4654,.F.);
#6573=ORIENTED_EDGE('',*,*,#4492,.F.);
#6574=ORIENTED_EDGE('',*,*,#4654,.T.);
#6575=ORIENTED_EDGE('',*,*,#4212,.F.);
#6576=ORIENTED_EDGE('',*,*,#4450,.F.);
#6577=ORIENTED_EDGE('',*,*,#4493,.F.);
#6578=ORIENTED_EDGE('',*,*,#4655,.F.);
#6579=ORIENTED_EDGE('',*,*,#4494,.F.);
#6580=ORIENTED_EDGE('',*,*,#4451,.F.);
#6581=ORIENTED_EDGE('',*,*,#4210,.F.);
#6582=ORIENTED_EDGE('',*,*,#4655,.T.);
#6583=ORIENTED_EDGE('',*,*,#4209,.F.);
#6584=ORIENTED_EDGE('',*,*,#4656,.F.);
#6585=ORIENTED_EDGE('',*,*,#4495,.F.);
#6586=ORIENTED_EDGE('',*,*,#4656,.T.);
#6587=ORIENTED_EDGE('',*,*,#4208,.F.);
#6588=ORIENTED_EDGE('',*,*,#4447,.F.);
#6589=ORIENTED_EDGE('',*,*,#4496,.F.);
#6590=ORIENTED_EDGE('',*,*,#4657,.F.);
#6591=ORIENTED_EDGE('',*,*,#4658,.F.);
#6592=ORIENTED_EDGE('',*,*,#4659,.F.);
#6593=ORIENTED_EDGE('',*,*,#4660,.F.);
#6594=ORIENTED_EDGE('',*,*,#4661,.F.);
#6595=ORIENTED_EDGE('',*,*,#4662,.F.);
#6596=ORIENTED_EDGE('',*,*,#4663,.F.);
#6597=ORIENTED_EDGE('',*,*,#4664,.F.);
#6598=ORIENTED_EDGE('',*,*,#4657,.T.);
#6599=ORIENTED_EDGE('',*,*,#4665,.T.);
#6600=ORIENTED_EDGE('',*,*,#4666,.F.);
#6601=ORIENTED_EDGE('',*,*,#4667,.F.);
#6602=ORIENTED_EDGE('',*,*,#4658,.T.);
#6603=ORIENTED_EDGE('',*,*,#4667,.T.);
#6604=ORIENTED_EDGE('',*,*,#4668,.F.);
#6605=ORIENTED_EDGE('',*,*,#4669,.F.);
#6606=ORIENTED_EDGE('',*,*,#4659,.T.);
#6607=ORIENTED_EDGE('',*,*,#4669,.T.);
#6608=ORIENTED_EDGE('',*,*,#4670,.F.);
#6609=ORIENTED_EDGE('',*,*,#4671,.F.);
#6610=ORIENTED_EDGE('',*,*,#4660,.T.);
#6611=ORIENTED_EDGE('',*,*,#4671,.T.);
#6612=ORIENTED_EDGE('',*,*,#4672,.F.);
#6613=ORIENTED_EDGE('',*,*,#4673,.F.);
#6614=ORIENTED_EDGE('',*,*,#4661,.T.);
#6615=ORIENTED_EDGE('',*,*,#4673,.T.);
#6616=ORIENTED_EDGE('',*,*,#4674,.F.);
#6617=ORIENTED_EDGE('',*,*,#4675,.F.);
#6618=ORIENTED_EDGE('',*,*,#4662,.T.);
#6619=ORIENTED_EDGE('',*,*,#4675,.T.);
#6620=ORIENTED_EDGE('',*,*,#4676,.F.);
#6621=ORIENTED_EDGE('',*,*,#4677,.F.);
#6622=ORIENTED_EDGE('',*,*,#4663,.T.);
#6623=ORIENTED_EDGE('',*,*,#4677,.T.);
#6624=ORIENTED_EDGE('',*,*,#4678,.F.);
#6625=ORIENTED_EDGE('',*,*,#4679,.F.);
#6626=ORIENTED_EDGE('',*,*,#4664,.T.);
#6627=ORIENTED_EDGE('',*,*,#4679,.T.);
#6628=ORIENTED_EDGE('',*,*,#4680,.F.);
#6629=ORIENTED_EDGE('',*,*,#4665,.F.);
#6630=ORIENTED_EDGE('',*,*,#4681,.F.);
#6631=ORIENTED_EDGE('',*,*,#4682,.F.);
#6632=ORIENTED_EDGE('',*,*,#4683,.F.);
#6633=ORIENTED_EDGE('',*,*,#4684,.F.);
#6634=ORIENTED_EDGE('',*,*,#4685,.F.);
#6635=ORIENTED_EDGE('',*,*,#4686,.F.);
#6636=ORIENTED_EDGE('',*,*,#4687,.F.);
#6637=ORIENTED_EDGE('',*,*,#4688,.F.);
#6638=ORIENTED_EDGE('',*,*,#4681,.T.);
#6639=ORIENTED_EDGE('',*,*,#4689,.T.);
#6640=ORIENTED_EDGE('',*,*,#4690,.F.);
#6641=ORIENTED_EDGE('',*,*,#4691,.F.);
#6642=ORIENTED_EDGE('',*,*,#4682,.T.);
#6643=ORIENTED_EDGE('',*,*,#4691,.T.);
#6644=ORIENTED_EDGE('',*,*,#4692,.F.);
#6645=ORIENTED_EDGE('',*,*,#4693,.F.);
#6646=ORIENTED_EDGE('',*,*,#4683,.T.);
#6647=ORIENTED_EDGE('',*,*,#4693,.T.);
#6648=ORIENTED_EDGE('',*,*,#4694,.F.);
#6649=ORIENTED_EDGE('',*,*,#4695,.F.);
#6650=ORIENTED_EDGE('',*,*,#4684,.T.);
#6651=ORIENTED_EDGE('',*,*,#4695,.T.);
#6652=ORIENTED_EDGE('',*,*,#4696,.F.);
#6653=ORIENTED_EDGE('',*,*,#4697,.F.);
#6654=ORIENTED_EDGE('',*,*,#4685,.T.);
#6655=ORIENTED_EDGE('',*,*,#4697,.T.);
#6656=ORIENTED_EDGE('',*,*,#4698,.F.);
#6657=ORIENTED_EDGE('',*,*,#4699,.F.);
#6658=ORIENTED_EDGE('',*,*,#4686,.T.);
#6659=ORIENTED_EDGE('',*,*,#4699,.T.);
#6660=ORIENTED_EDGE('',*,*,#4700,.F.);
#6661=ORIENTED_EDGE('',*,*,#4701,.F.);
#6662=ORIENTED_EDGE('',*,*,#4687,.T.);
#6663=ORIENTED_EDGE('',*,*,#4701,.T.);
#6664=ORIENTED_EDGE('',*,*,#4702,.F.);
#6665=ORIENTED_EDGE('',*,*,#4703,.F.);
#6666=ORIENTED_EDGE('',*,*,#4688,.T.);
#6667=ORIENTED_EDGE('',*,*,#4703,.T.);
#6668=ORIENTED_EDGE('',*,*,#4704,.F.);
#6669=ORIENTED_EDGE('',*,*,#4689,.F.);
#6670=ORIENTED_EDGE('',*,*,#4705,.F.);
#6671=ORIENTED_EDGE('',*,*,#4706,.F.);
#6672=ORIENTED_EDGE('',*,*,#4707,.F.);
#6673=ORIENTED_EDGE('',*,*,#4708,.F.);
#6674=ORIENTED_EDGE('',*,*,#4709,.F.);
#6675=ORIENTED_EDGE('',*,*,#4710,.F.);
#6676=ORIENTED_EDGE('',*,*,#4711,.F.);
#6677=ORIENTED_EDGE('',*,*,#4712,.F.);
#6678=ORIENTED_EDGE('',*,*,#4713,.F.);
#6679=ORIENTED_EDGE('',*,*,#4714,.F.);
#6680=ORIENTED_EDGE('',*,*,#4715,.F.);
#6681=ORIENTED_EDGE('',*,*,#4716,.F.);
#6682=ORIENTED_EDGE('',*,*,#4717,.F.);
#6683=ORIENTED_EDGE('',*,*,#4718,.F.);
#6684=ORIENTED_EDGE('',*,*,#4719,.F.);
#6685=ORIENTED_EDGE('',*,*,#4720,.F.);
#6686=ORIENTED_EDGE('',*,*,#4721,.F.);
#6687=ORIENTED_EDGE('',*,*,#4722,.F.);
#6688=ORIENTED_EDGE('',*,*,#4723,.F.);
#6689=ORIENTED_EDGE('',*,*,#4724,.F.);
#6690=ORIENTED_EDGE('',*,*,#4725,.F.);
#6691=ORIENTED_EDGE('',*,*,#4726,.F.);
#6692=ORIENTED_EDGE('',*,*,#4727,.F.);
#6693=ORIENTED_EDGE('',*,*,#4728,.F.);
#6694=ORIENTED_EDGE('',*,*,#4729,.F.);
#6695=ORIENTED_EDGE('',*,*,#4730,.F.);
#6696=ORIENTED_EDGE('',*,*,#4731,.F.);
#6697=ORIENTED_EDGE('',*,*,#4732,.F.);
#6698=ORIENTED_EDGE('',*,*,#4733,.F.);
#6699=ORIENTED_EDGE('',*,*,#4734,.F.);
#6700=ORIENTED_EDGE('',*,*,#4735,.F.);
#6701=ORIENTED_EDGE('',*,*,#4736,.F.);
#6702=ORIENTED_EDGE('',*,*,#4737,.F.);
#6703=ORIENTED_EDGE('',*,*,#4705,.T.);
#6704=ORIENTED_EDGE('',*,*,#4738,.T.);
#6705=ORIENTED_EDGE('',*,*,#4739,.F.);
#6706=ORIENTED_EDGE('',*,*,#4740,.F.);
#6707=ORIENTED_EDGE('',*,*,#4706,.T.);
#6708=ORIENTED_EDGE('',*,*,#4740,.T.);
#6709=ORIENTED_EDGE('',*,*,#4741,.F.);
#6710=ORIENTED_EDGE('',*,*,#4742,.F.);
#6711=ORIENTED_EDGE('',*,*,#4707,.T.);
#6712=ORIENTED_EDGE('',*,*,#4742,.T.);
#6713=ORIENTED_EDGE('',*,*,#4743,.F.);
#6714=ORIENTED_EDGE('',*,*,#4744,.F.);
#6715=ORIENTED_EDGE('',*,*,#4708,.T.);
#6716=ORIENTED_EDGE('',*,*,#4744,.T.);
#6717=ORIENTED_EDGE('',*,*,#4745,.F.);
#6718=ORIENTED_EDGE('',*,*,#4746,.F.);
#6719=ORIENTED_EDGE('',*,*,#4709,.T.);
#6720=ORIENTED_EDGE('',*,*,#4746,.T.);
#6721=ORIENTED_EDGE('',*,*,#4747,.F.);
#6722=ORIENTED_EDGE('',*,*,#4748,.F.);
#6723=ORIENTED_EDGE('',*,*,#4710,.T.);
#6724=ORIENTED_EDGE('',*,*,#4748,.T.);
#6725=ORIENTED_EDGE('',*,*,#4749,.F.);
#6726=ORIENTED_EDGE('',*,*,#4750,.F.);
#6727=ORIENTED_EDGE('',*,*,#4711,.T.);
#6728=ORIENTED_EDGE('',*,*,#4750,.T.);
#6729=ORIENTED_EDGE('',*,*,#4751,.F.);
#6730=ORIENTED_EDGE('',*,*,#4752,.F.);
#6731=ORIENTED_EDGE('',*,*,#4712,.T.);
#6732=ORIENTED_EDGE('',*,*,#4752,.T.);
#6733=ORIENTED_EDGE('',*,*,#4753,.F.);
#6734=ORIENTED_EDGE('',*,*,#4754,.F.);
#6735=ORIENTED_EDGE('',*,*,#4713,.T.);
#6736=ORIENTED_EDGE('',*,*,#4754,.T.);
#6737=ORIENTED_EDGE('',*,*,#4755,.F.);
#6738=ORIENTED_EDGE('',*,*,#4756,.F.);
#6739=ORIENTED_EDGE('',*,*,#4714,.T.);
#6740=ORIENTED_EDGE('',*,*,#4756,.T.);
#6741=ORIENTED_EDGE('',*,*,#4757,.F.);
#6742=ORIENTED_EDGE('',*,*,#4758,.F.);
#6743=ORIENTED_EDGE('',*,*,#4715,.T.);
#6744=ORIENTED_EDGE('',*,*,#4758,.T.);
#6745=ORIENTED_EDGE('',*,*,#4759,.F.);
#6746=ORIENTED_EDGE('',*,*,#4760,.F.);
#6747=ORIENTED_EDGE('',*,*,#4716,.T.);
#6748=ORIENTED_EDGE('',*,*,#4760,.T.);
#6749=ORIENTED_EDGE('',*,*,#4761,.F.);
#6750=ORIENTED_EDGE('',*,*,#4762,.F.);
#6751=ORIENTED_EDGE('',*,*,#4717,.T.);
#6752=ORIENTED_EDGE('',*,*,#4762,.T.);
#6753=ORIENTED_EDGE('',*,*,#4763,.F.);
#6754=ORIENTED_EDGE('',*,*,#4764,.F.);
#6755=ORIENTED_EDGE('',*,*,#4718,.T.);
#6756=ORIENTED_EDGE('',*,*,#4764,.T.);
#6757=ORIENTED_EDGE('',*,*,#4765,.F.);
#6758=ORIENTED_EDGE('',*,*,#4738,.F.);
#6759=ORIENTED_EDGE('',*,*,#4719,.T.);
#6760=ORIENTED_EDGE('',*,*,#4766,.T.);
#6761=ORIENTED_EDGE('',*,*,#4767,.F.);
#6762=ORIENTED_EDGE('',*,*,#4768,.F.);
#6763=ORIENTED_EDGE('',*,*,#4720,.T.);
#6764=ORIENTED_EDGE('',*,*,#4768,.T.);
#6765=ORIENTED_EDGE('',*,*,#4769,.F.);
#6766=ORIENTED_EDGE('',*,*,#4770,.F.);
#6767=ORIENTED_EDGE('',*,*,#4721,.T.);
#6768=ORIENTED_EDGE('',*,*,#4770,.T.);
#6769=ORIENTED_EDGE('',*,*,#4771,.F.);
#6770=ORIENTED_EDGE('',*,*,#4772,.F.);
#6771=ORIENTED_EDGE('',*,*,#4722,.T.);
#6772=ORIENTED_EDGE('',*,*,#4772,.T.);
#6773=ORIENTED_EDGE('',*,*,#4773,.F.);
#6774=ORIENTED_EDGE('',*,*,#4774,.F.);
#6775=ORIENTED_EDGE('',*,*,#4723,.T.);
#6776=ORIENTED_EDGE('',*,*,#4774,.T.);
#6777=ORIENTED_EDGE('',*,*,#4775,.F.);
#6778=ORIENTED_EDGE('',*,*,#4776,.F.);
#6779=ORIENTED_EDGE('',*,*,#4724,.T.);
#6780=ORIENTED_EDGE('',*,*,#4776,.T.);
#6781=ORIENTED_EDGE('',*,*,#4777,.F.);
#6782=ORIENTED_EDGE('',*,*,#4778,.F.);
#6783=ORIENTED_EDGE('',*,*,#4725,.T.);
#6784=ORIENTED_EDGE('',*,*,#4778,.T.);
#6785=ORIENTED_EDGE('',*,*,#4779,.F.);
#6786=ORIENTED_EDGE('',*,*,#4780,.F.);
#6787=ORIENTED_EDGE('',*,*,#4726,.T.);
#6788=ORIENTED_EDGE('',*,*,#4780,.T.);
#6789=ORIENTED_EDGE('',*,*,#4781,.F.);
#6790=ORIENTED_EDGE('',*,*,#4782,.F.);
#6791=ORIENTED_EDGE('',*,*,#4727,.T.);
#6792=ORIENTED_EDGE('',*,*,#4782,.T.);
#6793=ORIENTED_EDGE('',*,*,#4783,.F.);
#6794=ORIENTED_EDGE('',*,*,#4784,.F.);
#6795=ORIENTED_EDGE('',*,*,#4728,.T.);
#6796=ORIENTED_EDGE('',*,*,#4784,.T.);
#6797=ORIENTED_EDGE('',*,*,#4785,.F.);
#6798=ORIENTED_EDGE('',*,*,#4766,.F.);
#6799=ORIENTED_EDGE('',*,*,#4729,.T.);
#6800=ORIENTED_EDGE('',*,*,#4786,.T.);
#6801=ORIENTED_EDGE('',*,*,#4787,.F.);
#6802=ORIENTED_EDGE('',*,*,#4788,.F.);
#6803=ORIENTED_EDGE('',*,*,#4730,.T.);
#6804=ORIENTED_EDGE('',*,*,#4788,.T.);
#6805=ORIENTED_EDGE('',*,*,#4789,.F.);
#6806=ORIENTED_EDGE('',*,*,#4790,.F.);
#6807=ORIENTED_EDGE('',*,*,#4731,.T.);
#6808=ORIENTED_EDGE('',*,*,#4790,.T.);
#6809=ORIENTED_EDGE('',*,*,#4791,.F.);
#6810=ORIENTED_EDGE('',*,*,#4792,.F.);
#6811=ORIENTED_EDGE('',*,*,#4732,.T.);
#6812=ORIENTED_EDGE('',*,*,#4792,.T.);
#6813=ORIENTED_EDGE('',*,*,#4793,.F.);
#6814=ORIENTED_EDGE('',*,*,#4794,.F.);
#6815=ORIENTED_EDGE('',*,*,#4733,.T.);
#6816=ORIENTED_EDGE('',*,*,#4794,.T.);
#6817=ORIENTED_EDGE('',*,*,#4795,.F.);
#6818=ORIENTED_EDGE('',*,*,#4796,.F.);
#6819=ORIENTED_EDGE('',*,*,#4734,.T.);
#6820=ORIENTED_EDGE('',*,*,#4796,.T.);
#6821=ORIENTED_EDGE('',*,*,#4797,.F.);
#6822=ORIENTED_EDGE('',*,*,#4798,.F.);
#6823=ORIENTED_EDGE('',*,*,#4735,.T.);
#6824=ORIENTED_EDGE('',*,*,#4798,.T.);
#6825=ORIENTED_EDGE('',*,*,#4799,.F.);
#6826=ORIENTED_EDGE('',*,*,#4800,.F.);
#6827=ORIENTED_EDGE('',*,*,#4736,.T.);
#6828=ORIENTED_EDGE('',*,*,#4800,.T.);
#6829=ORIENTED_EDGE('',*,*,#4801,.F.);
#6830=ORIENTED_EDGE('',*,*,#4802,.F.);
#6831=ORIENTED_EDGE('',*,*,#4737,.T.);
#6832=ORIENTED_EDGE('',*,*,#4802,.T.);
#6833=ORIENTED_EDGE('',*,*,#4803,.F.);
#6834=ORIENTED_EDGE('',*,*,#4786,.F.);
#6835=ORIENTED_EDGE('',*,*,#4804,.F.);
#6836=ORIENTED_EDGE('',*,*,#4805,.F.);
#6837=ORIENTED_EDGE('',*,*,#4806,.F.);
#6838=ORIENTED_EDGE('',*,*,#4807,.F.);
#6839=ORIENTED_EDGE('',*,*,#4808,.F.);
#6840=ORIENTED_EDGE('',*,*,#4809,.F.);
#6841=ORIENTED_EDGE('',*,*,#4810,.F.);
#6842=ORIENTED_EDGE('',*,*,#4811,.F.);
#6843=ORIENTED_EDGE('',*,*,#4812,.F.);
#6844=ORIENTED_EDGE('',*,*,#4813,.F.);
#6845=ORIENTED_EDGE('',*,*,#4814,.F.);
#6846=ORIENTED_EDGE('',*,*,#4815,.F.);
#6847=ORIENTED_EDGE('',*,*,#4816,.F.);
#6848=ORIENTED_EDGE('',*,*,#4817,.F.);
#6849=ORIENTED_EDGE('',*,*,#4818,.F.);
#6850=ORIENTED_EDGE('',*,*,#4819,.F.);
#6851=ORIENTED_EDGE('',*,*,#4820,.F.);
#6852=ORIENTED_EDGE('',*,*,#4821,.F.);
#6853=ORIENTED_EDGE('',*,*,#4822,.F.);
#6854=ORIENTED_EDGE('',*,*,#4823,.F.);
#6855=ORIENTED_EDGE('',*,*,#4804,.T.);
#6856=ORIENTED_EDGE('',*,*,#4824,.T.);
#6857=ORIENTED_EDGE('',*,*,#4825,.F.);
#6858=ORIENTED_EDGE('',*,*,#4826,.F.);
#6859=ORIENTED_EDGE('',*,*,#4805,.T.);
#6860=ORIENTED_EDGE('',*,*,#4826,.T.);
#6861=ORIENTED_EDGE('',*,*,#4827,.F.);
#6862=ORIENTED_EDGE('',*,*,#4828,.F.);
#6863=ORIENTED_EDGE('',*,*,#4806,.T.);
#6864=ORIENTED_EDGE('',*,*,#4828,.T.);
#6865=ORIENTED_EDGE('',*,*,#4829,.F.);
#6866=ORIENTED_EDGE('',*,*,#4830,.F.);
#6867=ORIENTED_EDGE('',*,*,#4807,.T.);
#6868=ORIENTED_EDGE('',*,*,#4830,.T.);
#6869=ORIENTED_EDGE('',*,*,#4831,.F.);
#6870=ORIENTED_EDGE('',*,*,#4832,.F.);
#6871=ORIENTED_EDGE('',*,*,#4808,.T.);
#6872=ORIENTED_EDGE('',*,*,#4832,.T.);
#6873=ORIENTED_EDGE('',*,*,#4833,.F.);
#6874=ORIENTED_EDGE('',*,*,#4834,.F.);
#6875=ORIENTED_EDGE('',*,*,#4809,.T.);
#6876=ORIENTED_EDGE('',*,*,#4834,.T.);
#6877=ORIENTED_EDGE('',*,*,#4835,.F.);
#6878=ORIENTED_EDGE('',*,*,#4836,.F.);
#6879=ORIENTED_EDGE('',*,*,#4810,.T.);
#6880=ORIENTED_EDGE('',*,*,#4836,.T.);
#6881=ORIENTED_EDGE('',*,*,#4837,.F.);
#6882=ORIENTED_EDGE('',*,*,#4838,.F.);
#6883=ORIENTED_EDGE('',*,*,#4811,.T.);
#6884=ORIENTED_EDGE('',*,*,#4838,.T.);
#6885=ORIENTED_EDGE('',*,*,#4839,.F.);
#6886=ORIENTED_EDGE('',*,*,#4840,.F.);
#6887=ORIENTED_EDGE('',*,*,#4812,.T.);
#6888=ORIENTED_EDGE('',*,*,#4840,.T.);
#6889=ORIENTED_EDGE('',*,*,#4841,.F.);
#6890=ORIENTED_EDGE('',*,*,#4842,.F.);
#6891=ORIENTED_EDGE('',*,*,#4813,.T.);
#6892=ORIENTED_EDGE('',*,*,#4842,.T.);
#6893=ORIENTED_EDGE('',*,*,#4843,.F.);
#6894=ORIENTED_EDGE('',*,*,#4844,.F.);
#6895=ORIENTED_EDGE('',*,*,#4814,.T.);
#6896=ORIENTED_EDGE('',*,*,#4844,.T.);
#6897=ORIENTED_EDGE('',*,*,#4845,.F.);
#6898=ORIENTED_EDGE('',*,*,#4824,.F.);
#6899=ORIENTED_EDGE('',*,*,#4815,.T.);
#6900=ORIENTED_EDGE('',*,*,#4846,.T.);
#6901=ORIENTED_EDGE('',*,*,#4847,.F.);
#6902=ORIENTED_EDGE('',*,*,#4848,.F.);
#6903=ORIENTED_EDGE('',*,*,#4816,.T.);
#6904=ORIENTED_EDGE('',*,*,#4848,.T.);
#6905=ORIENTED_EDGE('',*,*,#4849,.F.);
#6906=ORIENTED_EDGE('',*,*,#4850,.F.);
#6907=ORIENTED_EDGE('',*,*,#4817,.T.);
#6908=ORIENTED_EDGE('',*,*,#4850,.T.);
#6909=ORIENTED_EDGE('',*,*,#4851,.F.);
#6910=ORIENTED_EDGE('',*,*,#4852,.F.);
#6911=ORIENTED_EDGE('',*,*,#4818,.T.);
#6912=ORIENTED_EDGE('',*,*,#4852,.T.);
#6913=ORIENTED_EDGE('',*,*,#4853,.F.);
#6914=ORIENTED_EDGE('',*,*,#4854,.F.);
#6915=ORIENTED_EDGE('',*,*,#4819,.T.);
#6916=ORIENTED_EDGE('',*,*,#4854,.T.);
#6917=ORIENTED_EDGE('',*,*,#4855,.F.);
#6918=ORIENTED_EDGE('',*,*,#4856,.F.);
#6919=ORIENTED_EDGE('',*,*,#4820,.T.);
#6920=ORIENTED_EDGE('',*,*,#4856,.T.);
#6921=ORIENTED_EDGE('',*,*,#4857,.F.);
#6922=ORIENTED_EDGE('',*,*,#4858,.F.);
#6923=ORIENTED_EDGE('',*,*,#4821,.T.);
#6924=ORIENTED_EDGE('',*,*,#4858,.T.);
#6925=ORIENTED_EDGE('',*,*,#4859,.F.);
#6926=ORIENTED_EDGE('',*,*,#4860,.F.);
#6927=ORIENTED_EDGE('',*,*,#4822,.T.);
#6928=ORIENTED_EDGE('',*,*,#4860,.T.);
#6929=ORIENTED_EDGE('',*,*,#4861,.F.);
#6930=ORIENTED_EDGE('',*,*,#4862,.F.);
#6931=ORIENTED_EDGE('',*,*,#4823,.T.);
#6932=ORIENTED_EDGE('',*,*,#4862,.T.);
#6933=ORIENTED_EDGE('',*,*,#4863,.F.);
#6934=ORIENTED_EDGE('',*,*,#4846,.F.);
#6935=ORIENTED_EDGE('',*,*,#4864,.F.);
#6936=ORIENTED_EDGE('',*,*,#4865,.F.);
#6937=ORIENTED_EDGE('',*,*,#4866,.F.);
#6938=ORIENTED_EDGE('',*,*,#4867,.F.);
#6939=ORIENTED_EDGE('',*,*,#4868,.F.);
#6940=ORIENTED_EDGE('',*,*,#4869,.F.);
#6941=ORIENTED_EDGE('',*,*,#4870,.F.);
#6942=ORIENTED_EDGE('',*,*,#4871,.F.);
#6943=ORIENTED_EDGE('',*,*,#4872,.F.);
#6944=ORIENTED_EDGE('',*,*,#4873,.F.);
#6945=ORIENTED_EDGE('',*,*,#4874,.F.);
#6946=ORIENTED_EDGE('',*,*,#4875,.F.);
#6947=ORIENTED_EDGE('',*,*,#4876,.F.);
#6948=ORIENTED_EDGE('',*,*,#4877,.F.);
#6949=ORIENTED_EDGE('',*,*,#4878,.F.);
#6950=ORIENTED_EDGE('',*,*,#4864,.T.);
#6951=ORIENTED_EDGE('',*,*,#4879,.T.);
#6952=ORIENTED_EDGE('',*,*,#4880,.F.);
#6953=ORIENTED_EDGE('',*,*,#4881,.F.);
#6954=ORIENTED_EDGE('',*,*,#4865,.T.);
#6955=ORIENTED_EDGE('',*,*,#4881,.T.);
#6956=ORIENTED_EDGE('',*,*,#4882,.F.);
#6957=ORIENTED_EDGE('',*,*,#4883,.F.);
#6958=ORIENTED_EDGE('',*,*,#4866,.T.);
#6959=ORIENTED_EDGE('',*,*,#4883,.T.);
#6960=ORIENTED_EDGE('',*,*,#4884,.F.);
#6961=ORIENTED_EDGE('',*,*,#4885,.F.);
#6962=ORIENTED_EDGE('',*,*,#4867,.T.);
#6963=ORIENTED_EDGE('',*,*,#4885,.T.);
#6964=ORIENTED_EDGE('',*,*,#4886,.F.);
#6965=ORIENTED_EDGE('',*,*,#4887,.F.);
#6966=ORIENTED_EDGE('',*,*,#4868,.T.);
#6967=ORIENTED_EDGE('',*,*,#4887,.T.);
#6968=ORIENTED_EDGE('',*,*,#4888,.F.);
#6969=ORIENTED_EDGE('',*,*,#4889,.F.);
#6970=ORIENTED_EDGE('',*,*,#4869,.T.);
#6971=ORIENTED_EDGE('',*,*,#4889,.T.);
#6972=ORIENTED_EDGE('',*,*,#4890,.F.);
#6973=ORIENTED_EDGE('',*,*,#4891,.F.);
#6974=ORIENTED_EDGE('',*,*,#4870,.T.);
#6975=ORIENTED_EDGE('',*,*,#4891,.T.);
#6976=ORIENTED_EDGE('',*,*,#4892,.F.);
#6977=ORIENTED_EDGE('',*,*,#4893,.F.);
#6978=ORIENTED_EDGE('',*,*,#4871,.T.);
#6979=ORIENTED_EDGE('',*,*,#4893,.T.);
#6980=ORIENTED_EDGE('',*,*,#4894,.F.);
#6981=ORIENTED_EDGE('',*,*,#4895,.F.);
#6982=ORIENTED_EDGE('',*,*,#4872,.T.);
#6983=ORIENTED_EDGE('',*,*,#4895,.T.);
#6984=ORIENTED_EDGE('',*,*,#4896,.F.);
#6985=ORIENTED_EDGE('',*,*,#4897,.F.);
#6986=ORIENTED_EDGE('',*,*,#4873,.T.);
#6987=ORIENTED_EDGE('',*,*,#4897,.T.);
#6988=ORIENTED_EDGE('',*,*,#4898,.F.);
#6989=ORIENTED_EDGE('',*,*,#4899,.F.);
#6990=ORIENTED_EDGE('',*,*,#4874,.T.);
#6991=ORIENTED_EDGE('',*,*,#4899,.T.);
#6992=ORIENTED_EDGE('',*,*,#4900,.F.);
#6993=ORIENTED_EDGE('',*,*,#4901,.F.);
#6994=ORIENTED_EDGE('',*,*,#4875,.T.);
#6995=ORIENTED_EDGE('',*,*,#4901,.T.);
#6996=ORIENTED_EDGE('',*,*,#4902,.F.);
#6997=ORIENTED_EDGE('',*,*,#4903,.F.);
#6998=ORIENTED_EDGE('',*,*,#4876,.T.);
#6999=ORIENTED_EDGE('',*,*,#4903,.T.);
#7000=ORIENTED_EDGE('',*,*,#4904,.F.);
#7001=ORIENTED_EDGE('',*,*,#4905,.F.);
#7002=ORIENTED_EDGE('',*,*,#4877,.T.);
#7003=ORIENTED_EDGE('',*,*,#4905,.T.);
#7004=ORIENTED_EDGE('',*,*,#4906,.F.);
#7005=ORIENTED_EDGE('',*,*,#4907,.F.);
#7006=ORIENTED_EDGE('',*,*,#4878,.T.);
#7007=ORIENTED_EDGE('',*,*,#4907,.T.);
#7008=ORIENTED_EDGE('',*,*,#4908,.F.);
#7009=ORIENTED_EDGE('',*,*,#4879,.F.);
#7010=ORIENTED_EDGE('',*,*,#4909,.F.);
#7011=ORIENTED_EDGE('',*,*,#4910,.F.);
#7012=ORIENTED_EDGE('',*,*,#4911,.F.);
#7013=ORIENTED_EDGE('',*,*,#4912,.F.);
#7014=ORIENTED_EDGE('',*,*,#4913,.F.);
#7015=ORIENTED_EDGE('',*,*,#4914,.F.);
#7016=ORIENTED_EDGE('',*,*,#4915,.F.);
#7017=ORIENTED_EDGE('',*,*,#4916,.F.);
#7018=ORIENTED_EDGE('',*,*,#4917,.F.);
#7019=ORIENTED_EDGE('',*,*,#4918,.F.);
#7020=ORIENTED_EDGE('',*,*,#4919,.F.);
#7021=ORIENTED_EDGE('',*,*,#4920,.F.);
#7022=ORIENTED_EDGE('',*,*,#4921,.F.);
#7023=ORIENTED_EDGE('',*,*,#4922,.F.);
#7024=ORIENTED_EDGE('',*,*,#4923,.F.);
#7025=ORIENTED_EDGE('',*,*,#4924,.F.);
#7026=ORIENTED_EDGE('',*,*,#4925,.F.);
#7027=ORIENTED_EDGE('',*,*,#4926,.F.);
#7028=ORIENTED_EDGE('',*,*,#4927,.F.);
#7029=ORIENTED_EDGE('',*,*,#4928,.F.);
#7030=ORIENTED_EDGE('',*,*,#4909,.T.);
#7031=ORIENTED_EDGE('',*,*,#4929,.T.);
#7032=ORIENTED_EDGE('',*,*,#4930,.F.);
#7033=ORIENTED_EDGE('',*,*,#4931,.F.);
#7034=ORIENTED_EDGE('',*,*,#4910,.T.);
#7035=ORIENTED_EDGE('',*,*,#4931,.T.);
#7036=ORIENTED_EDGE('',*,*,#4932,.F.);
#7037=ORIENTED_EDGE('',*,*,#4933,.F.);
#7038=ORIENTED_EDGE('',*,*,#4911,.T.);
#7039=ORIENTED_EDGE('',*,*,#4933,.T.);
#7040=ORIENTED_EDGE('',*,*,#4934,.F.);
#7041=ORIENTED_EDGE('',*,*,#4935,.F.);
#7042=ORIENTED_EDGE('',*,*,#4912,.T.);
#7043=ORIENTED_EDGE('',*,*,#4935,.T.);
#7044=ORIENTED_EDGE('',*,*,#4936,.F.);
#7045=ORIENTED_EDGE('',*,*,#4937,.F.);
#7046=ORIENTED_EDGE('',*,*,#4913,.T.);
#7047=ORIENTED_EDGE('',*,*,#4937,.T.);
#7048=ORIENTED_EDGE('',*,*,#4938,.F.);
#7049=ORIENTED_EDGE('',*,*,#4939,.F.);
#7050=ORIENTED_EDGE('',*,*,#4914,.T.);
#7051=ORIENTED_EDGE('',*,*,#4939,.T.);
#7052=ORIENTED_EDGE('',*,*,#4940,.F.);
#7053=ORIENTED_EDGE('',*,*,#4941,.F.);
#7054=ORIENTED_EDGE('',*,*,#4915,.T.);
#7055=ORIENTED_EDGE('',*,*,#4941,.T.);
#7056=ORIENTED_EDGE('',*,*,#4942,.F.);
#7057=ORIENTED_EDGE('',*,*,#4943,.F.);
#7058=ORIENTED_EDGE('',*,*,#4916,.T.);
#7059=ORIENTED_EDGE('',*,*,#4943,.T.);
#7060=ORIENTED_EDGE('',*,*,#4944,.F.);
#7061=ORIENTED_EDGE('',*,*,#4945,.F.);
#7062=ORIENTED_EDGE('',*,*,#4917,.T.);
#7063=ORIENTED_EDGE('',*,*,#4945,.T.);
#7064=ORIENTED_EDGE('',*,*,#4946,.F.);
#7065=ORIENTED_EDGE('',*,*,#4947,.F.);
#7066=ORIENTED_EDGE('',*,*,#4918,.T.);
#7067=ORIENTED_EDGE('',*,*,#4947,.T.);
#7068=ORIENTED_EDGE('',*,*,#4948,.F.);
#7069=ORIENTED_EDGE('',*,*,#4949,.F.);
#7070=ORIENTED_EDGE('',*,*,#4919,.T.);
#7071=ORIENTED_EDGE('',*,*,#4949,.T.);
#7072=ORIENTED_EDGE('',*,*,#4950,.F.);
#7073=ORIENTED_EDGE('',*,*,#4929,.F.);
#7074=ORIENTED_EDGE('',*,*,#4920,.T.);
#7075=ORIENTED_EDGE('',*,*,#4951,.T.);
#7076=ORIENTED_EDGE('',*,*,#4952,.F.);
#7077=ORIENTED_EDGE('',*,*,#4953,.F.);
#7078=ORIENTED_EDGE('',*,*,#4921,.T.);
#7079=ORIENTED_EDGE('',*,*,#4953,.T.);
#7080=ORIENTED_EDGE('',*,*,#4954,.F.);
#7081=ORIENTED_EDGE('',*,*,#4955,.F.);
#7082=ORIENTED_EDGE('',*,*,#4922,.T.);
#7083=ORIENTED_EDGE('',*,*,#4955,.T.);
#7084=ORIENTED_EDGE('',*,*,#4956,.F.);
#7085=ORIENTED_EDGE('',*,*,#4957,.F.);
#7086=ORIENTED_EDGE('',*,*,#4923,.T.);
#7087=ORIENTED_EDGE('',*,*,#4957,.T.);
#7088=ORIENTED_EDGE('',*,*,#4958,.F.);
#7089=ORIENTED_EDGE('',*,*,#4959,.F.);
#7090=ORIENTED_EDGE('',*,*,#4924,.T.);
#7091=ORIENTED_EDGE('',*,*,#4959,.T.);
#7092=ORIENTED_EDGE('',*,*,#4960,.F.);
#7093=ORIENTED_EDGE('',*,*,#4961,.F.);
#7094=ORIENTED_EDGE('',*,*,#4925,.T.);
#7095=ORIENTED_EDGE('',*,*,#4961,.T.);
#7096=ORIENTED_EDGE('',*,*,#4962,.F.);
#7097=ORIENTED_EDGE('',*,*,#4963,.F.);
#7098=ORIENTED_EDGE('',*,*,#4926,.T.);
#7099=ORIENTED_EDGE('',*,*,#4963,.T.);
#7100=ORIENTED_EDGE('',*,*,#4964,.F.);
#7101=ORIENTED_EDGE('',*,*,#4965,.F.);
#7102=ORIENTED_EDGE('',*,*,#4927,.T.);
#7103=ORIENTED_EDGE('',*,*,#4965,.T.);
#7104=ORIENTED_EDGE('',*,*,#4966,.F.);
#7105=ORIENTED_EDGE('',*,*,#4967,.F.);
#7106=ORIENTED_EDGE('',*,*,#4928,.T.);
#7107=ORIENTED_EDGE('',*,*,#4967,.T.);
#7108=ORIENTED_EDGE('',*,*,#4968,.F.);
#7109=ORIENTED_EDGE('',*,*,#4951,.F.);
#7110=ORIENTED_EDGE('',*,*,#4952,.T.);
#7111=ORIENTED_EDGE('',*,*,#4968,.T.);
#7112=ORIENTED_EDGE('',*,*,#4966,.T.);
#7113=ORIENTED_EDGE('',*,*,#4964,.T.);
#7114=ORIENTED_EDGE('',*,*,#4962,.T.);
#7115=ORIENTED_EDGE('',*,*,#4960,.T.);
#7116=ORIENTED_EDGE('',*,*,#4958,.T.);
#7117=ORIENTED_EDGE('',*,*,#4956,.T.);
#7118=ORIENTED_EDGE('',*,*,#4954,.T.);
#7119=ORIENTED_EDGE('',*,*,#4847,.T.);
#7120=ORIENTED_EDGE('',*,*,#4863,.T.);
#7121=ORIENTED_EDGE('',*,*,#4861,.T.);
#7122=ORIENTED_EDGE('',*,*,#4859,.T.);
#7123=ORIENTED_EDGE('',*,*,#4857,.T.);
#7124=ORIENTED_EDGE('',*,*,#4855,.T.);
#7125=ORIENTED_EDGE('',*,*,#4853,.T.);
#7126=ORIENTED_EDGE('',*,*,#4851,.T.);
#7127=ORIENTED_EDGE('',*,*,#4849,.T.);
#7128=ORIENTED_EDGE('',*,*,#4787,.T.);
#7129=ORIENTED_EDGE('',*,*,#4803,.T.);
#7130=ORIENTED_EDGE('',*,*,#4801,.T.);
#7131=ORIENTED_EDGE('',*,*,#4799,.T.);
#7132=ORIENTED_EDGE('',*,*,#4797,.T.);
#7133=ORIENTED_EDGE('',*,*,#4795,.T.);
#7134=ORIENTED_EDGE('',*,*,#4793,.T.);
#7135=ORIENTED_EDGE('',*,*,#4791,.T.);
#7136=ORIENTED_EDGE('',*,*,#4789,.T.);
#7137=ORIENTED_EDGE('',*,*,#4767,.T.);
#7138=ORIENTED_EDGE('',*,*,#4785,.T.);
#7139=ORIENTED_EDGE('',*,*,#4783,.T.);
#7140=ORIENTED_EDGE('',*,*,#4781,.T.);
#7141=ORIENTED_EDGE('',*,*,#4779,.T.);
#7142=ORIENTED_EDGE('',*,*,#4777,.T.);
#7143=ORIENTED_EDGE('',*,*,#4775,.T.);
#7144=ORIENTED_EDGE('',*,*,#4773,.T.);
#7145=ORIENTED_EDGE('',*,*,#4771,.T.);
#7146=ORIENTED_EDGE('',*,*,#4769,.T.);
#7147=ORIENTED_EDGE('',*,*,#4969,.F.);
#7148=ORIENTED_EDGE('',*,*,#4970,.F.);
#7149=ORIENTED_EDGE('',*,*,#4971,.F.);
#7150=ORIENTED_EDGE('',*,*,#4972,.T.);
#7151=ORIENTED_EDGE('',*,*,#4973,.F.);
#7152=ORIENTED_EDGE('',*,*,#4972,.F.);
#7153=ORIENTED_EDGE('',*,*,#4974,.F.);
#7154=ORIENTED_EDGE('',*,*,#4975,.F.);
#7155=ORIENTED_EDGE('',*,*,#4976,.F.);
#7156=ORIENTED_EDGE('',*,*,#4977,.F.);
#7157=ORIENTED_EDGE('',*,*,#4978,.F.);
#7158=ORIENTED_EDGE('',*,*,#4970,.T.);
#7159=ORIENTED_EDGE('',*,*,#4979,.F.);
#7160=ORIENTED_EDGE('',*,*,#4980,.F.);
#7161=ORIENTED_EDGE('',*,*,#4981,.F.);
#7162=ORIENTED_EDGE('',*,*,#4982,.T.);
#7163=ORIENTED_EDGE('',*,*,#4983,.F.);
#7164=ORIENTED_EDGE('',*,*,#4982,.F.);
#7165=ORIENTED_EDGE('',*,*,#4984,.F.);
#7166=ORIENTED_EDGE('',*,*,#4985,.F.);
#7167=ORIENTED_EDGE('',*,*,#4986,.F.);
#7168=ORIENTED_EDGE('',*,*,#4987,.F.);
#7169=ORIENTED_EDGE('',*,*,#4988,.F.);
#7170=ORIENTED_EDGE('',*,*,#4980,.T.);
#7171=ORIENTED_EDGE('',*,*,#4989,.F.);
#7172=ORIENTED_EDGE('',*,*,#4990,.F.);
#7173=ORIENTED_EDGE('',*,*,#4991,.F.);
#7174=ORIENTED_EDGE('',*,*,#4992,.T.);
#7175=ORIENTED_EDGE('',*,*,#4993,.F.);
#7176=ORIENTED_EDGE('',*,*,#4992,.F.);
#7177=ORIENTED_EDGE('',*,*,#4994,.F.);
#7178=ORIENTED_EDGE('',*,*,#4995,.F.);
#7179=ORIENTED_EDGE('',*,*,#4996,.F.);
#7180=ORIENTED_EDGE('',*,*,#4997,.F.);
#7181=ORIENTED_EDGE('',*,*,#4998,.F.);
#7182=ORIENTED_EDGE('',*,*,#4990,.T.);
#7183=ORIENTED_EDGE('',*,*,#4976,.T.);
#7184=ORIENTED_EDGE('',*,*,#4969,.T.);
#7185=ORIENTED_EDGE('',*,*,#4973,.T.);
#7186=ORIENTED_EDGE('',*,*,#4999,.T.);
#7187=ORIENTED_EDGE('',*,*,#5000,.T.);
#7188=ORIENTED_EDGE('',*,*,#5001,.T.);
#7189=ORIENTED_EDGE('',*,*,#5002,.T.);
#7190=ORIENTED_EDGE('',*,*,#5003,.F.);
#7191=ORIENTED_EDGE('',*,*,#5004,.F.);
#7192=ORIENTED_EDGE('',*,*,#5005,.F.);
#7193=ORIENTED_EDGE('',*,*,#5006,.T.);
#7194=ORIENTED_EDGE('',*,*,#5007,.T.);
#7195=ORIENTED_EDGE('',*,*,#5008,.T.);
#7196=ORIENTED_EDGE('',*,*,#5009,.T.);
#7197=ORIENTED_EDGE('',*,*,#5010,.T.);
#7198=ORIENTED_EDGE('',*,*,#4996,.T.);
#7199=ORIENTED_EDGE('',*,*,#4989,.T.);
#7200=ORIENTED_EDGE('',*,*,#4993,.T.);
#7201=ORIENTED_EDGE('',*,*,#5011,.T.);
#7202=ORIENTED_EDGE('',*,*,#4986,.T.);
#7203=ORIENTED_EDGE('',*,*,#4979,.T.);
#7204=ORIENTED_EDGE('',*,*,#4983,.T.);
#7205=ORIENTED_EDGE('',*,*,#5012,.T.);
#7206=ORIENTED_EDGE('',*,*,#4975,.T.);
#7207=ORIENTED_EDGE('',*,*,#5013,.F.);
#7208=ORIENTED_EDGE('',*,*,#5014,.F.);
#7209=ORIENTED_EDGE('',*,*,#5015,.F.);
#7210=ORIENTED_EDGE('',*,*,#4999,.F.);
#7211=ORIENTED_EDGE('',*,*,#4997,.T.);
#7212=ORIENTED_EDGE('',*,*,#5010,.F.);
#7213=ORIENTED_EDGE('',*,*,#5016,.T.);
#7214=ORIENTED_EDGE('',*,*,#5017,.F.);
#7215=ORIENTED_EDGE('',*,*,#4987,.T.);
#7216=ORIENTED_EDGE('',*,*,#5011,.F.);
#7217=ORIENTED_EDGE('',*,*,#4995,.T.);
#7218=ORIENTED_EDGE('',*,*,#5018,.F.);
#7219=ORIENTED_EDGE('',*,*,#5008,.F.);
#7220=ORIENTED_EDGE('',*,*,#5019,.F.);
#7221=ORIENTED_EDGE('',*,*,#5020,.F.);
#7222=ORIENTED_EDGE('',*,*,#5021,.T.);
#7223=ORIENTED_EDGE('',*,*,#5009,.F.);
#7224=ORIENTED_EDGE('',*,*,#5021,.F.);
#7225=ORIENTED_EDGE('',*,*,#5022,.F.);
#7226=ORIENTED_EDGE('',*,*,#5016,.F.);
#7227=ORIENTED_EDGE('',*,*,#5007,.F.);
#7228=ORIENTED_EDGE('',*,*,#5023,.F.);
#7229=ORIENTED_EDGE('',*,*,#5024,.F.);
#7230=ORIENTED_EDGE('',*,*,#5019,.T.);
#7231=ORIENTED_EDGE('',*,*,#4977,.T.);
#7232=ORIENTED_EDGE('',*,*,#5012,.F.);
#7233=ORIENTED_EDGE('',*,*,#4985,.T.);
#7234=ORIENTED_EDGE('',*,*,#5025,.F.);
#7235=ORIENTED_EDGE('',*,*,#5026,.T.);
#7236=ORIENTED_EDGE('',*,*,#5027,.T.);
#7237=ORIENTED_EDGE('',*,*,#5028,.T.);
#7238=ORIENTED_EDGE('',*,*,#5029,.T.);
#7239=ORIENTED_EDGE('',*,*,#5030,.F.);
#7240=ORIENTED_EDGE('',*,*,#5031,.F.);
#7241=ORIENTED_EDGE('',*,*,#5028,.F.);
#7242=ORIENTED_EDGE('',*,*,#5031,.T.);
#7243=ORIENTED_EDGE('',*,*,#5032,.F.);
#7244=ORIENTED_EDGE('',*,*,#5033,.T.);
#7245=ORIENTED_EDGE('',*,*,#5026,.F.);
#7246=ORIENTED_EDGE('',*,*,#5032,.T.);
#7247=ORIENTED_EDGE('',*,*,#5030,.T.);
#7248=ORIENTED_EDGE('',*,*,#5034,.T.);
#7249=ORIENTED_EDGE('',*,*,#5035,.F.);
#7250=ORIENTED_EDGE('',*,*,#5036,.F.);
#7251=ORIENTED_EDGE('',*,*,#5037,.F.);
#7252=ORIENTED_EDGE('',*,*,#5038,.F.);
#7253=ORIENTED_EDGE('',*,*,#5039,.T.);
#7254=ORIENTED_EDGE('',*,*,#5040,.F.);
#7255=ORIENTED_EDGE('',*,*,#5037,.T.);
#7256=ORIENTED_EDGE('',*,*,#5041,.F.);
#7257=ORIENTED_EDGE('',*,*,#5042,.F.);
#7258=ORIENTED_EDGE('',*,*,#5004,.T.);
#7259=ORIENTED_EDGE('',*,*,#5043,.F.);
#7260=ORIENTED_EDGE('',*,*,#5044,.F.);
#7261=ORIENTED_EDGE('',*,*,#5035,.T.);
#7262=ORIENTED_EDGE('',*,*,#5003,.T.);
#7263=ORIENTED_EDGE('',*,*,#5045,.T.);
#7264=ORIENTED_EDGE('',*,*,#5046,.T.);
#7265=ORIENTED_EDGE('',*,*,#5047,.F.);
#7266=ORIENTED_EDGE('',*,*,#5043,.T.);
#7267=ORIENTED_EDGE('',*,*,#5048,.F.);
#7268=ORIENTED_EDGE('',*,*,#5014,.T.);
#7269=ORIENTED_EDGE('',*,*,#5049,.F.);
#7270=ORIENTED_EDGE('',*,*,#5050,.T.);
#7271=ORIENTED_EDGE('',*,*,#5051,.T.);
#7272=ORIENTED_EDGE('',*,*,#5046,.F.);
#7273=ORIENTED_EDGE('',*,*,#5038,.T.);
#7274=ORIENTED_EDGE('',*,*,#5040,.T.);
#7275=ORIENTED_EDGE('',*,*,#5052,.T.);
#7276=ORIENTED_EDGE('',*,*,#5053,.F.);
#7277=ORIENTED_EDGE('',*,*,#5001,.F.);
#7278=ORIENTED_EDGE('',*,*,#5054,.F.);
#7279=ORIENTED_EDGE('',*,*,#5047,.T.);
#7280=ORIENTED_EDGE('',*,*,#5051,.F.);
#7281=ORIENTED_EDGE('',*,*,#5055,.T.);
#7282=ORIENTED_EDGE('',*,*,#5056,.T.);
#7283=ORIENTED_EDGE('',*,*,#5044,.T.);
#7284=ORIENTED_EDGE('',*,*,#5056,.F.);
#7285=ORIENTED_EDGE('',*,*,#5057,.T.);
#7286=ORIENTED_EDGE('',*,*,#5058,.T.);
#7287=ORIENTED_EDGE('',*,*,#5036,.T.);
#7288=ORIENTED_EDGE('',*,*,#5059,.T.);
#7289=ORIENTED_EDGE('',*,*,#5005,.T.);
#7290=ORIENTED_EDGE('',*,*,#5042,.T.);
#7291=ORIENTED_EDGE('',*,*,#5053,.T.);
#7292=ORIENTED_EDGE('',*,*,#5060,.T.);
#7293=ORIENTED_EDGE('',*,*,#5015,.T.);
#7294=ORIENTED_EDGE('',*,*,#5048,.T.);
#7295=ORIENTED_EDGE('',*,*,#5045,.F.);
#7296=ORIENTED_EDGE('',*,*,#5002,.F.);
#7297=ORIENTED_EDGE('',*,*,#5054,.T.);
#7298=ORIENTED_EDGE('',*,*,#5000,.F.);
#7299=ORIENTED_EDGE('',*,*,#5041,.T.);
#7300=ORIENTED_EDGE('',*,*,#5058,.F.);
#7301=ORIENTED_EDGE('',*,*,#5061,.T.);
#7302=ORIENTED_EDGE('',*,*,#5062,.F.);
#7303=ORIENTED_EDGE('',*,*,#5061,.F.);
#7304=ORIENTED_EDGE('',*,*,#5057,.F.);
#7305=ORIENTED_EDGE('',*,*,#5055,.F.);
#7306=ORIENTED_EDGE('',*,*,#5050,.F.);
#7307=ORIENTED_EDGE('',*,*,#5063,.F.);
#7308=ORIENTED_EDGE('',*,*,#5064,.F.);
#7309=ORIENTED_EDGE('',*,*,#5039,.F.);
#7310=ORIENTED_EDGE('',*,*,#5062,.T.);
#7311=ORIENTED_EDGE('',*,*,#5064,.T.);
#7312=ORIENTED_EDGE('',*,*,#5065,.T.);
#7313=ORIENTED_EDGE('',*,*,#5066,.T.);
#7314=ORIENTED_EDGE('',*,*,#5060,.F.);
#7315=ORIENTED_EDGE('',*,*,#5052,.F.);
#7316=ORIENTED_EDGE('',*,*,#4978,.T.);
#7317=ORIENTED_EDGE('',*,*,#5025,.T.);
#7318=ORIENTED_EDGE('',*,*,#4984,.T.);
#7319=ORIENTED_EDGE('',*,*,#4981,.T.);
#7320=ORIENTED_EDGE('',*,*,#4988,.T.);
#7321=ORIENTED_EDGE('',*,*,#5018,.T.);
#7322=ORIENTED_EDGE('',*,*,#4994,.T.);
#7323=ORIENTED_EDGE('',*,*,#4991,.T.);
#7324=ORIENTED_EDGE('',*,*,#4998,.T.);
#7325=ORIENTED_EDGE('',*,*,#5017,.T.);
#7326=ORIENTED_EDGE('',*,*,#5022,.T.);
#7327=ORIENTED_EDGE('',*,*,#5020,.T.);
#7328=ORIENTED_EDGE('',*,*,#5024,.T.);
#7329=ORIENTED_EDGE('',*,*,#5067,.T.);
#7330=ORIENTED_EDGE('',*,*,#5065,.F.);
#7331=ORIENTED_EDGE('',*,*,#5063,.T.);
#7332=ORIENTED_EDGE('',*,*,#5049,.T.);
#7333=ORIENTED_EDGE('',*,*,#5013,.T.);
#7334=ORIENTED_EDGE('',*,*,#4974,.T.);
#7335=ORIENTED_EDGE('',*,*,#4971,.T.);
#7336=ORIENTED_EDGE('',*,*,#5027,.F.);
#7337=ORIENTED_EDGE('',*,*,#5033,.F.);
#7338=ORIENTED_EDGE('',*,*,#5034,.F.);
#7339=ORIENTED_EDGE('',*,*,#5029,.F.);
#7340=ORIENTED_EDGE('',*,*,#4930,.T.);
#7341=ORIENTED_EDGE('',*,*,#4950,.T.);
#7342=ORIENTED_EDGE('',*,*,#4948,.T.);
#7343=ORIENTED_EDGE('',*,*,#4946,.T.);
#7344=ORIENTED_EDGE('',*,*,#4944,.T.);
#7345=ORIENTED_EDGE('',*,*,#4942,.T.);
#7346=ORIENTED_EDGE('',*,*,#4940,.T.);
#7347=ORIENTED_EDGE('',*,*,#4938,.T.);
#7348=ORIENTED_EDGE('',*,*,#4936,.T.);
#7349=ORIENTED_EDGE('',*,*,#4934,.T.);
#7350=ORIENTED_EDGE('',*,*,#4932,.T.);
#7351=ORIENTED_EDGE('',*,*,#4880,.T.);
#7352=ORIENTED_EDGE('',*,*,#4908,.T.);
#7353=ORIENTED_EDGE('',*,*,#4906,.T.);
#7354=ORIENTED_EDGE('',*,*,#4904,.T.);
#7355=ORIENTED_EDGE('',*,*,#4902,.T.);
#7356=ORIENTED_EDGE('',*,*,#4900,.T.);
#7357=ORIENTED_EDGE('',*,*,#4898,.T.);
#7358=ORIENTED_EDGE('',*,*,#4896,.T.);
#7359=ORIENTED_EDGE('',*,*,#4894,.T.);
#7360=ORIENTED_EDGE('',*,*,#4892,.T.);
#7361=ORIENTED_EDGE('',*,*,#4890,.T.);
#7362=ORIENTED_EDGE('',*,*,#4888,.T.);
#7363=ORIENTED_EDGE('',*,*,#4886,.T.);
#7364=ORIENTED_EDGE('',*,*,#4884,.T.);
#7365=ORIENTED_EDGE('',*,*,#4882,.T.);
#7366=ORIENTED_EDGE('',*,*,#4825,.T.);
#7367=ORIENTED_EDGE('',*,*,#4845,.T.);
#7368=ORIENTED_EDGE('',*,*,#4843,.T.);
#7369=ORIENTED_EDGE('',*,*,#4841,.T.);
#7370=ORIENTED_EDGE('',*,*,#4839,.T.);
#7371=ORIENTED_EDGE('',*,*,#4837,.T.);
#7372=ORIENTED_EDGE('',*,*,#4835,.T.);
#7373=ORIENTED_EDGE('',*,*,#4833,.T.);
#7374=ORIENTED_EDGE('',*,*,#4831,.T.);
#7375=ORIENTED_EDGE('',*,*,#4829,.T.);
#7376=ORIENTED_EDGE('',*,*,#4827,.T.);
#7377=ORIENTED_EDGE('',*,*,#4739,.T.);
#7378=ORIENTED_EDGE('',*,*,#4765,.T.);
#7379=ORIENTED_EDGE('',*,*,#4763,.T.);
#7380=ORIENTED_EDGE('',*,*,#4761,.T.);
#7381=ORIENTED_EDGE('',*,*,#4759,.T.);
#7382=ORIENTED_EDGE('',*,*,#4757,.T.);
#7383=ORIENTED_EDGE('',*,*,#4755,.T.);
#7384=ORIENTED_EDGE('',*,*,#4753,.T.);
#7385=ORIENTED_EDGE('',*,*,#4751,.T.);
#7386=ORIENTED_EDGE('',*,*,#4749,.T.);
#7387=ORIENTED_EDGE('',*,*,#4747,.T.);
#7388=ORIENTED_EDGE('',*,*,#4745,.T.);
#7389=ORIENTED_EDGE('',*,*,#4743,.T.);
#7390=ORIENTED_EDGE('',*,*,#4741,.T.);
#7391=ORIENTED_EDGE('',*,*,#4690,.T.);
#7392=ORIENTED_EDGE('',*,*,#4704,.T.);
#7393=ORIENTED_EDGE('',*,*,#4702,.T.);
#7394=ORIENTED_EDGE('',*,*,#4700,.T.);
#7395=ORIENTED_EDGE('',*,*,#4698,.T.);
#7396=ORIENTED_EDGE('',*,*,#4696,.T.);
#7397=ORIENTED_EDGE('',*,*,#4694,.T.);
#7398=ORIENTED_EDGE('',*,*,#4692,.T.);
#7399=ORIENTED_EDGE('',*,*,#4666,.T.);
#7400=ORIENTED_EDGE('',*,*,#4680,.T.);
#7401=ORIENTED_EDGE('',*,*,#4678,.T.);
#7402=ORIENTED_EDGE('',*,*,#4676,.T.);
#7403=ORIENTED_EDGE('',*,*,#4674,.T.);
#7404=ORIENTED_EDGE('',*,*,#4672,.T.);
#7405=ORIENTED_EDGE('',*,*,#4670,.T.);
#7406=ORIENTED_EDGE('',*,*,#4668,.T.);
#7407=ORIENTED_EDGE('',*,*,#5023,.T.);
#7408=ORIENTED_EDGE('',*,*,#5006,.F.);
#7409=ORIENTED_EDGE('',*,*,#5059,.F.);
#7410=ORIENTED_EDGE('',*,*,#5066,.F.);
#7411=ORIENTED_EDGE('',*,*,#5067,.F.);
#7412=PLANE('',#8174);
#7413=PLANE('',#8175);
#7414=PLANE('',#8176);
#7415=PLANE('',#8177);
#7416=PLANE('',#8178);
#7417=PLANE('',#8179);
#7418=PLANE('',#8180);
#7419=PLANE('',#8181);
#7420=PLANE('',#8182);
#7421=PLANE('',#8183);
#7422=PLANE('',#8184);
#7423=PLANE('',#8185);
#7424=PLANE('',#8186);
#7425=PLANE('',#8187);
#7426=PLANE('',#8188);
#7427=PLANE('',#8189);
#7428=PLANE('',#8190);
#7429=PLANE('',#8191);
#7430=PLANE('',#8192);
#7431=PLANE('',#8193);
#7432=PLANE('',#8194);
#7433=PLANE('',#8195);
#7434=PLANE('',#8196);
#7435=PLANE('',#8197);
#7436=PLANE('',#8198);
#7437=PLANE('',#8199);
#7438=PLANE('',#8200);
#7439=PLANE('',#8201);
#7440=PLANE('',#8202);
#7441=PLANE('',#8203);
#7442=PLANE('',#8204);
#7443=PLANE('',#8205);
#7444=PLANE('',#8206);
#7445=PLANE('',#8207);
#7446=PLANE('',#8208);
#7447=PLANE('',#8209);
#7448=PLANE('',#8210);
#7449=PLANE('',#8211);
#7450=PLANE('',#8213);
#7451=PLANE('',#8215);
#7452=PLANE('',#8219);
#7453=PLANE('',#8222);
#7454=PLANE('',#8223);
#7455=PLANE('',#8224);
#7456=PLANE('',#8225);
#7457=PLANE('',#8226);
#7458=PLANE('',#8227);
#7459=PLANE('',#8232);
#7460=PLANE('',#8234);
#7461=PLANE('',#8239);
#7462=PLANE('',#8240);
#7463=PLANE('',#8241);
#7464=PLANE('',#8242);
#7465=PLANE('',#8244);
#7466=PLANE('',#8248);
#7467=PLANE('',#8252);
#7468=PLANE('',#8256);
#7469=PLANE('',#8260);
#7470=PLANE('',#8261);
#7471=PLANE('',#8262);
#7472=PLANE('',#8263);
#7473=PLANE('',#8264);
#7474=PLANE('',#8265);
#7475=PLANE('',#8266);
#7476=PLANE('',#8267);
#7477=PLANE('',#8268);
#7478=PLANE('',#8269);
#7479=PLANE('',#8270);
#7480=PLANE('',#8271);
#7481=PLANE('',#8272);
#7482=PLANE('',#8273);
#7483=PLANE('',#8274);
#7484=PLANE('',#8275);
#7485=PLANE('',#8277);
#7486=PLANE('',#8279);
#7487=PLANE('',#8280);
#7488=PLANE('',#8282);
#7489=PLANE('',#8283);
#7490=PLANE('',#8285);
#7491=PLANE('',#8286);
#7492=PLANE('',#8288);
#7493=PLANE('',#8289);
#7494=PLANE('',#8291);
#7495=PLANE('',#8292);
#7496=PLANE('',#8294);
#7497=PLANE('',#8297);
#7498=PLANE('',#8301);
#7499=PLANE('',#8303);
#7500=PLANE('',#8307);
#7501=PLANE('',#8308);
#7502=PLANE('',#8309);
#7503=PLANE('',#8310);
#7504=PLANE('',#8311);
#7505=PLANE('',#8312);
#7506=PLANE('',#8313);
#7507=PLANE('',#8314);
#7508=PLANE('',#8319);
#7509=PLANE('',#8320);
#7510=PLANE('',#8321);
#7511=PLANE('',#8322);
#7512=PLANE('',#8323);
#7513=PLANE('',#8324);
#7514=PLANE('',#8325);
#7515=PLANE('',#8326);
#7516=PLANE('',#8327);
#7517=PLANE('',#8328);
#7518=PLANE('',#8329);
#7519=PLANE('',#8330);
#7520=PLANE('',#8331);
#7521=PLANE('',#8332);
#7522=PLANE('',#8333);
#7523=PLANE('',#8337);
#7524=PLANE('',#8338);
#7525=PLANE('',#8339);
#7526=PLANE('',#8340);
#7527=PLANE('',#8341);
#7528=PLANE('',#8342);
#7529=PLANE('',#8343);
#7530=PLANE('',#8344);
#7531=PLANE('',#8345);
#7532=PLANE('',#8346);
#7533=PLANE('',#8347);
#7534=PLANE('',#8349);
#7535=PLANE('',#8351);
#7536=PLANE('',#8352);
#7537=PLANE('',#8353);
#7538=PLANE('',#8355);
#7539=PLANE('',#8357);
#7540=PLANE('',#8358);
#7541=PLANE('',#8359);
#7542=PLANE('',#8361);
#7543=PLANE('',#8363);
#7544=PLANE('',#8364);
#7545=PLANE('',#8365);
#7546=PLANE('',#8366);
#7547=PLANE('',#8367);
#7548=PLANE('',#8368);
#7549=PLANE('',#8369);
#7550=PLANE('',#8370);
#7551=PLANE('',#8371);
#7552=PLANE('',#8372);
#7553=PLANE('',#8373);
#7554=PLANE('',#8374);
#7555=PLANE('',#8375);
#7556=PLANE('',#8376);
#7557=PLANE('',#8382);
#7558=PLANE('',#8383);
#7559=PLANE('',#8384);
#7560=PLANE('',#8385);
#7561=PLANE('',#8386);
#7562=PLANE('',#8387);
#7563=PLANE('',#8388);
#7564=PLANE('',#8389);
#7565=PLANE('',#8390);
#7566=PLANE('',#8391);
#7567=PLANE('',#8392);
#7568=PLANE('',#8393);
#7569=PLANE('',#8394);
#7570=PLANE('',#8395);
#7571=PLANE('',#8396);
#7572=PLANE('',#8397);
#7573=PLANE('',#8398);
#7574=PLANE('',#8399);
#7575=PLANE('',#8400);
#7576=PLANE('',#8401);
#7577=PLANE('',#8402);
#7578=PLANE('',#8403);
#7579=PLANE('',#8404);
#7580=PLANE('',#8405);
#7581=PLANE('',#8406);
#7582=PLANE('',#8407);
#7583=PLANE('',#8408);
#7584=PLANE('',#8409);
#7585=PLANE('',#8410);
#7586=PLANE('',#8411);
#7587=PLANE('',#8412);
#7588=PLANE('',#8413);
#7589=PLANE('',#8414);
#7590=PLANE('',#8415);
#7591=PLANE('',#8416);
#7592=PLANE('',#8417);
#7593=PLANE('',#8421);
#7594=PLANE('',#8422);
#7595=PLANE('',#8423);
#7596=PLANE('',#8424);
#7597=PLANE('',#8425);
#7598=PLANE('',#8426);
#7599=PLANE('',#8427);
#7600=PLANE('',#8428);
#7601=PLANE('',#8429);
#7602=PLANE('',#8430);
#7603=PLANE('',#8431);
#7604=PLANE('',#8432);
#7605=PLANE('',#8433);
#7606=PLANE('',#8434);
#7607=PLANE('',#8435);
#7608=PLANE('',#8436);
#7609=PLANE('',#8437);
#7610=PLANE('',#8438);
#7611=PLANE('',#8439);
#7612=PLANE('',#8440);
#7613=PLANE('',#8441);
#7614=PLANE('',#8442);
#7615=PLANE('',#8443);
#7616=PLANE('',#8444);
#7617=PLANE('',#8445);
#7618=PLANE('',#8446);
#7619=PLANE('',#8450);
#7620=PLANE('',#8451);
#7621=PLANE('',#8452);
#7622=PLANE('',#8453);
#7623=PLANE('',#8454);
#7624=PLANE('',#8455);
#7625=PLANE('',#8456);
#7626=PLANE('',#8457);
#7627=PLANE('',#8458);
#7628=PLANE('',#8459);
#7629=PLANE('',#8460);
#7630=PLANE('',#8461);
#7631=PLANE('',#8462);
#7632=PLANE('',#8463);
#7633=PLANE('',#8464);
#7634=PLANE('',#8466);
#7635=PLANE('',#8467);
#7636=PLANE('',#8468);
#7637=PLANE('',#8469);
#7638=PLANE('',#8470);
#7639=PLANE('',#8471);
#7640=PLANE('',#8472);
#7641=PLANE('',#8473);
#7642=PLANE('',#8474);
#7643=PLANE('',#8475);
#7644=PLANE('',#8476);
#7645=PLANE('',#8477);
#7646=PLANE('',#8478);
#7647=PLANE('',#8479);
#7648=PLANE('',#8480);
#7649=PLANE('',#8481);
#7650=PLANE('',#8482);
#7651=PLANE('',#8483);
#7652=PLANE('',#8484);
#7653=PLANE('',#8485);
#7654=PLANE('',#8486);
#7655=PLANE('',#8487);
#7656=PLANE('',#8488);
#7657=PLANE('',#8489);
#7658=PLANE('',#8490);
#7659=PLANE('',#8491);
#7660=PLANE('',#8492);
#7661=PLANE('',#8493);
#7662=PLANE('',#8494);
#7663=PLANE('',#8495);
#7664=PLANE('',#8496);
#7665=PLANE('',#8497);
#7666=PLANE('',#8498);
#7667=PLANE('',#8499);
#7668=PLANE('',#8500);
#7669=PLANE('',#8501);
#7670=PLANE('',#8502);
#7671=PLANE('',#8503);
#7672=PLANE('',#8504);
#7673=PLANE('',#8505);
#7674=PLANE('',#8506);
#7675=PLANE('',#8507);
#7676=PLANE('',#8508);
#7677=PLANE('',#8509);
#7678=PLANE('',#8510);
#7679=PLANE('',#8511);
#7680=PLANE('',#8512);
#7681=PLANE('',#8513);
#7682=PLANE('',#8514);
#7683=PLANE('',#8515);
#7684=PLANE('',#8516);
#7685=PLANE('',#8517);
#7686=PLANE('',#8518);
#7687=PLANE('',#8519);
#7688=PLANE('',#8520);
#7689=PLANE('',#8521);
#7690=PLANE('',#8522);
#7691=PLANE('',#8523);
#7692=PLANE('',#8524);
#7693=PLANE('',#8526);
#7694=PLANE('',#8527);
#7695=PLANE('',#8528);
#7696=PLANE('',#8529);
#7697=PLANE('',#8530);
#7698=PLANE('',#8531);
#7699=PLANE('',#8532);
#7700=PLANE('',#8533);
#7701=PLANE('',#8534);
#7702=PLANE('',#8535);
#7703=PLANE('',#8536);
#7704=PLANE('',#8543);
#7705=PLANE('',#8544);
#7706=PLANE('',#8546);
#7707=PLANE('',#8550);
#7708=PLANE('',#8556);
#7709=PLANE('',#8557);
#7710=PLANE('',#8558);
#7711=PLANE('',#8559);
#7712=ADVANCED_FACE('',(#2059,#2040),#7412,.T.);
#7713=ADVANCED_FACE('',(#2060),#1941,.T.);
#7714=ADVANCED_FACE('',(#2061),#1942,.T.);
#7715=ADVANCED_FACE('',(#2062),#1943,.T.);
#7716=ADVANCED_FACE('',(#2063),#1944,.T.);
#7717=ADVANCED_FACE('',(#2064),#1945,.T.);
#7718=ADVANCED_FACE('',(#2065),#1946,.T.);
#7719=ADVANCED_FACE('',(#2066),#1947,.T.);
#7720=ADVANCED_FACE('',(#2067),#1948,.T.);
#7721=ADVANCED_FACE('',(#2068),#1949,.T.);
#7722=ADVANCED_FACE('',(#2069),#1950,.T.);
#7723=ADVANCED_FACE('',(#2070),#1951,.T.);
#7724=ADVANCED_FACE('',(#2071),#1952,.T.);
#7725=ADVANCED_FACE('',(#2072),#1953,.T.);
#7726=ADVANCED_FACE('',(#2073),#1954,.T.);
#7727=ADVANCED_FACE('',(#2074),#1955,.T.);
#7728=ADVANCED_FACE('',(#2075),#1956,.T.);
#7729=ADVANCED_FACE('',(#2076),#1957,.T.);
#7730=ADVANCED_FACE('',(#2077),#1958,.T.);
#7731=ADVANCED_FACE('',(#2078),#1959,.T.);
#7732=ADVANCED_FACE('',(#2079),#1960,.T.);
#7733=ADVANCED_FACE('',(#2080),#7413,.T.);
#7734=ADVANCED_FACE('',(#2081),#7414,.T.);
#7735=ADVANCED_FACE('',(#2082),#7415,.T.);
#7736=ADVANCED_FACE('',(#2083),#7416,.T.);
#7737=ADVANCED_FACE('',(#2084),#7417,.T.);
#7738=ADVANCED_FACE('',(#2085),#7418,.T.);
#7739=ADVANCED_FACE('',(#2086),#7419,.T.);
#7740=ADVANCED_FACE('',(#2087),#7420,.T.);
#7741=ADVANCED_FACE('',(#2088),#7421,.T.);
#7742=ADVANCED_FACE('',(#2089,#2041),#7422,.T.);
#7743=ADVANCED_FACE('',(#2090),#7423,.T.);
#7744=ADVANCED_FACE('',(#2091),#7424,.T.);
#7745=ADVANCED_FACE('',(#2092),#1961,.T.);
#7746=ADVANCED_FACE('',(#2093),#1962,.T.);
#7747=ADVANCED_FACE('',(#2094),#1963,.T.);
#7748=ADVANCED_FACE('',(#2095),#1964,.T.);
#7749=ADVANCED_FACE('',(#2096),#1965,.T.);
#7750=ADVANCED_FACE('',(#2097),#1966,.T.);
#7751=ADVANCED_FACE('',(#2098),#7425,.T.);
#7752=ADVANCED_FACE('',(#2099),#7426,.T.);
#7753=ADVANCED_FACE('',(#2100),#7427,.T.);
#7754=ADVANCED_FACE('',(#2101),#7428,.T.);
#7755=ADVANCED_FACE('',(#2102),#1967,.T.);
#7756=ADVANCED_FACE('',(#2103),#1968,.T.);
#7757=ADVANCED_FACE('',(#2104),#1969,.T.);
#7758=ADVANCED_FACE('',(#2105),#1970,.T.);
#7759=ADVANCED_FACE('',(#2106),#1971,.T.);
#7760=ADVANCED_FACE('',(#2107),#7429,.T.);
#7761=ADVANCED_FACE('',(#2108),#7430,.T.);
#7762=ADVANCED_FACE('',(#2109),#7431,.T.);
#7763=ADVANCED_FACE('',(#2110),#7432,.T.);
#7764=ADVANCED_FACE('',(#2111),#7433,.F.);
#7765=ADVANCED_FACE('',(#2112),#7434,.F.);
#7766=ADVANCED_FACE('',(#2113),#7435,.F.);
#7767=ADVANCED_FACE('',(#2114),#7436,.F.);
#7768=ADVANCED_FACE('',(#2115),#7437,.F.);
#7769=ADVANCED_FACE('',(#2116),#7438,.F.);
#7770=ADVANCED_FACE('',(#2117),#7439,.F.);
#7771=ADVANCED_FACE('',(#2118),#7440,.F.);
#7772=ADVANCED_FACE('',(#2119),#7441,.F.);
#7773=ADVANCED_FACE('',(#2120),#7442,.T.);
#7774=ADVANCED_FACE('',(#2121),#7443,.T.);
#7775=ADVANCED_FACE('',(#2122),#7444,.T.);
#7776=ADVANCED_FACE('',(#2123),#7445,.T.);
#7777=ADVANCED_FACE('',(#2124),#7446,.F.);
#7778=ADVANCED_FACE('',(#2125),#7447,.F.);
#7779=ADVANCED_FACE('',(#2126),#7448,.F.);
#7780=ADVANCED_FACE('',(#2127),#7449,.T.);
#7781=ADVANCED_FACE('',(#2128),#7450,.F.);
#7782=ADVANCED_FACE('',(#2129),#7451,.F.);
#7783=ADVANCED_FACE('',(#2130),#39,.T.);
#7784=ADVANCED_FACE('',(#2131),#7452,.T.);
#7785=ADVANCED_FACE('',(#2132),#40,.T.);
#7786=ADVANCED_FACE('',(#2133),#7453,.T.);
#7787=ADVANCED_FACE('',(#2134),#7454,.F.);
#7788=ADVANCED_FACE('',(#2135),#7455,.F.);
#7789=ADVANCED_FACE('',(#2136),#7456,.F.);
#7790=ADVANCED_FACE('',(#2137),#7457,.F.);
#7791=ADVANCED_FACE('',(#2138),#7458,.T.);
#7792=ADVANCED_FACE('',(#2139),#35,.T.);
#7793=ADVANCED_FACE('',(#2140),#1972,.T.);
#7794=ADVANCED_FACE('',(#2141),#36,.T.);
#7795=ADVANCED_FACE('',(#2142),#7459,.F.);
#7796=ADVANCED_FACE('',(#2143),#7460,.F.);
#7797=ADVANCED_FACE('',(#2144),#41,.T.);
#7798=ADVANCED_FACE('',(#2145),#42,.T.);
#7799=ADVANCED_FACE('',(#2146),#7461,.F.);
#7800=ADVANCED_FACE('',(#2147),#7462,.T.);
#7801=ADVANCED_FACE('',(#2148,#2042,#2043,#2044,#2045),#7463,.T.);
#7802=ADVANCED_FACE('',(#2149),#7464,.T.);
#7803=ADVANCED_FACE('',(#2150),#7465,.F.);
#7804=ADVANCED_FACE('',(#2151),#43,.F.);
#7805=ADVANCED_FACE('',(#2152),#7466,.F.);
#7806=ADVANCED_FACE('',(#2153),#44,.F.);
#7807=ADVANCED_FACE('',(#2154),#7467,.F.);
#7808=ADVANCED_FACE('',(#2155),#45,.F.);
#7809=ADVANCED_FACE('',(#2156),#7468,.F.);
#7810=ADVANCED_FACE('',(#2157),#46,.F.);
#7811=ADVANCED_FACE('',(#2158),#7469,.T.);
#7812=ADVANCED_FACE('',(#2159),#7470,.T.);
#7813=ADVANCED_FACE('',(#2160),#7471,.T.);
#7814=ADVANCED_FACE('',(#2161),#7472,.T.);
#7815=ADVANCED_FACE('',(#2162),#7473,.T.);
#7816=ADVANCED_FACE('',(#2163),#7474,.T.);
#7817=ADVANCED_FACE('',(#2164),#7475,.T.);
#7818=ADVANCED_FACE('',(#2165),#7476,.T.);
#7819=ADVANCED_FACE('',(#2166),#7477,.T.);
#7820=ADVANCED_FACE('',(#2167),#7478,.T.);
#7821=ADVANCED_FACE('',(#2168),#7479,.T.);
#7822=ADVANCED_FACE('',(#2169),#7480,.T.);
#7823=ADVANCED_FACE('',(#2170),#7481,.T.);
#7824=ADVANCED_FACE('',(#2171),#7482,.F.);
#7825=ADVANCED_FACE('',(#2172),#7483,.T.);
#7826=ADVANCED_FACE('',(#2173),#7484,.T.);
#7827=ADVANCED_FACE('',(#2174),#7485,.T.);
#7828=ADVANCED_FACE('',(#2175),#7486,.T.);
#7829=ADVANCED_FACE('',(#2176),#7487,.T.);
#7830=ADVANCED_FACE('',(#2177),#7488,.T.);
#7831=ADVANCED_FACE('',(#2178),#7489,.T.);
#7832=ADVANCED_FACE('',(#2179),#7490,.T.);
#7833=ADVANCED_FACE('',(#2180),#7491,.T.);
#7834=ADVANCED_FACE('',(#2181),#7492,.T.);
#7835=ADVANCED_FACE('',(#2182),#7493,.T.);
#7836=ADVANCED_FACE('',(#2183),#7494,.T.);
#7837=ADVANCED_FACE('',(#2184),#7495,.T.);
#7838=ADVANCED_FACE('',(#2185),#7496,.T.);
#7839=ADVANCED_FACE('',(#2186),#7497,.T.);
#7840=ADVANCED_FACE('',(#2187),#47,.F.);
#7841=ADVANCED_FACE('',(#2188),#7498,.T.);
#7842=ADVANCED_FACE('',(#2189),#7499,.T.);
#7843=ADVANCED_FACE('',(#2190),#48,.F.);
#7844=ADVANCED_FACE('',(#2191),#7500,.T.);
#7845=ADVANCED_FACE('',(#2192),#7501,.F.);
#7846=ADVANCED_FACE('',(#2193),#7502,.F.);
#7847=ADVANCED_FACE('',(#2194),#7503,.F.);
#7848=ADVANCED_FACE('',(#2195),#7504,.F.);
#7849=ADVANCED_FACE('',(#2196),#7505,.T.);
#7850=ADVANCED_FACE('',(#2197),#7506,.F.);
#7851=ADVANCED_FACE('',(#2198),#7507,.T.);
#7852=ADVANCED_FACE('',(#2199),#49,.F.);
#7853=ADVANCED_FACE('',(#2200),#7508,.T.);
#7854=ADVANCED_FACE('',(#2201),#7509,.T.);
#7855=ADVANCED_FACE('',(#2202),#7510,.T.);
#7856=ADVANCED_FACE('',(#2203),#7511,.T.);
#7857=ADVANCED_FACE('',(#2204),#7512,.T.);
#7858=ADVANCED_FACE('',(#2205),#7513,.T.);
#7859=ADVANCED_FACE('',(#2206),#7514,.T.);
#7860=ADVANCED_FACE('',(#2207),#7515,.T.);
#7861=ADVANCED_FACE('',(#2208),#7516,.T.);
#7862=ADVANCED_FACE('',(#2209),#7517,.T.);
#7863=ADVANCED_FACE('',(#2210),#7518,.T.);
#7864=ADVANCED_FACE('',(#2211),#7519,.T.);
#7865=ADVANCED_FACE('',(#2212),#7520,.T.);
#7866=ADVANCED_FACE('',(#2213),#7521,.T.);
#7867=ADVANCED_FACE('',(#2214),#7522,.T.);
#7868=ADVANCED_FACE('',(#2215),#50,.F.);
#7869=ADVANCED_FACE('',(#2216),#7523,.T.);
#7870=ADVANCED_FACE('',(#2217),#7524,.T.);
#7871=ADVANCED_FACE('',(#2218),#7525,.T.);
#7872=ADVANCED_FACE('',(#2219),#7526,.T.);
#7873=ADVANCED_FACE('',(#2220),#7527,.T.);
#7874=ADVANCED_FACE('',(#2221,#2046),#7528,.T.);
#7875=ADVANCED_FACE('',(#2222),#7529,.T.);
#7876=ADVANCED_FACE('',(#2223),#7530,.T.);
#7877=ADVANCED_FACE('',(#2224),#7531,.T.);
#7878=ADVANCED_FACE('',(#2225),#7532,.F.);
#7879=ADVANCED_FACE('',(#2226),#7533,.T.);
#7880=ADVANCED_FACE('',(#2227),#7534,.T.);
#7881=ADVANCED_FACE('',(#2228),#7535,.T.);
#7882=ADVANCED_FACE('',(#2229),#7536,.T.);
#7883=ADVANCED_FACE('',(#2230),#7537,.T.);
#7884=ADVANCED_FACE('',(#2231),#7538,.T.);
#7885=ADVANCED_FACE('',(#2232),#7539,.T.);
#7886=ADVANCED_FACE('',(#2233),#7540,.T.);
#7887=ADVANCED_FACE('',(#2234),#7541,.T.);
#7888=ADVANCED_FACE('',(#2235),#7542,.T.);
#7889=ADVANCED_FACE('',(#2236),#7543,.T.);
#7890=ADVANCED_FACE('',(#2237),#7544,.T.);
#7891=ADVANCED_FACE('',(#2238),#7545,.T.);
#7892=ADVANCED_FACE('',(#2239),#7546,.T.);
#7893=ADVANCED_FACE('',(#2240),#7547,.T.);
#7894=ADVANCED_FACE('',(#2241),#7548,.T.);
#7895=ADVANCED_FACE('',(#2242),#7549,.T.);
#7896=ADVANCED_FACE('',(#2243),#7550,.T.);
#7897=ADVANCED_FACE('',(#2244),#7551,.T.);
#7898=ADVANCED_FACE('',(#2245),#7552,.T.);
#7899=ADVANCED_FACE('',(#2246),#7553,.F.);
#7900=ADVANCED_FACE('',(#2247),#7554,.F.);
#7901=ADVANCED_FACE('',(#2248),#7555,.F.);
#7902=ADVANCED_FACE('',(#2249),#7556,.F.);
#7903=ADVANCED_FACE('',(#2250),#51,.F.);
#7904=ADVANCED_FACE('',(#2251),#7557,.T.);
#7905=ADVANCED_FACE('',(#2252),#7558,.T.);
#7906=ADVANCED_FACE('',(#2253),#7559,.T.);
#7907=ADVANCED_FACE('',(#2254),#7560,.T.);
#7908=ADVANCED_FACE('',(#2255),#7561,.T.);
#7909=ADVANCED_FACE('',(#2256),#7562,.T.);
#7910=ADVANCED_FACE('',(#2257),#7563,.T.);
#7911=ADVANCED_FACE('',(#2258),#7564,.T.);
#7912=ADVANCED_FACE('',(#2259),#7565,.T.);
#7913=ADVANCED_FACE('',(#2260),#7566,.T.);
#7914=ADVANCED_FACE('',(#2261),#7567,.T.);
#7915=ADVANCED_FACE('',(#2262),#7568,.T.);
#7916=ADVANCED_FACE('',(#2263),#7569,.T.);
#7917=ADVANCED_FACE('',(#2264),#7570,.T.);
#7918=ADVANCED_FACE('',(#2265),#7571,.T.);
#7919=ADVANCED_FACE('',(#2266),#7572,.T.);
#7920=ADVANCED_FACE('',(#2267),#7573,.T.);
#7921=ADVANCED_FACE('',(#2268),#7574,.T.);
#7922=ADVANCED_FACE('',(#2269),#7575,.T.);
#7923=ADVANCED_FACE('',(#2270),#7576,.T.);
#7924=ADVANCED_FACE('',(#2271),#7577,.T.);
#7925=ADVANCED_FACE('',(#2272),#7578,.T.);
#7926=ADVANCED_FACE('',(#2273),#7579,.T.);
#7927=ADVANCED_FACE('',(#2274),#7580,.T.);
#7928=ADVANCED_FACE('',(#2275),#7581,.T.);
#7929=ADVANCED_FACE('',(#2276),#7582,.T.);
#7930=ADVANCED_FACE('',(#2277),#7583,.T.);
#7931=ADVANCED_FACE('',(#2278),#7584,.T.);
#7932=ADVANCED_FACE('',(#2279),#7585,.T.);
#7933=ADVANCED_FACE('',(#2280),#7586,.T.);
#7934=ADVANCED_FACE('',(#2281),#7587,.T.);
#7935=ADVANCED_FACE('',(#2282),#7588,.T.);
#7936=ADVANCED_FACE('',(#2283),#7589,.T.);
#7937=ADVANCED_FACE('',(#2284),#7590,.T.);
#7938=ADVANCED_FACE('',(#2285),#7591,.T.);
#7939=ADVANCED_FACE('',(#2286),#7592,.T.);
#7940=ADVANCED_FACE('',(#2287),#52,.F.);
#7941=ADVANCED_FACE('',(#2288),#7593,.T.);
#7942=ADVANCED_FACE('',(#2289),#7594,.T.);
#7943=ADVANCED_FACE('',(#2290),#7595,.T.);
#7944=ADVANCED_FACE('',(#2291),#7596,.T.);
#7945=ADVANCED_FACE('',(#2292),#7597,.T.);
#7946=ADVANCED_FACE('',(#2293),#7598,.T.);
#7947=ADVANCED_FACE('',(#2294),#7599,.T.);
#7948=ADVANCED_FACE('',(#2295),#7600,.T.);
#7949=ADVANCED_FACE('',(#2296),#7601,.T.);
#7950=ADVANCED_FACE('',(#2297),#7602,.T.);
#7951=ADVANCED_FACE('',(#2298),#7603,.F.);
#7952=ADVANCED_FACE('',(#2299),#7604,.T.);
#7953=ADVANCED_FACE('',(#2300),#7605,.T.);
#7954=ADVANCED_FACE('',(#2301),#7606,.T.);
#7955=ADVANCED_FACE('',(#2302),#7607,.T.);
#7956=ADVANCED_FACE('',(#2303),#7608,.T.);
#7957=ADVANCED_FACE('',(#2304),#7609,.T.);
#7958=ADVANCED_FACE('',(#2305),#7610,.T.);
#7959=ADVANCED_FACE('',(#2306),#7611,.T.);
#7960=ADVANCED_FACE('',(#2307,#2047),#7612,.T.);
#7961=ADVANCED_FACE('',(#2308),#7613,.T.);
#7962=ADVANCED_FACE('',(#2309),#7614,.T.);
#7963=ADVANCED_FACE('',(#2310),#7615,.T.);
#7964=ADVANCED_FACE('',(#2311),#7616,.T.);
#7965=ADVANCED_FACE('',(#2312),#7617,.T.);
#7966=ADVANCED_FACE('',(#2313),#7618,.T.);
#7967=ADVANCED_FACE('',(#2314),#53,.F.);
#7968=ADVANCED_FACE('',(#2315),#54,.F.);
#7969=ADVANCED_FACE('',(#2316),#7619,.T.);
#7970=ADVANCED_FACE('',(#2317),#7620,.T.);
#7971=ADVANCED_FACE('',(#2318),#7621,.T.);
#7972=ADVANCED_FACE('',(#2319),#7622,.T.);
#7973=ADVANCED_FACE('',(#2320),#7623,.T.);
#7974=ADVANCED_FACE('',(#2321),#7624,.T.);
#7975=ADVANCED_FACE('',(#2322),#7625,.T.);
#7976=ADVANCED_FACE('',(#2323),#7626,.T.);
#7977=ADVANCED_FACE('',(#2324),#7627,.T.);
#7978=ADVANCED_FACE('',(#2325),#7628,.T.);
#7979=ADVANCED_FACE('',(#2326),#7629,.T.);
#7980=ADVANCED_FACE('',(#2327),#7630,.T.);
#7981=ADVANCED_FACE('',(#2328),#7631,.T.);
#7982=ADVANCED_FACE('',(#2329),#7632,.T.);
#7983=ADVANCED_FACE('',(#2330),#7633,.T.);
#7984=ADVANCED_FACE('',(#2331),#7634,.F.);
#7985=ADVANCED_FACE('',(#2332),#7635,.T.);
#7986=ADVANCED_FACE('',(#2333),#7636,.T.);
#7987=ADVANCED_FACE('',(#2334),#7637,.T.);
#7988=ADVANCED_FACE('',(#2335),#7638,.T.);
#7989=ADVANCED_FACE('',(#2336),#7639,.T.);
#7990=ADVANCED_FACE('',(#2337),#7640,.T.);
#7991=ADVANCED_FACE('',(#2338),#7641,.T.);
#7992=ADVANCED_FACE('',(#2339),#7642,.T.);
#7993=ADVANCED_FACE('',(#2340),#7643,.F.);
#7994=ADVANCED_FACE('',(#2341),#7644,.T.);
#7995=ADVANCED_FACE('',(#2342),#7645,.T.);
#7996=ADVANCED_FACE('',(#2343),#7646,.T.);
#7997=ADVANCED_FACE('',(#2344),#7647,.T.);
#7998=ADVANCED_FACE('',(#2345),#7648,.T.);
#7999=ADVANCED_FACE('',(#2346),#7649,.T.);
#8000=ADVANCED_FACE('',(#2347),#7650,.T.);
#8001=ADVANCED_FACE('',(#2348),#7651,.T.);
#8002=ADVANCED_FACE('',(#2349,#2048,#2049),#7652,.F.);
#8003=ADVANCED_FACE('',(#2350),#1973,.T.);
#8004=ADVANCED_FACE('',(#2351),#1974,.T.);
#8005=ADVANCED_FACE('',(#2352),#1975,.T.);
#8006=ADVANCED_FACE('',(#2353),#1976,.T.);
#8007=ADVANCED_FACE('',(#2354),#1977,.T.);
#8008=ADVANCED_FACE('',(#2355),#1978,.T.);
#8009=ADVANCED_FACE('',(#2356),#1979,.T.);
#8010=ADVANCED_FACE('',(#2357),#1980,.T.);
#8011=ADVANCED_FACE('',(#2358),#1981,.T.);
#8012=ADVANCED_FACE('',(#2359),#1982,.T.);
#8013=ADVANCED_FACE('',(#2360),#1983,.T.);
#8014=ADVANCED_FACE('',(#2361),#7653,.T.);
#8015=ADVANCED_FACE('',(#2362),#7654,.T.);
#8016=ADVANCED_FACE('',(#2363),#7655,.T.);
#8017=ADVANCED_FACE('',(#2364),#7656,.T.);
#8018=ADVANCED_FACE('',(#2365),#1984,.T.);
#8019=ADVANCED_FACE('',(#2366),#1985,.T.);
#8020=ADVANCED_FACE('',(#2367),#1986,.T.);
#8021=ADVANCED_FACE('',(#2368),#1987,.T.);
#8022=ADVANCED_FACE('',(#2369),#1988,.T.);
#8023=ADVANCED_FACE('',(#2370),#1989,.T.);
#8024=ADVANCED_FACE('',(#2371),#1990,.T.);
#8025=ADVANCED_FACE('',(#2372),#7657,.T.);
#8026=ADVANCED_FACE('',(#2373),#7658,.T.);
#8027=ADVANCED_FACE('',(#2374),#7659,.T.);
#8028=ADVANCED_FACE('',(#2375),#1991,.T.);
#8029=ADVANCED_FACE('',(#2376),#1992,.T.);
#8030=ADVANCED_FACE('',(#2377),#1993,.T.);
#8031=ADVANCED_FACE('',(#2378),#1994,.T.);
#8032=ADVANCED_FACE('',(#2379),#1995,.T.);
#8033=ADVANCED_FACE('',(#2380),#1996,.T.);
#8034=ADVANCED_FACE('',(#2381),#7660,.T.);
#8035=ADVANCED_FACE('',(#2382),#7661,.T.);
#8036=ADVANCED_FACE('',(#2383,#2050),#7662,.F.);
#8037=ADVANCED_FACE('',(#2384),#1997,.T.);
#8038=ADVANCED_FACE('',(#2385),#1998,.T.);
#8039=ADVANCED_FACE('',(#2386),#1999,.T.);
#8040=ADVANCED_FACE('',(#2387),#2000,.T.);
#8041=ADVANCED_FACE('',(#2388),#2001,.T.);
#8042=ADVANCED_FACE('',(#2389),#2002,.T.);
#8043=ADVANCED_FACE('',(#2390),#2003,.T.);
#8044=ADVANCED_FACE('',(#2391),#2004,.T.);
#8045=ADVANCED_FACE('',(#2392),#2005,.T.);
#8046=ADVANCED_FACE('',(#2393),#2006,.T.);
#8047=ADVANCED_FACE('',(#2394),#2007,.T.);
#8048=ADVANCED_FACE('',(#2395),#2008,.T.);
#8049=ADVANCED_FACE('',(#2396),#2009,.T.);
#8050=ADVANCED_FACE('',(#2397),#2010,.T.);
#8051=ADVANCED_FACE('',(#2398),#2011,.T.);
#8052=ADVANCED_FACE('',(#2399),#2012,.T.);
#8053=ADVANCED_FACE('',(#2400),#2013,.T.);
#8054=ADVANCED_FACE('',(#2401),#2014,.T.);
#8055=ADVANCED_FACE('',(#2402),#2015,.T.);
#8056=ADVANCED_FACE('',(#2403),#2016,.T.);
#8057=ADVANCED_FACE('',(#2404),#7663,.F.);
#8058=ADVANCED_FACE('',(#2405),#7664,.T.);
#8059=ADVANCED_FACE('',(#2406),#7665,.T.);
#8060=ADVANCED_FACE('',(#2407),#7666,.T.);
#8061=ADVANCED_FACE('',(#2408),#7667,.T.);
#8062=ADVANCED_FACE('',(#2409),#7668,.T.);
#8063=ADVANCED_FACE('',(#2410),#7669,.T.);
#8064=ADVANCED_FACE('',(#2411),#7670,.T.);
#8065=ADVANCED_FACE('',(#2412),#7671,.T.);
#8066=ADVANCED_FACE('',(#2413),#7672,.T.);
#8067=ADVANCED_FACE('',(#2414),#2017,.T.);
#8068=ADVANCED_FACE('',(#2415),#2018,.T.);
#8069=ADVANCED_FACE('',(#2416),#7673,.T.);
#8070=ADVANCED_FACE('',(#2417),#7674,.T.);
#8071=ADVANCED_FACE('',(#2418),#7675,.T.);
#8072=ADVANCED_FACE('',(#2419),#7676,.T.);
#8073=ADVANCED_FACE('',(#2420,#2051),#7677,.F.);
#8074=ADVANCED_FACE('',(#2421),#2019,.T.);
#8075=ADVANCED_FACE('',(#2422),#2020,.T.);
#8076=ADVANCED_FACE('',(#2423),#2021,.T.);
#8077=ADVANCED_FACE('',(#2424),#2022,.T.);
#8078=ADVANCED_FACE('',(#2425),#2023,.T.);
#8079=ADVANCED_FACE('',(#2426),#2024,.T.);
#8080=ADVANCED_FACE('',(#2427),#2025,.T.);
#8081=ADVANCED_FACE('',(#2428),#2026,.T.);
#8082=ADVANCED_FACE('',(#2429),#2027,.T.);
#8083=ADVANCED_FACE('',(#2430),#2028,.T.);
#8084=ADVANCED_FACE('',(#2431),#2029,.T.);
#8085=ADVANCED_FACE('',(#2432),#2030,.T.);
#8086=ADVANCED_FACE('',(#2433),#2031,.T.);
#8087=ADVANCED_FACE('',(#2434),#2032,.T.);
#8088=ADVANCED_FACE('',(#2435),#2033,.T.);
#8089=ADVANCED_FACE('',(#2436),#2034,.T.);
#8090=ADVANCED_FACE('',(#2437),#2035,.T.);
#8091=ADVANCED_FACE('',(#2438),#2036,.T.);
#8092=ADVANCED_FACE('',(#2439),#2037,.T.);
#8093=ADVANCED_FACE('',(#2440),#2038,.T.);
#8094=ADVANCED_FACE('',(#2441),#7678,.F.);
#8095=ADVANCED_FACE('',(#2442),#7679,.F.);
#8096=ADVANCED_FACE('',(#2443),#7680,.F.);
#8097=ADVANCED_FACE('',(#2444),#7681,.F.);
#8098=ADVANCED_FACE('',(#2445),#7682,.F.);
#8099=ADVANCED_FACE('',(#2446),#7683,.F.);
#8100=ADVANCED_FACE('',(#2447),#7684,.F.);
#8101=ADVANCED_FACE('',(#2448),#7685,.F.);
#8102=ADVANCED_FACE('',(#2449),#7686,.F.);
#8103=ADVANCED_FACE('',(#2450),#7687,.F.);
#8104=ADVANCED_FACE('',(#2451),#7688,.F.);
#8105=ADVANCED_FACE('',(#2452),#7689,.F.);
#8106=ADVANCED_FACE('',(#2453),#7690,.F.);
#8107=ADVANCED_FACE('',(#2454),#7691,.F.);
#8108=ADVANCED_FACE('',(#2455),#7692,.F.);
#8109=ADVANCED_FACE('',(#2456),#7693,.F.);
#8110=ADVANCED_FACE('',(#2457),#7694,.F.);
#8111=ADVANCED_FACE('',(#2458),#7695,.F.);
#8112=ADVANCED_FACE('',(#2459),#7696,.F.);
#8113=ADVANCED_FACE('',(#2460),#7697,.F.);
#8114=ADVANCED_FACE('',(#2461),#7698,.F.);
#8115=ADVANCED_FACE('',(#2462),#7699,.T.);
#8116=ADVANCED_FACE('',(#2463),#7700,.T.);
#8117=ADVANCED_FACE('',(#2464),#7701,.T.);
#8118=ADVANCED_FACE('',(#2465),#7702,.T.);
#8119=ADVANCED_FACE('',(#2466),#7703,.F.);
#8120=ADVANCED_FACE('',(#2467),#37,.T.);
#8121=ADVANCED_FACE('',(#2468),#2039,.F.);
#8122=ADVANCED_FACE('',(#2469),#38,.T.);
#8123=ADVANCED_FACE('',(#2470),#7704,.F.);
#8124=ADVANCED_FACE('',(#2471),#7705,.T.);
#8125=ADVANCED_FACE('',(#2472),#7706,.T.);
#8126=ADVANCED_FACE('',(#2473),#55,.T.);
#8127=ADVANCED_FACE('',(#2474),#7707,.F.);
#8128=ADVANCED_FACE('',(#2475),#56,.T.);
#8129=ADVANCED_FACE('',(#2476),#57,.T.);
#8130=ADVANCED_FACE('',(#2477),#58,.T.);
#8131=ADVANCED_FACE('',(#2478),#7708,.T.);
#8132=ADVANCED_FACE('',(#2479),#7709,.F.);
#8133=ADVANCED_FACE('',(#2480,#2052,#2053,#2054,#2055,#2056,#2057,#2058),
#7710,.F.);
#8134=ADVANCED_FACE('',(#2481),#7711,.F.);
#8135=CLOSED_SHELL('',(#7712,#7713,#7714,#7715,#7716,#7717,#7718,#7719,
#7720,#7721,#7722,#7723,#7724,#7725,#7726,#7727,#7728,#7729,#7730,#7731,
#7732,#7733,#7734,#7735,#7736,#7737,#7738,#7739,#7740,#7741,#7742,#7743,
#7744,#7745,#7746,#7747,#7748,#7749,#7750,#7751,#7752,#7753,#7754,#7755,
#7756,#7757,#7758,#7759,#7760,#7761,#7762,#7763,#7764,#7765,#7766,#7767,
#7768,#7769,#7770,#7771,#7772,#7773,#7774,#7775,#7776,#7777,#7778,#7779,
#7780,#7781,#7782,#7783,#7784,#7785,#7786,#7787,#7788,#7789,#7790,#7791,
#7792,#7793,#7794,#7795,#7796,#7797,#7798,#7799,#7800,#7801,#7802));
#8136=CLOSED_SHELL('',(#7803,#7804,#7805,#7806,#7807,#7808,#7809,#7810,
#7811,#7812,#7813,#7814,#7815,#7816,#7817,#7818,#7819,#7820,#7821,#7822,
#7823,#7824,#7825,#7826,#7827,#7828,#7829,#7830,#7831,#7832,#7833,#7834,
#7835,#7836,#7837,#7838,#7839,#7840,#7841,#7842,#7843,#7844,#7845,#7846,
#7847,#7848,#7849,#7850,#7851,#7852,#7853,#7854,#7855,#7856,#7857,#7858,
#7859,#7860,#7861,#7862,#7863,#7864,#7865,#7866,#7867,#7868,#7869,#7870,
#7871,#7872,#7873,#7874,#7875,#7876,#7877,#7878,#7879,#7880,#7881,#7882,
#7883,#7884,#7885,#7886,#7887,#7888,#7889,#7890,#7891,#7892,#7893,#7894,
#7895,#7896,#7897,#7898,#7899,#7900,#7901,#7902,#7903,#7904,#7905,#7906,
#7907,#7908,#7909,#7910,#7911,#7912,#7913,#7914,#7915,#7916,#7917,#7918,
#7919,#7920,#7921,#7922,#7923,#7924,#7925,#7926,#7927,#7928,#7929,#7930,
#7931,#7932,#7933,#7934,#7935,#7936,#7937,#7938,#7939,#7940,#7941,#7942,
#7943,#7944,#7945,#7946,#7947,#7948,#7949,#7950,#7951,#7952,#7953,#7954,
#7955,#7956,#7957,#7958,#7959,#7960,#7961,#7962,#7963,#7964,#7965,#7966,
#7967,#7968,#7969,#7970,#7971,#7972,#7973,#7974,#7975,#7976,#7977,#7978,
#7979,#7980,#7981,#7982,#7983));
#8137=CLOSED_SHELL('',(#7984,#7985,#7986,#7987,#7988,#7989,#7990,#7991,
#7992,#7993,#7994,#7995,#7996,#7997,#7998,#7999,#8000,#8001,#8002,#8003,
#8004,#8005,#8006,#8007,#8008,#8009,#8010,#8011,#8012,#8013,#8014,#8015,
#8016,#8017,#8018,#8019,#8020,#8021,#8022,#8023,#8024,#8025,#8026,#8027,
#8028,#8029,#8030,#8031,#8032,#8033,#8034,#8035,#8036,#8037,#8038,#8039,
#8040,#8041,#8042,#8043,#8044,#8045,#8046,#8047,#8048,#8049,#8050,#8051,
#8052,#8053,#8054,#8055,#8056,#8057,#8058,#8059,#8060,#8061,#8062,#8063,
#8064,#8065,#8066,#8067,#8068,#8069,#8070,#8071,#8072,#8073,#8074,#8075,
#8076,#8077,#8078,#8079,#8080,#8081,#8082,#8083,#8084,#8085,#8086,#8087,
#8088,#8089,#8090,#8091,#8092,#8093,#8094,#8095,#8096,#8097,#8098,#8099,
#8100,#8101,#8102,#8103,#8104,#8105,#8106,#8107,#8108,#8109,#8110,#8111,
#8112,#8113,#8114,#8115,#8116,#8117,#8118,#8119,#8120,#8121,#8122,#8123,
#8124,#8125,#8126,#8127,#8128,#8129,#8130,#8131,#8132,#8133,#8134));
#8138=DERIVED_UNIT_ELEMENT(#8144,1.);
#8139=DERIVED_UNIT_ELEMENT(#14359,-3.);
#8140=DERIVED_UNIT_ELEMENT(#8144,1.);
#8141=DERIVED_UNIT_ELEMENT(#14359,-3.);
#8142=DERIVED_UNIT_ELEMENT(#8144,1.);
#8143=DERIVED_UNIT_ELEMENT(#14359,-3.);
#8144=(
MASS_UNIT()
NAMED_UNIT(*)
SI_UNIT(.KILO.,.GRAM.)
);
#8145=DERIVED_UNIT((#8138,#8139));
#8146=DERIVED_UNIT((#8140,#8141));
#8147=DERIVED_UNIT((#8142,#8143));
#8148=MEASURE_REPRESENTATION_ITEM('density measure',
POSITIVE_RATIO_MEASURE(7850.),#8145);
#8149=MEASURE_REPRESENTATION_ITEM('density measure',
POSITIVE_RATIO_MEASURE(7850.),#8146);
#8150=MEASURE_REPRESENTATION_ITEM('density measure',
POSITIVE_RATIO_MEASURE(7850.),#8147);
#8151=PROPERTY_DEFINITION_REPRESENTATION(#8166,#8157);
#8152=PROPERTY_DEFINITION_REPRESENTATION(#8167,#8158);
#8153=PROPERTY_DEFINITION_REPRESENTATION(#8168,#8159);
#8154=PROPERTY_DEFINITION_REPRESENTATION(#8169,#8160);
#8155=PROPERTY_DEFINITION_REPRESENTATION(#8170,#8161);
#8156=PROPERTY_DEFINITION_REPRESENTATION(#8171,#8162);
#8157=REPRESENTATION('material name',(#8163),#14354);
#8158=REPRESENTATION('density',(#8148),#14354);
#8159=REPRESENTATION('material name',(#8164),#14355);
#8160=REPRESENTATION('density',(#8149),#14355);
#8161=REPRESENTATION('material name',(#8165),#14356);
#8162=REPRESENTATION('density',(#8150),#14356);
#8163=DESCRIPTIVE_REPRESENTATION_ITEM('Steel','Steel');
#8164=DESCRIPTIVE_REPRESENTATION_ITEM('Steel','Steel');
#8165=DESCRIPTIVE_REPRESENTATION_ITEM('Steel','Steel');
#8166=PROPERTY_DEFINITION('material property','material name',#14379);
#8167=PROPERTY_DEFINITION('material property','density of part',#14379);
#8168=PROPERTY_DEFINITION('material property','material name',#14380);
#8169=PROPERTY_DEFINITION('material property','density of part',#14380);
#8170=PROPERTY_DEFINITION('material property','material name',#14381);
#8171=PROPERTY_DEFINITION('material property','density of part',#14381);
#8172=AXIS2_PLACEMENT_3D('',#10255,#8563,#8564);
#8173=AXIS2_PLACEMENT_3D('',#10256,#8565,#8566);
#8174=AXIS2_PLACEMENT_3D('',#10257,#8567,#8568);
#8175=AXIS2_PLACEMENT_3D('',#10718,#8589,#8590);
#8176=AXIS2_PLACEMENT_3D('',#10735,#8599,#8600);
#8177=AXIS2_PLACEMENT_3D('',#10741,#8604,#8605);
#8178=AXIS2_PLACEMENT_3D('',#10745,#8608,#8609);
#8179=AXIS2_PLACEMENT_3D('',#10749,#8612,#8613);
#8180=AXIS2_PLACEMENT_3D('',#10753,#8616,#8617);
#8181=AXIS2_PLACEMENT_3D('',#10757,#8620,#8621);
#8182=AXIS2_PLACEMENT_3D('',#10761,#8624,#8625);
#8183=AXIS2_PLACEMENT_3D('',#10765,#8628,#8629);
#8184=AXIS2_PLACEMENT_3D('',#10767,#8631,#8632);
#8185=AXIS2_PLACEMENT_3D('',#10850,#8641,#8642);
#8186=AXIS2_PLACEMENT_3D('',#10856,#8646,#8647);
#8187=AXIS2_PLACEMENT_3D('',#10962,#8656,#8657);
#8188=AXIS2_PLACEMENT_3D('',#10966,#8660,#8661);
#8189=AXIS2_PLACEMENT_3D('',#10970,#8664,#8665);
#8190=AXIS2_PLACEMENT_3D('',#10972,#8667,#8668);
#8191=AXIS2_PLACEMENT_3D('',#11063,#8677,#8678);
#8192=AXIS2_PLACEMENT_3D('',#11067,#8681,#8682);
#8193=AXIS2_PLACEMENT_3D('',#11069,#8684,#8685);
#8194=AXIS2_PLACEMENT_3D('',#11070,#8686,#8687);
#8195=AXIS2_PLACEMENT_3D('',#11071,#8688,#8689);
#8196=AXIS2_PLACEMENT_3D('',#11080,#8694,#8695);
#8197=AXIS2_PLACEMENT_3D('',#11086,#8699,#8700);
#8198=AXIS2_PLACEMENT_3D('',#11092,#8704,#8705);
#8199=AXIS2_PLACEMENT_3D('',#11101,#8710,#8711);
#8200=AXIS2_PLACEMENT_3D('',#11107,#8715,#8716);
#8201=AXIS2_PLACEMENT_3D('',#11113,#8720,#8721);
#8202=AXIS2_PLACEMENT_3D('',#11122,#8726,#8727);
#8203=AXIS2_PLACEMENT_3D('',#11128,#8731,#8732);
#8204=AXIS2_PLACEMENT_3D('',#11134,#8736,#8737);
#8205=AXIS2_PLACEMENT_3D('',#11165,#8750,#8751);
#8206=AXIS2_PLACEMENT_3D('',#11169,#8754,#8755);
#8207=AXIS2_PLACEMENT_3D('',#11171,#8757,#8758);
#8208=AXIS2_PLACEMENT_3D('',#11173,#8760,#8761);
#8209=AXIS2_PLACEMENT_3D('',#11179,#8765,#8766);
#8210=AXIS2_PLACEMENT_3D('',#11183,#8769,#8770);
#8211=AXIS2_PLACEMENT_3D('',#11185,#8772,#8773);
#8212=AXIS2_PLACEMENT_3D('',#11190,#8776,#8777);
#8213=AXIS2_PLACEMENT_3D('',#11191,#8778,#8779);
#8214=AXIS2_PLACEMENT_3D('',#11200,#8783,#8784);
#8215=AXIS2_PLACEMENT_3D('',#11202,#8786,#8787);
#8216=AXIS2_PLACEMENT_3D('',#11212,#8792,#8793);
#8217=AXIS2_PLACEMENT_3D('',#11213,#8794,#8795);
#8218=AXIS2_PLACEMENT_3D('',#11217,#8797,#8798);
#8219=AXIS2_PLACEMENT_3D('',#11219,#8800,#8801);
#8220=AXIS2_PLACEMENT_3D('',#11229,#8805,#8806);
#8221=AXIS2_PLACEMENT_3D('',#11232,#8808,#8809);
#8222=AXIS2_PLACEMENT_3D('',#11233,#8810,#8811);
#8223=AXIS2_PLACEMENT_3D('',#11241,#8816,#8817);
#8224=AXIS2_PLACEMENT_3D('',#11248,#8821,#8822);
#8225=AXIS2_PLACEMENT_3D('',#11254,#8826,#8827);
#8226=AXIS2_PLACEMENT_3D('',#11258,#8830,#8831);
#8227=AXIS2_PLACEMENT_3D('',#11260,#8833,#8834);
#8228=AXIS2_PLACEMENT_3D('',#11266,#8838,#8839);
#8229=AXIS2_PLACEMENT_3D('',#11269,#8841,#8842);
#8230=AXIS2_PLACEMENT_3D('',#11300,#8844,#8845);
#8231=AXIS2_PLACEMENT_3D('',#11301,#8846,#8847);
#8232=AXIS2_PLACEMENT_3D('',#11302,#8848,#8849);
#8233=AXIS2_PLACEMENT_3D('',#11304,#8850,#8851);
#8234=AXIS2_PLACEMENT_3D('',#11306,#8853,#8854);
#8235=AXIS2_PLACEMENT_3D('',#11307,#8855,#8856);
#8236=AXIS2_PLACEMENT_3D('',#11308,#8857,#8858);
#8237=AXIS2_PLACEMENT_3D('',#11310,#8860,#8861);
#8238=AXIS2_PLACEMENT_3D('',#11311,#8862,#8863);
#8239=AXIS2_PLACEMENT_3D('',#11312,#8864,#8865);
#8240=AXIS2_PLACEMENT_3D('',#11314,#8867,#8868);
#8241=AXIS2_PLACEMENT_3D('',#11316,#8870,#8871);
#8242=AXIS2_PLACEMENT_3D('',#11318,#8873,#8874);
#8243=AXIS2_PLACEMENT_3D('',#11319,#8875,#8876);
#8244=AXIS2_PLACEMENT_3D('',#11320,#8877,#8878);
#8245=AXIS2_PLACEMENT_3D('',#11329,#8883,#8884);
#8246=AXIS2_PLACEMENT_3D('',#11331,#8885,#8886);
#8247=AXIS2_PLACEMENT_3D('',#11333,#8887,#8888);
#8248=AXIS2_PLACEMENT_3D('',#11335,#8890,#8891);
#8249=AXIS2_PLACEMENT_3D('',#11341,#8895,#8896);
#8250=AXIS2_PLACEMENT_3D('',#11343,#8897,#8898);
#8251=AXIS2_PLACEMENT_3D('',#11345,#8899,#8900);
#8252=AXIS2_PLACEMENT_3D('',#11347,#8902,#8903);
#8253=AXIS2_PLACEMENT_3D('',#11353,#8907,#8908);
#8254=AXIS2_PLACEMENT_3D('',#11355,#8909,#8910);
#8255=AXIS2_PLACEMENT_3D('',#11358,#8912,#8913);
#8256=AXIS2_PLACEMENT_3D('',#11359,#8914,#8915);
#8257=AXIS2_PLACEMENT_3D('',#11365,#8919,#8920);
#8258=AXIS2_PLACEMENT_3D('',#11366,#8921,#8922);
#8259=AXIS2_PLACEMENT_3D('',#11367,#8923,#8924);
#8260=AXIS2_PLACEMENT_3D('',#11368,#8925,#8926);
#8261=AXIS2_PLACEMENT_3D('',#11377,#8931,#8932);
#8262=AXIS2_PLACEMENT_3D('',#11387,#8938,#8939);
#8263=AXIS2_PLACEMENT_3D('',#11395,#8944,#8945);
#8264=AXIS2_PLACEMENT_3D('',#11401,#8949,#8950);
#8265=AXIS2_PLACEMENT_3D('',#11409,#8955,#8956);
#8266=AXIS2_PLACEMENT_3D('',#11413,#8959,#8960);
#8267=AXIS2_PLACEMENT_3D('',#11422,#8965,#8966);
#8268=AXIS2_PLACEMENT_3D('',#11431,#8971,#8972);
#8269=AXIS2_PLACEMENT_3D('',#11440,#8977,#8978);
#8270=AXIS2_PLACEMENT_3D('',#11478,#8998,#8999);
#8271=AXIS2_PLACEMENT_3D('',#11514,#9018,#9019);
#8272=AXIS2_PLACEMENT_3D('',#11523,#9024,#9025);
#8273=AXIS2_PLACEMENT_3D('',#11596,#9062,#9063);
#8274=AXIS2_PLACEMENT_3D('',#11605,#9068,#9069);
#8275=AXIS2_PLACEMENT_3D('',#11611,#9073,#9074);
#8276=AXIS2_PLACEMENT_3D('',#11620,#9079,#9080);
#8277=AXIS2_PLACEMENT_3D('',#11621,#9081,#9082);
#8278=AXIS2_PLACEMENT_3D('',#11624,#9084,#9085);
#8279=AXIS2_PLACEMENT_3D('',#11625,#9086,#9087);
#8280=AXIS2_PLACEMENT_3D('',#11629,#9090,#9091);
#8281=AXIS2_PLACEMENT_3D('',#11632,#9093,#9094);
#8282=AXIS2_PLACEMENT_3D('',#11633,#9095,#9096);
#8283=AXIS2_PLACEMENT_3D('',#11637,#9099,#9100);
#8284=AXIS2_PLACEMENT_3D('',#11640,#9102,#9103);
#8285=AXIS2_PLACEMENT_3D('',#11641,#9104,#9105);
#8286=AXIS2_PLACEMENT_3D('',#11645,#9108,#9109);
#8287=AXIS2_PLACEMENT_3D('',#11648,#9111,#9112);
#8288=AXIS2_PLACEMENT_3D('',#11649,#9113,#9114);
#8289=AXIS2_PLACEMENT_3D('',#11653,#9117,#9118);
#8290=AXIS2_PLACEMENT_3D('',#11656,#9120,#9121);
#8291=AXIS2_PLACEMENT_3D('',#11657,#9122,#9123);
#8292=AXIS2_PLACEMENT_3D('',#11661,#9126,#9127);
#8293=AXIS2_PLACEMENT_3D('',#11664,#9129,#9130);
#8294=AXIS2_PLACEMENT_3D('',#11665,#9131,#9132);
#8295=AXIS2_PLACEMENT_3D('',#11669,#9134,#9135);
#8296=AXIS2_PLACEMENT_3D('',#11674,#9138,#9139);
#8297=AXIS2_PLACEMENT_3D('',#11678,#9142,#9143);
#8298=AXIS2_PLACEMENT_3D('',#11682,#9146,#9147);
#8299=AXIS2_PLACEMENT_3D('',#11686,#9149,#9150);
#8300=AXIS2_PLACEMENT_3D('',#11689,#9152,#9153);
#8301=AXIS2_PLACEMENT_3D('',#11690,#9154,#9155);
#8302=AXIS2_PLACEMENT_3D('',#11693,#9157,#9158);
#8303=AXIS2_PLACEMENT_3D('',#11694,#9159,#9160);
#8304=AXIS2_PLACEMENT_3D('',#11698,#9163,#9164);
#8305=AXIS2_PLACEMENT_3D('',#11710,#9170,#9171);
#8306=AXIS2_PLACEMENT_3D('',#11711,#9172,#9173);
#8307=AXIS2_PLACEMENT_3D('',#11719,#9178,#9179);
#8308=AXIS2_PLACEMENT_3D('',#11723,#9182,#9183);
#8309=AXIS2_PLACEMENT_3D('',#11729,#9187,#9188);
#8310=AXIS2_PLACEMENT_3D('',#11735,#9192,#9193);
#8311=AXIS2_PLACEMENT_3D('',#11741,#9197,#9198);
#8312=AXIS2_PLACEMENT_3D('',#11747,#9202,#9203);
#8313=AXIS2_PLACEMENT_3D('',#11756,#9209,#9210);
#8314=AXIS2_PLACEMENT_3D('',#11823,#9245,#9246);
#8315=AXIS2_PLACEMENT_3D('',#11829,#9250,#9251);
#8316=AXIS2_PLACEMENT_3D('',#11831,#9252,#9253);
#8317=AXIS2_PLACEMENT_3D('',#11850,#9263,#9264);
#8318=AXIS2_PLACEMENT_3D('',#11851,#9265,#9266);
#8319=AXIS2_PLACEMENT_3D('',#11852,#9267,#9268);
#8320=AXIS2_PLACEMENT_3D('',#11856,#9271,#9272);
#8321=AXIS2_PLACEMENT_3D('',#11858,#9274,#9275);
#8322=AXIS2_PLACEMENT_3D('',#11860,#9277,#9278);
#8323=AXIS2_PLACEMENT_3D('',#11862,#9280,#9281);
#8324=AXIS2_PLACEMENT_3D('',#11864,#9283,#9284);
#8325=AXIS2_PLACEMENT_3D('',#11866,#9286,#9287);
#8326=AXIS2_PLACEMENT_3D('',#11868,#9289,#9290);
#8327=AXIS2_PLACEMENT_3D('',#11870,#9292,#9293);
#8328=AXIS2_PLACEMENT_3D('',#11872,#9295,#9296);
#8329=AXIS2_PLACEMENT_3D('',#11874,#9298,#9299);
#8330=AXIS2_PLACEMENT_3D('',#11876,#9301,#9302);
#8331=AXIS2_PLACEMENT_3D('',#11878,#9304,#9305);
#8332=AXIS2_PLACEMENT_3D('',#11880,#9307,#9308);
#8333=AXIS2_PLACEMENT_3D('',#11882,#9310,#9311);
#8334=AXIS2_PLACEMENT_3D('',#11883,#9312,#9313);
#8335=AXIS2_PLACEMENT_3D('',#11887,#9315,#9316);
#8336=AXIS2_PLACEMENT_3D('',#11888,#9317,#9318);
#8337=AXIS2_PLACEMENT_3D('',#11889,#9319,#9320);
#8338=AXIS2_PLACEMENT_3D('',#11897,#9325,#9326);
#8339=AXIS2_PLACEMENT_3D('',#11903,#9330,#9331);
#8340=AXIS2_PLACEMENT_3D('',#11909,#9335,#9336);
#8341=AXIS2_PLACEMENT_3D('',#11915,#9340,#9341);
#8342=AXIS2_PLACEMENT_3D('',#11921,#9345,#9346);
#8343=AXIS2_PLACEMENT_3D('',#11929,#9351,#9352);
#8344=AXIS2_PLACEMENT_3D('',#11933,#9355,#9356);
#8345=AXIS2_PLACEMENT_3D('',#11939,#9360,#9361);
#8346=AXIS2_PLACEMENT_3D('',#11945,#9365,#9366);
#8347=AXIS2_PLACEMENT_3D('',#12038,#9415,#9416);
#8348=AXIS2_PLACEMENT_3D('',#12042,#9418,#9419);
#8349=AXIS2_PLACEMENT_3D('',#12044,#9421,#9422);
#8350=AXIS2_PLACEMENT_3D('',#12049,#9425,#9426);
#8351=AXIS2_PLACEMENT_3D('',#12050,#9427,#9428);
#8352=AXIS2_PLACEMENT_3D('',#12056,#9432,#9433);
#8353=AXIS2_PLACEMENT_3D('',#12062,#9437,#9438);
#8354=AXIS2_PLACEMENT_3D('',#12066,#9440,#9441);
#8355=AXIS2_PLACEMENT_3D('',#12068,#9443,#9444);
#8356=AXIS2_PLACEMENT_3D('',#12073,#9447,#9448);
#8357=AXIS2_PLACEMENT_3D('',#12074,#9449,#9450);
#8358=AXIS2_PLACEMENT_3D('',#12080,#9454,#9455);
#8359=AXIS2_PLACEMENT_3D('',#12086,#9459,#9460);
#8360=AXIS2_PLACEMENT_3D('',#12090,#9462,#9463);
#8361=AXIS2_PLACEMENT_3D('',#12092,#9465,#9466);
#8362=AXIS2_PLACEMENT_3D('',#12097,#9469,#9470);
#8363=AXIS2_PLACEMENT_3D('',#12098,#9471,#9472);
#8364=AXIS2_PLACEMENT_3D('',#12104,#9476,#9477);
#8365=AXIS2_PLACEMENT_3D('',#12110,#9481,#9482);
#8366=AXIS2_PLACEMENT_3D('',#12114,#9485,#9486);
#8367=AXIS2_PLACEMENT_3D('',#12116,#9488,#9489);
#8368=AXIS2_PLACEMENT_3D('',#12118,#9491,#9492);
#8369=AXIS2_PLACEMENT_3D('',#12120,#9494,#9495);
#8370=AXIS2_PLACEMENT_3D('',#12122,#9497,#9498);
#8371=AXIS2_PLACEMENT_3D('',#12126,#9501,#9502);
#8372=AXIS2_PLACEMENT_3D('',#12128,#9504,#9505);
#8373=AXIS2_PLACEMENT_3D('',#12130,#9507,#9508);
#8374=AXIS2_PLACEMENT_3D('',#12132,#9510,#9511);
#8375=AXIS2_PLACEMENT_3D('',#12136,#9514,#9515);
#8376=AXIS2_PLACEMENT_3D('',#12138,#9517,#9518);
#8377=AXIS2_PLACEMENT_3D('',#12140,#9520,#9521);
#8378=AXIS2_PLACEMENT_3D('',#12145,#9525,#9526);
#8379=AXIS2_PLACEMENT_3D('',#12147,#9527,#9528);
#8380=AXIS2_PLACEMENT_3D('',#12150,#9530,#9531);
#8381=AXIS2_PLACEMENT_3D('',#12153,#9533,#9534);
#8382=AXIS2_PLACEMENT_3D('',#12155,#9536,#9537);
#8383=AXIS2_PLACEMENT_3D('',#12156,#9538,#9539);
#8384=AXIS2_PLACEMENT_3D('',#12158,#9541,#9542);
#8385=AXIS2_PLACEMENT_3D('',#12159,#9543,#9544);
#8386=AXIS2_PLACEMENT_3D('',#12160,#9545,#9546);
#8387=AXIS2_PLACEMENT_3D('',#12163,#9549,#9550);
#8388=AXIS2_PLACEMENT_3D('',#12165,#9552,#9553);
#8389=AXIS2_PLACEMENT_3D('',#12167,#9555,#9556);
#8390=AXIS2_PLACEMENT_3D('',#12170,#9559,#9560);
#8391=AXIS2_PLACEMENT_3D('',#12172,#9562,#9563);
#8392=AXIS2_PLACEMENT_3D('',#12174,#9565,#9566);
#8393=AXIS2_PLACEMENT_3D('',#12177,#9569,#9570);
#8394=AXIS2_PLACEMENT_3D('',#12179,#9572,#9573);
#8395=AXIS2_PLACEMENT_3D('',#12181,#9575,#9576);
#8396=AXIS2_PLACEMENT_3D('',#12183,#9578,#9579);
#8397=AXIS2_PLACEMENT_3D('',#12184,#9580,#9581);
#8398=AXIS2_PLACEMENT_3D('',#12186,#9583,#9584);
#8399=AXIS2_PLACEMENT_3D('',#12187,#9585,#9586);
#8400=AXIS2_PLACEMENT_3D('',#12190,#9589,#9590);
#8401=AXIS2_PLACEMENT_3D('',#12193,#9593,#9594);
#8402=AXIS2_PLACEMENT_3D('',#12194,#9595,#9596);
#8403=AXIS2_PLACEMENT_3D('',#12197,#9599,#9600);
#8404=AXIS2_PLACEMENT_3D('',#12200,#9603,#9604);
#8405=AXIS2_PLACEMENT_3D('',#12201,#9605,#9606);
#8406=AXIS2_PLACEMENT_3D('',#12204,#9609,#9610);
#8407=AXIS2_PLACEMENT_3D('',#12207,#9613,#9614);
#8408=AXIS2_PLACEMENT_3D('',#12208,#9615,#9616);
#8409=AXIS2_PLACEMENT_3D('',#12214,#9620,#9621);
#8410=AXIS2_PLACEMENT_3D('',#12218,#9624,#9625);
#8411=AXIS2_PLACEMENT_3D('',#12220,#9627,#9628);
#8412=AXIS2_PLACEMENT_3D('',#12226,#9632,#9633);
#8413=AXIS2_PLACEMENT_3D('',#12230,#9636,#9637);
#8414=AXIS2_PLACEMENT_3D('',#12234,#9640,#9641);
#8415=AXIS2_PLACEMENT_3D('',#12240,#9645,#9646);
#8416=AXIS2_PLACEMENT_3D('',#12244,#9649,#9650);
#8417=AXIS2_PLACEMENT_3D('',#12248,#9653,#9654);
#8418=AXIS2_PLACEMENT_3D('',#12264,#9665,#9666);
#8419=AXIS2_PLACEMENT_3D('',#12266,#9667,#9668);
#8420=AXIS2_PLACEMENT_3D('',#12270,#9670,#9671);
#8421=AXIS2_PLACEMENT_3D('',#12272,#9673,#9674);
#8422=AXIS2_PLACEMENT_3D('',#12274,#9676,#9677);
#8423=AXIS2_PLACEMENT_3D('',#12275,#9678,#9679);
#8424=AXIS2_PLACEMENT_3D('',#12276,#9680,#9681);
#8425=AXIS2_PLACEMENT_3D('',#12279,#9684,#9685);
#8426=AXIS2_PLACEMENT_3D('',#12280,#9686,#9687);
#8427=AXIS2_PLACEMENT_3D('',#12284,#9690,#9691);
#8428=AXIS2_PLACEMENT_3D('',#12288,#9694,#9695);
#8429=AXIS2_PLACEMENT_3D('',#12289,#9696,#9697);
#8430=AXIS2_PLACEMENT_3D('',#12291,#9699,#9700);
#8431=AXIS2_PLACEMENT_3D('',#12292,#9701,#9702);
#8432=AXIS2_PLACEMENT_3D('',#12294,#9704,#9705);
#8433=AXIS2_PLACEMENT_3D('',#12295,#9706,#9707);
#8434=AXIS2_PLACEMENT_3D('',#12298,#9710,#9711);
#8435=AXIS2_PLACEMENT_3D('',#12300,#9713,#9714);
#8436=AXIS2_PLACEMENT_3D('',#12301,#9715,#9716);
#8437=AXIS2_PLACEMENT_3D('',#12302,#9717,#9718);
#8438=AXIS2_PLACEMENT_3D('',#12305,#9721,#9722);
#8439=AXIS2_PLACEMENT_3D('',#12308,#9725,#9726);
#8440=AXIS2_PLACEMENT_3D('',#12309,#9727,#9728);
#8441=AXIS2_PLACEMENT_3D('',#12310,#9729,#9730);
#8442=AXIS2_PLACEMENT_3D('',#12312,#9732,#9733);
#8443=AXIS2_PLACEMENT_3D('',#12315,#9736,#9737);
#8444=AXIS2_PLACEMENT_3D('',#12317,#9739,#9740);
#8445=AXIS2_PLACEMENT_3D('',#12318,#9741,#9742);
#8446=AXIS2_PLACEMENT_3D('',#12319,#9743,#9744);
#8447=AXIS2_PLACEMENT_3D('',#12321,#9746,#9747);
#8448=AXIS2_PLACEMENT_3D('',#12324,#9749,#9750);
#8449=AXIS2_PLACEMENT_3D('',#12326,#9752,#9753);
#8450=AXIS2_PLACEMENT_3D('',#12328,#9755,#9756);
#8451=AXIS2_PLACEMENT_3D('',#12329,#9757,#9758);
#8452=AXIS2_PLACEMENT_3D('',#12330,#9759,#9760);
#8453=AXIS2_PLACEMENT_3D('',#12332,#9762,#9763);
#8454=AXIS2_PLACEMENT_3D('',#12334,#9765,#9766);
#8455=AXIS2_PLACEMENT_3D('',#12336,#9768,#9769);
#8456=AXIS2_PLACEMENT_3D('',#12337,#9770,#9771);
#8457=AXIS2_PLACEMENT_3D('',#12339,#9773,#9774);
#8458=AXIS2_PLACEMENT_3D('',#12341,#9776,#9777);
#8459=AXIS2_PLACEMENT_3D('',#12342,#9778,#9779);
#8460=AXIS2_PLACEMENT_3D('',#12344,#9781,#9782);
#8461=AXIS2_PLACEMENT_3D('',#12346,#9784,#9785);
#8462=AXIS2_PLACEMENT_3D('',#12347,#9786,#9787);
#8463=AXIS2_PLACEMENT_3D('',#12349,#9789,#9790);
#8464=AXIS2_PLACEMENT_3D('',#12351,#9792,#9793);
#8465=AXIS2_PLACEMENT_3D('',#12352,#9794,#9795);
#8466=AXIS2_PLACEMENT_3D('',#12353,#9796,#9797);
#8467=AXIS2_PLACEMENT_3D('',#12370,#9806,#9807);
#8468=AXIS2_PLACEMENT_3D('',#12376,#9811,#9812);
#8469=AXIS2_PLACEMENT_3D('',#12380,#9815,#9816);
#8470=AXIS2_PLACEMENT_3D('',#12384,#9819,#9820);
#8471=AXIS2_PLACEMENT_3D('',#12388,#9823,#9824);
#8472=AXIS2_PLACEMENT_3D('',#12392,#9827,#9828);
#8473=AXIS2_PLACEMENT_3D('',#12396,#9831,#9832);
#8474=AXIS2_PLACEMENT_3D('',#12400,#9835,#9836);
#8475=AXIS2_PLACEMENT_3D('',#12402,#9838,#9839);
#8476=AXIS2_PLACEMENT_3D('',#12419,#9848,#9849);
#8477=AXIS2_PLACEMENT_3D('',#12425,#9853,#9854);
#8478=AXIS2_PLACEMENT_3D('',#12429,#9857,#9858);
#8479=AXIS2_PLACEMENT_3D('',#12433,#9861,#9862);
#8480=AXIS2_PLACEMENT_3D('',#12437,#9865,#9866);
#8481=AXIS2_PLACEMENT_3D('',#12441,#9869,#9870);
#8482=AXIS2_PLACEMENT_3D('',#12445,#9873,#9874);
#8483=AXIS2_PLACEMENT_3D('',#12449,#9877,#9878);
#8484=AXIS2_PLACEMENT_3D('',#12451,#9880,#9881);
#8485=AXIS2_PLACEMENT_3D('',#12803,#9903,#9904);
#8486=AXIS2_PLACEMENT_3D('',#12807,#9907,#9908);
#8487=AXIS2_PLACEMENT_3D('',#12811,#9911,#9912);
#8488=AXIS2_PLACEMENT_3D('',#12813,#9914,#9915);
#8489=AXIS2_PLACEMENT_3D('',#12938,#9926,#9927);
#8490=AXIS2_PLACEMENT_3D('',#12942,#9930,#9931);
#8491=AXIS2_PLACEMENT_3D('',#12944,#9933,#9934);
#8492=AXIS2_PLACEMENT_3D('',#13052,#9944,#9945);
#8493=AXIS2_PLACEMENT_3D('',#13056,#9948,#9949);
#8494=AXIS2_PLACEMENT_3D('',#13058,#9951,#9952);
#8495=AXIS2_PLACEMENT_3D('',#13519,#9973,#9974);
#8496=AXIS2_PLACEMENT_3D('',#13558,#9988,#9989);
#8497=AXIS2_PLACEMENT_3D('',#13564,#9993,#9994);
#8498=AXIS2_PLACEMENT_3D('',#13568,#9997,#9998);
#8499=AXIS2_PLACEMENT_3D('',#13572,#10001,#10002);
#8500=AXIS2_PLACEMENT_3D('',#13576,#10005,#10006);
#8501=AXIS2_PLACEMENT_3D('',#13580,#10009,#10010);
#8502=AXIS2_PLACEMENT_3D('',#13584,#10013,#10014);
#8503=AXIS2_PLACEMENT_3D('',#13588,#10017,#10018);
#8504=AXIS2_PLACEMENT_3D('',#13592,#10021,#10022);
#8505=AXIS2_PLACEMENT_3D('',#13630,#10027,#10028);
#8506=AXIS2_PLACEMENT_3D('',#13634,#10031,#10032);
#8507=AXIS2_PLACEMENT_3D('',#13638,#10035,#10036);
#8508=AXIS2_PLACEMENT_3D('',#13642,#10039,#10040);
#8509=AXIS2_PLACEMENT_3D('',#13644,#10042,#10043);
#8510=AXIS2_PLACEMENT_3D('',#14105,#10064,#10065);
#8511=AXIS2_PLACEMENT_3D('',#14106,#10066,#10067);
#8512=AXIS2_PLACEMENT_3D('',#14107,#10068,#10069);
#8513=AXIS2_PLACEMENT_3D('',#14108,#10070,#10071);
#8514=AXIS2_PLACEMENT_3D('',#14109,#10072,#10073);
#8515=AXIS2_PLACEMENT_3D('',#14118,#10078,#10079);
#8516=AXIS2_PLACEMENT_3D('',#14124,#10083,#10084);
#8517=AXIS2_PLACEMENT_3D('',#14130,#10088,#10089);
#8518=AXIS2_PLACEMENT_3D('',#14139,#10094,#10095);
#8519=AXIS2_PLACEMENT_3D('',#14145,#10099,#10100);
#8520=AXIS2_PLACEMENT_3D('',#14151,#10104,#10105);
#8521=AXIS2_PLACEMENT_3D('',#14160,#10110,#10111);
#8522=AXIS2_PLACEMENT_3D('',#14166,#10115,#10116);
#8523=AXIS2_PLACEMENT_3D('',#14172,#10120,#10121);
#8524=AXIS2_PLACEMENT_3D('',#14203,#10134,#10135);
#8525=AXIS2_PLACEMENT_3D('',#14208,#10138,#10139);
#8526=AXIS2_PLACEMENT_3D('',#14209,#10140,#10141);
#8527=AXIS2_PLACEMENT_3D('',#14213,#10144,#10145);
#8528=AXIS2_PLACEMENT_3D('',#14215,#10147,#10148);
#8529=AXIS2_PLACEMENT_3D('',#14221,#10152,#10153);
#8530=AXIS2_PLACEMENT_3D('',#14223,#10155,#10156);
#8531=AXIS2_PLACEMENT_3D('',#14227,#10159,#10160);
#8532=AXIS2_PLACEMENT_3D('',#14229,#10162,#10163);
#8533=AXIS2_PLACEMENT_3D('',#14236,#10167,#10168);
#8534=AXIS2_PLACEMENT_3D('',#14242,#10172,#10173);
#8535=AXIS2_PLACEMENT_3D('',#14246,#10176,#10177);
#8536=AXIS2_PLACEMENT_3D('',#14248,#10179,#10180);
#8537=AXIS2_PLACEMENT_3D('',#14257,#10185,#10186);
#8538=AXIS2_PLACEMENT_3D('',#14261,#10188,#10189);
#8539=AXIS2_PLACEMENT_3D('',#14262,#10190,#10191);
#8540=AXIS2_PLACEMENT_3D('',#14298,#10193,#10194);
#8541=AXIS2_PLACEMENT_3D('',#14300,#10195,#10196);
#8542=AXIS2_PLACEMENT_3D('',#14303,#10198,#10199);
#8543=AXIS2_PLACEMENT_3D('',#14304,#10200,#10201);
#8544=AXIS2_PLACEMENT_3D('',#14311,#10206,#10207);
#8545=AXIS2_PLACEMENT_3D('',#14314,#10209,#10210);
#8546=AXIS2_PLACEMENT_3D('',#14315,#10211,#10212);
#8547=AXIS2_PLACEMENT_3D('',#14316,#10213,#10214);
#8548=AXIS2_PLACEMENT_3D('',#14317,#10215,#10216);
#8549=AXIS2_PLACEMENT_3D('',#14319,#10217,#10218);
#8550=AXIS2_PLACEMENT_3D('',#14321,#10220,#10221);
#8551=AXIS2_PLACEMENT_3D('',#14325,#10224,#10225);
#8552=AXIS2_PLACEMENT_3D('',#14327,#10226,#10227);
#8553=AXIS2_PLACEMENT_3D('',#14329,#10229,#10230);
#8554=AXIS2_PLACEMENT_3D('',#14330,#10231,#10232);
#8555=AXIS2_PLACEMENT_3D('',#14332,#10233,#10234);
#8556=AXIS2_PLACEMENT_3D('',#14334,#10236,#10237);
#8557=AXIS2_PLACEMENT_3D('',#14338,#10240,#10241);
#8558=AXIS2_PLACEMENT_3D('',#14342,#10244,#10245);
#8559=AXIS2_PLACEMENT_3D('',#14344,#10247,#10248);
#8560=AXIS2_PLACEMENT_3D('',#14345,#10249,#10250);
#8561=AXIS2_PLACEMENT_3D('',#14346,#10251,#10252);
#8562=AXIS2_PLACEMENT_3D('',#14347,#10253,#10254);
#8563=DIRECTION('axis',(0.,0.,1.));
#8564=DIRECTION('refdir',(1.,0.,0.));
#8565=DIRECTION('axis',(0.,0.,1.));
#8566=DIRECTION('refdir',(1.,0.,0.));
#8567=DIRECTION('center_axis',(0.,1.,0.));
#8568=DIRECTION('ref_axis',(-1.,0.,0.));
#8569=DIRECTION('',(0.,1.,0.));
#8570=DIRECTION('',(0.,1.,0.));
#8571=DIRECTION('',(0.,1.,0.));
#8572=DIRECTION('',(0.,1.,0.));
#8573=DIRECTION('',(0.,1.,0.));
#8574=DIRECTION('',(0.,1.,0.));
#8575=DIRECTION('',(0.,1.,0.));
#8576=DIRECTION('',(0.,1.,0.));
#8577=DIRECTION('',(0.,1.,0.));
#8578=DIRECTION('',(0.,1.,0.));
#8579=DIRECTION('',(0.,1.,0.));
#8580=DIRECTION('',(0.,1.,0.));
#8581=DIRECTION('',(0.,1.,0.));
#8582=DIRECTION('',(0.,1.,0.));
#8583=DIRECTION('',(0.,1.,0.));
#8584=DIRECTION('',(0.,1.,0.));
#8585=DIRECTION('',(0.,1.,0.));
#8586=DIRECTION('',(0.,1.,0.));
#8587=DIRECTION('',(0.,1.,0.));
#8588=DIRECTION('',(0.,1.,0.));
#8589=DIRECTION('center_axis',(0.,1.,0.));
#8590=DIRECTION('ref_axis',(-1.,0.,0.));
#8591=DIRECTION('',(-1.88815181446216E-15,0.,1.));
#8592=DIRECTION('',(-1.,0.,-3.52364136399269E-15));
#8593=DIRECTION('',(-1.88160419308044E-15,0.,1.));
#8594=DIRECTION('',(1.,0.,3.57172677706998E-15));
#8595=DIRECTION('',(1.88160419308044E-15,0.,-1.));
#8596=DIRECTION('',(-1.,0.,-3.53823173694216E-15));
#8597=DIRECTION('',(2.01402860209297E-15,0.,-1.));
#8598=DIRECTION('',(-1.,0.,-3.3558513365264E-15));
#8599=DIRECTION('center_axis',(-1.,0.,-1.88815181446216E-15));
#8600=DIRECTION('ref_axis',(-1.88815181446216E-15,0.,1.));
#8601=DIRECTION('',(0.,1.,0.));
#8602=DIRECTION('',(-1.88815181446216E-15,0.,1.));
#8603=DIRECTION('',(0.,1.,0.));
#8604=DIRECTION('center_axis',(3.52364136399269E-15,0.,-1.));
#8605=DIRECTION('ref_axis',(-1.,0.,-3.52364136399269E-15));
#8606=DIRECTION('',(-1.,0.,-3.52364136399269E-15));
#8607=DIRECTION('',(0.,1.,0.));
#8608=DIRECTION('center_axis',(-1.,0.,-1.88160419308044E-15));
#8609=DIRECTION('ref_axis',(-1.88160419308044E-15,0.,1.));
#8610=DIRECTION('',(-1.88160419308044E-15,0.,1.));
#8611=DIRECTION('',(0.,1.,0.));
#8612=DIRECTION('center_axis',(-3.57172677706998E-15,0.,1.));
#8613=DIRECTION('ref_axis',(1.,0.,3.57172677706998E-15));
#8614=DIRECTION('',(1.,0.,3.57172677706998E-15));
#8615=DIRECTION('',(0.,1.,0.));
#8616=DIRECTION('center_axis',(1.,0.,1.88160419308044E-15));
#8617=DIRECTION('ref_axis',(1.88160419308044E-15,0.,-1.));
#8618=DIRECTION('',(1.88160419308044E-15,0.,-1.));
#8619=DIRECTION('',(0.,1.,0.));
#8620=DIRECTION('center_axis',(3.53823173694216E-15,0.,-1.));
#8621=DIRECTION('ref_axis',(-1.,0.,-3.53823173694216E-15));
#8622=DIRECTION('',(-1.,0.,-3.53823173694216E-15));
#8623=DIRECTION('',(0.,1.,0.));
#8624=DIRECTION('center_axis',(1.,0.,2.01402860209297E-15));
#8625=DIRECTION('ref_axis',(2.01402860209297E-15,0.,-1.));
#8626=DIRECTION('',(2.01402860209297E-15,0.,-1.));
#8627=DIRECTION('',(0.,1.,0.));
#8628=DIRECTION('center_axis',(3.3558513365264E-15,0.,-1.));
#8629=DIRECTION('ref_axis',(-1.,0.,-3.3558513365264E-15));
#8630=DIRECTION('',(-1.,0.,-3.3558513365264E-15));
#8631=DIRECTION('center_axis',(0.,1.,0.));
#8632=DIRECTION('ref_axis',(-1.,0.,0.));
#8633=DIRECTION('',(-1.91159509165803E-15,0.,1.));
#8634=DIRECTION('',(-1.,0.,-3.57116820197968E-15));
#8635=DIRECTION('',(1.,0.,3.53183520252216E-15));
#8636=DIRECTION('',(1.88737914186277E-15,0.,-1.));
#8637=DIRECTION('',(-1.,0.,-3.3558513365264E-15));
#8638=DIRECTION('',(-1.,0.,-3.68919349323307E-15));
#8639=DIRECTION('',(1.,0.,3.59657790102949E-15));
#8640=DIRECTION('',(-1.86364903484439E-15,0.,1.));
#8641=DIRECTION('center_axis',(-1.,0.,-1.91159509165803E-15));
#8642=DIRECTION('ref_axis',(-1.91159509165803E-15,0.,1.));
#8643=DIRECTION('',(0.,1.,0.));
#8644=DIRECTION('',(-1.91159509165803E-15,0.,1.));
#8645=DIRECTION('',(0.,1.,0.));
#8646=DIRECTION('center_axis',(3.57116820197968E-15,0.,-1.));
#8647=DIRECTION('ref_axis',(-1.,0.,-3.57116820197968E-15));
#8648=DIRECTION('',(-1.,0.,-3.57116820197968E-15));
#8649=DIRECTION('',(0.,1.,0.));
#8650=DIRECTION('',(0.,1.,0.));
#8651=DIRECTION('',(0.,1.,0.));
#8652=DIRECTION('',(0.,1.,0.));
#8653=DIRECTION('',(0.,1.,0.));
#8654=DIRECTION('',(0.,1.,0.));
#8655=DIRECTION('',(0.,1.,0.));
#8656=DIRECTION('center_axis',(-3.53183520252216E-15,0.,1.));
#8657=DIRECTION('ref_axis',(1.,0.,3.53183520252216E-15));
#8658=DIRECTION('',(1.,0.,3.53183520252216E-15));
#8659=DIRECTION('',(0.,1.,0.));
#8660=DIRECTION('center_axis',(1.,0.,1.88737914186277E-15));
#8661=DIRECTION('ref_axis',(1.88737914186277E-15,0.,-1.));
#8662=DIRECTION('',(1.88737914186277E-15,0.,-1.));
#8663=DIRECTION('',(0.,1.,0.));
#8664=DIRECTION('center_axis',(3.3558513365264E-15,0.,-1.));
#8665=DIRECTION('ref_axis',(-1.,0.,-3.3558513365264E-15));
#8666=DIRECTION('',(-1.,0.,-3.3558513365264E-15));
#8667=DIRECTION('center_axis',(3.68919349323307E-15,0.,-1.));
#8668=DIRECTION('ref_axis',(-1.,0.,-3.68919349323307E-15));
#8669=DIRECTION('',(0.,1.,0.));
#8670=DIRECTION('',(-1.,0.,-3.68919349323307E-15));
#8671=DIRECTION('',(0.,1.,0.));
#8672=DIRECTION('',(0.,1.,0.));
#8673=DIRECTION('',(0.,1.,0.));
#8674=DIRECTION('',(0.,1.,0.));
#8675=DIRECTION('',(0.,1.,0.));
#8676=DIRECTION('',(0.,1.,0.));
#8677=DIRECTION('center_axis',(-3.59657790102949E-15,0.,1.));
#8678=DIRECTION('ref_axis',(1.,0.,3.59657790102949E-15));
#8679=DIRECTION('',(1.,0.,3.59657790102949E-15));
#8680=DIRECTION('',(0.,1.,0.));
#8681=DIRECTION('center_axis',(-1.,0.,-1.86364903484439E-15));
#8682=DIRECTION('ref_axis',(-1.86364903484439E-15,0.,1.));
#8683=DIRECTION('',(-1.86364903484439E-15,0.,1.));
#8684=DIRECTION('center_axis',(0.,1.,0.));
#8685=DIRECTION('ref_axis',(-1.,0.,0.));
#8686=DIRECTION('center_axis',(0.,1.,0.));
#8687=DIRECTION('ref_axis',(-1.,0.,0.));
#8688=DIRECTION('center_axis',(1.26882631384683E-14,0.,-1.));
#8689=DIRECTION('ref_axis',(-1.,0.,-1.26882631384683E-14));
#8690=DIRECTION('',(-1.,1.46549439250521E-13,-1.26882631384683E-14));
#8691=DIRECTION('',(0.,1.,0.));
#8692=DIRECTION('',(1.,0.,1.26882631384683E-14));
#8693=DIRECTION('',(0.,1.,0.));
#8694=DIRECTION('center_axis',(-1.,0.,-4.16259619357983E-12));
#8695=DIRECTION('ref_axis',(-4.16259619357983E-12,0.,1.));
#8696=DIRECTION('',(-4.16259619357983E-12,6.10026137995476E-25,1.));
#8697=DIRECTION('',(4.16259619357983E-12,0.,-1.));
#8698=DIRECTION('',(0.,1.,0.));
#8699=DIRECTION('center_axis',(1.,0.,2.0724163126038E-14));
#8700=DIRECTION('ref_axis',(2.0724163126038E-14,0.,-1.));
#8701=DIRECTION('',(2.0724163126038E-14,-3.03711448505719E-27,-1.));
#8702=DIRECTION('',(0.,-1.,0.));
#8703=DIRECTION('',(-2.0724163126038E-14,0.,1.));
#8704=DIRECTION('center_axis',(1.26882631384683E-14,0.,-1.));
#8705=DIRECTION('ref_axis',(-1.,0.,-1.26882631384683E-14));
#8706=DIRECTION('',(-1.,1.46549439250521E-13,-1.26882631384683E-14));
#8707=DIRECTION('',(0.,1.,0.));
#8708=DIRECTION('',(1.,0.,1.26882631384683E-14));
#8709=DIRECTION('',(0.,1.,0.));
#8710=DIRECTION('center_axis',(-1.,0.,-4.16259619357983E-12));
#8711=DIRECTION('ref_axis',(-4.16259619357983E-12,0.,1.));
#8712=DIRECTION('',(-4.16259619357983E-12,6.10026137995476E-25,1.));
#8713=DIRECTION('',(4.16259619357983E-12,0.,-1.));
#8714=DIRECTION('',(0.,1.,0.));
#8715=DIRECTION('center_axis',(1.,0.,2.0724163126038E-14));
#8716=DIRECTION('ref_axis',(2.0724163126038E-14,0.,-1.));
#8717=DIRECTION('',(2.0724163126038E-14,-3.03711448505719E-27,-1.));
#8718=DIRECTION('',(0.,-1.,0.));
#8719=DIRECTION('',(-2.0724163126038E-14,0.,1.));
#8720=DIRECTION('center_axis',(1.26882631384683E-14,0.,-1.));
#8721=DIRECTION('ref_axis',(-1.,0.,-1.26882631384683E-14));
#8722=DIRECTION('',(-1.,1.46549439250521E-13,-1.26882631384683E-14));
#8723=DIRECTION('',(0.,1.,0.));
#8724=DIRECTION('',(1.,0.,1.26882631384683E-14));
#8725=DIRECTION('',(0.,1.,0.));
#8726=DIRECTION('center_axis',(-1.,0.,-4.16259619357983E-12));
#8727=DIRECTION('ref_axis',(-4.16259619357983E-12,0.,1.));
#8728=DIRECTION('',(-4.16259619357983E-12,6.10026137995476E-25,1.));
#8729=DIRECTION('',(4.16259619357983E-12,0.,-1.));
#8730=DIRECTION('',(0.,1.,0.));
#8731=DIRECTION('center_axis',(1.,0.,2.0724163126038E-14));
#8732=DIRECTION('ref_axis',(2.0724163126038E-14,0.,-1.));
#8733=DIRECTION('',(2.0724163126038E-14,-3.03711448505719E-27,-1.));
#8734=DIRECTION('',(0.,-1.,0.));
#8735=DIRECTION('',(-2.0724163126038E-14,0.,1.));
#8736=DIRECTION('center_axis',(-1.46549439250521E-13,-1.,0.));
#8737=DIRECTION('ref_axis',(-1.,1.46549439250521E-13,0.));
#8738=DIRECTION('',(1.,-1.46549439250521E-13,0.));
#8739=DIRECTION('',(1.,-1.46549439250521E-13,0.));
#8740=DIRECTION('',(1.,-1.46549439250521E-13,0.));
#8741=DIRECTION('',(2.0724163126038E-14,-3.03711448505719E-27,-1.));
#8742=DIRECTION('',(-1.,1.46549439250521E-13,-1.26882631384683E-14));
#8743=DIRECTION('',(-4.16259619357983E-12,6.10026137995476E-25,1.));
#8744=DIRECTION('',(1.,-1.46549439250521E-13,0.));
#8745=DIRECTION('',(0.,0.,-1.));
#8746=DIRECTION('',(0.,0.,1.));
#8747=DIRECTION('',(1.,-1.46549439250521E-13,0.));
#8748=DIRECTION('',(0.,0.,-1.));
#8749=DIRECTION('',(1.,-1.46549439250521E-13,0.));
#8750=DIRECTION('center_axis',(0.,0.,1.));
#8751=DIRECTION('ref_axis',(1.,0.,0.));
#8752=DIRECTION('',(-1.,0.,0.));
#8753=DIRECTION('',(0.,-1.,0.));
#8754=DIRECTION('center_axis',(0.,0.,1.));
#8755=DIRECTION('ref_axis',(1.,0.,0.));
#8756=DIRECTION('',(-1.,0.,0.));
#8757=DIRECTION('center_axis',(0.,0.,1.));
#8758=DIRECTION('ref_axis',(1.,0.,0.));
#8759=DIRECTION('',(-1.,0.,0.));
#8760=DIRECTION('center_axis',(1.26882631384683E-14,0.,-1.));
#8761=DIRECTION('ref_axis',(-1.,0.,-1.26882631384683E-14));
#8762=DIRECTION('',(0.,1.,0.));
#8763=DIRECTION('',(1.,0.,1.26882631384683E-14));
#8764=DIRECTION('',(0.,1.,0.));
#8765=DIRECTION('center_axis',(-1.,0.,-4.16259619357983E-12));
#8766=DIRECTION('ref_axis',(-4.16259619357983E-12,0.,1.));
#8767=DIRECTION('',(4.16259619357983E-12,0.,-1.));
#8768=DIRECTION('',(0.,1.,0.));
#8769=DIRECTION('center_axis',(1.,0.,2.0724163126038E-14));
#8770=DIRECTION('ref_axis',(2.0724163126038E-14,0.,-1.));
#8771=DIRECTION('',(-2.0724163126038E-14,0.,1.));
#8772=DIRECTION('center_axis',(0.,0.,1.));
#8773=DIRECTION('ref_axis',(1.,0.,0.));
#8774=DIRECTION('',(-1.,0.,0.));
#8775=DIRECTION('',(0.,-1.,0.));
#8776=DIRECTION('center_axis',(0.,0.,1.));
#8777=DIRECTION('ref_axis',(1.,0.,0.));
#8778=DIRECTION('center_axis',(0.672672793994214,0.,0.739940073397851));
#8779=DIRECTION('ref_axis',(0.739940073397851,0.,-0.672672793994214));
#8780=DIRECTION('',(-0.739940073397851,0.,0.672672793994214));
#8781=DIRECTION('',(0.,1.,0.));
#8782=DIRECTION('',(0.739940073397851,-1.08437802835444E-13,-0.672672793994214));
#8783=DIRECTION('center_axis',(0.672672793994214,0.,0.739940073397851));
#8784=DIRECTION('ref_axis',(0.739940073397851,0.,-0.672672793994214));
#8785=DIRECTION('',(0.,-1.,0.));
#8786=DIRECTION('center_axis',(-0.672672793999106,0.,0.739940073393404));
#8787=DIRECTION('ref_axis',(0.739940073393404,0.,0.672672793999106));
#8788=DIRECTION('',(0.739940073393404,-1.08437802834792E-13,0.672672793999106));
#8789=DIRECTION('',(0.,-1.,0.));
#8790=DIRECTION('',(-0.739940073393404,0.,-0.672672793999106));
#8791=DIRECTION('',(0.,1.,0.));
#8792=DIRECTION('center_axis',(-0.672672793999106,0.,0.739940073393404));
#8793=DIRECTION('ref_axis',(0.739940073393404,0.,0.672672793999106));
#8794=DIRECTION('center_axis',(0.,0.,1.));
#8795=DIRECTION('ref_axis',(-1.,-1.49765684549874E-14,0.));
#8796=DIRECTION('',(0.,0.,1.));
#8797=DIRECTION('center_axis',(0.,0.,1.));
#8798=DIRECTION('ref_axis',(-1.,0.,0.));
#8799=DIRECTION('',(0.,0.,-1.));
#8800=DIRECTION('center_axis',(-1.46549439250521E-13,-1.,0.));
#8801=DIRECTION('ref_axis',(1.,-1.46549439250521E-13,0.));
#8802=DIRECTION('',(-1.,1.46549439250521E-13,0.));
#8803=DIRECTION('',(0.,0.,1.));
#8804=DIRECTION('',(1.,-1.46549439250521E-13,0.));
#8805=DIRECTION('center_axis',(0.,0.,1.));
#8806=DIRECTION('ref_axis',(1.,0.,0.));
#8807=DIRECTION('',(0.,0.,1.));
#8808=DIRECTION('center_axis',(0.,0.,1.));
#8809=DIRECTION('ref_axis',(1.,0.,0.));
#8810=DIRECTION('center_axis',(1.,0.,0.));
#8811=DIRECTION('ref_axis',(0.,1.,0.));
#8812=DIRECTION('',(0.,0.,1.));
#8813=DIRECTION('',(0.,1.,0.));
#8814=DIRECTION('',(0.,0.,-1.));
#8815=DIRECTION('',(0.,-0.707106781186546,-0.707106781186549));
#8816=DIRECTION('center_axis',(-1.,0.,0.));
#8817=DIRECTION('ref_axis',(0.,0.,1.));
#8818=DIRECTION('',(0.,1.,0.));
#8819=DIRECTION('',(0.,-0.124034734589208,0.992277876713668));
#8820=DIRECTION('',(0.,0.,-1.));
#8821=DIRECTION('center_axis',(0.,-0.992277876713668,-0.124034734589208));
#8822=DIRECTION('ref_axis',(0.,0.124034734589208,-0.992277876713668));
#8823=DIRECTION('',(1.,0.,0.));
#8824=DIRECTION('',(1.,0.,0.));
#8825=DIRECTION('',(0.,0.124034734589208,-0.992277876713668));
#8826=DIRECTION('center_axis',(0.,0.,1.));
#8827=DIRECTION('ref_axis',(0.,-1.,0.));
#8828=DIRECTION('',(-1.,0.,0.));
#8829=DIRECTION('',(0.,-1.,0.));
#8830=DIRECTION('center_axis',(1.,0.,0.));
#8831=DIRECTION('ref_axis',(0.,0.,-1.));
#8832=DIRECTION('',(0.,0.,1.));
#8833=DIRECTION('center_axis',(-1.03626102273129E-13,-0.707106781186548,
-0.707106781186548));
#8834=DIRECTION('ref_axis',(-1.,0.,1.46549439250521E-13));
#8835=DIRECTION('',(-1.05730131897894E-13,-0.707106781186569,0.707106781186526));
#8836=DIRECTION('',(-1.,1.46549439250521E-13,0.));
#8837=DIRECTION('',(1.05730131897897E-13,0.707106781186548,-0.707106781186548));
#8838=DIRECTION('center_axis',(0.,0.,1.));
#8839=DIRECTION('ref_axis',(-1.,0.,0.));
#8840=DIRECTION('',(0.,0.707106781186545,0.70710678118655));
#8841=DIRECTION('center_axis',(0.,0.,-1.));
#8842=DIRECTION('ref_axis',(-1.,0.,0.));
#8843=DIRECTION('',(-1.05730131897897E-13,-0.707106781186548,0.707106781186548));
#8844=DIRECTION('center_axis',(0.,0.,1.));
#8845=DIRECTION('ref_axis',(1.,0.,0.));
#8846=DIRECTION('center_axis',(0.,0.,-1.));
#8847=DIRECTION('ref_axis',(1.,0.,0.));
#8848=DIRECTION('center_axis',(0.,0.,1.));
#8849=DIRECTION('ref_axis',(1.,0.,0.));
#8850=DIRECTION('center_axis',(0.,0.,-1.));
#8851=DIRECTION('ref_axis',(1.,0.,0.));
#8852=DIRECTION('',(0.,1.,0.));
#8853=DIRECTION('center_axis',(0.,0.,1.));
#8854=DIRECTION('ref_axis',(1.,0.,0.));
#8855=DIRECTION('center_axis',(0.,0.,-1.));
#8856=DIRECTION('ref_axis',(1.,0.,0.));
#8857=DIRECTION('center_axis',(0.,0.,-1.));
#8858=DIRECTION('ref_axis',(-0.942809041579443,-0.333333333340745,0.));
#8859=DIRECTION('',(0.,0.,1.));
#8860=DIRECTION('center_axis',(0.,0.,-1.));
#8861=DIRECTION('ref_axis',(1.,0.,0.));
#8862=DIRECTION('center_axis',(0.,0.,1.));
#8863=DIRECTION('ref_axis',(1.,0.,0.));
#8864=DIRECTION('center_axis',(0.,0.,1.));
#8865=DIRECTION('ref_axis',(1.,0.,0.));
#8866=DIRECTION('',(1.,0.,0.));
#8867=DIRECTION('center_axis',(-1.,0.,0.));
#8868=DIRECTION('ref_axis',(0.,-1.,0.));
#8869=DIRECTION('',(0.,0.,1.));
#8870=DIRECTION('center_axis',(0.,1.,0.));
#8871=DIRECTION('ref_axis',(-1.,0.,0.));
#8872=DIRECTION('',(-1.,0.,0.));
#8873=DIRECTION('center_axis',(0.,0.,1.));
#8874=DIRECTION('ref_axis',(1.,0.,0.));
#8875=DIRECTION('axis',(0.,0.,1.));
#8876=DIRECTION('refdir',(1.,0.,0.));
#8877=DIRECTION('center_axis',(-1.,2.13504427812517E-14,0.));
#8878=DIRECTION('ref_axis',(2.13504427812517E-14,1.,0.));
#8879=DIRECTION('',(2.13504427812517E-14,1.,3.01029406006381E-26));
#8880=DIRECTION('',(0.,0.,-1.));
#8881=DIRECTION('',(-2.13504427812517E-14,-1.,2.41001369938566E-28));
#8882=DIRECTION('',(0.,0.,-1.));
#8883=DIRECTION('center_axis',(0.,0.,-1.));
#8884=DIRECTION('ref_axis',(0.,1.,0.));
#8885=DIRECTION('center_axis',(1.4099445575467E-12,0.,-1.));
#8886=DIRECTION('ref_axis',(0.,1.,0.));
#8887=DIRECTION('center_axis',(1.12878862704522E-14,0.,1.));
#8888=DIRECTION('ref_axis',(0.,1.,0.));
#8889=DIRECTION('',(0.,0.,-1.));
#8890=DIRECTION('center_axis',(0.,1.,0.));
#8891=DIRECTION('ref_axis',(1.,0.,0.));
#8892=DIRECTION('',(1.,0.,1.4099445575467E-12));
#8893=DIRECTION('',(-1.,0.,1.12878862704522E-14));
#8894=DIRECTION('',(0.,0.,-1.));
#8895=DIRECTION('center_axis',(0.,0.,-1.));
#8896=DIRECTION('ref_axis',(1.,0.,0.));
#8897=DIRECTION('center_axis',(1.4099445575467E-12,0.,-1.));
#8898=DIRECTION('ref_axis',(1.,0.,0.));
#8899=DIRECTION('center_axis',(1.12878862704522E-14,0.,1.));
#8900=DIRECTION('ref_axis',(1.,0.,0.));
#8901=DIRECTION('',(0.,0.,-1.));
#8902=DIRECTION('center_axis',(1.,2.13504427812517E-14,0.));
#8903=DIRECTION('ref_axis',(2.13504427812517E-14,-1.,0.));
#8904=DIRECTION('',(2.13504427812517E-14,-1.,3.01029406006381E-26));
#8905=DIRECTION('',(-2.13504427812517E-14,1.,2.41001369938566E-28));
#8906=DIRECTION('',(0.,0.,-1.));
#8907=DIRECTION('center_axis',(0.,0.,-1.));
#8908=DIRECTION('ref_axis',(-1.,0.,0.));
#8909=DIRECTION('center_axis',(1.4099445575467E-12,0.,-1.));
#8910=DIRECTION('ref_axis',(-1.,0.,0.));
#8911=DIRECTION('',(0.,0.,-1.));
#8912=DIRECTION('center_axis',(1.12878862704522E-14,0.,1.));
#8913=DIRECTION('ref_axis',(-1.,0.,0.));
#8914=DIRECTION('center_axis',(0.,-1.,0.));
#8915=DIRECTION('ref_axis',(-1.,0.,0.));
#8916=DIRECTION('',(-1.,0.,-1.4099445575467E-12));
#8917=DIRECTION('',(0.,0.,-1.));
#8918=DIRECTION('',(1.,0.,-1.12878862704522E-14));
#8919=DIRECTION('center_axis',(0.,0.,-1.));
#8920=DIRECTION('ref_axis',(0.,-1.,0.));
#8921=DIRECTION('center_axis',(1.4099445575467E-12,0.,-1.));
#8922=DIRECTION('ref_axis',(0.,-1.,0.));
#8923=DIRECTION('center_axis',(1.12878862704522E-14,0.,1.));
#8924=DIRECTION('ref_axis',(0.,-1.,0.));
#8925=DIRECTION('center_axis',(2.97529895348347E-13,0.707106781186548,0.707106781186548));
#8926=DIRECTION('ref_axis',(1.,0.,-4.2077081321308E-13));
#8927=DIRECTION('',(2.64657725477166E-13,-0.707106781186548,0.707106781186548));
#8928=DIRECTION('',(-1.,0.,4.2077081321308E-13));
#8929=DIRECTION('',(-5.71688717533936E-13,0.707106781186548,-0.707106781186548));
#8930=DIRECTION('',(-1.,0.,4.2077081321308E-13));
#8931=DIRECTION('center_axis',(0.,1.,0.));
#8932=DIRECTION('ref_axis',(0.,0.,1.));
#8933=DIRECTION('',(1.,0.,1.4099445575467E-12));
#8934=DIRECTION('',(-1.,0.,4.2077081321308E-13));
#8935=DIRECTION('',(-4.48619216840174E-13,0.,-1.));
#8936=DIRECTION('',(-1.,0.,1.12878862704522E-14));
#8937=DIRECTION('',(3.74282544756623E-13,0.,1.));
#8938=DIRECTION('center_axis',(1.,0.,-8.08489937792174E-13));
#8939=DIRECTION('ref_axis',(-8.08489937792174E-13,0.,-1.));
#8940=DIRECTION('',(0.,0.,-1.));
#8941=DIRECTION('',(0.,1.,0.));
#8942=DIRECTION('',(0.,0.,-1.));
#8943=DIRECTION('',(0.,1.,0.));
#8944=DIRECTION('center_axis',(2.97529895348347E-13,0.707106781186548,0.707106781186548));
#8945=DIRECTION('ref_axis',(1.,0.,-4.2077081321308E-13));
#8946=DIRECTION('',(-3.17221690398285E-13,0.707106781186548,-0.707106781186548));
#8947=DIRECTION('',(5.89523217240344E-13,-0.707106781186548,0.707106781186548));
#8948=DIRECTION('',(-1.,0.,4.2077081321308E-13));
#8949=DIRECTION('center_axis',(1.,0.,-4.48619216840174E-13));
#8950=DIRECTION('ref_axis',(-4.48619216840174E-13,0.,-1.));
#8951=DIRECTION('',(-4.48619216840174E-13,0.,-1.));
#8952=DIRECTION('',(0.,-1.,0.));
#8953=DIRECTION('',(-4.48619216840174E-13,0.,-1.));
#8954=DIRECTION('',(0.,1.,0.));
#8955=DIRECTION('center_axis',(-1.,0.,8.33711729155115E-13));
#8956=DIRECTION('ref_axis',(8.33711729155115E-13,0.,1.));
#8957=DIRECTION('',(0.,1.,0.));
#8958=DIRECTION('',(-8.33711729155115E-13,0.,-1.));
#8959=DIRECTION('center_axis',(0.,1.,0.));
#8960=DIRECTION('ref_axis',(0.,0.,1.));
#8961=DIRECTION('',(1.,0.,-1.12878862704522E-14));
#8962=DIRECTION('',(5.5688786915199E-12,0.,-1.));
#8963=DIRECTION('',(-1.,0.,7.40148683073872E-15));
#8964=DIRECTION('',(5.7553961596111E-12,0.,1.));
#8965=DIRECTION('center_axis',(0.,1.,0.));
#8966=DIRECTION('ref_axis',(0.,0.,1.));
#8967=DIRECTION('',(1.,0.,-1.12878862704522E-14));
#8968=DIRECTION('',(5.5688786915199E-12,0.,-1.));
#8969=DIRECTION('',(-1.,0.,7.40148683073872E-15));
#8970=DIRECTION('',(5.7553961596111E-12,0.,1.));
#8971=DIRECTION('center_axis',(0.,1.,0.));
#8972=DIRECTION('ref_axis',(0.,0.,1.));
#8973=DIRECTION('',(1.,0.,-1.12878862704522E-14));
#8974=DIRECTION('',(5.5688786915199E-12,0.,-1.));
#8975=DIRECTION('',(-1.,0.,7.40148683073872E-15));
#8976=DIRECTION('',(5.7553961596111E-12,0.,1.));
#8977=DIRECTION('center_axis',(0.,1.,0.));
#8978=DIRECTION('ref_axis',(0.,0.,1.));
#8979=DIRECTION('',(-1.,0.,-1.4099445575467E-12));
#8980=DIRECTION('',(0.,0.,-1.));
#8981=DIRECTION('',(1.,0.,1.14067061259298E-13));
#8982=DIRECTION('',(-4.48619216840174E-13,0.,-1.));
#8983=DIRECTION('',(-1.,0.,-1.0539717247195E-11));
#8984=DIRECTION('',(9.51619735384795E-15,0.,-1.));
#8985=DIRECTION('',(1.,0.,1.00660220899216E-12));
#8986=DIRECTION('',(-4.48619216840174E-13,0.,-1.));
#8987=DIRECTION('',(-1.,0.,-1.0539717247195E-11));
#8988=DIRECTION('',(9.51619735384795E-15,0.,-1.));
#8989=DIRECTION('',(1.,0.,1.00660220899216E-12));
#8990=DIRECTION('',(-4.48619216840174E-13,0.,-1.));
#8991=DIRECTION('',(-1.,0.,-1.0539717247195E-11));
#8992=DIRECTION('',(9.51619735384795E-15,0.,-1.));
#8993=DIRECTION('',(1.,0.,1.00660220899216E-12));
#8994=DIRECTION('',(-4.48619216840174E-13,0.,-1.));
#8995=DIRECTION('',(-1.,0.,-1.0539717247195E-11));
#8996=DIRECTION('',(9.51619735384795E-15,0.,-1.));
#8997=DIRECTION('',(1.,0.,1.00660220899216E-12));
#8998=DIRECTION('center_axis',(0.,1.,0.));
#8999=DIRECTION('ref_axis',(0.,0.,1.));
#9000=DIRECTION('',(3.74282544756623E-13,0.,1.));
#9001=DIRECTION('',(-1.,0.,-4.12114786744703E-12));
#9002=DIRECTION('',(1.48029736619626E-14,0.,1.));
#9003=DIRECTION('',(1.,0.,1.1842378929449E-14));
#9004=DIRECTION('',(3.74282544756623E-13,0.,1.));
#9005=DIRECTION('',(-1.,0.,-4.12114786744703E-12));
#9006=DIRECTION('',(1.48029736619626E-14,0.,1.));
#9007=DIRECTION('',(1.,0.,1.1842378929449E-14));
#9008=DIRECTION('',(3.74282544756623E-13,0.,1.));
#9009=DIRECTION('',(-1.,0.,-4.12114786744703E-12));
#9010=DIRECTION('',(1.48029736619626E-14,0.,1.));
#9011=DIRECTION('',(1.,0.,1.1842378929449E-14));
#9012=DIRECTION('',(3.74282544756623E-13,0.,1.));
#9013=DIRECTION('',(-1.,0.,-4.12114786744703E-12));
#9014=DIRECTION('',(1.48029736619626E-14,0.,1.));
#9015=DIRECTION('',(1.,0.,1.1842378929449E-14));
#9016=DIRECTION('',(3.74282544756623E-13,0.,1.));
#9017=DIRECTION('',(1.,0.,1.14067061259298E-13));
#9018=DIRECTION('center_axis',(0.,1.,0.));
#9019=DIRECTION('ref_axis',(0.,0.,1.));
#9020=DIRECTION('',(1.,0.,-1.12878862704522E-14));
#9021=DIRECTION('',(5.5688786915199E-12,0.,-1.));
#9022=DIRECTION('',(-1.,0.,7.40148683073872E-15));
#9023=DIRECTION('',(5.7553961596111E-12,0.,1.));
#9024=DIRECTION('center_axis',(1.46549439250521E-13,-1.,0.));
#9025=DIRECTION('ref_axis',(1.,1.46549439250521E-13,0.));
#9026=DIRECTION('',(1.,1.46549439250521E-13,1.14067061259298E-13));
#9027=DIRECTION('',(-2.0724163126038E-14,-3.03711448505719E-27,1.));
#9028=DIRECTION('',(1.,1.46549439250521E-13,1.26882631384683E-14));
#9029=DIRECTION('',(4.16259619357983E-12,6.10026137995476E-25,-1.));
#9030=DIRECTION('',(1.,1.46549439250521E-13,1.14067061259298E-13));
#9031=DIRECTION('',(-2.0724163126038E-14,-3.03711448505719E-27,1.));
#9032=DIRECTION('',(1.,1.46549439250521E-13,1.26882631384683E-14));
#9033=DIRECTION('',(4.16259619357983E-12,6.10026137995476E-25,-1.));
#9034=DIRECTION('',(1.,1.46549439250521E-13,1.14067061259298E-13));
#9035=DIRECTION('',(-2.0724163126038E-14,-3.03711448505719E-27,1.));
#9036=DIRECTION('',(1.,1.46549439250521E-13,1.26882631384683E-14));
#9037=DIRECTION('',(4.16259619357983E-12,6.10026137995476E-25,-1.));
#9038=DIRECTION('',(1.,1.46549439250521E-13,1.14067061259298E-13));
#9039=DIRECTION('',(-2.0724163126038E-14,-3.03711448505719E-27,1.));
#9040=DIRECTION('',(1.,1.46549439250521E-13,1.26882631384683E-14));
#9041=DIRECTION('',(4.16259619357983E-12,6.10026137995476E-25,-1.));
#9042=DIRECTION('',(1.,1.46549439250521E-13,1.14067061259298E-13));
#9043=DIRECTION('',(0.,0.,1.));
#9044=DIRECTION('',(-1.,-1.46549439250521E-13,1.17103384674201E-12));
#9045=DIRECTION('',(-8.17453101091597E-13,-1.19797293578573E-25,1.));
#9046=DIRECTION('',(-1.,-1.46549439250521E-13,2.50092344490379E-13));
#9047=DIRECTION('',(2.63163976206417E-14,3.85665331439878E-27,-1.));
#9048=DIRECTION('',(-1.,-1.46549439250521E-13,1.17103384674201E-12));
#9049=DIRECTION('',(-8.17453101091597E-13,-1.19797293578573E-25,1.));
#9050=DIRECTION('',(-1.,-1.46549439250521E-13,2.50092344490379E-13));
#9051=DIRECTION('',(2.63163976206417E-14,3.85665331439878E-27,-1.));
#9052=DIRECTION('',(-1.,-1.46549439250521E-13,1.17103384674201E-12));
#9053=DIRECTION('',(-8.17453101091597E-13,-1.19797293578573E-25,1.));
#9054=DIRECTION('',(-1.,-1.46549439250521E-13,2.50092344490379E-13));
#9055=DIRECTION('',(2.63163976206417E-14,3.85665331439878E-27,-1.));
#9056=DIRECTION('',(-1.,-1.46549439250521E-13,1.17103384674201E-12));
#9057=DIRECTION('',(-8.17453101091597E-13,-1.19797293578573E-25,1.));
#9058=DIRECTION('',(-1.,-1.46549439250521E-13,2.50092344490379E-13));
#9059=DIRECTION('',(2.63163976206417E-14,3.85665331439878E-27,-1.));
#9060=DIRECTION('',(-1.,-1.46549439250521E-13,1.17103384674201E-12));
#9061=DIRECTION('',(0.,0.,1.));
#9062=DIRECTION('center_axis',(1.,0.,0.));
#9063=DIRECTION('ref_axis',(0.,1.,0.));
#9064=DIRECTION('',(0.,0.,-1.));
#9065=DIRECTION('',(0.,1.,0.));
#9066=DIRECTION('',(0.,0.,-1.));
#9067=DIRECTION('',(0.,-1.,0.));
#9068=DIRECTION('center_axis',(-1.,0.,-2.0724163126038E-14));
#9069=DIRECTION('ref_axis',(-2.0724163126038E-14,0.,1.));
#9070=DIRECTION('',(0.,-1.,0.));
#9071=DIRECTION('',(2.0724163126038E-14,-3.03711448505719E-27,-1.));
#9072=DIRECTION('',(0.,1.,0.));
#9073=DIRECTION('center_axis',(-1.17103384674201E-12,0.,-1.));
#9074=DIRECTION('ref_axis',(-1.,0.,1.17103384674201E-12));
#9075=DIRECTION('',(0.,1.,0.));
#9076=DIRECTION('',(-1.,0.,1.17103384674201E-12));
#9077=DIRECTION('',(0.,1.,0.));
#9078=DIRECTION('',(-0.707106781186693,-0.707106781186402,8.28045974030412E-13));
#9079=DIRECTION('center_axis',(1.17103384674201E-12,0.,1.));
#9080=DIRECTION('ref_axis',(1.,0.,0.));
#9081=DIRECTION('center_axis',(1.,0.,2.63163976206417E-14));
#9082=DIRECTION('ref_axis',(2.63163976206417E-14,0.,-1.));
#9083=DIRECTION('',(0.,1.,0.));
#9084=DIRECTION('center_axis',(-1.,0.,-2.63163976206417E-14));
#9085=DIRECTION('ref_axis',(8.28051061785236E-13,0.707106781186547,0.707106781186548));
#9086=DIRECTION('center_axis',(-2.50092344490379E-13,0.,-1.));
#9087=DIRECTION('ref_axis',(-1.,0.,2.50092344490379E-13));
#9088=DIRECTION('',(0.,1.,0.));
#9089=DIRECTION('',(-1.,0.,1.17103384674201E-12));
#9090=DIRECTION('center_axis',(-1.,0.,-8.17453101091597E-13));
#9091=DIRECTION('ref_axis',(-8.17453101091597E-13,0.,1.));
#9092=DIRECTION('',(0.,-1.,0.));
#9093=DIRECTION('center_axis',(1.,0.,8.17453101091597E-13));
#9094=DIRECTION('ref_axis',(8.28051061785236E-13,0.707106781186547,0.707106781186548));
#9095=DIRECTION('center_axis',(-1.17103384674201E-12,0.,-1.));
#9096=DIRECTION('ref_axis',(-1.,0.,1.17103384674201E-12));
#9097=DIRECTION('',(0.,1.,0.));
#9098=DIRECTION('',(-1.,0.,1.17103384674201E-12));
#9099=DIRECTION('center_axis',(1.,0.,2.63163976206417E-14));
#9100=DIRECTION('ref_axis',(2.63163976206417E-14,0.,-1.));
#9101=DIRECTION('',(0.,1.,0.));
#9102=DIRECTION('center_axis',(-1.,0.,-2.63163976206417E-14));
#9103=DIRECTION('ref_axis',(8.28051061785236E-13,0.707106781186547,0.707106781186548));
#9104=DIRECTION('center_axis',(-2.50092344490379E-13,0.,-1.));
#9105=DIRECTION('ref_axis',(-1.,0.,2.50092344490379E-13));
#9106=DIRECTION('',(0.,1.,0.));
#9107=DIRECTION('',(-1.,0.,1.17103384674201E-12));
#9108=DIRECTION('center_axis',(-1.,0.,-8.17453101091597E-13));
#9109=DIRECTION('ref_axis',(-8.17453101091597E-13,0.,1.));
#9110=DIRECTION('',(0.,-1.,0.));
#9111=DIRECTION('center_axis',(1.,0.,8.17453101091597E-13));
#9112=DIRECTION('ref_axis',(8.28051061785236E-13,0.707106781186547,0.707106781186548));
#9113=DIRECTION('center_axis',(-1.17103384674201E-12,0.,-1.));
#9114=DIRECTION('ref_axis',(-1.,0.,1.17103384674201E-12));
#9115=DIRECTION('',(0.,1.,0.));
#9116=DIRECTION('',(-1.,0.,1.17103384674201E-12));
#9117=DIRECTION('center_axis',(1.,0.,2.63163976206417E-14));
#9118=DIRECTION('ref_axis',(2.63163976206417E-14,0.,-1.));
#9119=DIRECTION('',(0.,1.,0.));
#9120=DIRECTION('center_axis',(-1.,0.,-2.63163976206417E-14));
#9121=DIRECTION('ref_axis',(8.28051061785236E-13,0.707106781186547,0.707106781186548));
#9122=DIRECTION('center_axis',(-2.50092344490379E-13,0.,-1.));
#9123=DIRECTION('ref_axis',(-1.,0.,2.50092344490379E-13));
#9124=DIRECTION('',(0.,1.,0.));
#9125=DIRECTION('',(-1.,0.,1.17103384674201E-12));
#9126=DIRECTION('center_axis',(-1.,0.,-8.17453101091597E-13));
#9127=DIRECTION('ref_axis',(-8.17453101091597E-13,0.,1.));
#9128=DIRECTION('',(0.,-1.,0.));
#9129=DIRECTION('center_axis',(1.,0.,8.17453101091597E-13));
#9130=DIRECTION('ref_axis',(8.28051061785236E-13,0.707106781186547,0.707106781186548));
#9131=DIRECTION('center_axis',(-1.14067061259298E-13,0.,1.));
#9132=DIRECTION('ref_axis',(1.,0.,1.14067061259298E-13));
#9133=DIRECTION('',(0.,1.,0.));
#9134=DIRECTION('center_axis',(1.14067061259298E-13,0.,-1.));
#9135=DIRECTION('ref_axis',(1.,0.,0.));
#9136=DIRECTION('',(0.,1.,0.));
#9137=DIRECTION('',(-1.,1.46549439250521E-13,-1.14067061259298E-13));
#9138=DIRECTION('center_axis',(1.14067061259298E-13,0.,-1.));
#9139=DIRECTION('ref_axis',(1.,0.,0.));
#9140=DIRECTION('',(0.,1.,0.));
#9141=DIRECTION('',(1.,0.,1.14067061259298E-13));
#9142=DIRECTION('center_axis',(-1.17103384674201E-12,0.,-1.));
#9143=DIRECTION('ref_axis',(-1.,0.,1.17103384674201E-12));
#9144=DIRECTION('',(0.,1.,0.));
#9145=DIRECTION('',(-1.,0.,1.17103384674201E-12));
#9146=DIRECTION('center_axis',(0.,0.,-1.));
#9147=DIRECTION('ref_axis',(-0.99743253371119,0.071612433937658,0.));
#9148=DIRECTION('',(0.,0.,-1.));
#9149=DIRECTION('center_axis',(0.,0.,1.));
#9150=DIRECTION('ref_axis',(1.,0.,0.));
#9151=DIRECTION('',(0.,0.,-1.));
#9152=DIRECTION('center_axis',(1.17103384674201E-12,0.,1.));
#9153=DIRECTION('ref_axis',(1.,0.,0.));
#9154=DIRECTION('center_axis',(1.,0.,2.63163976206417E-14));
#9155=DIRECTION('ref_axis',(2.63163976206417E-14,0.,-1.));
#9156=DIRECTION('',(0.,1.,0.));
#9157=DIRECTION('center_axis',(-1.,0.,-2.63163976206417E-14));
#9158=DIRECTION('ref_axis',(8.28051061785236E-13,0.707106781186547,0.707106781186548));
#9159=DIRECTION('center_axis',(-2.50092344490379E-13,0.,-1.));
#9160=DIRECTION('ref_axis',(-1.,0.,2.50092344490379E-13));
#9161=DIRECTION('',(0.,1.,0.));
#9162=DIRECTION('',(-1.,0.,1.17103384674201E-12));
#9163=DIRECTION('center_axis',(0.,0.,-1.));
#9164=DIRECTION('ref_axis',(1.,0.,0.));
#9165=DIRECTION('',(0.,0.,1.));
#9166=DIRECTION('',(0.,0.,1.));
#9167=DIRECTION('',(0.,0.,1.));
#9168=DIRECTION('',(0.,0.,1.));
#9169=DIRECTION('',(0.,0.,1.));
#9170=DIRECTION('center_axis',(0.,0.,1.));
#9171=DIRECTION('ref_axis',(1.,0.,0.));
#9172=DIRECTION('center_axis',(1.14067061259298E-13,0.,-1.));
#9173=DIRECTION('ref_axis',(1.,0.,0.));
#9174=DIRECTION('',(0.,0.,1.));
#9175=DIRECTION('',(0.,0.,1.));
#9176=DIRECTION('',(0.,0.,1.));
#9177=DIRECTION('',(0.,0.,1.));
#9178=DIRECTION('center_axis',(1.,0.,-8.08489937792174E-13));
#9179=DIRECTION('ref_axis',(-8.08489937792174E-13,0.,-1.));
#9180=DIRECTION('',(0.,0.,1.));
#9181=DIRECTION('',(0.,1.,0.));
#9182=DIRECTION('center_axis',(1.,0.,0.));
#9183=DIRECTION('ref_axis',(0.,1.,0.));
#9184=DIRECTION('',(0.,1.,0.));
#9185=DIRECTION('',(8.33711729155115E-13,0.,1.));
#9186=DIRECTION('',(0.,1.,0.));
#9187=DIRECTION('center_axis',(1.,0.,0.));
#9188=DIRECTION('ref_axis',(0.,1.,0.));
#9189=DIRECTION('',(0.,1.,0.));
#9190=DIRECTION('',(8.33711729155115E-13,0.,1.));
#9191=DIRECTION('',(0.,1.,0.));
#9192=DIRECTION('center_axis',(1.,0.,0.));
#9193=DIRECTION('ref_axis',(0.,1.,0.));
#9194=DIRECTION('',(0.,1.,0.));
#9195=DIRECTION('',(8.33711729155115E-13,0.,1.));
#9196=DIRECTION('',(0.,1.,0.));
#9197=DIRECTION('center_axis',(1.,0.,0.));
#9198=DIRECTION('ref_axis',(0.,1.,0.));
#9199=DIRECTION('',(0.,1.,0.));
#9200=DIRECTION('',(8.33711729155115E-13,0.,1.));
#9201=DIRECTION('',(0.,1.,0.));
#9202=DIRECTION('center_axis',(-1.4099445575467E-12,0.,1.));
#9203=DIRECTION('ref_axis',(1.,0.,1.4099445575467E-12));
#9204=DIRECTION('',(1.,0.,1.4099445575467E-12));
#9205=DIRECTION('',(0.707106781186693,0.707106781186402,9.96981357738545E-13));
#9206=DIRECTION('',(0.,1.,0.));
#9207=DIRECTION('',(1.,0.,1.4099445575467E-12));
#9208=DIRECTION('',(0.,1.,0.));
#9209=DIRECTION('center_axis',(-1.46549439250521E-13,-1.,0.));
#9210=DIRECTION('ref_axis',(1.,-1.46549439250521E-13,0.));
#9211=DIRECTION('',(-1.,1.46549439250521E-13,-1.14067061259298E-13));
#9212=DIRECTION('',(0.,0.,-1.));
#9213=DIRECTION('',(1.,-1.46549439250521E-13,-1.17103384674201E-12));
#9214=DIRECTION('',(-2.63163976206417E-14,3.85665331439878E-27,1.));
#9215=DIRECTION('',(1.,-1.46549439250521E-13,-2.50092344490379E-13));
#9216=DIRECTION('',(8.17453101091597E-13,-1.19797293578573E-25,-1.));
#9217=DIRECTION('',(1.,-1.46549439250521E-13,-1.17103384674201E-12));
#9218=DIRECTION('',(-2.63163976206417E-14,3.85665331439878E-27,1.));
#9219=DIRECTION('',(1.,-1.46549439250521E-13,-2.50092344490379E-13));
#9220=DIRECTION('',(8.17453101091597E-13,-1.19797293578573E-25,-1.));
#9221=DIRECTION('',(1.,-1.46549439250521E-13,-1.17103384674201E-12));
#9222=DIRECTION('',(-2.63163976206417E-14,3.85665331439878E-27,1.));
#9223=DIRECTION('',(1.,-1.46549439250521E-13,-2.50092344490379E-13));
#9224=DIRECTION('',(8.17453101091597E-13,-1.19797293578573E-25,-1.));
#9225=DIRECTION('',(1.,-1.46549439250521E-13,-1.17103384674201E-12));
#9226=DIRECTION('',(-2.63163976206417E-14,3.85665331439878E-27,1.));
#9227=DIRECTION('',(1.,-1.46549439250521E-13,-2.50092344490379E-13));
#9228=DIRECTION('',(8.17453101091597E-13,-1.19797293578573E-25,-1.));
#9229=DIRECTION('',(1.,-1.46549439250521E-13,-1.17103384674201E-12));
#9230=DIRECTION('',(0.,0.,-1.));
#9231=DIRECTION('',(-4.16259619357983E-12,6.10026137995476E-25,1.));
#9232=DIRECTION('',(-1.,1.46549439250521E-13,-1.26882631384683E-14));
#9233=DIRECTION('',(2.0724163126038E-14,-3.03711448505719E-27,-1.));
#9234=DIRECTION('',(-1.,1.46549439250521E-13,-1.14067061259298E-13));
#9235=DIRECTION('',(-4.16259619357983E-12,6.10026137995476E-25,1.));
#9236=DIRECTION('',(-1.,1.46549439250521E-13,-1.26882631384683E-14));
#9237=DIRECTION('',(2.0724163126038E-14,-3.03711448505719E-27,-1.));
#9238=DIRECTION('',(-1.,1.46549439250521E-13,-1.14067061259298E-13));
#9239=DIRECTION('',(-4.16259619357983E-12,6.10026137995476E-25,1.));
#9240=DIRECTION('',(-1.,1.46549439250521E-13,-1.26882631384683E-14));
#9241=DIRECTION('',(2.0724163126038E-14,-3.03711448505719E-27,-1.));
#9242=DIRECTION('',(-1.,1.46549439250521E-13,-1.14067061259298E-13));
#9243=DIRECTION('',(-4.16259619357983E-12,6.10026137995476E-25,1.));
#9244=DIRECTION('',(-1.,1.46549439250521E-13,-1.26882631384683E-14));
#9245=DIRECTION('center_axis',(-1.,0.,0.));
#9246=DIRECTION('ref_axis',(0.,-1.,0.));
#9247=DIRECTION('',(0.,1.,0.));
#9248=DIRECTION('',(0.,0.,-1.));
#9249=DIRECTION('',(0.,-1.,0.));
#9250=DIRECTION('center_axis',(0.,0.,1.));
#9251=DIRECTION('ref_axis',(1.,0.,0.));
#9252=DIRECTION('center_axis',(0.,0.,-1.));
#9253=DIRECTION('ref_axis',(1.,0.,0.));
#9254=DIRECTION('',(0.,0.,1.));
#9255=DIRECTION('',(0.,0.,-1.));
#9256=DIRECTION('',(0.,0.,1.));
#9257=DIRECTION('',(0.,0.,-1.));
#9258=DIRECTION('',(0.,0.,1.));
#9259=DIRECTION('',(0.,0.,-1.));
#9260=DIRECTION('',(0.,0.,1.));
#9261=DIRECTION('',(0.,0.,-1.));
#9262=DIRECTION('',(0.,0.,1.));
#9263=DIRECTION('center_axis',(1.17103384674201E-12,0.,1.));
#9264=DIRECTION('ref_axis',(1.,0.,0.));
#9265=DIRECTION('center_axis',(1.14067061259298E-13,0.,-1.));
#9266=DIRECTION('ref_axis',(1.,0.,0.));
#9267=DIRECTION('center_axis',(-1.14067061259298E-13,0.,1.));
#9268=DIRECTION('ref_axis',(1.,0.,1.14067061259298E-13));
#9269=DIRECTION('',(1.,0.,1.14067061259298E-13));
#9270=DIRECTION('',(0.,1.,0.));
#9271=DIRECTION('center_axis',(-1.26882631384683E-14,0.,1.));
#9272=DIRECTION('ref_axis',(1.,0.,1.26882631384683E-14));
#9273=DIRECTION('',(0.,1.,0.));
#9274=DIRECTION('center_axis',(1.,0.,4.16259619357983E-12));
#9275=DIRECTION('ref_axis',(4.16259619357983E-12,0.,-1.));
#9276=DIRECTION('',(0.,1.,0.));
#9277=DIRECTION('center_axis',(-1.14067061259298E-13,0.,1.));
#9278=DIRECTION('ref_axis',(1.,0.,1.14067061259298E-13));
#9279=DIRECTION('',(0.,-1.,0.));
#9280=DIRECTION('center_axis',(-1.,0.,-2.0724163126038E-14));
#9281=DIRECTION('ref_axis',(-2.0724163126038E-14,0.,1.));
#9282=DIRECTION('',(0.,1.,0.));
#9283=DIRECTION('center_axis',(-1.26882631384683E-14,0.,1.));
#9284=DIRECTION('ref_axis',(1.,0.,1.26882631384683E-14));
#9285=DIRECTION('',(0.,1.,0.));
#9286=DIRECTION('center_axis',(1.,0.,4.16259619357983E-12));
#9287=DIRECTION('ref_axis',(4.16259619357983E-12,0.,-1.));
#9288=DIRECTION('',(0.,1.,0.));
#9289=DIRECTION('center_axis',(-1.14067061259298E-13,0.,1.));
#9290=DIRECTION('ref_axis',(1.,0.,1.14067061259298E-13));
#9291=DIRECTION('',(0.,-1.,0.));
#9292=DIRECTION('center_axis',(-1.,0.,-2.0724163126038E-14));
#9293=DIRECTION('ref_axis',(-2.0724163126038E-14,0.,1.));
#9294=DIRECTION('',(0.,1.,0.));
#9295=DIRECTION('center_axis',(-1.26882631384683E-14,0.,1.));
#9296=DIRECTION('ref_axis',(1.,0.,1.26882631384683E-14));
#9297=DIRECTION('',(0.,1.,0.));
#9298=DIRECTION('center_axis',(1.,0.,4.16259619357983E-12));
#9299=DIRECTION('ref_axis',(4.16259619357983E-12,0.,-1.));
#9300=DIRECTION('',(0.,1.,0.));
#9301=DIRECTION('center_axis',(-1.14067061259298E-13,0.,1.));
#9302=DIRECTION('ref_axis',(1.,0.,1.14067061259298E-13));
#9303=DIRECTION('',(0.,-1.,0.));
#9304=DIRECTION('center_axis',(-1.,0.,-2.0724163126038E-14));
#9305=DIRECTION('ref_axis',(-2.0724163126038E-14,0.,1.));
#9306=DIRECTION('',(0.,1.,0.));
#9307=DIRECTION('center_axis',(-1.26882631384683E-14,0.,1.));
#9308=DIRECTION('ref_axis',(1.,0.,1.26882631384683E-14));
#9309=DIRECTION('',(0.,1.,0.));
#9310=DIRECTION('center_axis',(1.,0.,4.16259619357983E-12));
#9311=DIRECTION('ref_axis',(4.16259619357983E-12,0.,-1.));
#9312=DIRECTION('center_axis',(0.,0.,1.));
#9313=DIRECTION('ref_axis',(-0.997432533712389,-0.0716124339209546,0.));
#9314=DIRECTION('',(0.,0.,1.));
#9315=DIRECTION('center_axis',(0.,0.,-1.));
#9316=DIRECTION('ref_axis',(1.,0.,0.));
#9317=DIRECTION('center_axis',(1.17103384674201E-12,0.,1.));
#9318=DIRECTION('ref_axis',(1.,0.,0.));
#9319=DIRECTION('center_axis',(-1.17103384674201E-12,0.,-1.));
#9320=DIRECTION('ref_axis',(-1.,0.,1.17103384674201E-12));
#9321=DIRECTION('',(0.707106781186693,-0.707106781186402,-8.28045974030412E-13));
#9322=DIRECTION('',(0.,1.,0.));
#9323=DIRECTION('',(-1.,0.,1.17103384674201E-12));
#9324=DIRECTION('',(0.,1.,0.));
#9325=DIRECTION('center_axis',(-1.,0.,0.));
#9326=DIRECTION('ref_axis',(0.,-1.,0.));
#9327=DIRECTION('',(0.,1.,0.));
#9328=DIRECTION('',(1.16865581538899E-15,0.,-1.));
#9329=DIRECTION('',(0.,1.,0.));
#9330=DIRECTION('center_axis',(-1.,0.,0.));
#9331=DIRECTION('ref_axis',(0.,-1.,0.));
#9332=DIRECTION('',(0.,1.,0.));
#9333=DIRECTION('',(1.16865581538899E-15,0.,-1.));
#9334=DIRECTION('',(0.,1.,0.));
#9335=DIRECTION('center_axis',(-1.,0.,0.));
#9336=DIRECTION('ref_axis',(0.,-1.,0.));
#9337=DIRECTION('',(0.,1.,0.));
#9338=DIRECTION('',(1.16865581538899E-15,0.,-1.));
#9339=DIRECTION('',(0.,1.,0.));
#9340=DIRECTION('center_axis',(-1.,0.,0.));
#9341=DIRECTION('ref_axis',(0.,-1.,0.));
#9342=DIRECTION('',(0.,1.,0.));
#9343=DIRECTION('',(1.16865581538899E-15,0.,-1.));
#9344=DIRECTION('',(0.,1.,0.));
#9345=DIRECTION('center_axis',(-1.4099445575467E-12,0.,1.));
#9346=DIRECTION('ref_axis',(1.,0.,1.4099445575467E-12));
#9347=DIRECTION('',(0.,1.,0.));
#9348=DIRECTION('',(1.,0.,1.4099445575467E-12));
#9349=DIRECTION('',(0.,1.,0.));
#9350=DIRECTION('',(-0.707106781186693,0.707106781186402,-9.96981357738545E-13));
#9351=DIRECTION('center_axis',(1.,0.,-8.08489937792174E-13));
#9352=DIRECTION('ref_axis',(-8.08489937792174E-13,0.,-1.));
#9353=DIRECTION('',(0.,1.,0.));
#9354=DIRECTION('',(-8.08489937792174E-13,0.,-1.));
#9355=DIRECTION('center_axis',(1.,0.,-4.48619216840174E-13));
#9356=DIRECTION('ref_axis',(-4.48619216840174E-13,0.,-1.));
#9357=DIRECTION('',(0.,1.,0.));
#9358=DIRECTION('',(0.,-1.,0.));
#9359=DIRECTION('',(-4.48619216840174E-13,0.,-1.));
#9360=DIRECTION('center_axis',(1.,0.,-4.48619216840174E-13));
#9361=DIRECTION('ref_axis',(-4.48619216840174E-13,0.,-1.));
#9362=DIRECTION('',(0.,1.,0.));
#9363=DIRECTION('',(0.,-1.,0.));
#9364=DIRECTION('',(-4.48619216840174E-13,0.,-1.));
#9365=DIRECTION('center_axis',(0.,1.,0.));
#9366=DIRECTION('ref_axis',(1.,0.,0.));
#9367=DIRECTION('',(3.74282544756623E-13,0.,1.));
#9368=DIRECTION('',(1.,0.,1.1842378929449E-14));
#9369=DIRECTION('',(1.48029736619626E-14,0.,1.));
#9370=DIRECTION('',(-1.,0.,-4.12114786744703E-12));
#9371=DIRECTION('',(3.74282544756623E-13,0.,1.));
#9372=DIRECTION('',(1.,0.,1.1842378929449E-14));
#9373=DIRECTION('',(1.48029736619626E-14,0.,1.));
#9374=DIRECTION('',(-1.,0.,-4.12114786744703E-12));
#9375=DIRECTION('',(3.74282544756623E-13,0.,1.));
#9376=DIRECTION('',(1.,0.,1.1842378929449E-14));
#9377=DIRECTION('',(1.48029736619626E-14,0.,1.));
#9378=DIRECTION('',(-1.,0.,-4.12114786744703E-12));
#9379=DIRECTION('',(3.74282544756623E-13,0.,1.));
#9380=DIRECTION('',(1.,0.,1.1842378929449E-14));
#9381=DIRECTION('',(1.48029736619626E-14,0.,1.));
#9382=DIRECTION('',(-1.,0.,-4.12114786744703E-12));
#9383=DIRECTION('',(3.74282544756623E-13,0.,1.));
#9384=DIRECTION('',(-1.,0.,1.12878862704522E-14));
#9385=DIRECTION('',(-5.7553961596111E-12,0.,-1.));
#9386=DIRECTION('',(1.,0.,-7.40148683073872E-15));
#9387=DIRECTION('',(-5.5688786915199E-12,0.,1.));
#9388=DIRECTION('',(-1.,0.,1.12878862704522E-14));
#9389=DIRECTION('',(-5.7553961596111E-12,0.,-1.));
#9390=DIRECTION('',(1.,0.,-7.40148683073872E-15));
#9391=DIRECTION('',(-5.5688786915199E-12,0.,1.));
#9392=DIRECTION('',(-1.,0.,1.12878862704522E-14));
#9393=DIRECTION('',(-5.7553961596111E-12,0.,-1.));
#9394=DIRECTION('',(1.,0.,-7.40148683073872E-15));
#9395=DIRECTION('',(-5.5688786915199E-12,0.,1.));
#9396=DIRECTION('',(-1.,0.,1.12878862704522E-14));
#9397=DIRECTION('',(-5.7553961596111E-12,0.,-1.));
#9398=DIRECTION('',(1.,0.,-7.40148683073872E-15));
#9399=DIRECTION('',(-5.5688786915199E-12,0.,1.));
#9400=DIRECTION('',(-1.,0.,1.12878862704522E-14));
#9401=DIRECTION('',(-1.,0.,-1.00660220899216E-12));
#9402=DIRECTION('',(-9.51619735384795E-15,0.,1.));
#9403=DIRECTION('',(1.,0.,1.0539717247195E-11));
#9404=DIRECTION('',(-4.48619216840174E-13,0.,-1.));
#9405=DIRECTION('',(-1.,0.,-1.00660220899216E-12));
#9406=DIRECTION('',(-9.51619735384795E-15,0.,1.));
#9407=DIRECTION('',(1.,0.,1.0539717247195E-11));
#9408=DIRECTION('',(-1.,0.,-1.00660220899216E-12));
#9409=DIRECTION('',(-9.51619735384795E-15,0.,1.));
#9410=DIRECTION('',(1.,0.,1.0539717247195E-11));
#9411=DIRECTION('',(-1.,0.,-1.00660220899216E-12));
#9412=DIRECTION('',(-9.51619735384795E-15,0.,1.));
#9413=DIRECTION('',(1.,0.,1.0539717247195E-11));
#9414=DIRECTION('',(-4.48619216840174E-13,0.,-1.));
#9415=DIRECTION('center_axis',(1.48687646559967E-12,0.,-1.));
#9416=DIRECTION('ref_axis',(-1.,0.,-1.48687646559967E-12));
#9417=DIRECTION('',(0.707106781186693,0.707106781186402,1.05138043161243E-12));
#9418=DIRECTION('center_axis',(-1.48687646559967E-12,0.,1.));
#9419=DIRECTION('ref_axis',(0.707106781186548,0.707106781186547,-5.89590652801873E-13));
#9420=DIRECTION('',(0.,1.,0.));
#9421=DIRECTION('center_axis',(9.4788374680247E-12,0.,1.));
#9422=DIRECTION('ref_axis',(1.,0.,-9.4788374680247E-12));
#9423=DIRECTION('',(-0.707106781186693,-0.707106781186402,6.70255025140677E-12));
#9424=DIRECTION('',(0.,-1.,0.));
#9425=DIRECTION('center_axis',(-9.4788374680247E-12,0.,-1.));
#9426=DIRECTION('ref_axis',(0.707106781186548,0.707106781186547,-5.89590652801873E-13));
#9427=DIRECTION('center_axis',(9.4788374680247E-12,0.,1.));
#9428=DIRECTION('ref_axis',(1.,0.,-9.4788374680247E-12));
#9429=DIRECTION('',(-1.,0.,9.4788374680247E-12));
#9430=DIRECTION('',(0.,-1.,0.));
#9431=DIRECTION('',(0.707106781186693,-0.707106781186402,-6.70255025140677E-12));
#9432=DIRECTION('center_axis',(1.48687646559967E-12,0.,-1.));
#9433=DIRECTION('ref_axis',(-1.,0.,-1.48687646559967E-12));
#9434=DIRECTION('',(1.,0.,1.48687646559967E-12));
#9435=DIRECTION('',(-0.707106781186693,0.707106781186402,-1.05138043161243E-12));
#9436=DIRECTION('',(0.,1.,0.));
#9437=DIRECTION('center_axis',(1.48687646559967E-12,0.,-1.));
#9438=DIRECTION('ref_axis',(-1.,0.,-1.48687646559967E-12));
#9439=DIRECTION('',(0.707106781186693,0.707106781186402,1.05138043161243E-12));
#9440=DIRECTION('center_axis',(-1.48687646559967E-12,0.,1.));
#9441=DIRECTION('ref_axis',(0.707106781186548,0.707106781186547,-5.89590652801873E-13));
#9442=DIRECTION('',(0.,1.,0.));
#9443=DIRECTION('center_axis',(9.4788374680247E-12,0.,1.));
#9444=DIRECTION('ref_axis',(1.,0.,-9.4788374680247E-12));
#9445=DIRECTION('',(-0.707106781186693,-0.707106781186402,6.70255025140677E-12));
#9446=DIRECTION('',(0.,-1.,0.));
#9447=DIRECTION('center_axis',(-9.4788374680247E-12,0.,-1.));
#9448=DIRECTION('ref_axis',(0.707106781186548,0.707106781186547,-5.89590652801873E-13));
#9449=DIRECTION('center_axis',(9.4788374680247E-12,0.,1.));
#9450=DIRECTION('ref_axis',(1.,0.,-9.4788374680247E-12));
#9451=DIRECTION('',(-1.,0.,9.4788374680247E-12));
#9452=DIRECTION('',(0.,-1.,0.));
#9453=DIRECTION('',(0.707106781186693,-0.707106781186402,-6.70255025140677E-12));
#9454=DIRECTION('center_axis',(1.48687646559967E-12,0.,-1.));
#9455=DIRECTION('ref_axis',(-1.,0.,-1.48687646559967E-12));
#9456=DIRECTION('',(1.,0.,1.48687646559967E-12));
#9457=DIRECTION('',(-0.707106781186693,0.707106781186402,-1.05138043161243E-12));
#9458=DIRECTION('',(0.,1.,0.));
#9459=DIRECTION('center_axis',(1.48687646559967E-12,0.,-1.));
#9460=DIRECTION('ref_axis',(-1.,0.,-1.48687646559967E-12));
#9461=DIRECTION('',(0.707106781186693,0.707106781186402,1.05138043161243E-12));
#9462=DIRECTION('center_axis',(-1.48687646559967E-12,0.,1.));
#9463=DIRECTION('ref_axis',(0.707106781186548,0.707106781186547,-5.89590652801873E-13));
#9464=DIRECTION('',(0.,1.,0.));
#9465=DIRECTION('center_axis',(9.4788374680247E-12,0.,1.));
#9466=DIRECTION('ref_axis',(1.,0.,-9.4788374680247E-12));
#9467=DIRECTION('',(-0.707106781186693,-0.707106781186402,6.70255025140677E-12));
#9468=DIRECTION('',(0.,-1.,0.));
#9469=DIRECTION('center_axis',(-9.4788374680247E-12,0.,-1.));
#9470=DIRECTION('ref_axis',(0.707106781186548,0.707106781186547,-5.89590652801873E-13));
#9471=DIRECTION('center_axis',(9.4788374680247E-12,0.,1.));
#9472=DIRECTION('ref_axis',(1.,0.,-9.4788374680247E-12));
#9473=DIRECTION('',(-1.,0.,9.4788374680247E-12));
#9474=DIRECTION('',(0.,-1.,0.));
#9475=DIRECTION('',(0.707106781186693,-0.707106781186402,-6.70255025140677E-12));
#9476=DIRECTION('center_axis',(1.48687646559967E-12,0.,-1.));
#9477=DIRECTION('ref_axis',(-1.,0.,-1.48687646559967E-12));
#9478=DIRECTION('',(1.,0.,1.48687646559967E-12));
#9479=DIRECTION('',(-0.707106781186693,0.707106781186402,-1.05138043161243E-12));
#9480=DIRECTION('',(0.,1.,0.));
#9481=DIRECTION('center_axis',(-0.707106781186402,-0.707106781186693,0.));
#9482=DIRECTION('ref_axis',(0.707106781186693,-0.707106781186402,0.));
#9483=DIRECTION('',(-8.33711729155115E-13,8.33711729154772E-13,-1.));
#9484=DIRECTION('',(-0.707106781186693,0.707106781186402,-1.05138043161243E-12));
#9485=DIRECTION('center_axis',(-0.707106781186402,-0.707106781186693,0.));
#9486=DIRECTION('ref_axis',(0.707106781186693,-0.707106781186402,0.));
#9487=DIRECTION('',(-8.33711729155115E-13,8.33711729154772E-13,-1.));
#9488=DIRECTION('center_axis',(-0.707106781186402,-0.707106781186693,0.));
#9489=DIRECTION('ref_axis',(0.707106781186693,-0.707106781186402,0.));
#9490=DIRECTION('',(-8.33711729155115E-13,8.33711729154772E-13,-1.));
#9491=DIRECTION('center_axis',(-0.707106781186402,-0.707106781186693,0.));
#9492=DIRECTION('ref_axis',(0.707106781186693,-0.707106781186402,0.));
#9493=DIRECTION('',(-8.33711729155115E-13,8.33711729154772E-13,-1.));
#9494=DIRECTION('center_axis',(-1.,0.,8.33711729155115E-13));
#9495=DIRECTION('ref_axis',(8.33711729155115E-13,0.,1.));
#9496=DIRECTION('',(8.33711729155115E-13,0.,1.));
#9497=DIRECTION('center_axis',(-1.,0.,8.33711729155115E-13));
#9498=DIRECTION('ref_axis',(8.33711729155115E-13,0.,1.));
#9499=DIRECTION('',(8.33711729155115E-13,0.,1.));
#9500=DIRECTION('',(0.,1.,0.));
#9501=DIRECTION('center_axis',(-1.,0.,8.33711729155115E-13));
#9502=DIRECTION('ref_axis',(8.33711729155115E-13,0.,1.));
#9503=DIRECTION('',(8.33711729155115E-13,0.,1.));
#9504=DIRECTION('center_axis',(-1.,0.,8.33711729155115E-13));
#9505=DIRECTION('ref_axis',(8.33711729155115E-13,0.,1.));
#9506=DIRECTION('',(8.33711729155115E-13,0.,1.));
#9507=DIRECTION('center_axis',(0.707106781186402,-0.707106781186693,0.));
#9508=DIRECTION('ref_axis',(0.707106781186693,0.707106781186402,0.));
#9509=DIRECTION('',(8.33711729155115E-13,8.33711729154772E-13,1.));
#9510=DIRECTION('center_axis',(0.707106781186402,-0.707106781186693,0.));
#9511=DIRECTION('ref_axis',(0.707106781186693,0.707106781186402,0.));
#9512=DIRECTION('',(0.707106781186693,0.707106781186402,1.05138043161243E-12));
#9513=DIRECTION('',(8.33711729155115E-13,8.33711729154772E-13,1.));
#9514=DIRECTION('center_axis',(0.707106781186402,-0.707106781186693,0.));
#9515=DIRECTION('ref_axis',(0.707106781186693,0.707106781186402,0.));
#9516=DIRECTION('',(8.33711729155115E-13,8.33711729154772E-13,1.));
#9517=DIRECTION('center_axis',(0.707106781186402,-0.707106781186693,0.));
#9518=DIRECTION('ref_axis',(0.707106781186693,0.707106781186402,0.));
#9519=DIRECTION('',(8.33711729155115E-13,8.33711729154772E-13,1.));
#9520=DIRECTION('center_axis',(-8.33711729155115E-13,0.,-1.));
#9521=DIRECTION('ref_axis',(0.707106781186548,0.707106781186547,-5.89590652801873E-13));
#9522=DIRECTION('',(8.33711729155115E-13,0.,1.));
#9523=DIRECTION('',(8.33711729155115E-13,0.,1.));
#9524=DIRECTION('',(8.33711729155115E-13,0.,1.));
#9525=DIRECTION('center_axis',(-1.48687646559967E-12,0.,1.));
#9526=DIRECTION('ref_axis',(0.707106781186548,0.707106781186547,-5.89590652801873E-13));
#9527=DIRECTION('center_axis',(-9.4788374680247E-12,0.,-1.));
#9528=DIRECTION('ref_axis',(0.707106781186548,0.707106781186547,-5.89590652801873E-13));
#9529=DIRECTION('',(8.33711729155115E-13,0.,1.));
#9530=DIRECTION('center_axis',(0.707106781185839,0.,-0.707106781187256));
#9531=DIRECTION('ref_axis',(-0.707106781187256,0.,-0.707106781185839));
#9532=DIRECTION('',(-8.33711729155115E-13,0.,-1.));
#9533=DIRECTION('center_axis',(0.707106781186344,1.50467193957238E-17,0.707106781186751));
#9534=DIRECTION('ref_axis',(0.707106781186751,-1.50467193957576E-17,-0.707106781186344));
#9535=DIRECTION('',(8.33711729155115E-13,0.,1.));
#9536=DIRECTION('center_axis',(-1.,0.,8.33711729155115E-13));
#9537=DIRECTION('ref_axis',(8.33711729155115E-13,0.,1.));
#9538=DIRECTION('center_axis',(-1.,0.,8.33711729155115E-13));
#9539=DIRECTION('ref_axis',(8.33711729155115E-13,0.,1.));
#9540=DIRECTION('',(0.,1.,0.));
#9541=DIRECTION('center_axis',(-1.,0.,8.33711729155115E-13));
#9542=DIRECTION('ref_axis',(8.33711729155115E-13,0.,1.));
#9543=DIRECTION('center_axis',(-1.,0.,8.33711729155115E-13));
#9544=DIRECTION('ref_axis',(8.33711729155115E-13,0.,1.));
#9545=DIRECTION('center_axis',(-1.1842378929449E-14,0.,1.));
#9546=DIRECTION('ref_axis',(1.,0.,1.1842378929449E-14));
#9547=DIRECTION('',(0.,-1.,0.));
#9548=DIRECTION('',(0.,1.,0.));
#9549=DIRECTION('center_axis',(-1.,0.,1.48029736619626E-14));
#9550=DIRECTION('ref_axis',(1.48029736619626E-14,0.,1.));
#9551=DIRECTION('',(0.,1.,0.));
#9552=DIRECTION('center_axis',(4.12114786744703E-12,0.,-1.));
#9553=DIRECTION('ref_axis',(-1.,0.,-4.12114786744703E-12));
#9554=DIRECTION('',(0.,1.,0.));
#9555=DIRECTION('center_axis',(-1.1842378929449E-14,0.,1.));
#9556=DIRECTION('ref_axis',(1.,0.,1.1842378929449E-14));
#9557=DIRECTION('',(0.,-1.,0.));
#9558=DIRECTION('',(0.,1.,0.));
#9559=DIRECTION('center_axis',(-1.,0.,1.48029736619626E-14));
#9560=DIRECTION('ref_axis',(1.48029736619626E-14,0.,1.));
#9561=DIRECTION('',(0.,1.,0.));
#9562=DIRECTION('center_axis',(4.12114786744703E-12,0.,-1.));
#9563=DIRECTION('ref_axis',(-1.,0.,-4.12114786744703E-12));
#9564=DIRECTION('',(0.,1.,0.));
#9565=DIRECTION('center_axis',(-1.1842378929449E-14,0.,1.));
#9566=DIRECTION('ref_axis',(1.,0.,1.1842378929449E-14));
#9567=DIRECTION('',(0.,-1.,0.));
#9568=DIRECTION('',(0.,1.,0.));
#9569=DIRECTION('center_axis',(-1.,0.,1.48029736619626E-14));
#9570=DIRECTION('ref_axis',(1.48029736619626E-14,0.,1.));
#9571=DIRECTION('',(0.,1.,0.));
#9572=DIRECTION('center_axis',(4.12114786744703E-12,0.,-1.));
#9573=DIRECTION('ref_axis',(-1.,0.,-4.12114786744703E-12));
#9574=DIRECTION('',(0.,1.,0.));
#9575=DIRECTION('center_axis',(-1.,0.,3.74282544756623E-13));
#9576=DIRECTION('ref_axis',(3.74282544756623E-13,0.,1.));
#9577=DIRECTION('',(0.,1.,0.));
#9578=DIRECTION('center_axis',(-1.,0.,3.74282544756623E-13));
#9579=DIRECTION('ref_axis',(3.74282544756623E-13,0.,1.));
#9580=DIRECTION('center_axis',(-1.,0.,3.74282544756623E-13));
#9581=DIRECTION('ref_axis',(3.74282544756623E-13,0.,1.));
#9582=DIRECTION('',(0.,1.,0.));
#9583=DIRECTION('center_axis',(-1.,0.,3.74282544756623E-13));
#9584=DIRECTION('ref_axis',(3.74282544756623E-13,0.,1.));
#9585=DIRECTION('center_axis',(1.,0.,5.5688786915199E-12));
#9586=DIRECTION('ref_axis',(5.5688786915199E-12,0.,-1.));
#9587=DIRECTION('',(0.,1.,0.));
#9588=DIRECTION('',(0.,1.,0.));
#9589=DIRECTION('center_axis',(-1.,0.,5.7553961596111E-12));
#9590=DIRECTION('ref_axis',(5.7553961596111E-12,0.,1.));
#9591=DIRECTION('',(0.,-1.,0.));
#9592=DIRECTION('',(0.,1.,0.));
#9593=DIRECTION('center_axis',(-7.40148683073872E-15,0.,-1.));
#9594=DIRECTION('ref_axis',(-1.,0.,7.40148683073872E-15));
#9595=DIRECTION('center_axis',(1.,0.,5.5688786915199E-12));
#9596=DIRECTION('ref_axis',(5.5688786915199E-12,0.,-1.));
#9597=DIRECTION('',(0.,1.,0.));
#9598=DIRECTION('',(0.,1.,0.));
#9599=DIRECTION('center_axis',(-1.,0.,5.7553961596111E-12));
#9600=DIRECTION('ref_axis',(5.7553961596111E-12,0.,1.));
#9601=DIRECTION('',(0.,-1.,0.));
#9602=DIRECTION('',(0.,1.,0.));
#9603=DIRECTION('center_axis',(-7.40148683073872E-15,0.,-1.));
#9604=DIRECTION('ref_axis',(-1.,0.,7.40148683073872E-15));
#9605=DIRECTION('center_axis',(1.,0.,5.5688786915199E-12));
#9606=DIRECTION('ref_axis',(5.5688786915199E-12,0.,-1.));
#9607=DIRECTION('',(0.,1.,0.));
#9608=DIRECTION('',(0.,1.,0.));
#9609=DIRECTION('center_axis',(-1.,0.,5.7553961596111E-12));
#9610=DIRECTION('ref_axis',(5.7553961596111E-12,0.,1.));
#9611=DIRECTION('',(0.,-1.,0.));
#9612=DIRECTION('',(0.,1.,0.));
#9613=DIRECTION('center_axis',(-7.40148683073872E-15,0.,-1.));
#9614=DIRECTION('ref_axis',(-1.,0.,7.40148683073872E-15));
#9615=DIRECTION('center_axis',(-1.,0.,-8.17453101091597E-13));
#9616=DIRECTION('ref_axis',(-8.17453101091597E-13,0.,1.));
#9617=DIRECTION('',(0.,1.,0.));
#9618=DIRECTION('',(8.17453101091597E-13,0.,-1.));
#9619=DIRECTION('',(0.,-1.,0.));
#9620=DIRECTION('center_axis',(-2.50092344490379E-13,0.,-1.));
#9621=DIRECTION('ref_axis',(-1.,0.,2.50092344490379E-13));
#9622=DIRECTION('',(0.,1.,0.));
#9623=DIRECTION('',(1.,0.,-2.50092344490379E-13));
#9624=DIRECTION('center_axis',(1.,0.,2.63163976206417E-14));
#9625=DIRECTION('ref_axis',(2.63163976206417E-14,0.,-1.));
#9626=DIRECTION('',(-2.63163976206417E-14,0.,1.));
#9627=DIRECTION('center_axis',(-1.,0.,-8.17453101091597E-13));
#9628=DIRECTION('ref_axis',(-8.17453101091597E-13,0.,1.));
#9629=DIRECTION('',(0.,1.,0.));
#9630=DIRECTION('',(8.17453101091597E-13,0.,-1.));
#9631=DIRECTION('',(0.,-1.,0.));
#9632=DIRECTION('center_axis',(-2.50092344490379E-13,0.,-1.));
#9633=DIRECTION('ref_axis',(-1.,0.,2.50092344490379E-13));
#9634=DIRECTION('',(0.,1.,0.));
#9635=DIRECTION('',(1.,0.,-2.50092344490379E-13));
#9636=DIRECTION('center_axis',(1.,0.,2.63163976206417E-14));
#9637=DIRECTION('ref_axis',(2.63163976206417E-14,0.,-1.));
#9638=DIRECTION('',(0.,1.,0.));
#9639=DIRECTION('',(-2.63163976206417E-14,0.,1.));
#9640=DIRECTION('center_axis',(-1.,0.,-8.17453101091597E-13));
#9641=DIRECTION('ref_axis',(-8.17453101091597E-13,0.,1.));
#9642=DIRECTION('',(0.,1.,0.));
#9643=DIRECTION('',(8.17453101091597E-13,0.,-1.));
#9644=DIRECTION('',(0.,-1.,0.));
#9645=DIRECTION('center_axis',(-2.50092344490379E-13,0.,-1.));
#9646=DIRECTION('ref_axis',(-1.,0.,2.50092344490379E-13));
#9647=DIRECTION('',(0.,1.,0.));
#9648=DIRECTION('',(1.,0.,-2.50092344490379E-13));
#9649=DIRECTION('center_axis',(1.,0.,2.63163976206417E-14));
#9650=DIRECTION('ref_axis',(2.63163976206417E-14,0.,-1.));
#9651=DIRECTION('',(0.,1.,0.));
#9652=DIRECTION('',(-2.63163976206417E-14,0.,1.));
#9653=DIRECTION('center_axis',(0.,1.,0.));
#9654=DIRECTION('ref_axis',(0.,0.,1.));
#9655=DIRECTION('',(-1.,0.,1.17103384674201E-12));
#9656=DIRECTION('',(8.17453101091597E-13,0.,-1.));
#9657=DIRECTION('',(1.,0.,-2.50092344490379E-13));
#9658=DIRECTION('',(-2.63163976206417E-14,0.,1.));
#9659=DIRECTION('',(-1.,0.,1.17103384674201E-12));
#9660=DIRECTION('',(-1.,0.,1.17103384674201E-12));
#9661=DIRECTION('',(-1.,0.,1.17103384674201E-12));
#9662=DIRECTION('',(8.33711729155115E-13,0.,1.));
#9663=DIRECTION('',(-1.,0.,9.4788374680247E-12));
#9664=DIRECTION('',(1.,0.,1.48687646559967E-12));
#9665=DIRECTION('center_axis',(1.,0.,-1.17103384674201E-12));
#9666=DIRECTION('ref_axis',(8.28051061785236E-13,0.707106781186547,0.707106781186548));
#9667=DIRECTION('center_axis',(1.,0.,8.17453101091597E-13));
#9668=DIRECTION('ref_axis',(8.28051061785236E-13,0.707106781186547,0.707106781186548));
#9669=DIRECTION('',(-1.,0.,1.17103384674201E-12));
#9670=DIRECTION('center_axis',(0.707106781187247,3.00934387914688E-17,0.707106781185848));
#9671=DIRECTION('ref_axis',(0.707106781185848,3.00934387914579E-17,-0.707106781187247));
#9672=DIRECTION('',(1.,0.,-1.17103384674201E-12));
#9673=DIRECTION('center_axis',(-1.17103384674201E-12,0.,-1.));
#9674=DIRECTION('ref_axis',(-1.,0.,1.17103384674201E-12));
#9675=DIRECTION('',(0.,1.,0.));
#9676=DIRECTION('center_axis',(-1.17103384674201E-12,0.,-1.));
#9677=DIRECTION('ref_axis',(-1.,0.,1.17103384674201E-12));
#9678=DIRECTION('center_axis',(-1.17103384674201E-12,0.,-1.));
#9679=DIRECTION('ref_axis',(-1.,0.,1.17103384674201E-12));
#9680=DIRECTION('center_axis',(1.,0.,-4.48619216840174E-13));
#9681=DIRECTION('ref_axis',(-4.48619216840174E-13,0.,-1.));
#9682=DIRECTION('',(0.,1.,0.));
#9683=DIRECTION('',(0.,-1.,0.));
#9684=DIRECTION('center_axis',(1.48687646559967E-12,0.,-1.));
#9685=DIRECTION('ref_axis',(-1.,0.,-1.48687646559967E-12));
#9686=DIRECTION('center_axis',(9.4788374680247E-12,0.,1.));
#9687=DIRECTION('ref_axis',(1.,0.,-9.4788374680247E-12));
#9688=DIRECTION('',(-0.707106781186693,-0.707106781186402,6.70255025140677E-12));
#9689=DIRECTION('',(0.,-1.,0.));
#9690=DIRECTION('center_axis',(9.4788374680247E-12,0.,1.));
#9691=DIRECTION('ref_axis',(1.,0.,-9.4788374680247E-12));
#9692=DIRECTION('',(0.,-1.,0.));
#9693=DIRECTION('',(0.707106781186693,-0.707106781186402,-6.70255025140677E-12));
#9694=DIRECTION('center_axis',(1.48687646559967E-12,0.,-1.));
#9695=DIRECTION('ref_axis',(-1.,0.,-1.48687646559967E-12));
#9696=DIRECTION('center_axis',(-0.707106781186402,-0.707106781186693,0.));
#9697=DIRECTION('ref_axis',(0.707106781186693,-0.707106781186402,0.));
#9698=DIRECTION('',(-8.33711729155115E-13,8.33711729154772E-13,-1.));
#9699=DIRECTION('center_axis',(-1.,0.,8.33711729155115E-13));
#9700=DIRECTION('ref_axis',(8.33711729155115E-13,0.,1.));
#9701=DIRECTION('center_axis',(0.707106781186402,-0.707106781186693,0.));
#9702=DIRECTION('ref_axis',(0.707106781186693,0.707106781186402,0.));
#9703=DIRECTION('',(8.33711729155115E-13,8.33711729154772E-13,1.));
#9704=DIRECTION('center_axis',(-1.,0.,8.33711729155115E-13));
#9705=DIRECTION('ref_axis',(8.33711729155115E-13,0.,1.));
#9706=DIRECTION('center_axis',(-1.1842378929449E-14,0.,1.));
#9707=DIRECTION('ref_axis',(1.,0.,1.1842378929449E-14));
#9708=DIRECTION('',(0.,-1.,0.));
#9709=DIRECTION('',(0.,1.,0.));
#9710=DIRECTION('center_axis',(-1.,0.,1.48029736619626E-14));
#9711=DIRECTION('ref_axis',(1.48029736619626E-14,0.,1.));
#9712=DIRECTION('',(0.,1.,0.));
#9713=DIRECTION('center_axis',(4.12114786744703E-12,0.,-1.));
#9714=DIRECTION('ref_axis',(-1.,0.,-4.12114786744703E-12));
#9715=DIRECTION('center_axis',(-1.,0.,3.74282544756623E-13));
#9716=DIRECTION('ref_axis',(3.74282544756623E-13,0.,1.));
#9717=DIRECTION('center_axis',(1.,0.,5.5688786915199E-12));
#9718=DIRECTION('ref_axis',(5.5688786915199E-12,0.,-1.));
#9719=DIRECTION('',(0.,1.,0.));
#9720=DIRECTION('',(0.,1.,0.));
#9721=DIRECTION('center_axis',(-1.,0.,5.7553961596111E-12));
#9722=DIRECTION('ref_axis',(5.7553961596111E-12,0.,1.));
#9723=DIRECTION('',(0.,-1.,0.));
#9724=DIRECTION('',(0.,1.,0.));
#9725=DIRECTION('center_axis',(-7.40148683073872E-15,0.,-1.));
#9726=DIRECTION('ref_axis',(-1.,0.,7.40148683073872E-15));
#9727=DIRECTION('center_axis',(-1.12878862704522E-14,0.,-1.));
#9728=DIRECTION('ref_axis',(-1.,0.,1.12878862704522E-14));
#9729=DIRECTION('center_axis',(-1.,0.,-8.17453101091597E-13));
#9730=DIRECTION('ref_axis',(-8.17453101091597E-13,0.,1.));
#9731=DIRECTION('',(0.,-1.,0.));
#9732=DIRECTION('center_axis',(-1.,0.,-8.17453101091597E-13));
#9733=DIRECTION('ref_axis',(-8.17453101091597E-13,0.,1.));
#9734=DIRECTION('',(0.,1.,0.));
#9735=DIRECTION('',(0.,-1.,0.));
#9736=DIRECTION('center_axis',(-2.50092344490379E-13,0.,-1.));
#9737=DIRECTION('ref_axis',(-1.,0.,2.50092344490379E-13));
#9738=DIRECTION('',(0.,1.,0.));
#9739=DIRECTION('center_axis',(1.,0.,2.63163976206417E-14));
#9740=DIRECTION('ref_axis',(2.63163976206417E-14,0.,-1.));
#9741=DIRECTION('center_axis',(-1.17103384674201E-12,0.,-1.));
#9742=DIRECTION('ref_axis',(-1.,0.,1.17103384674201E-12));
#9743=DIRECTION('center_axis',(-1.17103384674201E-12,0.,-1.));
#9744=DIRECTION('ref_axis',(-1.,0.,1.17103384674201E-12));
#9745=DIRECTION('',(0.,1.,0.));
#9746=DIRECTION('center_axis',(8.08489937792174E-13,0.,1.));
#9747=DIRECTION('ref_axis',(-0.707106781186548,0.707106781186547,5.71654963282176E-13));
#9748=DIRECTION('',(-8.08489937792174E-13,0.,-1.));
#9749=DIRECTION('center_axis',(0.70710678118676,1.50467193957331E-17,-0.707106781186335));
#9750=DIRECTION('ref_axis',(-0.707106781186335,-1.50467193956997E-17,-0.70710678118676));
#9751=DIRECTION('',(8.08489937792174E-13,0.,1.));
#9752=DIRECTION('center_axis',(-1.,0.,-1.4099445575467E-12));
#9753=DIRECTION('ref_axis',(9.96935440282792E-13,0.707106781186547,-0.707106781186548));
#9754=DIRECTION('',(-1.,0.,-1.4099445575467E-12));
#9755=DIRECTION('center_axis',(1.,0.,-8.08489937792174E-13));
#9756=DIRECTION('ref_axis',(-8.08489937792174E-13,0.,-1.));
#9757=DIRECTION('center_axis',(0.,-1.,0.));
#9758=DIRECTION('ref_axis',(0.,0.,-1.));
#9759=DIRECTION('center_axis',(1.,0.,-4.48619216840174E-13));
#9760=DIRECTION('ref_axis',(-4.48619216840174E-13,0.,-1.));
#9761=DIRECTION('',(0.,1.,0.));
#9762=DIRECTION('center_axis',(-1.00660220899216E-12,0.,1.));
#9763=DIRECTION('ref_axis',(1.,0.,1.00660220899216E-12));
#9764=DIRECTION('',(0.,1.,0.));
#9765=DIRECTION('center_axis',(1.,0.,9.51619735384795E-15));
#9766=DIRECTION('ref_axis',(9.51619735384795E-15,0.,-1.));
#9767=DIRECTION('',(0.,1.,0.));
#9768=DIRECTION('center_axis',(1.0539717247195E-11,0.,-1.));
#9769=DIRECTION('ref_axis',(-1.,0.,-1.0539717247195E-11));
#9770=DIRECTION('center_axis',(-1.00660220899216E-12,0.,1.));
#9771=DIRECTION('ref_axis',(1.,0.,1.00660220899216E-12));
#9772=DIRECTION('',(0.,1.,0.));
#9773=DIRECTION('center_axis',(1.,0.,9.51619735384795E-15));
#9774=DIRECTION('ref_axis',(9.51619735384795E-15,0.,-1.));
#9775=DIRECTION('',(0.,1.,0.));
#9776=DIRECTION('center_axis',(1.0539717247195E-11,0.,-1.));
#9777=DIRECTION('ref_axis',(-1.,0.,-1.0539717247195E-11));
#9778=DIRECTION('center_axis',(-1.00660220899216E-12,0.,1.));
#9779=DIRECTION('ref_axis',(1.,0.,1.00660220899216E-12));
#9780=DIRECTION('',(0.,1.,0.));
#9781=DIRECTION('center_axis',(1.,0.,9.51619735384795E-15));
#9782=DIRECTION('ref_axis',(9.51619735384795E-15,0.,-1.));
#9783=DIRECTION('',(0.,1.,0.));
#9784=DIRECTION('center_axis',(1.0539717247195E-11,0.,-1.));
#9785=DIRECTION('ref_axis',(-1.,0.,-1.0539717247195E-11));
#9786=DIRECTION('center_axis',(-1.00660220899216E-12,0.,1.));
#9787=DIRECTION('ref_axis',(1.,0.,1.00660220899216E-12));
#9788=DIRECTION('',(0.,1.,0.));
#9789=DIRECTION('center_axis',(1.,0.,9.51619735384795E-15));
#9790=DIRECTION('ref_axis',(9.51619735384795E-15,0.,-1.));
#9791=DIRECTION('',(0.,1.,0.));
#9792=DIRECTION('center_axis',(1.0539717247195E-11,0.,-1.));
#9793=DIRECTION('ref_axis',(-1.,0.,-1.0539717247195E-11));
#9794=DIRECTION('axis',(0.,0.,1.));
#9795=DIRECTION('refdir',(1.,0.,0.));
#9796=DIRECTION('center_axis',(0.,1.,0.));
#9797=DIRECTION('ref_axis',(-1.,0.,0.));
#9798=DIRECTION('',(-2.83222733889174E-15,0.,1.));
#9799=DIRECTION('',(1.,0.,5.76786948465474E-15));
#9800=DIRECTION('',(-2.82976059384509E-15,0.,1.));
#9801=DIRECTION('',(-1.,0.,-5.77779592273049E-15));
#9802=DIRECTION('',(2.35200880527384E-15,0.,-1.));
#9803=DIRECTION('',(1.,0.,5.79175466570308E-15));
#9804=DIRECTION('',(2.83222733889174E-15,0.,-1.));
#9805=DIRECTION('',(1.,0.,5.76785909293968E-15));
#9806=DIRECTION('center_axis',(1.,0.,2.83222733889174E-15));
#9807=DIRECTION('ref_axis',(2.83222733889174E-15,0.,-1.));
#9808=DIRECTION('',(0.,-1.,0.));
#9809=DIRECTION('',(-2.83222733889174E-15,0.,1.));
#9810=DIRECTION('',(0.,-1.,0.));
#9811=DIRECTION('center_axis',(5.76786948465474E-15,0.,-1.));
#9812=DIRECTION('ref_axis',(-1.,0.,-5.76786948465474E-15));
#9813=DIRECTION('',(1.,0.,5.76786948465474E-15));
#9814=DIRECTION('',(0.,-1.,0.));
#9815=DIRECTION('center_axis',(1.,0.,2.82976059384509E-15));
#9816=DIRECTION('ref_axis',(2.82976059384509E-15,0.,-1.));
#9817=DIRECTION('',(-2.82976059384509E-15,0.,1.));
#9818=DIRECTION('',(0.,-1.,0.));
#9819=DIRECTION('center_axis',(-5.77779592273049E-15,0.,1.));
#9820=DIRECTION('ref_axis',(1.,0.,5.77779592273049E-15));
#9821=DIRECTION('',(-1.,0.,-5.77779592273049E-15));
#9822=DIRECTION('',(0.,-1.,0.));
#9823=DIRECTION('center_axis',(-1.,0.,-2.35200880527384E-15));
#9824=DIRECTION('ref_axis',(-2.35200880527384E-15,0.,1.));
#9825=DIRECTION('',(2.35200880527384E-15,0.,-1.));
#9826=DIRECTION('',(0.,-1.,0.));
#9827=DIRECTION('center_axis',(5.79175466570308E-15,0.,-1.));
#9828=DIRECTION('ref_axis',(-1.,0.,-5.79175466570308E-15));
#9829=DIRECTION('',(1.,0.,5.79175466570308E-15));
#9830=DIRECTION('',(0.,-1.,0.));
#9831=DIRECTION('center_axis',(-1.,0.,-2.83222733889174E-15));
#9832=DIRECTION('ref_axis',(-2.83222733889174E-15,0.,1.));
#9833=DIRECTION('',(2.83222733889174E-15,0.,-1.));
#9834=DIRECTION('',(0.,-1.,0.));
#9835=DIRECTION('center_axis',(5.76785909293968E-15,0.,-1.));
#9836=DIRECTION('ref_axis',(-1.,0.,-5.76785909293968E-15));
#9837=DIRECTION('',(1.,0.,5.76785909293968E-15));
#9838=DIRECTION('center_axis',(0.,1.,0.));
#9839=DIRECTION('ref_axis',(-1.,0.,0.));
#9840=DIRECTION('',(-2.83222733889174E-15,0.,1.));
#9841=DIRECTION('',(1.,0.,5.76786428879253E-15));
#9842=DIRECTION('',(-2.35200880527384E-15,0.,1.));
#9843=DIRECTION('',(-1.,0.,-5.77779375032867E-15));
#9844=DIRECTION('',(2.82976059384509E-15,0.,-1.));
#9845=DIRECTION('',(1.,0.,5.79174942671888E-15));
#9846=DIRECTION('',(2.83222733889174E-15,0.,-1.));
#9847=DIRECTION('',(1.,0.,5.76787208258936E-15));
#9848=DIRECTION('center_axis',(1.,0.,2.83222733889174E-15));
#9849=DIRECTION('ref_axis',(2.83222733889174E-15,0.,-1.));
#9850=DIRECTION('',(0.,-1.,0.));
#9851=DIRECTION('',(-2.83222733889174E-15,0.,1.));
#9852=DIRECTION('',(0.,-1.,0.));
#9853=DIRECTION('center_axis',(5.76786428879253E-15,0.,-1.));
#9854=DIRECTION('ref_axis',(-1.,0.,-5.76786428879253E-15));
#9855=DIRECTION('',(1.,0.,5.76786428879253E-15));
#9856=DIRECTION('',(0.,-1.,0.));
#9857=DIRECTION('center_axis',(1.,0.,2.35200880527384E-15));
#9858=DIRECTION('ref_axis',(2.35200880527384E-15,0.,-1.));
#9859=DIRECTION('',(-2.35200880527384E-15,0.,1.));
#9860=DIRECTION('',(0.,-1.,0.));
#9861=DIRECTION('center_axis',(-5.77779375032867E-15,0.,1.));
#9862=DIRECTION('ref_axis',(1.,0.,5.77779375032867E-15));
#9863=DIRECTION('',(-1.,0.,-5.77779375032867E-15));
#9864=DIRECTION('',(0.,-1.,0.));
#9865=DIRECTION('center_axis',(-1.,0.,-2.82976059384509E-15));
#9866=DIRECTION('ref_axis',(-2.82976059384509E-15,0.,1.));
#9867=DIRECTION('',(2.82976059384509E-15,0.,-1.));
#9868=DIRECTION('',(0.,-1.,0.));
#9869=DIRECTION('center_axis',(5.79174942671888E-15,0.,-1.));
#9870=DIRECTION('ref_axis',(-1.,0.,-5.79174942671888E-15));
#9871=DIRECTION('',(1.,0.,5.79174942671888E-15));
#9872=DIRECTION('',(0.,-1.,0.));
#9873=DIRECTION('center_axis',(-1.,0.,-2.83222733889174E-15));
#9874=DIRECTION('ref_axis',(-2.83222733889174E-15,0.,1.));
#9875=DIRECTION('',(2.83222733889174E-15,0.,-1.));
#9876=DIRECTION('',(0.,-1.,0.));
#9877=DIRECTION('center_axis',(5.76787208258936E-15,0.,-1.));
#9878=DIRECTION('ref_axis',(-1.,0.,-5.76787208258936E-15));
#9879=DIRECTION('',(1.,0.,5.76787208258936E-15));
#9880=DIRECTION('center_axis',(0.,1.,0.));
#9881=DIRECTION('ref_axis',(-1.,0.,0.));
#9882=DIRECTION('',(-1.,0.,-5.73354568359189E-15));
#9883=DIRECTION('',(2.77555772699902E-15,0.,-1.));
#9884=DIRECTION('',(1.,0.,5.82320910954347E-15));
#9885=DIRECTION('',(1.,0.,5.85139024239419E-15));
#9886=DIRECTION('',(-1.,0.,-5.85262282313613E-15));
#9887=DIRECTION('',(-3.22934102171154E-15,0.,1.));
#9888=DIRECTION('',(1.,0.,5.90208686690222E-15));
#9889=DIRECTION('',(-1.,0.,-5.82126147518287E-15));
#9890=DIRECTION('',(-3.6740084879866E-15,0.,1.));
#9891=DIRECTION('',(0.,-1.,0.));
#9892=DIRECTION('',(0.,-1.,0.));
#9893=DIRECTION('',(0.,-1.,0.));
#9894=DIRECTION('',(0.,-1.,0.));
#9895=DIRECTION('',(0.,-1.,0.));
#9896=DIRECTION('',(0.,-1.,0.));
#9897=DIRECTION('',(0.,-1.,0.));
#9898=DIRECTION('',(0.,-1.,0.));
#9899=DIRECTION('',(0.,-1.,0.));
#9900=DIRECTION('',(0.,-1.,0.));
#9901=DIRECTION('',(0.,-1.,0.));
#9902=DIRECTION('',(0.,-1.,0.));
#9903=DIRECTION('center_axis',(-5.73354568359189E-15,0.,1.));
#9904=DIRECTION('ref_axis',(1.,0.,5.73354568359189E-15));
#9905=DIRECTION('',(-1.,0.,-5.73354568359189E-15));
#9906=DIRECTION('',(0.,-1.,0.));
#9907=DIRECTION('center_axis',(-1.,0.,-2.77555772699902E-15));
#9908=DIRECTION('ref_axis',(-2.77555772699902E-15,0.,1.));
#9909=DIRECTION('',(2.77555772699902E-15,0.,-1.));
#9910=DIRECTION('',(0.,-1.,0.));
#9911=DIRECTION('center_axis',(5.82320910954347E-15,0.,-1.));
#9912=DIRECTION('ref_axis',(-1.,0.,-5.82320910954347E-15));
#9913=DIRECTION('',(1.,0.,5.82320910954347E-15));
#9914=DIRECTION('center_axis',(5.85139024239419E-15,0.,-1.));
#9915=DIRECTION('ref_axis',(-1.,0.,-5.85139024239419E-15));
#9916=DIRECTION('',(0.,-1.,0.));
#9917=DIRECTION('',(1.,0.,5.85139024239419E-15));
#9918=DIRECTION('',(0.,-1.,0.));
#9919=DIRECTION('',(0.,-1.,0.));
#9920=DIRECTION('',(0.,-1.,0.));
#9921=DIRECTION('',(0.,-1.,0.));
#9922=DIRECTION('',(0.,-1.,0.));
#9923=DIRECTION('',(0.,-1.,0.));
#9924=DIRECTION('',(0.,-1.,0.));
#9925=DIRECTION('',(0.,-1.,0.));
#9926=DIRECTION('center_axis',(-5.85262282313613E-15,0.,1.));
#9927=DIRECTION('ref_axis',(1.,0.,5.85262282313613E-15));
#9928=DIRECTION('',(-1.,0.,-5.85262282313613E-15));
#9929=DIRECTION('',(0.,-1.,0.));
#9930=DIRECTION('center_axis',(1.,0.,3.22934102171154E-15));
#9931=DIRECTION('ref_axis',(3.22934102171154E-15,0.,-1.));
#9932=DIRECTION('',(-3.22934102171154E-15,0.,1.));
#9933=DIRECTION('center_axis',(5.90208686690222E-15,0.,-1.));
#9934=DIRECTION('ref_axis',(-1.,0.,-5.90208686690222E-15));
#9935=DIRECTION('',(0.,-1.,0.));
#9936=DIRECTION('',(1.,0.,5.90208686690222E-15));
#9937=DIRECTION('',(0.,-1.,0.));
#9938=DIRECTION('',(0.,-1.,0.));
#9939=DIRECTION('',(0.,-1.,0.));
#9940=DIRECTION('',(0.,-1.,0.));
#9941=DIRECTION('',(0.,-1.,0.));
#9942=DIRECTION('',(0.,-1.,0.));
#9943=DIRECTION('',(0.,-1.,0.));
#9944=DIRECTION('center_axis',(-5.82126147518287E-15,0.,1.));
#9945=DIRECTION('ref_axis',(1.,0.,5.82126147518287E-15));
#9946=DIRECTION('',(-1.,0.,-5.82126147518287E-15));
#9947=DIRECTION('',(0.,-1.,0.));
#9948=DIRECTION('center_axis',(1.,0.,3.6740084879866E-15));
#9949=DIRECTION('ref_axis',(3.6740084879866E-15,0.,-1.));
#9950=DIRECTION('',(-3.6740084879866E-15,0.,1.));
#9951=DIRECTION('center_axis',(0.,1.,0.));
#9952=DIRECTION('ref_axis',(-1.,0.,0.));
#9953=DIRECTION('',(0.,-1.,0.));
#9954=DIRECTION('',(0.,-1.,0.));
#9955=DIRECTION('',(0.,-1.,0.));
#9956=DIRECTION('',(0.,-1.,0.));
#9957=DIRECTION('',(0.,-1.,0.));
#9958=DIRECTION('',(0.,-1.,0.));
#9959=DIRECTION('',(0.,-1.,0.));
#9960=DIRECTION('',(0.,-1.,0.));
#9961=DIRECTION('',(0.,-1.,0.));
#9962=DIRECTION('',(0.,-1.,0.));
#9963=DIRECTION('',(0.,-1.,0.));
#9964=DIRECTION('',(0.,-1.,0.));
#9965=DIRECTION('',(0.,-1.,0.));
#9966=DIRECTION('',(0.,-1.,0.));
#9967=DIRECTION('',(0.,-1.,0.));
#9968=DIRECTION('',(0.,-1.,0.));
#9969=DIRECTION('',(0.,-1.,0.));
#9970=DIRECTION('',(0.,-1.,0.));
#9971=DIRECTION('',(0.,-1.,0.));
#9972=DIRECTION('',(0.,-1.,0.));
#9973=DIRECTION('center_axis',(0.,1.,0.));
#9974=DIRECTION('ref_axis',(-1.,0.,0.));
#9975=DIRECTION('',(-2.93435098755925E-15,0.,1.));
#9976=DIRECTION('',(0.321684681758624,0.,-0.946846854312699));
#9977=DIRECTION('',(1.,0.,5.81280255185071E-15));
#9978=DIRECTION('',(0.32798336300359,0.,0.944683499164062));
#9979=DIRECTION('',(2.65295330700426E-15,0.,-1.));
#9980=DIRECTION('',(1.,0.,5.9837973706171E-15));
#9981=DIRECTION('',(-2.77555772699902E-15,0.,1.));
#9982=DIRECTION('',(-1.,0.,-5.84621662103699E-15));
#9983=DIRECTION('',(-0.325390074709983,0.,-0.945579874616752));
#9984=DIRECTION('',(-0.317049904060513,0.,0.948408856103326));
#9985=DIRECTION('',(-1.,0.,-5.92229867659938E-15));
#9986=DIRECTION('',(2.77555772699902E-15,0.,-1.));
#9987=DIRECTION('',(1.,0.,5.98376940986175E-15));
#9988=DIRECTION('center_axis',(1.,0.,2.93435098755925E-15));
#9989=DIRECTION('ref_axis',(2.93435098755925E-15,0.,-1.));
#9990=DIRECTION('',(0.,-1.,0.));
#9991=DIRECTION('',(-2.93435098755925E-15,0.,1.));
#9992=DIRECTION('',(0.,-1.,0.));
#9993=DIRECTION('center_axis',(-0.946846854312699,0.,-0.321684681758624));
#9994=DIRECTION('ref_axis',(-0.321684681758624,0.,0.946846854312699));
#9995=DIRECTION('',(0.321684681758624,0.,-0.946846854312699));
#9996=DIRECTION('',(0.,-1.,0.));
#9997=DIRECTION('center_axis',(5.81280255185071E-15,0.,-1.));
#9998=DIRECTION('ref_axis',(-1.,0.,-5.81280255185071E-15));
#9999=DIRECTION('',(1.,0.,5.81280255185071E-15));
#10000=DIRECTION('',(0.,-1.,0.));
#10001=DIRECTION('center_axis',(0.944683499164062,0.,-0.32798336300359));
#10002=DIRECTION('ref_axis',(-0.32798336300359,0.,-0.944683499164062));
#10003=DIRECTION('',(0.32798336300359,0.,0.944683499164062));
#10004=DIRECTION('',(0.,-1.,0.));
#10005=DIRECTION('center_axis',(-1.,0.,-2.65295330700426E-15));
#10006=DIRECTION('ref_axis',(-2.65295330700426E-15,0.,1.));
#10007=DIRECTION('',(2.65295330700426E-15,0.,-1.));
#10008=DIRECTION('',(0.,-1.,0.));
#10009=DIRECTION('center_axis',(5.9837973706171E-15,0.,-1.));
#10010=DIRECTION('ref_axis',(-1.,0.,-5.9837973706171E-15));
#10011=DIRECTION('',(1.,0.,5.9837973706171E-15));
#10012=DIRECTION('',(0.,-1.,0.));
#10013=DIRECTION('center_axis',(1.,0.,2.77555772699902E-15));
#10014=DIRECTION('ref_axis',(2.77555772699902E-15,0.,-1.));
#10015=DIRECTION('',(-2.77555772699902E-15,0.,1.));
#10016=DIRECTION('',(0.,-1.,0.));
#10017=DIRECTION('center_axis',(-5.84621662103699E-15,0.,1.));
#10018=DIRECTION('ref_axis',(1.,0.,5.84621662103699E-15));
#10019=DIRECTION('',(-1.,0.,-5.84621662103699E-15));
#10020=DIRECTION('',(0.,-1.,0.));
#10021=DIRECTION('center_axis',(-0.945579874616752,0.,0.325390074709983));
#10022=DIRECTION('ref_axis',(0.325390074709983,0.,0.945579874616752));
#10023=DIRECTION('',(-0.325390074709983,0.,-0.945579874616752));
#10024=DIRECTION('',(0.,-1.,0.));
#10025=DIRECTION('',(0.,-1.,0.));
#10026=DIRECTION('',(0.,-1.,0.));
#10027=DIRECTION('center_axis',(0.948408856103326,0.,0.317049904060513));
#10028=DIRECTION('ref_axis',(0.317049904060513,0.,-0.948408856103326));
#10029=DIRECTION('',(-0.317049904060513,0.,0.948408856103326));
#10030=DIRECTION('',(0.,-1.,0.));
#10031=DIRECTION('center_axis',(-5.92229867659938E-15,0.,1.));
#10032=DIRECTION('ref_axis',(1.,0.,5.92229867659938E-15));
#10033=DIRECTION('',(-1.,0.,-5.92229867659938E-15));
#10034=DIRECTION('',(0.,-1.,0.));
#10035=DIRECTION('center_axis',(-1.,0.,-2.77555772699902E-15));
#10036=DIRECTION('ref_axis',(-2.77555772699902E-15,0.,1.));
#10037=DIRECTION('',(2.77555772699902E-15,0.,-1.));
#10038=DIRECTION('',(0.,-1.,0.));
#10039=DIRECTION('center_axis',(5.98376940986175E-15,0.,-1.));
#10040=DIRECTION('ref_axis',(-1.,0.,-5.98376940986175E-15));
#10041=DIRECTION('',(1.,0.,5.98376940986175E-15));
#10042=DIRECTION('center_axis',(0.,1.,0.));
#10043=DIRECTION('ref_axis',(-1.,0.,0.));
#10044=DIRECTION('',(0.,-1.,0.));
#10045=DIRECTION('',(0.,-1.,0.));
#10046=DIRECTION('',(0.,-1.,0.));
#10047=DIRECTION('',(0.,-1.,0.));
#10048=DIRECTION('',(0.,-1.,0.));
#10049=DIRECTION('',(0.,-1.,0.));
#10050=DIRECTION('',(0.,-1.,0.));
#10051=DIRECTION('',(0.,-1.,0.));
#10052=DIRECTION('',(0.,-1.,0.));
#10053=DIRECTION('',(0.,-1.,0.));
#10054=DIRECTION('',(0.,-1.,0.));
#10055=DIRECTION('',(0.,-1.,0.));
#10056=DIRECTION('',(0.,-1.,0.));
#10057=DIRECTION('',(0.,-1.,0.));
#10058=DIRECTION('',(0.,-1.,0.));
#10059=DIRECTION('',(0.,-1.,0.));
#10060=DIRECTION('',(0.,-1.,0.));
#10061=DIRECTION('',(0.,-1.,0.));
#10062=DIRECTION('',(0.,-1.,0.));
#10063=DIRECTION('',(0.,-1.,0.));
#10064=DIRECTION('center_axis',(0.,1.,0.));
#10065=DIRECTION('ref_axis',(-1.,0.,0.));
#10066=DIRECTION('center_axis',(0.,1.,0.));
#10067=DIRECTION('ref_axis',(-1.,0.,0.));
#10068=DIRECTION('center_axis',(0.,1.,0.));
#10069=DIRECTION('ref_axis',(-1.,0.,0.));
#10070=DIRECTION('center_axis',(0.,1.,0.));
#10071=DIRECTION('ref_axis',(-1.,0.,0.));
#10072=DIRECTION('center_axis',(1.26882631384683E-14,0.,-1.));
#10073=DIRECTION('ref_axis',(-1.,0.,-1.26882631384683E-14));
#10074=DIRECTION('',(1.,1.46549439250521E-13,1.26882631384683E-14));
#10075=DIRECTION('',(0.,1.,0.));
#10076=DIRECTION('',(-1.,0.,-1.26882631384683E-14));
#10077=DIRECTION('',(0.,1.,0.));
#10078=DIRECTION('center_axis',(1.,0.,2.0724163126038E-14));
#10079=DIRECTION('ref_axis',(2.0724163126038E-14,0.,-1.));
#10080=DIRECTION('',(-2.0724163126038E-14,-3.03711448505719E-27,1.));
#10081=DIRECTION('',(2.0724163126038E-14,0.,-1.));
#10082=DIRECTION('',(0.,-1.,0.));
#10083=DIRECTION('center_axis',(-1.,0.,-4.16259619357983E-12));
#10084=DIRECTION('ref_axis',(-4.16259619357983E-12,0.,1.));
#10085=DIRECTION('',(4.16259619357983E-12,6.10026137995476E-25,-1.));
#10086=DIRECTION('',(0.,1.,0.));
#10087=DIRECTION('',(-4.16259619357983E-12,0.,1.));
#10088=DIRECTION('center_axis',(1.26882631384683E-14,0.,-1.));
#10089=DIRECTION('ref_axis',(-1.,0.,-1.26882631384683E-14));
#10090=DIRECTION('',(1.,1.46549439250521E-13,1.26882631384683E-14));
#10091=DIRECTION('',(0.,1.,0.));
#10092=DIRECTION('',(-1.,0.,-1.26882631384683E-14));
#10093=DIRECTION('',(0.,1.,0.));
#10094=DIRECTION('center_axis',(1.,0.,2.0724163126038E-14));
#10095=DIRECTION('ref_axis',(2.0724163126038E-14,0.,-1.));
#10096=DIRECTION('',(-2.0724163126038E-14,-3.03711448505719E-27,1.));
#10097=DIRECTION('',(2.0724163126038E-14,0.,-1.));
#10098=DIRECTION('',(0.,-1.,0.));
#10099=DIRECTION('center_axis',(-1.,0.,-4.16259619357983E-12));
#10100=DIRECTION('ref_axis',(-4.16259619357983E-12,0.,1.));
#10101=DIRECTION('',(4.16259619357983E-12,6.10026137995476E-25,-1.));
#10102=DIRECTION('',(0.,1.,0.));
#10103=DIRECTION('',(-4.16259619357983E-12,0.,1.));
#10104=DIRECTION('center_axis',(1.26882631384683E-14,0.,-1.));
#10105=DIRECTION('ref_axis',(-1.,0.,-1.26882631384683E-14));
#10106=DIRECTION('',(1.,1.46549439250521E-13,1.26882631384683E-14));
#10107=DIRECTION('',(0.,1.,0.));
#10108=DIRECTION('',(-1.,0.,-1.26882631384683E-14));
#10109=DIRECTION('',(0.,1.,0.));
#10110=DIRECTION('center_axis',(1.,0.,2.0724163126038E-14));
#10111=DIRECTION('ref_axis',(2.0724163126038E-14,0.,-1.));
#10112=DIRECTION('',(-2.0724163126038E-14,-3.03711448505719E-27,1.));
#10113=DIRECTION('',(2.0724163126038E-14,0.,-1.));
#10114=DIRECTION('',(0.,-1.,0.));
#10115=DIRECTION('center_axis',(-1.,0.,-4.16259619357983E-12));
#10116=DIRECTION('ref_axis',(-4.16259619357983E-12,0.,1.));
#10117=DIRECTION('',(4.16259619357983E-12,6.10026137995476E-25,-1.));
#10118=DIRECTION('',(0.,1.,0.));
#10119=DIRECTION('',(-4.16259619357983E-12,0.,1.));
#10120=DIRECTION('center_axis',(1.46549439250521E-13,-1.,0.));
#10121=DIRECTION('ref_axis',(-1.,-1.46549439250521E-13,0.));
#10122=DIRECTION('',(1.,1.46549439250521E-13,0.));
#10123=DIRECTION('',(0.,0.,-1.));
#10124=DIRECTION('',(1.,1.46549439250521E-13,0.));
#10125=DIRECTION('',(0.,0.,1.));
#10126=DIRECTION('',(0.,0.,-1.));
#10127=DIRECTION('',(1.,1.46549439250521E-13,0.));
#10128=DIRECTION('',(4.16259619357983E-12,6.10026137995476E-25,-1.));
#10129=DIRECTION('',(1.,1.46549439250521E-13,1.26882631384683E-14));
#10130=DIRECTION('',(-2.0724163126038E-14,-3.03711448505719E-27,1.));
#10131=DIRECTION('',(1.,1.46549439250521E-13,0.));
#10132=DIRECTION('',(1.,1.46549439250521E-13,0.));
#10133=DIRECTION('',(1.,1.46549439250521E-13,0.));
#10134=DIRECTION('center_axis',(0.,0.,-1.));
#10135=DIRECTION('ref_axis',(1.,0.,0.));
#10136=DIRECTION('',(-1.,0.,0.));
#10137=DIRECTION('',(0.,-1.,0.));
#10138=DIRECTION('center_axis',(0.,0.,-1.));
#10139=DIRECTION('ref_axis',(1.,0.,0.));
#10140=DIRECTION('center_axis',(0.,0.,-1.));
#10141=DIRECTION('ref_axis',(1.,0.,0.));
#10142=DIRECTION('',(0.,-1.,0.));
#10143=DIRECTION('',(-1.,0.,0.));
#10144=DIRECTION('center_axis',(0.,0.,-1.));
#10145=DIRECTION('ref_axis',(1.,0.,0.));
#10146=DIRECTION('',(-1.,0.,0.));
#10147=DIRECTION('center_axis',(1.26882631384683E-14,0.,-1.));
#10148=DIRECTION('ref_axis',(-1.,0.,-1.26882631384683E-14));
#10149=DIRECTION('',(0.,1.,0.));
#10150=DIRECTION('',(-1.,0.,-1.26882631384683E-14));
#10151=DIRECTION('',(0.,1.,0.));
#10152=DIRECTION('center_axis',(1.,0.,2.0724163126038E-14));
#10153=DIRECTION('ref_axis',(2.0724163126038E-14,0.,-1.));
#10154=DIRECTION('',(2.0724163126038E-14,0.,-1.));
#10155=DIRECTION('center_axis',(-1.,0.,-4.16259619357983E-12));
#10156=DIRECTION('ref_axis',(-4.16259619357983E-12,0.,1.));
#10157=DIRECTION('',(0.,1.,0.));
#10158=DIRECTION('',(-4.16259619357983E-12,0.,1.));
#10159=DIRECTION('center_axis',(0.,0.,-1.));
#10160=DIRECTION('ref_axis',(1.,0.,0.));
#10161=DIRECTION('',(-1.,0.,0.));
#10162=DIRECTION('center_axis',(1.,0.,0.));
#10163=DIRECTION('ref_axis',(0.,0.,1.));
#10164=DIRECTION('',(0.,-1.,0.));
#10165=DIRECTION('',(0.,0.,-1.));
#10166=DIRECTION('',(0.,0.124034734589208,0.992277876713668));
#10167=DIRECTION('center_axis',(0.,-0.992277876713668,0.124034734589208));
#10168=DIRECTION('ref_axis',(0.,-0.124034734589208,-0.992277876713668));
#10169=DIRECTION('',(1.,0.,0.));
#10170=DIRECTION('',(0.,-0.124034734589208,-0.992277876713668));
#10171=DIRECTION('',(1.,0.,0.));
#10172=DIRECTION('center_axis',(0.,0.,-1.));
#10173=DIRECTION('ref_axis',(0.,1.,0.));
#10174=DIRECTION('',(0.,1.,0.));
#10175=DIRECTION('',(-1.,0.,0.));
#10176=DIRECTION('center_axis',(-1.,0.,0.));
#10177=DIRECTION('ref_axis',(0.,0.,-1.));
#10178=DIRECTION('',(0.,0.,1.));
#10179=DIRECTION('center_axis',(1.03626102273129E-13,-0.707106781186548,
0.707106781186548));
#10180=DIRECTION('ref_axis',(-1.,0.,1.46549439250521E-13));
#10181=DIRECTION('',(-1.05730131897894E-13,0.707106781186569,0.707106781186526));
#10182=DIRECTION('',(1.,1.46549439250521E-13,0.));
#10183=DIRECTION('',(1.05730131897897E-13,-0.707106781186548,-0.707106781186548));
#10184=DIRECTION('',(-1.,-1.46549439250521E-13,0.));
#10185=DIRECTION('center_axis',(0.,0.,1.));
#10186=DIRECTION('ref_axis',(-1.,0.,0.));
#10187=DIRECTION('',(0.,-0.707106781186545,0.70710678118655));
#10188=DIRECTION('center_axis',(0.,0.,1.));
#10189=DIRECTION('ref_axis',(-1.,0.,0.));
#10190=DIRECTION('center_axis',(0.,0.,-1.));
#10191=DIRECTION('ref_axis',(-1.,0.,0.));
#10192=DIRECTION('',(-1.05730131897897E-13,0.707106781186548,0.707106781186548));
#10193=DIRECTION('center_axis',(0.,0.,1.));
#10194=DIRECTION('ref_axis',(1.,0.,0.));
#10195=DIRECTION('center_axis',(0.,0.,1.));
#10196=DIRECTION('ref_axis',(1.,0.,0.));
#10197=DIRECTION('',(0.,0.707106781186546,-0.707106781186549));
#10198=DIRECTION('center_axis',(0.,0.,-1.));
#10199=DIRECTION('ref_axis',(1.,0.,0.));
#10200=DIRECTION('center_axis',(-1.,0.,0.));
#10201=DIRECTION('ref_axis',(0.,-1.,0.));
#10202=DIRECTION('',(0.,0.,-1.));
#10203=DIRECTION('',(0.,0.,1.));
#10204=DIRECTION('',(0.,1.,0.));
#10205=DIRECTION('',(0.,0.,1.));
#10206=DIRECTION('center_axis',(0.,0.,-1.));
#10207=DIRECTION('ref_axis',(1.,0.,0.));
#10208=DIRECTION('',(0.,-1.,0.));
#10209=DIRECTION('center_axis',(0.,0.,1.));
#10210=DIRECTION('ref_axis',(1.,0.,0.));
#10211=DIRECTION('center_axis',(0.,0.,-1.));
#10212=DIRECTION('ref_axis',(1.,0.,0.));
#10213=DIRECTION('center_axis',(0.,0.,1.));
#10214=DIRECTION('ref_axis',(1.,0.,0.));
#10215=DIRECTION('center_axis',(0.,0.,-1.));
#10216=DIRECTION('ref_axis',(1.,0.,0.));
#10217=DIRECTION('center_axis',(0.,0.,1.));
#10218=DIRECTION('ref_axis',(1.,0.,0.));
#10219=DIRECTION('',(0.,0.,1.));
#10220=DIRECTION('center_axis',(1.46549439250521E-13,-1.,0.));
#10221=DIRECTION('ref_axis',(1.,1.46549439250521E-13,0.));
#10222=DIRECTION('',(-1.,-1.46549439250521E-13,0.));
#10223=DIRECTION('',(0.,0.,1.));
#10224=DIRECTION('center_axis',(0.,0.,1.));
#10225=DIRECTION('ref_axis',(-0.942809041579444,0.333333333340743,0.));
#10226=DIRECTION('center_axis',(0.,0.,-1.));
#10227=DIRECTION('ref_axis',(1.,0.,0.));
#10228=DIRECTION('',(0.,0.,1.));
#10229=DIRECTION('center_axis',(0.,0.,1.));
#10230=DIRECTION('ref_axis',(1.,0.,0.));
#10231=DIRECTION('center_axis',(0.,0.,-1.));
#10232=DIRECTION('ref_axis',(-1.,1.49765684549874E-14,0.));
#10233=DIRECTION('center_axis',(0.,0.,1.));
#10234=DIRECTION('ref_axis',(1.,0.,0.));
#10235=DIRECTION('',(0.,0.,-1.));
#10236=DIRECTION('center_axis',(0.,0.,-1.));
#10237=DIRECTION('ref_axis',(1.,0.,0.));
#10238=DIRECTION('',(1.,0.,0.));
#10239=DIRECTION('',(0.,-1.,0.));
#10240=DIRECTION('center_axis',(1.,0.,0.));
#10241=DIRECTION('ref_axis',(0.,1.,0.));
#10242=DIRECTION('',(0.,0.,1.));
#10243=DIRECTION('',(0.,1.,0.));
#10244=DIRECTION('center_axis',(0.,1.,0.));
#10245=DIRECTION('ref_axis',(-1.,0.,0.));
#10246=DIRECTION('',(-1.,0.,0.));
#10247=DIRECTION('center_axis',(0.,0.,-1.));
#10248=DIRECTION('ref_axis',(1.,0.,0.));
#10249=DIRECTION('',(0.,0.,1.));
#10250=DIRECTION('',(1.,0.,0.));
#10251=DIRECTION('',(0.,0.,1.));
#10252=DIRECTION('',(1.,0.,0.));
#10253=DIRECTION('',(0.,0.,1.));
#10254=DIRECTION('',(1.,0.,0.));
#10255=CARTESIAN_POINT('',(0.,0.,0.));
#10256=CARTESIAN_POINT('',(0.,0.,0.));
#10257=CARTESIAN_POINT('Origin',(27.1,109.5,0.));
#10258=CARTESIAN_POINT('',(-3.62858057618147,109.5,5.08840336800634));
#10259=CARTESIAN_POINT('',(-5.31343699097639,109.5,3.22619452477513));
#10260=CARTESIAN_POINT('Ctrl Pts',(-3.62858057618147,109.5,5.08840336800634));
#10261=CARTESIAN_POINT('Ctrl Pts',(-3.97689334912567,109.5,4.83998501039984));
#10262=CARTESIAN_POINT('Ctrl Pts',(-4.67456726549602,109.5,4.34240059227866));
#10263=CARTESIAN_POINT('Ctrl Pts',(-5.10026718762945,109.5,3.59863575718049));
#10264=CARTESIAN_POINT('Ctrl Pts',(-5.31343699097639,109.5,3.22619452477513));
#10265=CARTESIAN_POINT('',(-1.10470772385603,109.5,5.77053084374487));
#10266=CARTESIAN_POINT('Ctrl Pts',(-1.10470772385603,109.5,5.77053084374487));
#10267=CARTESIAN_POINT('Ctrl Pts',(-1.5588086906281,109.5,5.74456726049005));
#10268=CARTESIAN_POINT('Ctrl Pts',(-2.44836637072118,109.5,5.69370609397187));
#10269=CARTESIAN_POINT('Ctrl Pts',(-3.24071143190728,109.5,5.28733187544242));
#10270=CARTESIAN_POINT('Ctrl Pts',(-3.62858057618147,109.5,5.08840336800634));
#10271=CARTESIAN_POINT('',(1.32367133498186,109.5,5.15320553780616));
#10272=CARTESIAN_POINT('Ctrl Pts',(1.32367133498186,109.5,5.15320553780616));
#10273=CARTESIAN_POINT('Ctrl Pts',(0.940273258803672,109.5,5.3332570862979));
#10274=CARTESIAN_POINT('Ctrl Pts',(0.17048545329704,109.5,5.6947651245571));
#10275=CARTESIAN_POINT('Ctrl Pts',(-0.678543461261234,109.5,5.74521025512652));
#10276=CARTESIAN_POINT('Ctrl Pts',(-1.10470772385603,109.5,5.77053084374487));
#10277=CARTESIAN_POINT('',(3.06309699416155,109.5,3.33533301354469));
#10278=CARTESIAN_POINT('Ctrl Pts',(3.06309699416155,109.5,3.33533301354469));
#10279=CARTESIAN_POINT('Ctrl Pts',(2.83966617207824,109.5,3.70981683339669));
#10280=CARTESIAN_POINT('Ctrl Pts',(2.39860141892367,109.5,4.44906852670966));
#10281=CARTESIAN_POINT('Ctrl Pts',(1.67882804835827,109.5,4.92055879141436));
#10282=CARTESIAN_POINT('Ctrl Pts',(1.32367133498186,109.5,5.15320553780616));
#10283=CARTESIAN_POINT('',(3.67701053023334,109.5,0.613641881952898));
#10284=CARTESIAN_POINT('Ctrl Pts',(3.67701053023334,109.5,0.613641881952898));
#10285=CARTESIAN_POINT('Ctrl Pts',(3.65479895505469,109.5,1.1006184996267));
#10286=CARTESIAN_POINT('Ctrl Pts',(3.61172766965826,109.5,2.0449328362973));
#10287=CARTESIAN_POINT('Ctrl Pts',(3.24210682808489,109.5,2.91429508814145));
#10288=CARTESIAN_POINT('Ctrl Pts',(3.06309699416155,109.5,3.33533301354469));
#10289=CARTESIAN_POINT('',(3.0937910020351,109.5,-2.07053170203148));
#10290=CARTESIAN_POINT('Ctrl Pts',(3.0937910020351,109.5,-2.07053170203148));
#10291=CARTESIAN_POINT('Ctrl Pts',(3.26384297105883,109.5,-1.65496937821136));
#10292=CARTESIAN_POINT('Ctrl Pts',(3.61571003815618,109.5,-0.795098734441662));
#10293=CARTESIAN_POINT('Ctrl Pts',(3.6561266489528,109.5,0.133711447612805));
#10294=CARTESIAN_POINT('Ctrl Pts',(3.67701053023334,109.5,0.613641881952898));
#10295=CARTESIAN_POINT('',(1.39870404601093,109.5,-3.91568884848534));
#10296=CARTESIAN_POINT('Ctrl Pts',(1.39870404601093,109.5,-3.91568884848534));
#10297=CARTESIAN_POINT('Ctrl Pts',(1.74779968386541,109.5,-3.67237547895285));
#10298=CARTESIAN_POINT('Ctrl Pts',(2.44964220329104,109.5,-3.18320388880594));
#10299=CARTESIAN_POINT('Ctrl Pts',(2.87833133611203,109.5,-2.44270654441532));
#10300=CARTESIAN_POINT('Ctrl Pts',(3.0937910020351,109.5,-2.07053170203148));
#10301=CARTESIAN_POINT('',(-1.09788418412212,109.5,-4.57735285757959));
#10302=CARTESIAN_POINT('Ctrl Pts',(-1.09788418412212,109.5,-4.57735285757959));
#10303=CARTESIAN_POINT('Ctrl Pts',(-0.651126371001216,109.5,-4.55181154522549));
#10304=CARTESIAN_POINT('Ctrl Pts',(0.226671443577473,109.5,-4.50162751372689));
#10305=CARTESIAN_POINT('Ctrl Pts',(1.01271815190577,109.5,-4.10865622765591));
#10306=CARTESIAN_POINT('Ctrl Pts',(1.39870404601093,109.5,-3.91568884848534));
#10307=CARTESIAN_POINT('',(-4.5494556486607,109.5,-3.16875920294703));
#10308=CARTESIAN_POINT('Ctrl Pts',(-4.5494556486607,109.5,-3.16875920294703));
#10309=CARTESIAN_POINT('Ctrl Pts',(-4.06327467293571,109.5,-3.5795322933823));
#10310=CARTESIAN_POINT('Ctrl Pts',(-3.06692639174198,109.5,-4.42134446426274));
#10311=CARTESIAN_POINT('Ctrl Pts',(-1.76468177075785,109.5,-4.52452208546306));
#10312=CARTESIAN_POINT('Ctrl Pts',(-1.09788418412212,109.5,-4.57735285757959));
#10313=CARTESIAN_POINT('',(-5.88642597794538,109.5,0.729603910456285));
#10314=CARTESIAN_POINT('Ctrl Pts',(-5.88642597794538,109.5,0.729603910456285));
#10315=CARTESIAN_POINT('Ctrl Pts',(-5.84774789672691,109.5,-0.0362730199651073));
#10316=CARTESIAN_POINT('Ctrl Pts',(-5.77537125740232,109.5,-1.46942576730637));
#10317=CARTESIAN_POINT('Ctrl Pts',(-4.9389113308089,109.5,-2.62890551509487));
#10318=CARTESIAN_POINT('Ctrl Pts',(-4.5494556486607,109.5,-3.16875920294703));
#10319=CARTESIAN_POINT('Ctrl Pts',(-5.31343699097639,109.5,3.22619452477513));
#10320=CARTESIAN_POINT('Ctrl Pts',(-5.48055903602318,109.5,2.82694677488448));
#10321=CARTESIAN_POINT('Ctrl Pts',(-5.81511198618359,109.5,2.02771342099979));
#10322=CARTESIAN_POINT('Ctrl Pts',(-5.86264002136033,109.5,1.16257331376158));
#10323=CARTESIAN_POINT('Ctrl Pts',(-5.88642597794538,109.5,0.729603910456285));
#10324=CARTESIAN_POINT('',(-1.09106541275982,109.5,-3.43819842337549));
#10325=CARTESIAN_POINT('',(-3.50920677781109,109.5,-2.47298703192652));
#10326=CARTESIAN_POINT('Ctrl Pts',(-1.09106541275982,109.5,-3.43819842337549));
#10327=CARTESIAN_POINT('Ctrl Pts',(-1.54291533931997,109.5,-3.39817333283055));
#10328=CARTESIAN_POINT('Ctrl Pts',(-2.44553786626939,109.5,-3.31821858182711));
#10329=CARTESIAN_POINT('Ctrl Pts',(-3.15493270697732,109.5,-2.75450660886555));
#10330=CARTESIAN_POINT('Ctrl Pts',(-3.50920677781109,109.5,-2.47298703192652));
#10331=CARTESIAN_POINT('',(0.692701333761176,109.5,-2.93683514594018));
#10332=CARTESIAN_POINT('Ctrl Pts',(0.692701333761176,109.5,-2.93683514594018));
#10333=CARTESIAN_POINT('Ctrl Pts',(0.417521275247035,109.5,-3.08305935189457));
#10334=CARTESIAN_POINT('Ctrl Pts',(-0.140433049011572,109.5,-3.37954314677444));
#10335=CARTESIAN_POINT('Ctrl Pts',(-0.77132563960562,109.5,-3.41847005565953));
#10336=CARTESIAN_POINT('Ctrl Pts',(-1.09106541275982,109.5,-3.43819842337549));
#10337=CARTESIAN_POINT('',(1.90006732344623,109.5,-1.52482972144066));
#10338=CARTESIAN_POINT('Ctrl Pts',(1.90006732344623,109.5,-1.52482972144066));
#10339=CARTESIAN_POINT('Ctrl Pts',(1.7488424337603,109.5,-1.80988505949621));
#10340=CARTESIAN_POINT('Ctrl Pts',(1.45131211115895,109.5,-2.37072267602249));
#10341=CARTESIAN_POINT('Ctrl Pts',(0.942768789620509,109.5,-2.75022257820397));
#10342=CARTESIAN_POINT('Ctrl Pts',(0.692701333761176,109.5,-2.93683514594018));
#10343=CARTESIAN_POINT('',(2.31275557875628,109.5,0.606820726404798));
#10344=CARTESIAN_POINT('Ctrl Pts',(2.31275557875628,109.5,0.606820726404798));
#10345=CARTESIAN_POINT('Ctrl Pts',(2.29939151226332,109.5,0.22149099303729));
#10346=CARTESIAN_POINT('Ctrl Pts',(2.2739728092787,109.5,-0.511413325327625));
#10347=CARTESIAN_POINT('Ctrl Pts',(2.02034736191997,109.5,-1.19882818433296));
#10348=CARTESIAN_POINT('Ctrl Pts',(1.90006732344623,109.5,-1.52482972144066));
#10349=CARTESIAN_POINT('',(1.3475465714931,109.5,3.58772053719581));
#10350=CARTESIAN_POINT('Ctrl Pts',(1.3475465714931,109.5,3.58772053719581));
#10351=CARTESIAN_POINT('Ctrl Pts',(1.62855214357736,109.5,3.17778936579102));
#10352=CARTESIAN_POINT('Ctrl Pts',(2.24151754222416,109.5,2.28359491251325));
#10353=CARTESIAN_POINT('Ctrl Pts',(2.28772908393853,109.5,1.19588497525241));
#10354=CARTESIAN_POINT('Ctrl Pts',(2.31275557875628,109.5,0.606820726404798));
#10355=CARTESIAN_POINT('',(-1.11152649521833,109.5,4.63819994927466));
#10356=CARTESIAN_POINT('Ctrl Pts',(-1.11152649521833,109.5,4.63819994927466));
#10357=CARTESIAN_POINT('Ctrl Pts',(-0.637772005308399,109.5,4.59677029674771));
#10358=CARTESIAN_POINT('Ctrl Pts',(0.297477955829684,109.5,4.5149830382815));
#10359=CARTESIAN_POINT('Ctrl Pts',(1.00059579622798,109.5,3.89409522436108));
#10360=CARTESIAN_POINT('Ctrl Pts',(1.3475465714931,109.5,3.58772053719581));
#10361=CARTESIAN_POINT('',(-3.55013609528547,109.5,3.59795346261083));
#10362=CARTESIAN_POINT('Ctrl Pts',(-3.55013609528547,109.5,3.59795346261083));
#10363=CARTESIAN_POINT('Ctrl Pts',(-3.20349325095759,109.5,3.90135230278676));
#10364=CARTESIAN_POINT('Ctrl Pts',(-2.5043233456364,109.5,4.5133001385243));
#10365=CARTESIAN_POINT('Ctrl Pts',(-1.57838966585125,109.5,4.59633374198043));
#10366=CARTESIAN_POINT('Ctrl Pts',(-1.11152649521833,109.5,4.63819994927466));
#10367=CARTESIAN_POINT('',(-4.52216864228253,109.5,0.750067377100576));
#10368=CARTESIAN_POINT('Ctrl Pts',(-4.52216864228253,109.5,0.750067377100576));
#10369=CARTESIAN_POINT('Ctrl Pts',(-4.49349395567277,109.5,1.30727992326757));
#10370=CARTESIAN_POINT('Ctrl Pts',(-4.4396955412221,109.5,2.35270203733549));
#10371=CARTESIAN_POINT('Ctrl Pts',(-3.83331453886416,109.5,3.20154559792639));
#10372=CARTESIAN_POINT('Ctrl Pts',(-3.55013609528547,109.5,3.59795346261083));
#10373=CARTESIAN_POINT('Ctrl Pts',(-3.50920677781109,109.5,-2.47298703192652));
#10374=CARTESIAN_POINT('Ctrl Pts',(-3.803351635798,109.5,-2.05760826018221));
#10375=CARTESIAN_POINT('Ctrl Pts',(-4.48122123579409,109.5,-1.10034984072104));
#10376=CARTESIAN_POINT('Ctrl Pts',(-4.50736775990307,109.5,0.0812140859491661));
#10377=CARTESIAN_POINT('Ctrl Pts',(-4.52216864228253,109.5,0.750067377100576));
#10378=CARTESIAN_POINT('Ctrl Pts',(-3.62858057618147,109.5,5.08840336800634));
#10379=CARTESIAN_POINT('Ctrl Pts',(-3.62858057618147,110.,5.08840336800634));
#10380=CARTESIAN_POINT('Ctrl Pts',(-3.97689334912567,109.5,4.83998501039984));
#10381=CARTESIAN_POINT('Ctrl Pts',(-3.97689334912567,110.,4.83998501039984));
#10382=CARTESIAN_POINT('Ctrl Pts',(-4.67456726549602,109.5,4.34240059227866));
#10383=CARTESIAN_POINT('Ctrl Pts',(-4.67456726549602,110.,4.34240059227866));
#10384=CARTESIAN_POINT('Ctrl Pts',(-5.10026718762945,109.5,3.59863575718049));
#10385=CARTESIAN_POINT('Ctrl Pts',(-5.10026718762945,110.,3.59863575718049));
#10386=CARTESIAN_POINT('Ctrl Pts',(-5.31343699097639,109.5,3.22619452477513));
#10387=CARTESIAN_POINT('Ctrl Pts',(-5.31343699097639,110.,3.22619452477513));
#10388=CARTESIAN_POINT('',(-5.31343699097639,110.,3.22619452477513));
#10389=CARTESIAN_POINT('',(-5.31343699097639,110.,3.22619452477513));
#10390=CARTESIAN_POINT('',(-3.62858057618147,110.,5.08840336800634));
#10391=CARTESIAN_POINT('Ctrl Pts',(-3.62858057618147,110.,5.08840336800634));
#10392=CARTESIAN_POINT('Ctrl Pts',(-3.97689334912567,110.,4.83998501039984));
#10393=CARTESIAN_POINT('Ctrl Pts',(-4.67456726549602,110.,4.34240059227866));
#10394=CARTESIAN_POINT('Ctrl Pts',(-5.10026718762945,110.,3.59863575718049));
#10395=CARTESIAN_POINT('Ctrl Pts',(-5.31343699097639,110.,3.22619452477513));
#10396=CARTESIAN_POINT('',(-3.62858057618147,110.,5.08840336800634));
#10397=CARTESIAN_POINT('Ctrl Pts',(-1.10470772385603,109.5,5.77053084374487));
#10398=CARTESIAN_POINT('Ctrl Pts',(-1.10470772385603,110.,5.77053084374487));
#10399=CARTESIAN_POINT('Ctrl Pts',(-1.5588086906281,109.5,5.74456726049005));
#10400=CARTESIAN_POINT('Ctrl Pts',(-1.5588086906281,110.,5.74456726049005));
#10401=CARTESIAN_POINT('Ctrl Pts',(-2.44836637072118,109.5,5.69370609397187));
#10402=CARTESIAN_POINT('Ctrl Pts',(-2.44836637072118,110.,5.69370609397187));
#10403=CARTESIAN_POINT('Ctrl Pts',(-3.24071143190728,109.5,5.28733187544242));
#10404=CARTESIAN_POINT('Ctrl Pts',(-3.24071143190728,110.,5.28733187544242));
#10405=CARTESIAN_POINT('Ctrl Pts',(-3.62858057618147,109.5,5.08840336800634));
#10406=CARTESIAN_POINT('Ctrl Pts',(-3.62858057618147,110.,5.08840336800634));
#10407=CARTESIAN_POINT('',(-1.10470772385603,110.,5.77053084374487));
#10408=CARTESIAN_POINT('Ctrl Pts',(-1.10470772385603,110.,5.77053084374487));
#10409=CARTESIAN_POINT('Ctrl Pts',(-1.5588086906281,110.,5.74456726049005));
#10410=CARTESIAN_POINT('Ctrl Pts',(-2.44836637072118,110.,5.69370609397187));
#10411=CARTESIAN_POINT('Ctrl Pts',(-3.24071143190728,110.,5.28733187544242));
#10412=CARTESIAN_POINT('Ctrl Pts',(-3.62858057618147,110.,5.08840336800634));
#10413=CARTESIAN_POINT('',(-1.10470772385603,110.,5.77053084374487));
#10414=CARTESIAN_POINT('Ctrl Pts',(1.32367133498186,109.5,5.15320553780616));
#10415=CARTESIAN_POINT('Ctrl Pts',(1.32367133498186,110.,5.15320553780616));
#10416=CARTESIAN_POINT('Ctrl Pts',(0.940273258803672,109.5,5.3332570862979));
#10417=CARTESIAN_POINT('Ctrl Pts',(0.940273258803672,110.,5.3332570862979));
#10418=CARTESIAN_POINT('Ctrl Pts',(0.17048545329704,109.5,5.6947651245571));
#10419=CARTESIAN_POINT('Ctrl Pts',(0.17048545329704,110.,5.6947651245571));
#10420=CARTESIAN_POINT('Ctrl Pts',(-0.678543461261234,109.5,5.74521025512652));
#10421=CARTESIAN_POINT('Ctrl Pts',(-0.678543461261234,110.,5.74521025512652));
#10422=CARTESIAN_POINT('Ctrl Pts',(-1.10470772385603,109.5,5.77053084374487));
#10423=CARTESIAN_POINT('Ctrl Pts',(-1.10470772385603,110.,5.77053084374487));
#10424=CARTESIAN_POINT('',(1.32367133498186,110.,5.15320553780616));
#10425=CARTESIAN_POINT('Ctrl Pts',(1.32367133498186,110.,5.15320553780616));
#10426=CARTESIAN_POINT('Ctrl Pts',(0.940273258803672,110.,5.3332570862979));
#10427=CARTESIAN_POINT('Ctrl Pts',(0.17048545329704,110.,5.6947651245571));
#10428=CARTESIAN_POINT('Ctrl Pts',(-0.678543461261234,110.,5.74521025512652));
#10429=CARTESIAN_POINT('Ctrl Pts',(-1.10470772385603,110.,5.77053084374487));
#10430=CARTESIAN_POINT('',(1.32367133498186,110.,5.15320553780616));
#10431=CARTESIAN_POINT('Ctrl Pts',(3.06309699416155,109.5,3.33533301354469));
#10432=CARTESIAN_POINT('Ctrl Pts',(3.06309699416155,110.,3.33533301354469));
#10433=CARTESIAN_POINT('Ctrl Pts',(2.83966617207824,109.5,3.70981683339669));
#10434=CARTESIAN_POINT('Ctrl Pts',(2.83966617207824,110.,3.70981683339669));
#10435=CARTESIAN_POINT('Ctrl Pts',(2.39860141892367,109.5,4.44906852670966));
#10436=CARTESIAN_POINT('Ctrl Pts',(2.39860141892367,110.,4.44906852670966));
#10437=CARTESIAN_POINT('Ctrl Pts',(1.67882804835827,109.5,4.92055879141436));
#10438=CARTESIAN_POINT('Ctrl Pts',(1.67882804835827,110.,4.92055879141436));
#10439=CARTESIAN_POINT('Ctrl Pts',(1.32367133498186,109.5,5.15320553780616));
#10440=CARTESIAN_POINT('Ctrl Pts',(1.32367133498186,110.,5.15320553780616));
#10441=CARTESIAN_POINT('',(3.06309699416155,110.,3.33533301354469));
#10442=CARTESIAN_POINT('Ctrl Pts',(3.06309699416155,110.,3.33533301354469));
#10443=CARTESIAN_POINT('Ctrl Pts',(2.83966617207824,110.,3.70981683339669));
#10444=CARTESIAN_POINT('Ctrl Pts',(2.39860141892367,110.,4.44906852670966));
#10445=CARTESIAN_POINT('Ctrl Pts',(1.67882804835827,110.,4.92055879141436));
#10446=CARTESIAN_POINT('Ctrl Pts',(1.32367133498186,110.,5.15320553780616));
#10447=CARTESIAN_POINT('',(3.06309699416155,110.,3.33533301354469));
#10448=CARTESIAN_POINT('Ctrl Pts',(3.67701053023334,109.5,0.613641881952898));
#10449=CARTESIAN_POINT('Ctrl Pts',(3.67701053023334,110.,0.613641881952898));
#10450=CARTESIAN_POINT('Ctrl Pts',(3.65479895505469,109.5,1.1006184996267));
#10451=CARTESIAN_POINT('Ctrl Pts',(3.65479895505469,110.,1.1006184996267));
#10452=CARTESIAN_POINT('Ctrl Pts',(3.61172766965826,109.5,2.0449328362973));
#10453=CARTESIAN_POINT('Ctrl Pts',(3.61172766965826,110.,2.0449328362973));
#10454=CARTESIAN_POINT('Ctrl Pts',(3.24210682808489,109.5,2.91429508814145));
#10455=CARTESIAN_POINT('Ctrl Pts',(3.24210682808489,110.,2.91429508814145));
#10456=CARTESIAN_POINT('Ctrl Pts',(3.06309699416155,109.5,3.33533301354469));
#10457=CARTESIAN_POINT('Ctrl Pts',(3.06309699416155,110.,3.33533301354469));
#10458=CARTESIAN_POINT('',(3.67701053023334,110.,0.613641881952898));
#10459=CARTESIAN_POINT('Ctrl Pts',(3.67701053023334,110.,0.613641881952898));
#10460=CARTESIAN_POINT('Ctrl Pts',(3.65479895505469,110.,1.1006184996267));
#10461=CARTESIAN_POINT('Ctrl Pts',(3.61172766965826,110.,2.0449328362973));
#10462=CARTESIAN_POINT('Ctrl Pts',(3.24210682808489,110.,2.91429508814145));
#10463=CARTESIAN_POINT('Ctrl Pts',(3.06309699416155,110.,3.33533301354469));
#10464=CARTESIAN_POINT('',(3.67701053023334,110.,0.613641881952898));
#10465=CARTESIAN_POINT('Ctrl Pts',(3.0937910020351,109.5,-2.07053170203148));
#10466=CARTESIAN_POINT('Ctrl Pts',(3.0937910020351,110.,-2.07053170203148));
#10467=CARTESIAN_POINT('Ctrl Pts',(3.26384297105883,109.5,-1.65496937821136));
#10468=CARTESIAN_POINT('Ctrl Pts',(3.26384297105883,110.,-1.65496937821136));
#10469=CARTESIAN_POINT('Ctrl Pts',(3.61571003815618,109.5,-0.795098734441662));
#10470=CARTESIAN_POINT('Ctrl Pts',(3.61571003815618,110.,-0.795098734441662));
#10471=CARTESIAN_POINT('Ctrl Pts',(3.6561266489528,109.5,0.133711447612805));
#10472=CARTESIAN_POINT('Ctrl Pts',(3.6561266489528,110.,0.133711447612805));
#10473=CARTESIAN_POINT('Ctrl Pts',(3.67701053023334,109.5,0.613641881952898));
#10474=CARTESIAN_POINT('Ctrl Pts',(3.67701053023334,110.,0.613641881952898));
#10475=CARTESIAN_POINT('',(3.0937910020351,110.,-2.07053170203148));
#10476=CARTESIAN_POINT('Ctrl Pts',(3.0937910020351,110.,-2.07053170203148));
#10477=CARTESIAN_POINT('Ctrl Pts',(3.26384297105883,110.,-1.65496937821136));
#10478=CARTESIAN_POINT('Ctrl Pts',(3.61571003815618,110.,-0.795098734441662));
#10479=CARTESIAN_POINT('Ctrl Pts',(3.6561266489528,110.,0.133711447612805));
#10480=CARTESIAN_POINT('Ctrl Pts',(3.67701053023334,110.,0.613641881952898));
#10481=CARTESIAN_POINT('',(3.0937910020351,110.,-2.07053170203148));
#10482=CARTESIAN_POINT('Ctrl Pts',(1.39870404601093,109.5,-3.91568884848534));
#10483=CARTESIAN_POINT('Ctrl Pts',(1.39870404601093,110.,-3.91568884848534));
#10484=CARTESIAN_POINT('Ctrl Pts',(1.74779968386541,109.5,-3.67237547895285));
#10485=CARTESIAN_POINT('Ctrl Pts',(1.74779968386541,110.,-3.67237547895285));
#10486=CARTESIAN_POINT('Ctrl Pts',(2.44964220329104,109.5,-3.18320388880594));
#10487=CARTESIAN_POINT('Ctrl Pts',(2.44964220329104,110.,-3.18320388880594));
#10488=CARTESIAN_POINT('Ctrl Pts',(2.87833133611203,109.5,-2.44270654441532));
#10489=CARTESIAN_POINT('Ctrl Pts',(2.87833133611203,110.,-2.44270654441532));
#10490=CARTESIAN_POINT('Ctrl Pts',(3.0937910020351,109.5,-2.07053170203148));
#10491=CARTESIAN_POINT('Ctrl Pts',(3.0937910020351,110.,-2.07053170203148));
#10492=CARTESIAN_POINT('',(1.39870404601093,110.,-3.91568884848534));
#10493=CARTESIAN_POINT('Ctrl Pts',(1.39870404601093,110.,-3.91568884848534));
#10494=CARTESIAN_POINT('Ctrl Pts',(1.74779968386541,110.,-3.67237547895285));
#10495=CARTESIAN_POINT('Ctrl Pts',(2.44964220329104,110.,-3.18320388880594));
#10496=CARTESIAN_POINT('Ctrl Pts',(2.87833133611203,110.,-2.44270654441532));
#10497=CARTESIAN_POINT('Ctrl Pts',(3.0937910020351,110.,-2.07053170203148));
#10498=CARTESIAN_POINT('',(1.39870404601093,110.,-3.91568884848534));
#10499=CARTESIAN_POINT('Ctrl Pts',(-1.09788418412212,109.5,-4.57735285757959));
#10500=CARTESIAN_POINT('Ctrl Pts',(-1.09788418412212,110.,-4.57735285757959));
#10501=CARTESIAN_POINT('Ctrl Pts',(-0.651126371001216,109.5,-4.55181154522549));
#10502=CARTESIAN_POINT('Ctrl Pts',(-0.651126371001216,110.,-4.55181154522549));
#10503=CARTESIAN_POINT('Ctrl Pts',(0.226671443577473,109.5,-4.50162751372689));
#10504=CARTESIAN_POINT('Ctrl Pts',(0.226671443577473,110.,-4.50162751372689));
#10505=CARTESIAN_POINT('Ctrl Pts',(1.01271815190577,109.5,-4.10865622765591));
#10506=CARTESIAN_POINT('Ctrl Pts',(1.01271815190577,110.,-4.10865622765591));
#10507=CARTESIAN_POINT('Ctrl Pts',(1.39870404601093,109.5,-3.91568884848534));
#10508=CARTESIAN_POINT('Ctrl Pts',(1.39870404601093,110.,-3.91568884848534));
#10509=CARTESIAN_POINT('',(-1.09788418412212,110.,-4.57735285757959));
#10510=CARTESIAN_POINT('Ctrl Pts',(-1.09788418412212,110.,-4.57735285757959));
#10511=CARTESIAN_POINT('Ctrl Pts',(-0.651126371001216,110.,-4.55181154522549));
#10512=CARTESIAN_POINT('Ctrl Pts',(0.226671443577473,110.,-4.50162751372689));
#10513=CARTESIAN_POINT('Ctrl Pts',(1.01271815190577,110.,-4.10865622765591));
#10514=CARTESIAN_POINT('Ctrl Pts',(1.39870404601093,110.,-3.91568884848534));
#10515=CARTESIAN_POINT('',(-1.09788418412212,110.,-4.57735285757959));
#10516=CARTESIAN_POINT('Ctrl Pts',(-4.5494556486607,109.5,-3.16875920294703));
#10517=CARTESIAN_POINT('Ctrl Pts',(-4.5494556486607,110.,-3.16875920294703));
#10518=CARTESIAN_POINT('Ctrl Pts',(-4.06327467293571,109.5,-3.5795322933823));
#10519=CARTESIAN_POINT('Ctrl Pts',(-4.06327467293571,110.,-3.5795322933823));
#10520=CARTESIAN_POINT('Ctrl Pts',(-3.06692639174198,109.5,-4.42134446426274));
#10521=CARTESIAN_POINT('Ctrl Pts',(-3.06692639174198,110.,-4.42134446426274));
#10522=CARTESIAN_POINT('Ctrl Pts',(-1.76468177075785,109.5,-4.52452208546306));
#10523=CARTESIAN_POINT('Ctrl Pts',(-1.76468177075785,110.,-4.52452208546306));
#10524=CARTESIAN_POINT('Ctrl Pts',(-1.09788418412212,109.5,-4.57735285757959));
#10525=CARTESIAN_POINT('Ctrl Pts',(-1.09788418412212,110.,-4.57735285757959));
#10526=CARTESIAN_POINT('',(-4.5494556486607,110.,-3.16875920294703));
#10527=CARTESIAN_POINT('Ctrl Pts',(-4.5494556486607,110.,-3.16875920294703));
#10528=CARTESIAN_POINT('Ctrl Pts',(-4.06327467293571,110.,-3.5795322933823));
#10529=CARTESIAN_POINT('Ctrl Pts',(-3.06692639174198,110.,-4.42134446426274));
#10530=CARTESIAN_POINT('Ctrl Pts',(-1.76468177075785,110.,-4.52452208546306));
#10531=CARTESIAN_POINT('Ctrl Pts',(-1.09788418412212,110.,-4.57735285757959));
#10532=CARTESIAN_POINT('',(-4.5494556486607,110.,-3.16875920294703));
#10533=CARTESIAN_POINT('Ctrl Pts',(-5.88642597794538,109.5,0.729603910456285));
#10534=CARTESIAN_POINT('Ctrl Pts',(-5.88642597794538,110.,0.729603910456285));
#10535=CARTESIAN_POINT('Ctrl Pts',(-5.84774789672691,109.5,-0.0362730199651073));
#10536=CARTESIAN_POINT('Ctrl Pts',(-5.84774789672691,110.,-0.0362730199651073));
#10537=CARTESIAN_POINT('Ctrl Pts',(-5.77537125740232,109.5,-1.46942576730637));
#10538=CARTESIAN_POINT('Ctrl Pts',(-5.77537125740232,110.,-1.46942576730637));
#10539=CARTESIAN_POINT('Ctrl Pts',(-4.9389113308089,109.5,-2.62890551509487));
#10540=CARTESIAN_POINT('Ctrl Pts',(-4.9389113308089,110.,-2.62890551509487));
#10541=CARTESIAN_POINT('Ctrl Pts',(-4.5494556486607,109.5,-3.16875920294703));
#10542=CARTESIAN_POINT('Ctrl Pts',(-4.5494556486607,110.,-3.16875920294703));
#10543=CARTESIAN_POINT('',(-5.88642597794538,110.,0.729603910456285));
#10544=CARTESIAN_POINT('Ctrl Pts',(-5.88642597794538,110.,0.729603910456285));
#10545=CARTESIAN_POINT('Ctrl Pts',(-5.84774789672691,110.,-0.0362730199651073));
#10546=CARTESIAN_POINT('Ctrl Pts',(-5.77537125740232,110.,-1.46942576730637));
#10547=CARTESIAN_POINT('Ctrl Pts',(-4.9389113308089,110.,-2.62890551509487));
#10548=CARTESIAN_POINT('Ctrl Pts',(-4.5494556486607,110.,-3.16875920294703));
#10549=CARTESIAN_POINT('',(-5.88642597794538,110.,0.729603910456285));
#10550=CARTESIAN_POINT('Ctrl Pts',(-5.31343699097639,109.5,3.22619452477513));
#10551=CARTESIAN_POINT('Ctrl Pts',(-5.31343699097639,110.,3.22619452477513));
#10552=CARTESIAN_POINT('Ctrl Pts',(-5.48055903602318,109.5,2.82694677488448));
#10553=CARTESIAN_POINT('Ctrl Pts',(-5.48055903602318,110.,2.82694677488448));
#10554=CARTESIAN_POINT('Ctrl Pts',(-5.81511198618359,109.5,2.02771342099979));
#10555=CARTESIAN_POINT('Ctrl Pts',(-5.81511198618359,110.,2.02771342099979));
#10556=CARTESIAN_POINT('Ctrl Pts',(-5.86264002136033,109.5,1.16257331376158));
#10557=CARTESIAN_POINT('Ctrl Pts',(-5.86264002136033,110.,1.16257331376158));
#10558=CARTESIAN_POINT('Ctrl Pts',(-5.88642597794538,109.5,0.729603910456285));
#10559=CARTESIAN_POINT('Ctrl Pts',(-5.88642597794538,110.,0.729603910456285));
#10560=CARTESIAN_POINT('Ctrl Pts',(-5.31343699097639,110.,3.22619452477513));
#10561=CARTESIAN_POINT('Ctrl Pts',(-5.48055903602318,110.,2.82694677488448));
#10562=CARTESIAN_POINT('Ctrl Pts',(-5.81511198618359,110.,2.02771342099979));
#10563=CARTESIAN_POINT('Ctrl Pts',(-5.86264002136033,110.,1.16257331376158));
#10564=CARTESIAN_POINT('Ctrl Pts',(-5.88642597794538,110.,0.729603910456285));
#10565=CARTESIAN_POINT('Ctrl Pts',(-1.09106541275982,109.5,-3.43819842337549));
#10566=CARTESIAN_POINT('Ctrl Pts',(-1.09106541275982,110.,-3.43819842337549));
#10567=CARTESIAN_POINT('Ctrl Pts',(-1.54291533931997,109.5,-3.39817333283055));
#10568=CARTESIAN_POINT('Ctrl Pts',(-1.54291533931997,110.,-3.39817333283055));
#10569=CARTESIAN_POINT('Ctrl Pts',(-2.44553786626939,109.5,-3.31821858182711));
#10570=CARTESIAN_POINT('Ctrl Pts',(-2.44553786626939,110.,-3.31821858182711));
#10571=CARTESIAN_POINT('Ctrl Pts',(-3.15493270697732,109.5,-2.75450660886555));
#10572=CARTESIAN_POINT('Ctrl Pts',(-3.15493270697732,110.,-2.75450660886555));
#10573=CARTESIAN_POINT('Ctrl Pts',(-3.50920677781109,109.5,-2.47298703192652));
#10574=CARTESIAN_POINT('Ctrl Pts',(-3.50920677781109,110.,-2.47298703192652));
#10575=CARTESIAN_POINT('',(-3.50920677781109,110.,-2.47298703192652));
#10576=CARTESIAN_POINT('',(-3.50920677781109,110.,-2.47298703192652));
#10577=CARTESIAN_POINT('',(-1.09106541275982,110.,-3.43819842337549));
#10578=CARTESIAN_POINT('Ctrl Pts',(-1.09106541275982,110.,-3.43819842337549));
#10579=CARTESIAN_POINT('Ctrl Pts',(-1.54291533931997,110.,-3.39817333283055));
#10580=CARTESIAN_POINT('Ctrl Pts',(-2.44553786626939,110.,-3.31821858182711));
#10581=CARTESIAN_POINT('Ctrl Pts',(-3.15493270697732,110.,-2.75450660886555));
#10582=CARTESIAN_POINT('Ctrl Pts',(-3.50920677781109,110.,-2.47298703192652));
#10583=CARTESIAN_POINT('',(-1.09106541275982,110.,-3.43819842337549));
#10584=CARTESIAN_POINT('Ctrl Pts',(0.692701333761176,109.5,-2.93683514594018));
#10585=CARTESIAN_POINT('Ctrl Pts',(0.692701333761176,110.,-2.93683514594018));
#10586=CARTESIAN_POINT('Ctrl Pts',(0.417521275247035,109.5,-3.08305935189457));
#10587=CARTESIAN_POINT('Ctrl Pts',(0.417521275247035,110.,-3.08305935189457));
#10588=CARTESIAN_POINT('Ctrl Pts',(-0.140433049011572,109.5,-3.37954314677444));
#10589=CARTESIAN_POINT('Ctrl Pts',(-0.140433049011572,110.,-3.37954314677444));
#10590=CARTESIAN_POINT('Ctrl Pts',(-0.77132563960562,109.5,-3.41847005565953));
#10591=CARTESIAN_POINT('Ctrl Pts',(-0.77132563960562,110.,-3.41847005565953));
#10592=CARTESIAN_POINT('Ctrl Pts',(-1.09106541275982,109.5,-3.43819842337549));
#10593=CARTESIAN_POINT('Ctrl Pts',(-1.09106541275982,110.,-3.43819842337549));
#10594=CARTESIAN_POINT('',(0.692701333761176,110.,-2.93683514594018));
#10595=CARTESIAN_POINT('Ctrl Pts',(0.692701333761176,110.,-2.93683514594018));
#10596=CARTESIAN_POINT('Ctrl Pts',(0.417521275247035,110.,-3.08305935189457));
#10597=CARTESIAN_POINT('Ctrl Pts',(-0.140433049011572,110.,-3.37954314677444));
#10598=CARTESIAN_POINT('Ctrl Pts',(-0.77132563960562,110.,-3.41847005565953));
#10599=CARTESIAN_POINT('Ctrl Pts',(-1.09106541275982,110.,-3.43819842337549));
#10600=CARTESIAN_POINT('',(0.692701333761176,110.,-2.93683514594018));
#10601=CARTESIAN_POINT('Ctrl Pts',(1.90006732344623,109.5,-1.52482972144066));
#10602=CARTESIAN_POINT('Ctrl Pts',(1.90006732344623,110.,-1.52482972144066));
#10603=CARTESIAN_POINT('Ctrl Pts',(1.7488424337603,109.5,-1.80988505949621));
#10604=CARTESIAN_POINT('Ctrl Pts',(1.7488424337603,110.,-1.80988505949621));
#10605=CARTESIAN_POINT('Ctrl Pts',(1.45131211115895,109.5,-2.37072267602249));
#10606=CARTESIAN_POINT('Ctrl Pts',(1.45131211115895,110.,-2.37072267602249));
#10607=CARTESIAN_POINT('Ctrl Pts',(0.942768789620509,109.5,-2.75022257820397));
#10608=CARTESIAN_POINT('Ctrl Pts',(0.942768789620509,110.,-2.75022257820397));
#10609=CARTESIAN_POINT('Ctrl Pts',(0.692701333761176,109.5,-2.93683514594018));
#10610=CARTESIAN_POINT('Ctrl Pts',(0.692701333761176,110.,-2.93683514594018));
#10611=CARTESIAN_POINT('',(1.90006732344623,110.,-1.52482972144066));
#10612=CARTESIAN_POINT('Ctrl Pts',(1.90006732344623,110.,-1.52482972144066));
#10613=CARTESIAN_POINT('Ctrl Pts',(1.7488424337603,110.,-1.80988505949621));
#10614=CARTESIAN_POINT('Ctrl Pts',(1.45131211115895,110.,-2.37072267602249));
#10615=CARTESIAN_POINT('Ctrl Pts',(0.942768789620509,110.,-2.75022257820397));
#10616=CARTESIAN_POINT('Ctrl Pts',(0.692701333761176,110.,-2.93683514594018));
#10617=CARTESIAN_POINT('',(1.90006732344623,110.,-1.52482972144066));
#10618=CARTESIAN_POINT('Ctrl Pts',(2.31275557875628,109.5,0.606820726404798));
#10619=CARTESIAN_POINT('Ctrl Pts',(2.31275557875628,110.,0.606820726404798));
#10620=CARTESIAN_POINT('Ctrl Pts',(2.29939151226332,109.5,0.22149099303729));
#10621=CARTESIAN_POINT('Ctrl Pts',(2.29939151226332,110.,0.22149099303729));
#10622=CARTESIAN_POINT('Ctrl Pts',(2.2739728092787,109.5,-0.511413325327625));
#10623=CARTESIAN_POINT('Ctrl Pts',(2.2739728092787,110.,-0.511413325327625));
#10624=CARTESIAN_POINT('Ctrl Pts',(2.02034736191997,109.5,-1.19882818433296));
#10625=CARTESIAN_POINT('Ctrl Pts',(2.02034736191997,110.,-1.19882818433296));
#10626=CARTESIAN_POINT('Ctrl Pts',(1.90006732344623,109.5,-1.52482972144066));
#10627=CARTESIAN_POINT('Ctrl Pts',(1.90006732344623,110.,-1.52482972144066));
#10628=CARTESIAN_POINT('',(2.31275557875628,110.,0.606820726404798));
#10629=CARTESIAN_POINT('Ctrl Pts',(2.31275557875628,110.,0.606820726404798));
#10630=CARTESIAN_POINT('Ctrl Pts',(2.29939151226332,110.,0.22149099303729));
#10631=CARTESIAN_POINT('Ctrl Pts',(2.2739728092787,110.,-0.511413325327625));
#10632=CARTESIAN_POINT('Ctrl Pts',(2.02034736191997,110.,-1.19882818433296));
#10633=CARTESIAN_POINT('Ctrl Pts',(1.90006732344623,110.,-1.52482972144066));
#10634=CARTESIAN_POINT('',(2.31275557875628,110.,0.606820726404798));
#10635=CARTESIAN_POINT('Ctrl Pts',(1.3475465714931,109.5,3.58772053719581));
#10636=CARTESIAN_POINT('Ctrl Pts',(1.3475465714931,110.,3.58772053719581));
#10637=CARTESIAN_POINT('Ctrl Pts',(1.62855214357736,109.5,3.17778936579102));
#10638=CARTESIAN_POINT('Ctrl Pts',(1.62855214357736,110.,3.17778936579102));
#10639=CARTESIAN_POINT('Ctrl Pts',(2.24151754222416,109.5,2.28359491251325));
#10640=CARTESIAN_POINT('Ctrl Pts',(2.24151754222416,110.,2.28359491251325));
#10641=CARTESIAN_POINT('Ctrl Pts',(2.28772908393853,109.5,1.19588497525241));
#10642=CARTESIAN_POINT('Ctrl Pts',(2.28772908393853,110.,1.19588497525241));
#10643=CARTESIAN_POINT('Ctrl Pts',(2.31275557875628,109.5,0.606820726404798));
#10644=CARTESIAN_POINT('Ctrl Pts',(2.31275557875628,110.,0.606820726404798));
#10645=CARTESIAN_POINT('',(1.3475465714931,110.,3.58772053719581));
#10646=CARTESIAN_POINT('Ctrl Pts',(1.3475465714931,110.,3.58772053719581));
#10647=CARTESIAN_POINT('Ctrl Pts',(1.62855214357736,110.,3.17778936579102));
#10648=CARTESIAN_POINT('Ctrl Pts',(2.24151754222416,110.,2.28359491251325));
#10649=CARTESIAN_POINT('Ctrl Pts',(2.28772908393853,110.,1.19588497525241));
#10650=CARTESIAN_POINT('Ctrl Pts',(2.31275557875628,110.,0.606820726404798));
#10651=CARTESIAN_POINT('',(1.3475465714931,110.,3.58772053719581));
#10652=CARTESIAN_POINT('Ctrl Pts',(-1.11152649521833,109.5,4.63819994927466));
#10653=CARTESIAN_POINT('Ctrl Pts',(-1.11152649521833,110.,4.63819994927466));
#10654=CARTESIAN_POINT('Ctrl Pts',(-0.637772005308399,109.5,4.59677029674771));
#10655=CARTESIAN_POINT('Ctrl Pts',(-0.637772005308399,110.,4.59677029674771));
#10656=CARTESIAN_POINT('Ctrl Pts',(0.297477955829684,109.5,4.5149830382815));
#10657=CARTESIAN_POINT('Ctrl Pts',(0.297477955829684,110.,4.5149830382815));
#10658=CARTESIAN_POINT('Ctrl Pts',(1.00059579622798,109.5,3.89409522436108));
#10659=CARTESIAN_POINT('Ctrl Pts',(1.00059579622798,110.,3.89409522436108));
#10660=CARTESIAN_POINT('Ctrl Pts',(1.3475465714931,109.5,3.58772053719581));
#10661=CARTESIAN_POINT('Ctrl Pts',(1.3475465714931,110.,3.58772053719581));
#10662=CARTESIAN_POINT('',(-1.11152649521833,110.,4.63819994927466));
#10663=CARTESIAN_POINT('Ctrl Pts',(-1.11152649521833,110.,4.63819994927466));
#10664=CARTESIAN_POINT('Ctrl Pts',(-0.637772005308399,110.,4.59677029674771));
#10665=CARTESIAN_POINT('Ctrl Pts',(0.297477955829684,110.,4.5149830382815));
#10666=CARTESIAN_POINT('Ctrl Pts',(1.00059579622798,110.,3.89409522436108));
#10667=CARTESIAN_POINT('Ctrl Pts',(1.3475465714931,110.,3.58772053719581));
#10668=CARTESIAN_POINT('',(-1.11152649521833,110.,4.63819994927466));
#10669=CARTESIAN_POINT('Ctrl Pts',(-3.55013609528547,109.5,3.59795346261083));
#10670=CARTESIAN_POINT('Ctrl Pts',(-3.55013609528547,110.,3.59795346261083));
#10671=CARTESIAN_POINT('Ctrl Pts',(-3.20349325095759,109.5,3.90135230278676));
#10672=CARTESIAN_POINT('Ctrl Pts',(-3.20349325095759,110.,3.90135230278676));
#10673=CARTESIAN_POINT('Ctrl Pts',(-2.5043233456364,109.5,4.5133001385243));
#10674=CARTESIAN_POINT('Ctrl Pts',(-2.5043233456364,110.,4.5133001385243));
#10675=CARTESIAN_POINT('Ctrl Pts',(-1.57838966585125,109.5,4.59633374198043));
#10676=CARTESIAN_POINT('Ctrl Pts',(-1.57838966585125,110.,4.59633374198043));
#10677=CARTESIAN_POINT('Ctrl Pts',(-1.11152649521833,109.5,4.63819994927466));
#10678=CARTESIAN_POINT('Ctrl Pts',(-1.11152649521833,110.,4.63819994927466));
#10679=CARTESIAN_POINT('',(-3.55013609528547,110.,3.59795346261083));
#10680=CARTESIAN_POINT('Ctrl Pts',(-3.55013609528547,110.,3.59795346261083));
#10681=CARTESIAN_POINT('Ctrl Pts',(-3.20349325095759,110.,3.90135230278676));
#10682=CARTESIAN_POINT('Ctrl Pts',(-2.5043233456364,110.,4.5133001385243));
#10683=CARTESIAN_POINT('Ctrl Pts',(-1.57838966585125,110.,4.59633374198043));
#10684=CARTESIAN_POINT('Ctrl Pts',(-1.11152649521833,110.,4.63819994927466));
#10685=CARTESIAN_POINT('',(-3.55013609528547,110.,3.59795346261083));
#10686=CARTESIAN_POINT('Ctrl Pts',(-4.52216864228253,109.5,0.750067377100576));
#10687=CARTESIAN_POINT('Ctrl Pts',(-4.52216864228253,110.,0.750067377100576));
#10688=CARTESIAN_POINT('Ctrl Pts',(-4.49349395567277,109.5,1.30727992326757));
#10689=CARTESIAN_POINT('Ctrl Pts',(-4.49349395567277,110.,1.30727992326757));
#10690=CARTESIAN_POINT('Ctrl Pts',(-4.4396955412221,109.5,2.35270203733549));
#10691=CARTESIAN_POINT('Ctrl Pts',(-4.4396955412221,110.,2.35270203733549));
#10692=CARTESIAN_POINT('Ctrl Pts',(-3.83331453886416,109.5,3.20154559792639));
#10693=CARTESIAN_POINT('Ctrl Pts',(-3.83331453886416,110.,3.20154559792639));
#10694=CARTESIAN_POINT('Ctrl Pts',(-3.55013609528547,109.5,3.59795346261083));
#10695=CARTESIAN_POINT('Ctrl Pts',(-3.55013609528547,110.,3.59795346261083));
#10696=CARTESIAN_POINT('',(-4.52216864228253,110.,0.750067377100576));
#10697=CARTESIAN_POINT('Ctrl Pts',(-4.52216864228253,110.,0.750067377100576));
#10698=CARTESIAN_POINT('Ctrl Pts',(-4.49349395567277,110.,1.30727992326757));
#10699=CARTESIAN_POINT('Ctrl Pts',(-4.4396955412221,110.,2.35270203733549));
#10700=CARTESIAN_POINT('Ctrl Pts',(-3.83331453886416,110.,3.20154559792639));
#10701=CARTESIAN_POINT('Ctrl Pts',(-3.55013609528547,110.,3.59795346261083));
#10702=CARTESIAN_POINT('',(-4.52216864228253,110.,0.750067377100576));
#10703=CARTESIAN_POINT('Ctrl Pts',(-3.50920677781109,109.5,-2.47298703192652));
#10704=CARTESIAN_POINT('Ctrl Pts',(-3.50920677781109,110.,-2.47298703192652));
#10705=CARTESIAN_POINT('Ctrl Pts',(-3.803351635798,109.5,-2.05760826018221));
#10706=CARTESIAN_POINT('Ctrl Pts',(-3.803351635798,110.,-2.05760826018221));
#10707=CARTESIAN_POINT('Ctrl Pts',(-4.48122123579409,109.5,-1.10034984072104));
#10708=CARTESIAN_POINT('Ctrl Pts',(-4.48122123579409,110.,-1.10034984072104));
#10709=CARTESIAN_POINT('Ctrl Pts',(-4.50736775990307,109.5,0.0812140859491663));
#10710=CARTESIAN_POINT('Ctrl Pts',(-4.50736775990307,110.,0.0812140859491663));
#10711=CARTESIAN_POINT('Ctrl Pts',(-4.52216864228253,109.5,0.750067377100576));
#10712=CARTESIAN_POINT('Ctrl Pts',(-4.52216864228253,110.,0.750067377100576));
#10713=CARTESIAN_POINT('Ctrl Pts',(-3.50920677781109,110.,-2.47298703192652));
#10714=CARTESIAN_POINT('Ctrl Pts',(-3.803351635798,110.,-2.05760826018221));
#10715=CARTESIAN_POINT('Ctrl Pts',(-4.48122123579409,110.,-1.10034984072104));
#10716=CARTESIAN_POINT('Ctrl Pts',(-4.50736775990307,110.,0.0812140859491661));
#10717=CARTESIAN_POINT('Ctrl Pts',(-4.52216864228253,110.,0.750067377100576));
#10718=CARTESIAN_POINT('Origin',(27.1,109.5,0.));
#10719=CARTESIAN_POINT('',(-9.89733934998516,109.5,-3.21991906165066));
#10720=CARTESIAN_POINT('',(-9.89733934998518,109.5,5.59999957085666));
#10721=CARTESIAN_POINT('',(-9.89733934998516,109.5,-3.21991906165067));
#10722=CARTESIAN_POINT('',(-6.58901692032818,109.5,-3.21991906165065));
#10723=CARTESIAN_POINT('',(-6.58901692032818,109.5,-3.21991906165065));
#10724=CARTESIAN_POINT('',(-6.58901692032818,109.5,-4.40000042914333));
#10725=CARTESIAN_POINT('',(-6.58901692032817,109.5,-4.40000042914333));
#10726=CARTESIAN_POINT('',(-14.5153474867344,109.5,-4.40000042914336));
#10727=CARTESIAN_POINT('',(-14.5153474867344,109.5,-4.40000042914336));
#10728=CARTESIAN_POINT('',(-14.5153474867344,109.5,-3.21991906165068));
#10729=CARTESIAN_POINT('',(-14.5153474867344,109.5,-3.21991906165068));
#10730=CARTESIAN_POINT('',(-11.2206673681736,109.5,-3.21991906165067));
#10731=CARTESIAN_POINT('',(-11.2206673681736,109.5,-3.21991906165067));
#10732=CARTESIAN_POINT('',(-11.2206673681737,109.5,5.59999957085665));
#10733=CARTESIAN_POINT('',(-11.2206673681737,109.5,5.59999957085665));
#10734=CARTESIAN_POINT('',(-9.89733934998518,109.5,5.59999957085666));
#10735=CARTESIAN_POINT('Origin',(-9.89733934998517,110.,1.190040254603));
#10736=CARTESIAN_POINT('',(-9.89733934998518,110.,5.59999957085666));
#10737=CARTESIAN_POINT('',(-9.89733934998518,110.,5.59999957085666));
#10738=CARTESIAN_POINT('',(-9.89733934998516,110.,-3.21991906165066));
#10739=CARTESIAN_POINT('',(-9.89733934998517,110.,0.595020127301463));
#10740=CARTESIAN_POINT('',(-9.89733934998516,110.,-3.21991906165066));
#10741=CARTESIAN_POINT('Origin',(-8.24317813515667,110.,-3.21991906165066));
#10742=CARTESIAN_POINT('',(-6.58901692032818,110.,-3.21991906165065));
#10743=CARTESIAN_POINT('',(9.42841093242167,110.,-3.2199190616506));
#10744=CARTESIAN_POINT('',(-6.58901692032818,110.,-3.21991906165065));
#10745=CARTESIAN_POINT('Origin',(-6.58901692032818,110.,-3.80995974539699));
#10746=CARTESIAN_POINT('',(-6.58901692032818,110.,-4.40000042914333));
#10747=CARTESIAN_POINT('',(-6.58901692032818,110.,-1.90497987269853));
#10748=CARTESIAN_POINT('',(-6.58901692032818,110.,-4.40000042914333));
#10749=CARTESIAN_POINT('Origin',(-10.5521822035313,110.,-4.40000042914334));
#10750=CARTESIAN_POINT('',(-14.5153474867344,110.,-4.40000042914336));
#10751=CARTESIAN_POINT('',(8.27390889823436,110.,-4.40000042914327));
#10752=CARTESIAN_POINT('',(-14.5153474867344,110.,-4.40000042914336));
#10753=CARTESIAN_POINT('Origin',(-14.5153474867344,110.,-3.80995974539702));
#10754=CARTESIAN_POINT('',(-14.5153474867344,110.,-3.21991906165068));
#10755=CARTESIAN_POINT('',(-14.5153474867344,110.,-1.90497987269855));
#10756=CARTESIAN_POINT('',(-14.5153474867344,110.,-3.21991906165068));
#10757=CARTESIAN_POINT('Origin',(-12.868007427454,110.,-3.21991906165068));
#10758=CARTESIAN_POINT('',(-11.2206673681736,110.,-3.21991906165067));
#10759=CARTESIAN_POINT('',(7.11599628627299,110.,-3.21991906165061));
#10760=CARTESIAN_POINT('',(-11.2206673681736,110.,-3.21991906165067));
#10761=CARTESIAN_POINT('Origin',(-11.2206673681736,110.,1.19004025460299));
#10762=CARTESIAN_POINT('',(-11.2206673681737,110.,5.59999957085665));
#10763=CARTESIAN_POINT('',(-11.2206673681736,110.,0.595020127301457));
#10764=CARTESIAN_POINT('',(-11.2206673681737,110.,5.59999957085665));
#10765=CARTESIAN_POINT('Origin',(-10.5590033590794,110.,5.59999957085665));
#10766=CARTESIAN_POINT('',(8.27049832046028,110.,5.59999957085672));
#10767=CARTESIAN_POINT('Origin',(27.1,109.5,0.));
#10768=CARTESIAN_POINT('',(6.70566081404681,109.5,1.53451457024637));
#10769=CARTESIAN_POINT('',(6.7056608140468,109.5,5.59999957085672));
#10770=CARTESIAN_POINT('',(6.70566081404681,109.5,1.53451457024637));
#10771=CARTESIAN_POINT('',(9.27046298384662,109.5,1.53451457024638));
#10772=CARTESIAN_POINT('',(9.27046298384662,109.5,1.53451457024638));
#10773=CARTESIAN_POINT('',(12.2036170899868,109.5,0.651159429560351));
#10774=CARTESIAN_POINT('Ctrl Pts',(12.2036170899868,109.5,0.651159429560351));
#10775=CARTESIAN_POINT('Ctrl Pts',(11.8357595357215,109.5,0.907241456823074));
#10776=CARTESIAN_POINT('Ctrl Pts',(10.9633358618766,109.5,1.51457443242676));
#10777=CARTESIAN_POINT('Ctrl Pts',(9.89077716706576,109.5,1.52720796709538));
#10778=CARTESIAN_POINT('Ctrl Pts',(9.27046298384662,109.5,1.53451457024638));
#10779=CARTESIAN_POINT('',(13.0153512895107,109.5,-1.50777802466328));
#10780=CARTESIAN_POINT('Ctrl Pts',(13.0153512895107,109.5,-1.50777802466328));
#10781=CARTESIAN_POINT('Ctrl Pts',(12.9838910935595,109.5,-1.10152783541327));
#10782=CARTESIAN_POINT('Ctrl Pts',(12.9220232732211,109.5,-0.302619470061334));
#10783=CARTESIAN_POINT('Ctrl Pts',(12.4403542354129,109.5,0.336859665257636));
#10784=CARTESIAN_POINT('Ctrl Pts',(12.2036170899868,109.5,0.651159429560351));
#10785=CARTESIAN_POINT('',(12.7118015229702,109.5,-2.87203297614033));
#10786=CARTESIAN_POINT('Ctrl Pts',(12.7118015229702,109.5,-2.87203297614033));
#10787=CARTESIAN_POINT('Ctrl Pts',(12.8003272855268,109.5,-2.65773062772943));
#10788=CARTESIAN_POINT('Ctrl Pts',(12.9808149990848,109.5,-2.22080763765611));
#10789=CARTESIAN_POINT('Ctrl Pts',(13.003693999886,109.5,-1.74845218529617));
#10790=CARTESIAN_POINT('Ctrl Pts',(13.0153512895107,109.5,-1.50777802466328));
#10791=CARTESIAN_POINT('',(11.9103002488613,109.5,-3.83724436758931));
#10792=CARTESIAN_POINT('Ctrl Pts',(11.9103002488613,109.5,-3.83724436758931));
#10793=CARTESIAN_POINT('Ctrl Pts',(12.0698023315026,109.5,-3.70754051428847));
#10794=CARTESIAN_POINT('Ctrl Pts',(12.4002457140586,109.5,-3.43883066858917));
#10795=CARTESIAN_POINT('Ctrl Pts',(12.6055801786944,109.5,-3.06527608412358));
#10796=CARTESIAN_POINT('Ctrl Pts',(12.7118015229702,109.5,-2.87203297614033));
#10797=CARTESIAN_POINT('',(10.6756496369838,109.5,-4.30450186728414));
#10798=CARTESIAN_POINT('Ctrl Pts',(10.6756496369838,109.5,-4.30450186728414));
#10799=CARTESIAN_POINT('Ctrl Pts',(10.9061943171167,109.5,-4.25774736089362));
#10800=CARTESIAN_POINT('Ctrl Pts',(11.3435815046601,109.5,-4.16904515339378));
#10801=CARTESIAN_POINT('Ctrl Pts',(11.7283441438178,109.5,-3.94377548069099));
#10802=CARTESIAN_POINT('Ctrl Pts',(11.9103002488613,109.5,-3.83724436758931));
#10803=CARTESIAN_POINT('',(9.15450095534321,109.5,-4.40000042914327));
#10804=CARTESIAN_POINT('Ctrl Pts',(9.15450095534321,109.5,-4.40000042914327));
#10805=CARTESIAN_POINT('Ctrl Pts',(9.4477353451475,109.5,-4.39908764892572));
#10806=CARTESIAN_POINT('Ctrl Pts',(9.95687725716582,109.5,-4.39750279161917));
#10807=CARTESIAN_POINT('Ctrl Pts',(10.46161131596,109.5,-4.33219597776648));
#10808=CARTESIAN_POINT('Ctrl Pts',(10.6756496369838,109.5,-4.30450186728414));
#10809=CARTESIAN_POINT('',(5.38233279585835,109.5,-4.40000042914328));
#10810=CARTESIAN_POINT('',(5.38233279585835,109.5,-4.40000042914328));
#10811=CARTESIAN_POINT('',(5.38233279585833,109.5,5.59999957085672));
#10812=CARTESIAN_POINT('',(5.38233279585833,109.5,5.59999957085672));
#10813=CARTESIAN_POINT('',(6.7056608140468,109.5,5.59999957085672));
#10814=CARTESIAN_POINT('',(9.26364421248432,109.5,-3.2199190616506));
#10815=CARTESIAN_POINT('',(6.70566081404682,109.5,-3.2199190616506));
#10816=CARTESIAN_POINT('',(9.26364421248432,109.5,-3.2199190616506));
#10817=CARTESIAN_POINT('',(10.4982948243618,109.5,-3.13124165533956));
#10818=CARTESIAN_POINT('Ctrl Pts',(10.4982948243618,109.5,-3.13124165533956));
#10819=CARTESIAN_POINT('Ctrl Pts',(10.3399859548765,109.5,-3.15680128353687));
#10820=CARTESIAN_POINT('Ctrl Pts',(9.93150162044383,109.5,-3.222752785474));
#10821=CARTESIAN_POINT('Ctrl Pts',(9.51731315920321,109.5,-3.22099538083042));
#10822=CARTESIAN_POINT('Ctrl Pts',(9.26364421248432,109.5,-3.2199190616506));
#10823=CARTESIAN_POINT('',(11.3339042603969,109.5,-2.54120097159321));
#10824=CARTESIAN_POINT('Ctrl Pts',(11.3339042603969,109.5,-2.54120097159321));
#10825=CARTESIAN_POINT('Ctrl Pts',(11.2202318709367,109.5,-2.67736171010335));
#10826=CARTESIAN_POINT('Ctrl Pts',(10.9940354393068,109.5,-2.94830765683076));
#10827=CARTESIAN_POINT('Ctrl Pts',(10.6629814677038,109.5,-3.07047038653623));
#10828=CARTESIAN_POINT('Ctrl Pts',(10.4982948243618,109.5,-3.13124165533956));
#10829=CARTESIAN_POINT('',(11.6510915696621,109.5,-1.46684870718892));
#10830=CARTESIAN_POINT('Ctrl Pts',(11.6510915696621,109.5,-1.46684870718892));
#10831=CARTESIAN_POINT('Ctrl Pts',(11.6399069577187,109.5,-1.66556923140226));
#10832=CARTESIAN_POINT('Ctrl Pts',(11.6183229641629,109.5,-2.04905884514542));
#10833=CARTESIAN_POINT('Ctrl Pts',(11.4263828878907,109.5,-2.38118115649967));
#10834=CARTESIAN_POINT('Ctrl Pts',(11.3339042603969,109.5,-2.54120097159321));
#10835=CARTESIAN_POINT('',(11.1122131288051,109.5,-0.123057222356158));
#10836=CARTESIAN_POINT('Ctrl Pts',(11.1122131288051,109.5,-0.123057222356158));
#10837=CARTESIAN_POINT('Ctrl Pts',(11.2692667930026,109.5,-0.305358527698845));
#10838=CARTESIAN_POINT('Ctrl Pts',(11.600861519156,109.5,-0.690259776144151));
#10839=CARTESIAN_POINT('Ctrl Pts',(11.633769723305,109.5,-1.19904180652673));
#10840=CARTESIAN_POINT('Ctrl Pts',(11.6510915696621,109.5,-1.46684870718892));
#10841=CARTESIAN_POINT('',(9.29092883467669,109.5,0.354433202753702));
#10842=CARTESIAN_POINT('Ctrl Pts',(9.29092883467669,109.5,0.354433202753701));
#10843=CARTESIAN_POINT('Ctrl Pts',(9.66678931090618,109.5,0.350155575824651));
#10844=CARTESIAN_POINT('Ctrl Pts',(10.3181265516741,109.5,0.342742777998843));
#10845=CARTESIAN_POINT('Ctrl Pts',(10.8761869145064,109.5,0.0153924302010289));
#10846=CARTESIAN_POINT('Ctrl Pts',(11.1122131288051,109.5,-0.123057222356158));
#10847=CARTESIAN_POINT('',(6.70566081404681,109.5,0.354433202753692));
#10848=CARTESIAN_POINT('',(6.70566081404681,109.5,0.354433202753692));
#10849=CARTESIAN_POINT('',(6.70566081404682,109.5,-3.2199190616506));
#10850=CARTESIAN_POINT('Origin',(6.70566081404681,110.,3.56725707055154));
#10851=CARTESIAN_POINT('',(6.7056608140468,110.,5.59999957085672));
#10852=CARTESIAN_POINT('',(6.7056608140468,110.,5.59999957085672));
#10853=CARTESIAN_POINT('',(6.70566081404681,110.,1.53451457024637));
#10854=CARTESIAN_POINT('',(6.70566081404681,110.,1.78362853527575));
#10855=CARTESIAN_POINT('',(6.70566081404681,110.,1.53451457024637));
#10856=CARTESIAN_POINT('Origin',(7.98806189894671,110.,1.53451457024637));
#10857=CARTESIAN_POINT('',(9.27046298384662,110.,1.53451457024638));
#10858=CARTESIAN_POINT('',(17.5440309494734,110.,1.53451457024641));
#10859=CARTESIAN_POINT('',(9.27046298384662,110.,1.53451457024638));
#10860=CARTESIAN_POINT('Ctrl Pts',(12.2036170899868,109.5,0.651159429560351));
#10861=CARTESIAN_POINT('Ctrl Pts',(12.2036170899868,110.,0.651159429560351));
#10862=CARTESIAN_POINT('Ctrl Pts',(11.8357595357215,109.5,0.907241456823074));
#10863=CARTESIAN_POINT('Ctrl Pts',(11.8357595357215,110.,0.907241456823074));
#10864=CARTESIAN_POINT('Ctrl Pts',(10.9633358618766,109.5,1.51457443242676));
#10865=CARTESIAN_POINT('Ctrl Pts',(10.9633358618766,110.,1.51457443242676));
#10866=CARTESIAN_POINT('Ctrl Pts',(9.89077716706576,109.5,1.52720796709538));
#10867=CARTESIAN_POINT('Ctrl Pts',(9.89077716706576,110.,1.52720796709538));
#10868=CARTESIAN_POINT('Ctrl Pts',(9.27046298384662,109.5,1.53451457024638));
#10869=CARTESIAN_POINT('Ctrl Pts',(9.27046298384662,110.,1.53451457024638));
#10870=CARTESIAN_POINT('',(12.2036170899868,110.,0.651159429560351));
#10871=CARTESIAN_POINT('Ctrl Pts',(12.2036170899868,110.,0.651159429560351));
#10872=CARTESIAN_POINT('Ctrl Pts',(11.8357595357215,110.,0.907241456823074));
#10873=CARTESIAN_POINT('Ctrl Pts',(10.9633358618766,110.,1.51457443242676));
#10874=CARTESIAN_POINT('Ctrl Pts',(9.89077716706576,110.,1.52720796709538));
#10875=CARTESIAN_POINT('Ctrl Pts',(9.27046298384662,110.,1.53451457024638));
#10876=CARTESIAN_POINT('',(12.2036170899868,110.,0.651159429560351));
#10877=CARTESIAN_POINT('Ctrl Pts',(13.0153512895107,109.5,-1.50777802466328));
#10878=CARTESIAN_POINT('Ctrl Pts',(13.0153512895107,110.,-1.50777802466328));
#10879=CARTESIAN_POINT('Ctrl Pts',(12.9838910935595,109.5,-1.10152783541327));
#10880=CARTESIAN_POINT('Ctrl Pts',(12.9838910935595,110.,-1.10152783541327));
#10881=CARTESIAN_POINT('Ctrl Pts',(12.9220232732211,109.5,-0.302619470061334));
#10882=CARTESIAN_POINT('Ctrl Pts',(12.9220232732211,110.,-0.302619470061334));
#10883=CARTESIAN_POINT('Ctrl Pts',(12.4403542354129,109.5,0.336859665257636));
#10884=CARTESIAN_POINT('Ctrl Pts',(12.4403542354129,110.,0.336859665257636));
#10885=CARTESIAN_POINT('Ctrl Pts',(12.2036170899868,109.5,0.651159429560351));
#10886=CARTESIAN_POINT('Ctrl Pts',(12.2036170899868,110.,0.651159429560351));
#10887=CARTESIAN_POINT('',(13.0153512895107,110.,-1.50777802466328));
#10888=CARTESIAN_POINT('Ctrl Pts',(13.0153512895107,110.,-1.50777802466328));
#10889=CARTESIAN_POINT('Ctrl Pts',(12.9838910935595,110.,-1.10152783541327));
#10890=CARTESIAN_POINT('Ctrl Pts',(12.9220232732211,110.,-0.302619470061334));
#10891=CARTESIAN_POINT('Ctrl Pts',(12.4403542354129,110.,0.336859665257636));
#10892=CARTESIAN_POINT('Ctrl Pts',(12.2036170899868,110.,0.651159429560351));
#10893=CARTESIAN_POINT('',(13.0153512895107,110.,-1.50777802466328));
#10894=CARTESIAN_POINT('Ctrl Pts',(12.7118015229702,109.5,-2.87203297614033));
#10895=CARTESIAN_POINT('Ctrl Pts',(12.7118015229702,110.,-2.87203297614033));
#10896=CARTESIAN_POINT('Ctrl Pts',(12.8003272855268,109.5,-2.65773062772943));
#10897=CARTESIAN_POINT('Ctrl Pts',(12.8003272855268,110.,-2.65773062772943));
#10898=CARTESIAN_POINT('Ctrl Pts',(12.9808149990848,109.5,-2.22080763765611));
#10899=CARTESIAN_POINT('Ctrl Pts',(12.9808149990848,110.,-2.22080763765611));
#10900=CARTESIAN_POINT('Ctrl Pts',(13.003693999886,109.5,-1.74845218529617));
#10901=CARTESIAN_POINT('Ctrl Pts',(13.003693999886,110.,-1.74845218529617));
#10902=CARTESIAN_POINT('Ctrl Pts',(13.0153512895107,109.5,-1.50777802466328));
#10903=CARTESIAN_POINT('Ctrl Pts',(13.0153512895107,110.,-1.50777802466328));
#10904=CARTESIAN_POINT('',(12.7118015229702,110.,-2.87203297614033));
#10905=CARTESIAN_POINT('Ctrl Pts',(12.7118015229702,110.,-2.87203297614033));
#10906=CARTESIAN_POINT('Ctrl Pts',(12.8003272855268,110.,-2.65773062772943));
#10907=CARTESIAN_POINT('Ctrl Pts',(12.9808149990848,110.,-2.22080763765611));
#10908=CARTESIAN_POINT('Ctrl Pts',(13.003693999886,110.,-1.74845218529617));
#10909=CARTESIAN_POINT('Ctrl Pts',(13.0153512895107,110.,-1.50777802466328));
#10910=CARTESIAN_POINT('',(12.7118015229702,110.,-2.87203297614033));
#10911=CARTESIAN_POINT('Ctrl Pts',(11.9103002488613,109.5,-3.83724436758931));
#10912=CARTESIAN_POINT('Ctrl Pts',(11.9103002488613,110.,-3.83724436758931));
#10913=CARTESIAN_POINT('Ctrl Pts',(12.0698023315026,109.5,-3.70754051428847));
#10914=CARTESIAN_POINT('Ctrl Pts',(12.0698023315026,110.,-3.70754051428847));
#10915=CARTESIAN_POINT('Ctrl Pts',(12.4002457140586,109.5,-3.43883066858917));
#10916=CARTESIAN_POINT('Ctrl Pts',(12.4002457140586,110.,-3.43883066858917));
#10917=CARTESIAN_POINT('Ctrl Pts',(12.6055801786944,109.5,-3.06527608412358));
#10918=CARTESIAN_POINT('Ctrl Pts',(12.6055801786944,110.,-3.06527608412358));
#10919=CARTESIAN_POINT('Ctrl Pts',(12.7118015229702,109.5,-2.87203297614033));
#10920=CARTESIAN_POINT('Ctrl Pts',(12.7118015229702,110.,-2.87203297614033));
#10921=CARTESIAN_POINT('',(11.9103002488613,110.,-3.83724436758931));
#10922=CARTESIAN_POINT('Ctrl Pts',(11.9103002488613,110.,-3.83724436758931));
#10923=CARTESIAN_POINT('Ctrl Pts',(12.0698023315026,110.,-3.70754051428847));
#10924=CARTESIAN_POINT('Ctrl Pts',(12.4002457140586,110.,-3.43883066858917));
#10925=CARTESIAN_POINT('Ctrl Pts',(12.6055801786944,110.,-3.06527608412358));
#10926=CARTESIAN_POINT('Ctrl Pts',(12.7118015229702,110.,-2.87203297614033));
#10927=CARTESIAN_POINT('',(11.9103002488613,110.,-3.83724436758931));
#10928=CARTESIAN_POINT('Ctrl Pts',(10.6756496369838,109.5,-4.30450186728414));
#10929=CARTESIAN_POINT('Ctrl Pts',(10.6756496369838,110.,-4.30450186728414));
#10930=CARTESIAN_POINT('Ctrl Pts',(10.9061943171167,109.5,-4.25774736089362));
#10931=CARTESIAN_POINT('Ctrl Pts',(10.9061943171167,110.,-4.25774736089362));
#10932=CARTESIAN_POINT('Ctrl Pts',(11.3435815046601,109.5,-4.16904515339378));
#10933=CARTESIAN_POINT('Ctrl Pts',(11.3435815046601,110.,-4.16904515339378));
#10934=CARTESIAN_POINT('Ctrl Pts',(11.7283441438178,109.5,-3.94377548069099));
#10935=CARTESIAN_POINT('Ctrl Pts',(11.7283441438178,110.,-3.94377548069099));
#10936=CARTESIAN_POINT('Ctrl Pts',(11.9103002488613,109.5,-3.83724436758931));
#10937=CARTESIAN_POINT('Ctrl Pts',(11.9103002488613,110.,-3.83724436758931));
#10938=CARTESIAN_POINT('',(10.6756496369838,110.,-4.30450186728414));
#10939=CARTESIAN_POINT('Ctrl Pts',(10.6756496369838,110.,-4.30450186728414));
#10940=CARTESIAN_POINT('Ctrl Pts',(10.9061943171167,110.,-4.25774736089362));
#10941=CARTESIAN_POINT('Ctrl Pts',(11.3435815046601,110.,-4.16904515339378));
#10942=CARTESIAN_POINT('Ctrl Pts',(11.7283441438178,110.,-3.94377548069099));
#10943=CARTESIAN_POINT('Ctrl Pts',(11.9103002488613,110.,-3.83724436758931));
#10944=CARTESIAN_POINT('',(10.6756496369838,110.,-4.30450186728414));
#10945=CARTESIAN_POINT('Ctrl Pts',(9.15450095534321,109.5,-4.40000042914327));
#10946=CARTESIAN_POINT('Ctrl Pts',(9.15450095534321,110.,-4.40000042914327));
#10947=CARTESIAN_POINT('Ctrl Pts',(9.4477353451475,109.5,-4.39908764892572));
#10948=CARTESIAN_POINT('Ctrl Pts',(9.4477353451475,110.,-4.39908764892572));
#10949=CARTESIAN_POINT('Ctrl Pts',(9.95687725716582,109.5,-4.39750279161917));
#10950=CARTESIAN_POINT('Ctrl Pts',(9.95687725716582,110.,-4.39750279161917));
#10951=CARTESIAN_POINT('Ctrl Pts',(10.46161131596,109.5,-4.33219597776648));
#10952=CARTESIAN_POINT('Ctrl Pts',(10.46161131596,110.,-4.33219597776648));
#10953=CARTESIAN_POINT('Ctrl Pts',(10.6756496369838,109.5,-4.30450186728414));
#10954=CARTESIAN_POINT('Ctrl Pts',(10.6756496369838,110.,-4.30450186728414));
#10955=CARTESIAN_POINT('',(9.15450095534321,110.,-4.40000042914327));
#10956=CARTESIAN_POINT('Ctrl Pts',(9.15450095534321,110.,-4.40000042914327));
#10957=CARTESIAN_POINT('Ctrl Pts',(9.4477353451475,110.,-4.39908764892572));
#10958=CARTESIAN_POINT('Ctrl Pts',(9.95687725716582,110.,-4.39750279161917));
#10959=CARTESIAN_POINT('Ctrl Pts',(10.46161131596,110.,-4.33219597776648));
#10960=CARTESIAN_POINT('Ctrl Pts',(10.6756496369838,110.,-4.30450186728414));
#10961=CARTESIAN_POINT('',(9.15450095534321,110.,-4.40000042914327));
#10962=CARTESIAN_POINT('Origin',(7.26841687560078,110.,-4.40000042914328));
#10963=CARTESIAN_POINT('',(5.38233279585835,110.,-4.40000042914328));
#10964=CARTESIAN_POINT('',(17.1842084378004,110.,-4.40000042914324));
#10965=CARTESIAN_POINT('',(5.38233279585835,110.,-4.40000042914328));
#10966=CARTESIAN_POINT('Origin',(5.38233279585834,110.,0.599999570856716));
#10967=CARTESIAN_POINT('',(5.38233279585833,110.,5.59999957085672));
#10968=CARTESIAN_POINT('',(5.38233279585834,110.,0.299999785428337));
#10969=CARTESIAN_POINT('',(5.38233279585833,110.,5.59999957085672));
#10970=CARTESIAN_POINT('Origin',(6.04399680495256,110.,5.59999957085672));
#10971=CARTESIAN_POINT('',(16.5719984024763,110.,5.59999957085675));
#10972=CARTESIAN_POINT('Origin',(7.98465251326557,110.,-3.2199190616506));
#10973=CARTESIAN_POINT('',(6.70566081404682,110.,-3.2199190616506));
#10974=CARTESIAN_POINT('',(6.70566081404682,110.,-3.2199190616506));
#10975=CARTESIAN_POINT('',(9.26364421248432,110.,-3.2199190616506));
#10976=CARTESIAN_POINT('',(17.5423262566328,110.,-3.21991906165056));
#10977=CARTESIAN_POINT('',(9.26364421248432,110.,-3.2199190616506));
#10978=CARTESIAN_POINT('Ctrl Pts',(10.4982948243618,109.5,-3.13124165533956));
#10979=CARTESIAN_POINT('Ctrl Pts',(10.4982948243618,110.,-3.13124165533956));
#10980=CARTESIAN_POINT('Ctrl Pts',(10.3399859548765,109.5,-3.15680128353687));
#10981=CARTESIAN_POINT('Ctrl Pts',(10.3399859548765,110.,-3.15680128353687));
#10982=CARTESIAN_POINT('Ctrl Pts',(9.93150162044383,109.5,-3.222752785474));
#10983=CARTESIAN_POINT('Ctrl Pts',(9.93150162044383,110.,-3.222752785474));
#10984=CARTESIAN_POINT('Ctrl Pts',(9.51731315920321,109.5,-3.22099538083042));
#10985=CARTESIAN_POINT('Ctrl Pts',(9.51731315920321,110.,-3.22099538083042));
#10986=CARTESIAN_POINT('Ctrl Pts',(9.26364421248432,109.5,-3.2199190616506));
#10987=CARTESIAN_POINT('Ctrl Pts',(9.26364421248432,110.,-3.2199190616506));
#10988=CARTESIAN_POINT('',(10.4982948243618,110.,-3.13124165533956));
#10989=CARTESIAN_POINT('Ctrl Pts',(10.4982948243618,110.,-3.13124165533956));
#10990=CARTESIAN_POINT('Ctrl Pts',(10.3399859548765,110.,-3.15680128353687));
#10991=CARTESIAN_POINT('Ctrl Pts',(9.93150162044383,110.,-3.222752785474));
#10992=CARTESIAN_POINT('Ctrl Pts',(9.51731315920321,110.,-3.22099538083042));
#10993=CARTESIAN_POINT('Ctrl Pts',(9.26364421248432,110.,-3.2199190616506));
#10994=CARTESIAN_POINT('',(10.4982948243618,110.,-3.13124165533956));
#10995=CARTESIAN_POINT('Ctrl Pts',(11.3339042603969,109.5,-2.54120097159321));
#10996=CARTESIAN_POINT('Ctrl Pts',(11.3339042603969,110.,-2.54120097159321));
#10997=CARTESIAN_POINT('Ctrl Pts',(11.2202318709367,109.5,-2.67736171010335));
#10998=CARTESIAN_POINT('Ctrl Pts',(11.2202318709367,110.,-2.67736171010335));
#10999=CARTESIAN_POINT('Ctrl Pts',(10.9940354393068,109.5,-2.94830765683076));
#11000=CARTESIAN_POINT('Ctrl Pts',(10.9940354393068,110.,-2.94830765683076));
#11001=CARTESIAN_POINT('Ctrl Pts',(10.6629814677038,109.5,-3.07047038653623));
#11002=CARTESIAN_POINT('Ctrl Pts',(10.6629814677038,110.,-3.07047038653623));
#11003=CARTESIAN_POINT('Ctrl Pts',(10.4982948243618,109.5,-3.13124165533956));
#11004=CARTESIAN_POINT('Ctrl Pts',(10.4982948243618,110.,-3.13124165533956));
#11005=CARTESIAN_POINT('',(11.3339042603969,110.,-2.54120097159321));
#11006=CARTESIAN_POINT('Ctrl Pts',(11.3339042603969,110.,-2.54120097159321));
#11007=CARTESIAN_POINT('Ctrl Pts',(11.2202318709367,110.,-2.67736171010335));
#11008=CARTESIAN_POINT('Ctrl Pts',(10.9940354393068,110.,-2.94830765683076));
#11009=CARTESIAN_POINT('Ctrl Pts',(10.6629814677038,110.,-3.07047038653623));
#11010=CARTESIAN_POINT('Ctrl Pts',(10.4982948243618,110.,-3.13124165533956));
#11011=CARTESIAN_POINT('',(11.3339042603969,110.,-2.54120097159321));
#11012=CARTESIAN_POINT('Ctrl Pts',(11.6510915696621,109.5,-1.46684870718892));
#11013=CARTESIAN_POINT('Ctrl Pts',(11.6510915696621,110.,-1.46684870718892));
#11014=CARTESIAN_POINT('Ctrl Pts',(11.6399069577187,109.5,-1.66556923140226));
#11015=CARTESIAN_POINT('Ctrl Pts',(11.6399069577187,110.,-1.66556923140226));
#11016=CARTESIAN_POINT('Ctrl Pts',(11.6183229641629,109.5,-2.04905884514542));
#11017=CARTESIAN_POINT('Ctrl Pts',(11.6183229641629,110.,-2.04905884514542));
#11018=CARTESIAN_POINT('Ctrl Pts',(11.4263828878907,109.5,-2.38118115649967));
#11019=CARTESIAN_POINT('Ctrl Pts',(11.4263828878907,110.,-2.38118115649967));
#11020=CARTESIAN_POINT('Ctrl Pts',(11.3339042603969,109.5,-2.54120097159321));
#11021=CARTESIAN_POINT('Ctrl Pts',(11.3339042603969,110.,-2.54120097159321));
#11022=CARTESIAN_POINT('',(11.6510915696621,110.,-1.46684870718892));
#11023=CARTESIAN_POINT('Ctrl Pts',(11.6510915696621,110.,-1.46684870718892));
#11024=CARTESIAN_POINT('Ctrl Pts',(11.6399069577187,110.,-1.66556923140226));
#11025=CARTESIAN_POINT('Ctrl Pts',(11.6183229641629,110.,-2.04905884514542));
#11026=CARTESIAN_POINT('Ctrl Pts',(11.4263828878907,110.,-2.38118115649967));
#11027=CARTESIAN_POINT('Ctrl Pts',(11.3339042603969,110.,-2.54120097159321));
#11028=CARTESIAN_POINT('',(11.6510915696621,110.,-1.46684870718892));
#11029=CARTESIAN_POINT('Ctrl Pts',(11.1122131288051,109.5,-0.123057222356158));
#11030=CARTESIAN_POINT('Ctrl Pts',(11.1122131288051,110.,-0.123057222356158));
#11031=CARTESIAN_POINT('Ctrl Pts',(11.2692667930026,109.5,-0.305358527698845));
#11032=CARTESIAN_POINT('Ctrl Pts',(11.2692667930026,110.,-0.305358527698845));
#11033=CARTESIAN_POINT('Ctrl Pts',(11.600861519156,109.5,-0.690259776144151));
#11034=CARTESIAN_POINT('Ctrl Pts',(11.600861519156,110.,-0.690259776144151));
#11035=CARTESIAN_POINT('Ctrl Pts',(11.633769723305,109.5,-1.19904180652673));
#11036=CARTESIAN_POINT('Ctrl Pts',(11.633769723305,110.,-1.19904180652673));
#11037=CARTESIAN_POINT('Ctrl Pts',(11.6510915696621,109.5,-1.46684870718892));
#11038=CARTESIAN_POINT('Ctrl Pts',(11.6510915696621,110.,-1.46684870718892));
#11039=CARTESIAN_POINT('',(11.1122131288051,110.,-0.123057222356158));
#11040=CARTESIAN_POINT('Ctrl Pts',(11.1122131288051,110.,-0.123057222356158));
#11041=CARTESIAN_POINT('Ctrl Pts',(11.2692667930026,110.,-0.305358527698845));
#11042=CARTESIAN_POINT('Ctrl Pts',(11.600861519156,110.,-0.690259776144151));
#11043=CARTESIAN_POINT('Ctrl Pts',(11.633769723305,110.,-1.19904180652673));
#11044=CARTESIAN_POINT('Ctrl Pts',(11.6510915696621,110.,-1.46684870718892));
#11045=CARTESIAN_POINT('',(11.1122131288051,110.,-0.123057222356158));
#11046=CARTESIAN_POINT('Ctrl Pts',(9.29092883467669,109.5,0.354433202753701));
#11047=CARTESIAN_POINT('Ctrl Pts',(9.29092883467669,110.,0.354433202753701));
#11048=CARTESIAN_POINT('Ctrl Pts',(9.66678931090618,109.5,0.350155575824651));
#11049=CARTESIAN_POINT('Ctrl Pts',(9.66678931090618,110.,0.350155575824651));
#11050=CARTESIAN_POINT('Ctrl Pts',(10.3181265516741,109.5,0.342742777998843));
#11051=CARTESIAN_POINT('Ctrl Pts',(10.3181265516741,110.,0.342742777998843));
#11052=CARTESIAN_POINT('Ctrl Pts',(10.8761869145064,109.5,0.0153924302010289));
#11053=CARTESIAN_POINT('Ctrl Pts',(10.8761869145064,110.,0.0153924302010289));
#11054=CARTESIAN_POINT('Ctrl Pts',(11.1122131288051,109.5,-0.123057222356158));
#11055=CARTESIAN_POINT('Ctrl Pts',(11.1122131288051,110.,-0.123057222356158));
#11056=CARTESIAN_POINT('',(9.29092883467669,110.,0.354433202753702));
#11057=CARTESIAN_POINT('Ctrl Pts',(9.29092883467669,110.,0.354433202753701));
#11058=CARTESIAN_POINT('Ctrl Pts',(9.66678931090618,110.,0.350155575824651));
#11059=CARTESIAN_POINT('Ctrl Pts',(10.3181265516741,110.,0.342742777998843));
#11060=CARTESIAN_POINT('Ctrl Pts',(10.8761869145064,110.,0.0153924302010289));
#11061=CARTESIAN_POINT('Ctrl Pts',(11.1122131288051,110.,-0.123057222356158));
#11062=CARTESIAN_POINT('',(9.29092883467669,110.,0.354433202753702));
#11063=CARTESIAN_POINT('Origin',(7.99829482436175,110.,0.354433202753697));
#11064=CARTESIAN_POINT('',(6.70566081404681,110.,0.354433202753692));
#11065=CARTESIAN_POINT('',(17.5491474121809,110.,0.354433202753731));
#11066=CARTESIAN_POINT('',(6.70566081404681,110.,0.354433202753692));
#11067=CARTESIAN_POINT('Origin',(6.70566081404682,110.,-1.43274292944846));
#11068=CARTESIAN_POINT('',(6.70566081404681,110.,-0.716371464724247));
#11069=CARTESIAN_POINT('Origin',(27.1,110.,0.));
#11070=CARTESIAN_POINT('Origin',(27.1,110.,0.));
#11071=CARTESIAN_POINT('Origin',(23.2000000000222,0.,28.4000000000183));
#11072=CARTESIAN_POINT('',(23.2000000000222,106.900000000001,28.4000000000183));
#11073=CARTESIAN_POINT('',(21.8000000000106,106.900000000001,28.4000000000182));
#11074=CARTESIAN_POINT('',(25.0153708798402,106.900000000001,28.4000000000183));
#11075=CARTESIAN_POINT('',(23.2000000000222,110.,28.4000000000183));
#11076=CARTESIAN_POINT('',(23.2000000000222,0.,28.4000000000183));
#11077=CARTESIAN_POINT('',(21.8000000000106,110.,28.4000000000182));
#11078=CARTESIAN_POINT('',(25.1500000000109,110.,28.4000000000183));
#11079=CARTESIAN_POINT('',(21.8000000000106,0.,28.4000000000182));
#11080=CARTESIAN_POINT('Origin',(21.8000000000106,0.,28.4000000000182));
#11081=CARTESIAN_POINT('',(21.8000000000048,106.900000000001,29.8));
#11082=CARTESIAN_POINT('',(21.8000000000077,106.900000000001,29.0999999999987));
#11083=CARTESIAN_POINT('',(21.8000000000048,110.,29.8));
#11084=CARTESIAN_POINT('',(21.8000000000697,110.,14.1999999999981));
#11085=CARTESIAN_POINT('',(21.8000000000048,54.25,29.8));
#11086=CARTESIAN_POINT('Origin',(23.2000000000222,0.,29.9000000000398));
#11087=CARTESIAN_POINT('',(23.2000000000222,106.900000000001,29.8));
#11088=CARTESIAN_POINT('',(23.2000000000222,106.900000000001,29.8500000000199));
#11089=CARTESIAN_POINT('',(23.2000000000222,110.,29.8));
#11090=CARTESIAN_POINT('',(23.2000000000222,54.25,29.8));
#11091=CARTESIAN_POINT('',(23.2000000000225,110.,14.9500000000199));
#11092=CARTESIAN_POINT('Origin',(8.2000000000222,0.,28.4000000000183));
#11093=CARTESIAN_POINT('',(8.2000000000222,106.900000000003,28.4000000000183));
#11094=CARTESIAN_POINT('',(6.80000000001062,106.900000000003,28.4000000000182));
#11095=CARTESIAN_POINT('',(17.5153708798402,106.900000000002,28.4000000000184));
#11096=CARTESIAN_POINT('',(8.2000000000222,110.,28.4000000000183));
#11097=CARTESIAN_POINT('',(8.2000000000222,0.,28.4000000000183));
#11098=CARTESIAN_POINT('',(6.80000000001062,110.,28.4000000000182));
#11099=CARTESIAN_POINT('',(17.6500000000109,110.,28.4000000000184));
#11100=CARTESIAN_POINT('',(6.80000000001062,0.,28.4000000000182));
#11101=CARTESIAN_POINT('Origin',(6.80000000001062,0.,28.4000000000182));
#11102=CARTESIAN_POINT('',(6.80000000000479,106.900000000003,29.8));
#11103=CARTESIAN_POINT('',(6.80000000000771,106.900000000003,29.0999999999674));
#11104=CARTESIAN_POINT('',(6.80000000000479,110.,29.8));
#11105=CARTESIAN_POINT('',(6.80000000006973,110.,14.1999999999669));
#11106=CARTESIAN_POINT('',(6.80000000000479,54.25,29.8));
#11107=CARTESIAN_POINT('Origin',(8.20000000002217,0.,29.9000000000398));
#11108=CARTESIAN_POINT('',(8.20000000002217,106.900000000003,29.8));
#11109=CARTESIAN_POINT('',(8.20000000002217,106.900000000003,29.8500000000197));
#11110=CARTESIAN_POINT('',(8.20000000002217,110.,29.8));
#11111=CARTESIAN_POINT('',(8.20000000002217,54.25,29.8));
#11112=CARTESIAN_POINT('',(8.20000000002248,110.,14.9500000000197));
#11113=CARTESIAN_POINT('Origin',(-6.7999999999778,0.,28.4000000000183));
#11114=CARTESIAN_POINT('',(-6.7999999999778,106.900000000005,28.4000000000183));
#11115=CARTESIAN_POINT('',(-8.19999999998938,106.900000000005,28.4000000000182));
#11116=CARTESIAN_POINT('',(10.0153708798402,106.900000000003,28.4000000000185));
#11117=CARTESIAN_POINT('',(-6.7999999999778,110.,28.4000000000183));
#11118=CARTESIAN_POINT('',(-6.7999999999778,0.,28.4000000000183));
#11119=CARTESIAN_POINT('',(-8.19999999998938,110.,28.4000000000182));
#11120=CARTESIAN_POINT('',(10.1500000000109,110.,28.4000000000185));
#11121=CARTESIAN_POINT('',(-8.19999999998938,0.,28.4000000000182));
#11122=CARTESIAN_POINT('Origin',(-8.19999999998938,0.,28.4000000000182));
#11123=CARTESIAN_POINT('',(-8.19999999999521,106.900000000005,29.8));
#11124=CARTESIAN_POINT('',(-8.19999999999229,106.900000000005,29.0999999999362));
#11125=CARTESIAN_POINT('',(-8.19999999999521,110.,29.8));
#11126=CARTESIAN_POINT('',(-8.19999999993027,110.,14.1999999999357));
#11127=CARTESIAN_POINT('',(-8.19999999999521,54.25,29.8));
#11128=CARTESIAN_POINT('Origin',(-6.79999999997783,0.,29.9000000000398));
#11129=CARTESIAN_POINT('',(-6.79999999997783,106.900000000005,29.8));
#11130=CARTESIAN_POINT('',(-6.79999999997783,106.900000000005,29.8500000000196));
#11131=CARTESIAN_POINT('',(-6.79999999997783,110.,29.8));
#11132=CARTESIAN_POINT('',(-6.79999999997783,54.25,29.8));
#11133=CARTESIAN_POINT('',(-6.79999999997752,110.,14.9500000000196));
#11134=CARTESIAN_POINT('Origin',(26.8307417596426,106.9,29.8));
#11135=CARTESIAN_POINT('',(-28.8,106.900000000008,29.8));
#11136=CARTESIAN_POINT('',(-28.8,106.900000000008,29.8));
#11137=CARTESIAN_POINT('',(-21.7999999999778,106.900000000007,29.8));
#11138=CARTESIAN_POINT('',(-28.8,106.900000000008,29.8));
#11139=CARTESIAN_POINT('',(-21.7999999999778,106.900000000007,28.4000000000183));
#11140=CARTESIAN_POINT('',(-21.7999999999778,106.900000000007,29.8500000000194));
#11141=CARTESIAN_POINT('',(-23.1999999999894,106.900000000008,28.4000000000182));
#11142=CARTESIAN_POINT('',(2.51537087984022,106.900000000004,28.4000000000186));
#11143=CARTESIAN_POINT('',(-23.1999999999952,106.900000000008,29.8));
#11144=CARTESIAN_POINT('',(-23.1999999999923,106.900000000008,29.099999999905));
#11145=CARTESIAN_POINT('',(-28.0343145750406,106.900000000008,29.8));
#11146=CARTESIAN_POINT('',(-28.8,106.900000000008,29.8));
#11147=CARTESIAN_POINT('',(-28.0343145750395,106.900000000009,21.6029999999991));
#11148=CARTESIAN_POINT('',(-28.0343145750406,106.900000000008,29.8));
#11149=CARTESIAN_POINT('',(27.1000003097507,106.9,21.603));
#11150=CARTESIAN_POINT('Ctrl Pts',(27.1000003097507,106.9,21.603));
#11151=CARTESIAN_POINT('Ctrl Pts',(8.72189534815394,106.900000000003,21.603));
#11152=CARTESIAN_POINT('Ctrl Pts',(-9.65620961344279,106.900000000006,21.603));
#11153=CARTESIAN_POINT('Ctrl Pts',(-28.0343145750395,106.900000000008,21.603));
#11154=CARTESIAN_POINT('',(27.3692582403574,106.9,21.653));
#11155=CARTESIAN_POINT('Ctrl Pts',(27.3692582403592,106.9,21.6530000000007));
#11156=CARTESIAN_POINT('Ctrl Pts',(27.2299868969409,106.9,21.603000057519));
#11157=CARTESIAN_POINT('Ctrl Pts',(27.1000003097507,106.9,21.6029999999998));
#11158=CARTESIAN_POINT('',(27.3692582403573,106.9,21.8));
#11159=CARTESIAN_POINT('',(27.3692582403573,106.9,29.8));
#11160=CARTESIAN_POINT('',(26.8307417596426,106.9,21.8));
#11161=CARTESIAN_POINT('',(13.0028708798212,106.900000000002,21.8));
#11162=CARTESIAN_POINT('',(26.8307417596426,106.9,29.8));
#11163=CARTESIAN_POINT('',(26.8307417596426,106.9,29.8));
#11164=CARTESIAN_POINT('',(-28.8,106.900000000008,29.8));
#11165=CARTESIAN_POINT('Origin',(-0.749999999999984,108.5,29.8));
#11166=CARTESIAN_POINT('',(-21.7999999999778,110.,29.8));
#11167=CARTESIAN_POINT('',(0.,110.,29.8));
#11168=CARTESIAN_POINT('',(-21.7999999999778,54.25,29.8));
#11169=CARTESIAN_POINT('Origin',(-0.749999999999984,108.5,29.8));
#11170=CARTESIAN_POINT('',(0.,110.,29.8));
#11171=CARTESIAN_POINT('Origin',(-0.749999999999984,108.5,29.8));
#11172=CARTESIAN_POINT('',(0.,110.,29.8));
#11173=CARTESIAN_POINT('Origin',(-21.7999999999778,0.,28.4000000000183));
#11174=CARTESIAN_POINT('',(-21.7999999999778,110.,28.4000000000183));
#11175=CARTESIAN_POINT('',(-21.7999999999778,0.,28.4000000000183));
#11176=CARTESIAN_POINT('',(-23.1999999999894,110.,28.4000000000182));
#11177=CARTESIAN_POINT('',(2.65000000001092,110.,28.4000000000186));
#11178=CARTESIAN_POINT('',(-23.1999999999894,0.,28.4000000000182));
#11179=CARTESIAN_POINT('Origin',(-23.1999999999894,0.,28.4000000000182));
#11180=CARTESIAN_POINT('',(-23.1999999999952,110.,29.8));
#11181=CARTESIAN_POINT('',(-23.1999999999303,110.,14.1999999999044));
#11182=CARTESIAN_POINT('',(-23.1999999999952,54.25,29.8));
#11183=CARTESIAN_POINT('Origin',(-21.7999999999778,0.,29.9000000000398));
#11184=CARTESIAN_POINT('',(-21.7999999999775,110.,14.9500000000194));
#11185=CARTESIAN_POINT('Origin',(-0.749999999999984,108.5,29.8));
#11186=CARTESIAN_POINT('',(-28.6,110.,29.8));
#11187=CARTESIAN_POINT('',(0.,110.,29.8));
#11188=CARTESIAN_POINT('',(-28.6,108.5,29.8));
#11189=CARTESIAN_POINT('',(-28.6,108.2,29.8));
#11190=CARTESIAN_POINT('Origin',(-28.6,107.6,29.8));
#11191=CARTESIAN_POINT('Origin',(-29.2000000000077,55.,-27.599999999984));
#11192=CARTESIAN_POINT('',(-28.1000000000023,110.,-28.5999999999832));
#11193=CARTESIAN_POINT('',(-28.6,110.,-28.1454545454424));
#11194=CARTESIAN_POINT('',(-20.6563348415474,110.,-35.3669683258128));
#11195=CARTESIAN_POINT('',(-28.1000000000023,107.000000000008,-28.5999999999832));
#11196=CARTESIAN_POINT('',(-28.0999999999838,81.75,-28.6));
#11197=CARTESIAN_POINT('',(-28.6,107.000000000008,-28.1454545454424));
#11198=CARTESIAN_POINT('',(-35.9045248868728,107.000000000009,-21.5049773755959));
#11199=CARTESIAN_POINT('',(-28.6,108.2,-28.1454545454424));
#11200=CARTESIAN_POINT('Origin',(-28.6,107.6,-28.1454545454424));
#11201=CARTESIAN_POINT('',(-28.6,82.5,-28.1454545454424));
#11202=CARTESIAN_POINT('Origin',(26.5999999999971,55.,-28.5999999999613));
#11203=CARTESIAN_POINT('',(26.5999999999971,107.,-28.5999999999613));
#11204=CARTESIAN_POINT('',(27.1000003097507,107.,-28.1454542638182));
#11205=CARTESIAN_POINT('',(18.6063348417282,107.000000000001,-35.8669683257154));
#11206=CARTESIAN_POINT('',(26.5999999999545,110.,-28.6));
#11207=CARTESIAN_POINT('',(26.5999999999545,81.75,-28.6));
#11208=CARTESIAN_POINT('',(27.1,110.,-28.1454545454097));
#11209=CARTESIAN_POINT('',(33.8545248868703,110.,-22.0049773754811));
#11210=CARTESIAN_POINT('',(27.1,108.2,-28.1454545454097));
#11211=CARTESIAN_POINT('',(27.1,81.6,-28.1454545454097));
#11212=CARTESIAN_POINT('Origin',(27.1,107.6,-28.1454545454097));
#11213=CARTESIAN_POINT('Origin',(-28.6,107.6,0.));
#11214=CARTESIAN_POINT('',(-28.6,107.000000000008,21.503));
#11215=CARTESIAN_POINT('',(-28.6,107.000000000008,0.));
#11216=CARTESIAN_POINT('',(-28.6,108.2,21.503));
#11217=CARTESIAN_POINT('Origin',(-28.6,107.6,21.503));
#11218=CARTESIAN_POINT('',(-28.6,108.2,0.));
#11219=CARTESIAN_POINT('Origin',(-28.6,107.000000000008,0.));
#11220=CARTESIAN_POINT('',(27.2,107.,-28.6));
#11221=CARTESIAN_POINT('',(27.1000003097507,107.,21.503));
#11222=CARTESIAN_POINT('',(27.1000003097507,107.,0.));
#11223=CARTESIAN_POINT('',(-28.5265765703961,107.000000000008,21.503));
#11224=CARTESIAN_POINT('Ctrl Pts',(-28.5265765703961,107.000000000008,21.503));
#11225=CARTESIAN_POINT('Ctrl Pts',(-9.98438427701381,107.000000000006,21.503));
#11226=CARTESIAN_POINT('Ctrl Pts',(8.55780801636844,107.000000000003,21.503));
#11227=CARTESIAN_POINT('Ctrl Pts',(27.1000003097507,107.,21.503));
#11228=CARTESIAN_POINT('',(-14.7125,107.000000000006,21.503));
#11229=CARTESIAN_POINT('Origin',(27.1,107.6,0.));
#11230=CARTESIAN_POINT('',(27.1,108.2,21.503));
#11231=CARTESIAN_POINT('',(27.1,108.2,0.));
#11232=CARTESIAN_POINT('Origin',(27.1,107.6,21.503));
#11233=CARTESIAN_POINT('Origin',(27.1,108.2,0.));
#11234=CARTESIAN_POINT('',(27.1,110.,29.8));
#11235=CARTESIAN_POINT('',(27.1,110.,0.));
#11236=CARTESIAN_POINT('',(27.1,108.35,29.8));
#11237=CARTESIAN_POINT('',(27.1,108.2,29.8));
#11238=CARTESIAN_POINT('',(27.1,108.35,21.653));
#11239=CARTESIAN_POINT('',(27.1,108.35,29.8));
#11240=CARTESIAN_POINT('',(27.1,108.3485,21.6515));
#11241=CARTESIAN_POINT('Origin',(-27.6,109.5,22.9));
#11242=CARTESIAN_POINT('',(-27.6,109.,26.9));
#11243=CARTESIAN_POINT('',(-27.6,110.,26.9));
#11244=CARTESIAN_POINT('',(-27.6,109.,26.9));
#11245=CARTESIAN_POINT('',(-27.6,110.,18.9));
#11246=CARTESIAN_POINT('',(-27.6,109.,26.9));
#11247=CARTESIAN_POINT('',(-27.6,110.,11.45));
#11248=CARTESIAN_POINT('Origin',(0.,109.,26.9));
#11249=CARTESIAN_POINT('',(26.2,110.,18.9));
#11250=CARTESIAN_POINT('',(13.55,110.,18.8999999999999));
#11251=CARTESIAN_POINT('',(26.2,109.,26.9));
#11252=CARTESIAN_POINT('',(0.,109.,26.9));
#11253=CARTESIAN_POINT('',(26.2,109.,26.9));
#11254=CARTESIAN_POINT('Origin',(0.,110.,26.9));
#11255=CARTESIAN_POINT('',(26.2,110.,26.9));
#11256=CARTESIAN_POINT('',(13.55,110.,26.9));
#11257=CARTESIAN_POINT('',(26.2,109.,26.9));
#11258=CARTESIAN_POINT('Origin',(26.2,109.5,22.9));
#11259=CARTESIAN_POINT('',(26.2,110.,11.45));
#11260=CARTESIAN_POINT('Origin',(-14.7125000000001,106.851500000006,21.6515));
#11261=CARTESIAN_POINT('',(-28.5265765703961,106.703000000008,21.8));
#11262=CARTESIAN_POINT('',(-28.5265765703961,107.000000000008,21.503));
#11263=CARTESIAN_POINT('',(-28.6,106.703000000008,21.8));
#11264=CARTESIAN_POINT('',(-14.7125000000001,106.703000000006,21.8));
#11265=CARTESIAN_POINT('',(-28.6,106.703000000008,21.8));
#11266=CARTESIAN_POINT('Origin',(-28.6,107.6,21.6515));
#11267=CARTESIAN_POINT('',(-28.6,108.497,21.8));
#11268=CARTESIAN_POINT('',(-28.6,108.3485,21.6515));
#11269=CARTESIAN_POINT('Origin',(-28.6,107.6,21.8));
#11270=CARTESIAN_POINT('Ctrl Pts',(27.1000003097507,107.,21.503));
#11271=CARTESIAN_POINT('Ctrl Pts',(8.55780801636844,107.000000000003,21.503));
#11272=CARTESIAN_POINT('Ctrl Pts',(-9.98438427701381,107.000000000006,21.503));
#11273=CARTESIAN_POINT('Ctrl Pts',(-28.5265765703961,107.000000000008,21.503));
#11274=CARTESIAN_POINT('Ctrl Pts',(27.1000003097507,106.901,21.602));
#11275=CARTESIAN_POINT('Ctrl Pts',(8.55780801636844,106.901000000003,21.602));
#11276=CARTESIAN_POINT('Ctrl Pts',(-9.98438427701384,106.901000000006,21.602));
#11277=CARTESIAN_POINT('Ctrl Pts',(-28.5265765703961,106.901000000008,21.602));
#11278=CARTESIAN_POINT('Ctrl Pts',(27.1000003097507,106.802,21.701));
#11279=CARTESIAN_POINT('Ctrl Pts',(8.55780801636838,106.802000000003,21.701));
#11280=CARTESIAN_POINT('Ctrl Pts',(-9.98438427701382,106.802000000006,21.701));
#11281=CARTESIAN_POINT('Ctrl Pts',(-28.5265765703961,106.802000000008,21.701));
#11282=CARTESIAN_POINT('Ctrl Pts',(27.1000003097506,106.703,21.8));
#11283=CARTESIAN_POINT('Ctrl Pts',(8.5578080163684,106.703000000003,21.8));
#11284=CARTESIAN_POINT('Ctrl Pts',(-9.98438427701385,106.703000000006,21.8));
#11285=CARTESIAN_POINT('Ctrl Pts',(-28.5265765703961,106.703000000008,21.8));
#11286=CARTESIAN_POINT('Ctrl Pts',(-28.0343145750397,106.900000000009,21.6029999999993));
#11287=CARTESIAN_POINT('Ctrl Pts',(-28.0552201814294,106.883105171878,21.6198948281305));
#11288=CARTESIAN_POINT('Ctrl Pts',(-28.0771941728277,106.866895379895,21.6361046201129));
#11289=CARTESIAN_POINT('Ctrl Pts',(-28.1002466340708,106.851503792099,21.6514962079094));
#11290=CARTESIAN_POINT('Ctrl Pts',(-28.1417835762442,106.823770549843,21.6792294501656));
#11291=CARTESIAN_POINT('Ctrl Pts',(-28.1868227441852,106.798697877273,21.7043021227354));
#11292=CARTESIAN_POINT('Ctrl Pts',(-28.2352006712756,106.777247637644,21.7257523623641));
#11293=CARTESIAN_POINT('Ctrl Pts',(-28.2669181651315,106.763184450473,21.7398155495355));
#11294=CARTESIAN_POINT('Ctrl Pts',(-28.2999804919042,106.750719635898,21.7522803641104));
#11295=CARTESIAN_POINT('Ctrl Pts',(-28.3342805666472,106.740120251001,21.7628797490073));
#11296=CARTESIAN_POINT('Ctrl Pts',(-28.3956499689113,106.721155921612,21.7818440783961));
#11297=CARTESIAN_POINT('Ctrl Pts',(-28.4600800648868,106.708443034001,21.7945569660076));
#11298=CARTESIAN_POINT('Ctrl Pts',(-28.5265765703961,106.703000000008,21.8));
#11299=CARTESIAN_POINT('',(27.1000003097507,107.,21.503));
#11300=CARTESIAN_POINT('Origin',(27.1,107.6,21.6515));
#11301=CARTESIAN_POINT('Origin',(27.1,107.6,21.653));
#11302=CARTESIAN_POINT('Origin',(-0.824999999999982,107.6,21.8));
#11303=CARTESIAN_POINT('',(-28.6,108.5,21.8));
#11304=CARTESIAN_POINT('Origin',(-28.6,107.6,21.8));
#11305=CARTESIAN_POINT('',(-28.6,108.8,21.8));
#11306=CARTESIAN_POINT('Origin',(-0.824999999999982,107.6,21.8));
#11307=CARTESIAN_POINT('Origin',(27.1,107.6,21.8));
#11308=CARTESIAN_POINT('Origin',(-28.6,107.6,29.8));
#11309=CARTESIAN_POINT('',(-28.6,108.5,29.8));
#11310=CARTESIAN_POINT('Origin',(27.1,107.6,29.8));
#11311=CARTESIAN_POINT('Origin',(27.1,107.6,29.8));
#11312=CARTESIAN_POINT('Origin',(-0.749999999999984,108.5,-28.6));
#11313=CARTESIAN_POINT('',(0.,110.,-28.6));
#11314=CARTESIAN_POINT('Origin',(-28.6,110.,0.));
#11315=CARTESIAN_POINT('',(-28.6,110.,0.));
#11316=CARTESIAN_POINT('Origin',(27.1,110.,0.));
#11317=CARTESIAN_POINT('',(0.,110.,29.8));
#11318=CARTESIAN_POINT('Origin',(-0.749999999999984,108.5,29.8));
#11319=CARTESIAN_POINT('',(0.,0.,0.));
#11320=CARTESIAN_POINT('Origin',(-6.00000000000009,112.474,0.));
#11321=CARTESIAN_POINT('',(-6.00000000000009,112.474,-28.7000000000327));
#11322=CARTESIAN_POINT('',(-6.00000000000009,112.526,-28.7000000000327));
#11323=CARTESIAN_POINT('',(-6.00000000000129,56.2369999999998,-28.7000000000327));
#11324=CARTESIAN_POINT('',(-6.00000000000009,112.474,-29.8999999999974));
#11325=CARTESIAN_POINT('',(-6.00000000000009,112.474,0.));
#11326=CARTESIAN_POINT('',(-6.00000000000009,112.526,-29.8999999999974));
#11327=CARTESIAN_POINT('',(-6.00000000000129,56.2370000000004,-29.8999999999974));
#11328=CARTESIAN_POINT('',(-6.00000000000009,112.526,0.));
#11329=CARTESIAN_POINT('Origin',(-4.72600000000009,112.526,0.));
#11330=CARTESIAN_POINT('',(-4.72600000000009,113.8,-28.7000000000309));
#11331=CARTESIAN_POINT('Origin',(-4.72600000000009,112.526,-28.7000000000647));
#11332=CARTESIAN_POINT('',(-4.72600000000009,113.8,-29.8999999999975));
#11333=CARTESIAN_POINT('Origin',(-4.72600000000009,112.526,-29.8999999999979));
#11334=CARTESIAN_POINT('',(-4.72600000000009,113.8,0.));
#11335=CARTESIAN_POINT('Origin',(-4.72600000000009,113.8,0.));
#11336=CARTESIAN_POINT('',(4.72599999999994,113.8,-28.7000000000175));
#11337=CARTESIAN_POINT('',(-16.7129999999792,113.8,-28.7000000000478));
#11338=CARTESIAN_POINT('',(4.72599999999994,113.8,-29.8999999999976));
#11339=CARTESIAN_POINT('',(12.5869999999589,113.8,-29.8999999999977));
#11340=CARTESIAN_POINT('',(4.72599999999994,113.8,0.));
#11341=CARTESIAN_POINT('Origin',(4.72599999999994,112.526,0.));
#11342=CARTESIAN_POINT('',(5.99999999999994,112.526,-28.7000000000157));
#11343=CARTESIAN_POINT('Origin',(4.72599999999994,112.526,-28.7000000000647));
#11344=CARTESIAN_POINT('',(5.99999999999994,112.526,-29.8999999999976));
#11345=CARTESIAN_POINT('Origin',(4.72599999999994,112.526,-29.8999999999979));
#11346=CARTESIAN_POINT('',(5.99999999999994,112.526,0.));
#11347=CARTESIAN_POINT('Origin',(5.99999999999994,112.526,0.));
#11348=CARTESIAN_POINT('',(5.99999999999994,112.474,-28.7000000000157));
#11349=CARTESIAN_POINT('',(6.00000000000114,56.2630000000004,-28.7000000000157));
#11350=CARTESIAN_POINT('',(5.99999999999994,112.474,-29.8999999999976));
#11351=CARTESIAN_POINT('',(6.00000000000114,56.2629999999997,-29.8999999999976));
#11352=CARTESIAN_POINT('',(5.99999999999994,112.474,0.));
#11353=CARTESIAN_POINT('Origin',(-4.72600000000009,112.474,0.));
#11354=CARTESIAN_POINT('',(-4.72600000000009,111.2,-28.7000000000309));
#11355=CARTESIAN_POINT('Origin',(-4.72600000000009,112.474,-28.7000000000647));
#11356=CARTESIAN_POINT('',(-4.72600000000009,111.2,-29.8999999999975));
#11357=CARTESIAN_POINT('',(-4.72600000000009,111.2,0.));
#11358=CARTESIAN_POINT('Origin',(-4.72600000000009,112.474,-29.8999999999979));
#11359=CARTESIAN_POINT('Origin',(4.72599999999994,111.2,0.));
#11360=CARTESIAN_POINT('',(4.72599999999994,111.2,-28.7000000000175));
#11361=CARTESIAN_POINT('',(-11.9869999999792,111.2,-28.7000000000411));
#11362=CARTESIAN_POINT('',(4.72599999999994,111.2,-29.8999999999976));
#11363=CARTESIAN_POINT('',(4.72599999999994,111.2,0.));
#11364=CARTESIAN_POINT('',(17.3129999999589,111.2,-29.8999999999977));
#11365=CARTESIAN_POINT('Origin',(4.72599999999994,112.474,0.));
#11366=CARTESIAN_POINT('Origin',(4.72599999999994,112.474,-28.7000000000647));
#11367=CARTESIAN_POINT('Origin',(4.72599999999994,112.474,-29.8999999999979));
#11368=CARTESIAN_POINT('Origin',(-14.9500000000112,112.5,-26.1999999999805));
#11369=CARTESIAN_POINT('',(-29.8999999999976,115.,-28.6999999999742));
#11370=CARTESIAN_POINT('',(-29.8999999999852,110.,-23.6999999999742));
#11371=CARTESIAN_POINT('',(-29.8999999999865,85.3000000000059,1.00000000001987));
#11372=CARTESIAN_POINT('',(-28.6999999999948,110.,-23.6999999999747));
#11373=CARTESIAN_POINT('',(-14.950000000012,110.,-23.6999999999805));
#11374=CARTESIAN_POINT('',(-28.6999999999988,115.,-28.7000000000647));
#11375=CARTESIAN_POINT('',(-28.699999999963,70.6500000000024,15.6500000000229));
#11376=CARTESIAN_POINT('',(-14.9500000000122,115.,-28.6999999999805));
#11377=CARTESIAN_POINT('Origin',(-3.63176155815381E-11,115.,-26.799999999986));
#11378=CARTESIAN_POINT('',(28.6999999999265,115.,-28.6999999999837));
#11379=CARTESIAN_POINT('',(28.6999999999265,115.,-28.6999999999837));
#11380=CARTESIAN_POINT('',(29.8999999999187,115.,-28.6999999999994));
#11381=CARTESIAN_POINT('',(14.3499999999457,115.,-28.6999999999928));
#11382=CARTESIAN_POINT('',(29.8999999999182,115.,-29.8999999999979));
#11383=CARTESIAN_POINT('',(29.899999999945,115.,29.9000000000019));
#11384=CARTESIAN_POINT('',(-29.8999999999981,115.,-29.8999999999972));
#11385=CARTESIAN_POINT('',(29.8999999999182,115.,-29.8999999999979));
#11386=CARTESIAN_POINT('',(-29.8999999999981,115.,-29.8999999999972));
#11387=CARTESIAN_POINT('Origin',(-28.6999999999524,0.,28.7000000000105));
#11388=CARTESIAN_POINT('',(-28.7,110.,29.8999999999952));
#11389=CARTESIAN_POINT('',(-28.7,110.,1.24322774297525E-11));
#11390=CARTESIAN_POINT('',(-28.7,108.292820323028,29.8999999999951));
#11391=CARTESIAN_POINT('',(-28.7,55.,29.8999999999952));
#11392=CARTESIAN_POINT('',(-28.6999999999988,108.292820323028,-28.7));
#11393=CARTESIAN_POINT('',(-28.6999999999756,108.292820323031,0.));
#11394=CARTESIAN_POINT('',(-28.6999999999988,0.,-28.7000000000647));
#11395=CARTESIAN_POINT('Origin',(14.3499999999468,112.5,-26.1999999999928));
#11396=CARTESIAN_POINT('',(29.8999999999254,110.,-23.6999999999994));
#11397=CARTESIAN_POINT('',(29.8999999999388,70.3499999999998,15.9500000000008));
#11398=CARTESIAN_POINT('',(28.6999999999307,110.,-23.6999999999989));
#11399=CARTESIAN_POINT('',(28.6999999999286,112.499999999998,-26.1999999999966));
#11400=CARTESIAN_POINT('',(14.3499999999459,110.,-23.6999999999928));
#11401=CARTESIAN_POINT('Origin',(29.899999999945,0.,29.9000000000019));
#11402=CARTESIAN_POINT('',(29.9000000000098,110.,-23.1999999999795));
#11403=CARTESIAN_POINT('',(29.899999999945,110.,29.9000000000019));
#11404=CARTESIAN_POINT('',(29.9000000000098,0.,-23.1999999999795));
#11405=CARTESIAN_POINT('',(29.8999999999212,0.,-23.1999999999795));
#11406=CARTESIAN_POINT('',(29.8999999999182,0.,-29.8999999999979));
#11407=CARTESIAN_POINT('',(29.899999999945,0.,29.9000000000019));
#11408=CARTESIAN_POINT('',(29.8999999999182,0.,-29.8999999999979));
#11409=CARTESIAN_POINT('Origin',(28.6999999999265,110.,-28.6999999999837));
#11410=CARTESIAN_POINT('',(28.6999999999265,110.,-28.6999999999837));
#11411=CARTESIAN_POINT('',(28.6999999999265,110.,-28.6999999999837));
#11412=CARTESIAN_POINT('',(28.6999999999384,110.,-14.3499999999914));
#11413=CARTESIAN_POINT('Origin',(-2.87858625824811E-11,110.,2.4864554859505E-11));
#11414=CARTESIAN_POINT('',(-8.10000000001473,110.,-29.8999999999822));
#11415=CARTESIAN_POINT('',(-6.90000000001621,110.,-29.8999999999941));
#11416=CARTESIAN_POINT('',(14.9499999999445,110.,-29.8999999999977));
#11417=CARTESIAN_POINT('',(-6.90000000000786,110.,-31.3999999999941));
#11418=CARTESIAN_POINT('',(-6.90000000000786,110.,-31.3999999999941));
#11419=CARTESIAN_POINT('',(-8.10000000002337,110.,-31.3999999999941));
#11420=CARTESIAN_POINT('',(-8.10000000002337,110.,-31.3999999999941));
#11421=CARTESIAN_POINT('',(-8.10000000001473,110.,-29.8999999999822));
#11422=CARTESIAN_POINT('Origin',(-2.87858625824811E-11,110.,2.4864554859505E-11));
#11423=CARTESIAN_POINT('',(6.89999999998526,110.,-29.8999999999822));
#11424=CARTESIAN_POINT('',(8.09999999998379,110.,-29.8999999999941));
#11425=CARTESIAN_POINT('',(14.9499999999445,110.,-29.8999999999977));
#11426=CARTESIAN_POINT('',(8.09999999999214,110.,-31.3999999999941));
#11427=CARTESIAN_POINT('',(8.09999999999214,110.,-31.3999999999941));
#11428=CARTESIAN_POINT('',(6.89999999997663,110.,-31.3999999999941));
#11429=CARTESIAN_POINT('',(6.89999999997663,110.,-31.3999999999941));
#11430=CARTESIAN_POINT('',(6.89999999998526,110.,-29.8999999999822));
#11431=CARTESIAN_POINT('Origin',(-2.87858625824811E-11,110.,2.4864554859505E-11));
#11432=CARTESIAN_POINT('',(21.8999999999853,110.,-29.8999999999822));
#11433=CARTESIAN_POINT('',(23.0999999999838,110.,-29.8999999999941));
#11434=CARTESIAN_POINT('',(14.9499999999445,110.,-29.8999999999977));
#11435=CARTESIAN_POINT('',(23.0999999999921,110.,-31.3999999999941));
#11436=CARTESIAN_POINT('',(23.0999999999921,110.,-31.3999999999941));
#11437=CARTESIAN_POINT('',(21.8999999999766,110.,-31.3999999999941));
#11438=CARTESIAN_POINT('',(21.8999999999766,110.,-31.3999999999941));
#11439=CARTESIAN_POINT('',(21.8999999999853,110.,-29.8999999999822));
#11440=CARTESIAN_POINT('Origin',(-2.87858625824811E-11,110.,2.4864554859505E-11));
#11441=CARTESIAN_POINT('',(27.2,110.,-28.6999999999858));
#11442=CARTESIAN_POINT('',(-14.3499999999936,110.,-28.7000000000444));
#11443=CARTESIAN_POINT('',(27.2,110.,29.9000000000016));
#11444=CARTESIAN_POINT('',(27.2,110.,0.));
#11445=CARTESIAN_POINT('',(29.899999999945,110.,29.9000000000019));
#11446=CARTESIAN_POINT('',(-29.8999999999757,110.,29.8999999999951));
#11447=CARTESIAN_POINT('',(29.8999999999954,110.,23.2000000000469));
#11448=CARTESIAN_POINT('',(29.899999999945,110.,29.9000000000019));
#11449=CARTESIAN_POINT('',(28.4000000000078,110.,23.2000000000311));
#11450=CARTESIAN_POINT('',(14.1999999998672,110.,23.1999999998814));
#11451=CARTESIAN_POINT('',(28.4000000000078,110.,21.800000000019));
#11452=CARTESIAN_POINT('',(28.4000000000079,110.,10.9000000000221));
#11453=CARTESIAN_POINT('',(29.9000000000098,110.,21.8000000000205));
#11454=CARTESIAN_POINT('',(14.9499999999795,110.,21.8000000000055));
#11455=CARTESIAN_POINT('',(29.8999999999954,110.,8.20000000004691));
#11456=CARTESIAN_POINT('',(29.899999999945,110.,29.9000000000019));
#11457=CARTESIAN_POINT('',(28.4000000000078,110.,8.2000000000311));
#11458=CARTESIAN_POINT('',(14.1999999999463,110.,8.19999999988143));
#11459=CARTESIAN_POINT('',(28.4000000000078,110.,6.80000000001904));
#11460=CARTESIAN_POINT('',(28.4000000000078,110.,3.40000000002209));
#11461=CARTESIAN_POINT('',(29.9000000000098,110.,6.80000000002055));
#11462=CARTESIAN_POINT('',(14.9499999999871,110.,6.8000000000055));
#11463=CARTESIAN_POINT('',(29.8999999999954,110.,-6.79999999995309));
#11464=CARTESIAN_POINT('',(29.899999999945,110.,29.9000000000019));
#11465=CARTESIAN_POINT('',(28.4000000000078,110.,-6.7999999999689));
#11466=CARTESIAN_POINT('',(14.2000000000253,110.,-6.80000000011857));
#11467=CARTESIAN_POINT('',(28.4000000000078,110.,-8.19999999998096));
#11468=CARTESIAN_POINT('',(28.4000000000078,110.,-4.09999999997791));
#11469=CARTESIAN_POINT('',(29.9000000000098,110.,-8.19999999997945));
#11470=CARTESIAN_POINT('',(14.9499999999946,110.,-8.1999999999945));
#11471=CARTESIAN_POINT('',(29.8999999999954,110.,-21.7999999999531));
#11472=CARTESIAN_POINT('',(29.899999999945,110.,29.9000000000019));
#11473=CARTESIAN_POINT('',(28.4000000000078,110.,-21.7999999999689));
#11474=CARTESIAN_POINT('',(14.2000000001044,110.,-21.8000000001186));
#11475=CARTESIAN_POINT('',(28.4000000000078,110.,-23.199999999981));
#11476=CARTESIAN_POINT('',(28.4000000000077,110.,-11.5999999999779));
#11477=CARTESIAN_POINT('',(14.9500000000022,110.,-23.1999999999945));
#11478=CARTESIAN_POINT('Origin',(-2.87858625824811E-11,110.,2.4864554859505E-11));
#11479=CARTESIAN_POINT('',(-29.9000000000022,110.,-23.0999999999496));
#11480=CARTESIAN_POINT('',(-29.8999999999981,110.,-29.8999999999972));
#11481=CARTESIAN_POINT('',(-31.3999999999882,110.,-23.0999999999557));
#11482=CARTESIAN_POINT('',(-29.9000000000022,110.,-23.0999999999496));
#11483=CARTESIAN_POINT('',(-31.3999999999882,110.,-21.8999999999796));
#11484=CARTESIAN_POINT('',(-31.3999999999882,110.,-23.0999999999557));
#11485=CARTESIAN_POINT('',(-29.9000000000026,110.,-21.8999999999795));
#11486=CARTESIAN_POINT('',(-31.3999999999882,110.,-21.8999999999796));
#11487=CARTESIAN_POINT('',(-29.9000000000022,110.,-8.09999999994957));
#11488=CARTESIAN_POINT('',(-29.8999999999981,110.,-29.8999999999972));
#11489=CARTESIAN_POINT('',(-31.3999999999882,110.,-8.09999999995575));
#11490=CARTESIAN_POINT('',(-29.9000000000022,110.,-8.09999999994957));
#11491=CARTESIAN_POINT('',(-31.3999999999882,110.,-6.89999999997957));
#11492=CARTESIAN_POINT('',(-31.3999999999882,110.,-8.09999999995575));
#11493=CARTESIAN_POINT('',(-29.9000000000026,110.,-6.89999999997955));
#11494=CARTESIAN_POINT('',(-31.3999999999882,110.,-6.89999999997957));
#11495=CARTESIAN_POINT('',(-29.9000000000022,110.,6.90000000005043));
#11496=CARTESIAN_POINT('',(-29.8999999999981,110.,-29.8999999999972));
#11497=CARTESIAN_POINT('',(-31.3999999999882,110.,6.90000000004425));
#11498=CARTESIAN_POINT('',(-29.9000000000022,110.,6.90000000005043));
#11499=CARTESIAN_POINT('',(-31.3999999999882,110.,8.10000000002043));
#11500=CARTESIAN_POINT('',(-31.3999999999882,110.,6.90000000004425));
#11501=CARTESIAN_POINT('',(-29.9000000000026,110.,8.10000000002045));
#11502=CARTESIAN_POINT('',(-31.3999999999882,110.,8.10000000002043));
#11503=CARTESIAN_POINT('',(-29.9000000000022,110.,21.9000000000504));
#11504=CARTESIAN_POINT('',(-29.8999999999981,110.,-29.8999999999972));
#11505=CARTESIAN_POINT('',(-31.3999999999882,110.,21.9000000000443));
#11506=CARTESIAN_POINT('',(-29.9000000000022,110.,21.9000000000504));
#11507=CARTESIAN_POINT('',(-31.3999999999882,110.,23.1000000000204));
#11508=CARTESIAN_POINT('',(-31.3999999999882,110.,21.9000000000443));
#11509=CARTESIAN_POINT('',(-29.9000000000026,110.,23.1000000000205));
#11510=CARTESIAN_POINT('',(-31.3999999999882,110.,23.1000000000204));
#11511=CARTESIAN_POINT('',(-29.8999999999757,110.,29.8999999999951));
#11512=CARTESIAN_POINT('',(-29.8999999999981,110.,-29.8999999999972));
#11513=CARTESIAN_POINT('',(-29.8999999999757,110.,29.8999999999951));
#11514=CARTESIAN_POINT('Origin',(-2.87858625824811E-11,110.,2.4864554859505E-11));
#11515=CARTESIAN_POINT('',(-23.1000000000147,110.,-29.8999999999822));
#11516=CARTESIAN_POINT('',(-21.9000000000162,110.,-29.8999999999941));
#11517=CARTESIAN_POINT('',(14.9499999999445,110.,-29.8999999999977));
#11518=CARTESIAN_POINT('',(-21.9000000000079,110.,-31.3999999999941));
#11519=CARTESIAN_POINT('',(-21.9000000000079,110.,-31.3999999999941));
#11520=CARTESIAN_POINT('',(-23.1000000000234,110.,-31.3999999999941));
#11521=CARTESIAN_POINT('',(-23.1000000000234,110.,-31.3999999999941));
#11522=CARTESIAN_POINT('',(-23.1000000000147,110.,-29.8999999999822));
#11523=CARTESIAN_POINT('Origin',(-28.6000019649182,3.0999999999916,0.));
#11524=CARTESIAN_POINT('',(23.2000000000222,3.09999999999919,29.9000000000012));
#11525=CARTESIAN_POINT('',(27.0999996653833,3.09999999999976,29.9000000000016));
#11526=CARTESIAN_POINT('',(-29.2500009824489,3.09999999999151,29.8999999999952));
#11527=CARTESIAN_POINT('',(23.2000000000222,3.09999999999919,28.4000000000183));
#11528=CARTESIAN_POINT('',(23.2000000000225,3.09999999999919,14.2000000000097));
#11529=CARTESIAN_POINT('',(21.8000000000106,3.09999999999899,28.4000000000182));
#11530=CARTESIAN_POINT('',(-3.4000009824542,3.0999999999953,28.4000000000179));
#11531=CARTESIAN_POINT('',(21.8000000000044,3.09999999999899,29.900000000001));
#11532=CARTESIAN_POINT('',(21.8000000000666,3.09999999999899,14.9500000001287));
#11533=CARTESIAN_POINT('',(8.20000000002217,3.099999999997,29.8999999999994));
#11534=CARTESIAN_POINT('',(-29.2500009824489,3.09999999999151,29.8999999999952));
#11535=CARTESIAN_POINT('',(8.2000000000222,3.099999999997,28.4000000000183));
#11536=CARTESIAN_POINT('',(8.20000000002249,3.099999999997,14.2000000000095));
#11537=CARTESIAN_POINT('',(6.80000000001062,3.09999999999679,28.4000000000182));
#11538=CARTESIAN_POINT('',(-10.9000009824542,3.0999999999942,28.400000000018));
#11539=CARTESIAN_POINT('',(6.80000000000438,3.09999999999679,29.8999999999993));
#11540=CARTESIAN_POINT('',(6.80000000006661,3.09999999999679,14.9500000000975));
#11541=CARTESIAN_POINT('',(-6.79999999997783,3.0999999999948,29.8999999999977));
#11542=CARTESIAN_POINT('',(-29.2500009824489,3.09999999999151,29.8999999999952));
#11543=CARTESIAN_POINT('',(-6.7999999999778,3.0999999999948,28.4000000000183));
#11544=CARTESIAN_POINT('',(-6.79999999997751,3.0999999999948,14.2000000000094));
#11545=CARTESIAN_POINT('',(-8.19999999998938,3.09999999999459,28.4000000000182));
#11546=CARTESIAN_POINT('',(-18.4000009824542,3.0999999999931,28.4000000000181));
#11547=CARTESIAN_POINT('',(-8.19999999999562,3.09999999999459,29.8999999999976));
#11548=CARTESIAN_POINT('',(-8.19999999993339,3.09999999999459,14.9500000000663));
#11549=CARTESIAN_POINT('',(-21.7999999999778,3.0999999999926,29.899999999996));
#11550=CARTESIAN_POINT('',(-29.2500009824489,3.09999999999151,29.8999999999952));
#11551=CARTESIAN_POINT('',(-21.7999999999778,3.0999999999926,28.4000000000183));
#11552=CARTESIAN_POINT('',(-21.7999999999775,3.0999999999926,14.2000000000092));
#11553=CARTESIAN_POINT('',(-23.1999999999894,3.09999999999239,28.4000000000182));
#11554=CARTESIAN_POINT('',(-25.9000009824542,3.099999999992,28.4000000000182));
#11555=CARTESIAN_POINT('',(-23.1999999999956,3.09999999999239,29.8999999999959));
#11556=CARTESIAN_POINT('',(-23.1999999999334,3.09999999999239,14.950000000035));
#11557=CARTESIAN_POINT('',(-28.6000000000001,3.0999999999916,29.8999999999951));
#11558=CARTESIAN_POINT('',(-29.2500009824489,3.09999999999151,29.8999999999952));
#11559=CARTESIAN_POINT('',(-28.6000000000001,3.0999999999916,28.6999999999433));
#11560=CARTESIAN_POINT('',(-28.6000000000001,3.0999999999916,0.));
#11561=CARTESIAN_POINT('',(-24.4000000000416,3.09999999999222,28.7000000000055));
#11562=CARTESIAN_POINT('',(0.0499990175446456,3.0999999999958,28.6999999999768));
#11563=CARTESIAN_POINT('',(-24.4000000000404,3.09999999999222,27.2000000000015));
#11564=CARTESIAN_POINT('',(-24.4000000000293,3.09999999999222,13.6000000000025));
#11565=CARTESIAN_POINT('',(-20.5999999999776,3.09999999999278,27.2000000000006));
#11566=CARTESIAN_POINT('',(-24.6000009824448,3.09999999999219,27.2000000000016));
#11567=CARTESIAN_POINT('',(-20.5999999999777,3.09999999999278,28.700000000001));
#11568=CARTESIAN_POINT('',(-20.5999999999773,3.09999999999278,14.9500000000057));
#11569=CARTESIAN_POINT('',(-9.40000000004162,3.09999999999442,28.6999999999879));
#11570=CARTESIAN_POINT('',(0.0499990175446456,3.0999999999958,28.6999999999768));
#11571=CARTESIAN_POINT('',(-9.40000000004039,3.09999999999442,27.2000000000015));
#11572=CARTESIAN_POINT('',(-9.40000000002927,3.09999999999442,13.6000000000086));
#11573=CARTESIAN_POINT('',(-5.59999999997765,3.09999999999497,27.2000000000006));
#11574=CARTESIAN_POINT('',(-17.1000009824448,3.09999999999329,27.2000000000034));
#11575=CARTESIAN_POINT('',(-5.59999999997769,3.09999999999497,28.6999999999835));
#11576=CARTESIAN_POINT('',(-5.59999999997732,3.09999999999497,14.9500000000059));
#11577=CARTESIAN_POINT('',(5.59999999995838,3.09999999999661,28.6999999999703));
#11578=CARTESIAN_POINT('',(0.0499990175446456,3.0999999999958,28.6999999999768));
#11579=CARTESIAN_POINT('',(5.59999999995961,3.09999999999661,27.2000000000015));
#11580=CARTESIAN_POINT('',(5.59999999997073,3.09999999999661,13.6000000000147));
#11581=CARTESIAN_POINT('',(9.40000000002236,3.09999999999717,27.2000000000006));
#11582=CARTESIAN_POINT('',(-9.60000098244475,3.09999999999439,27.2000000000053));
#11583=CARTESIAN_POINT('',(9.40000000002231,3.09999999999717,28.6999999999659));
#11584=CARTESIAN_POINT('',(9.40000000002268,3.09999999999717,14.9500000000061));
#11585=CARTESIAN_POINT('',(20.5999999999584,3.09999999999881,28.6999999999528));
#11586=CARTESIAN_POINT('',(0.0499990175446456,3.0999999999958,28.6999999999768));
#11587=CARTESIAN_POINT('',(20.5999999999596,3.09999999999881,27.2000000000015));
#11588=CARTESIAN_POINT('',(20.5999999999707,3.09999999999881,13.6000000000209));
#11589=CARTESIAN_POINT('',(24.4000000000224,3.09999999999937,27.2000000000006));
#11590=CARTESIAN_POINT('',(-2.10000098244475,3.09999999999549,27.2000000000072));
#11591=CARTESIAN_POINT('',(24.4000000000223,3.09999999999937,28.6999999999483));
#11592=CARTESIAN_POINT('',(24.4000000000227,3.09999999999937,14.9500000000062));
#11593=CARTESIAN_POINT('',(27.0999996653833,3.09999999999976,28.6999999999452));
#11594=CARTESIAN_POINT('',(0.0499990175446456,3.0999999999958,28.6999999999768));
#11595=CARTESIAN_POINT('',(27.0999999999999,3.09999999999977,0.));
#11596=CARTESIAN_POINT('Origin',(27.2,0.,0.));
#11597=CARTESIAN_POINT('',(27.2,1.70717967697245,29.8999999999951));
#11598=CARTESIAN_POINT('',(27.2,1.70717967697245,-28.7));
#11599=CARTESIAN_POINT('',(27.2,1.70717967697245,0.));
#11600=CARTESIAN_POINT('',(27.2,0.,-28.6999999999858));
#11601=CARTESIAN_POINT('',(27.2,0.,-28.6999999999858));
#11602=CARTESIAN_POINT('',(27.2,0.,29.9000000000016));
#11603=CARTESIAN_POINT('',(27.2,0.,0.));
#11604=CARTESIAN_POINT('',(27.2,0.853589838486224,29.9000000000016));
#11605=CARTESIAN_POINT('Origin',(23.2000000000222,0.,28.4000000000183));
#11606=CARTESIAN_POINT('',(23.2000000000222,106.900000000001,29.9000000000012));
#11607=CARTESIAN_POINT('',(23.2000000000222,0.,29.9000000000012));
#11608=CARTESIAN_POINT('',(23.2000000000222,106.900000000001,28.4000000000183));
#11609=CARTESIAN_POINT('',(23.2000000000225,106.900000000001,14.2000000000097));
#11610=CARTESIAN_POINT('',(23.2000000000222,0.,28.4000000000183));
#11611=CARTESIAN_POINT('Origin',(28.6999999999743,0.,28.6999999999433));
#11612=CARTESIAN_POINT('',(24.4000000000223,27.9130434782609,28.6999999999483));
#11613=CARTESIAN_POINT('',(24.4000000000223,0.,28.6999999999483));
#11614=CARTESIAN_POINT('',(28.6999999999743,27.9130434782609,28.6999999999433));
#11615=CARTESIAN_POINT('',(14.3500000000034,27.9130434782609,28.6999999999601));
#11616=CARTESIAN_POINT('',(28.7,4.59282032302694,28.6999999999433));
#11617=CARTESIAN_POINT('',(28.6999999999743,0.,28.6999999999433));
#11618=CARTESIAN_POINT('',(27.2,3.09282032302756,28.699999999945));
#11619=CARTESIAN_POINT('',(26.8017949192453,2.69461524227297,28.6999999999455));
#11620=CARTESIAN_POINT('Origin',(27.1,2.4,28.6999999999433));
#11621=CARTESIAN_POINT('Origin',(24.4000000000223,0.,29.9000000000111));
#11622=CARTESIAN_POINT('',(24.4000000000224,36.6314647552266,27.2000000000006));
#11623=CARTESIAN_POINT('',(24.4000000000224,0.,27.2000000000006));
#11624=CARTESIAN_POINT('Origin',(24.3999999999903,27.9130434782609,2.61304347820919));
#11625=CARTESIAN_POINT('Origin',(24.4000000000224,0.,27.2000000000006));
#11626=CARTESIAN_POINT('',(20.5999999999596,36.6314647552365,27.2000000000015));
#11627=CARTESIAN_POINT('',(20.5999999999596,0.,27.2000000000015));
#11628=CARTESIAN_POINT('',(14.3500000000017,36.6314647552527,27.2000000000031));
#11629=CARTESIAN_POINT('Origin',(20.5999999999596,0.,27.2000000000015));
#11630=CARTESIAN_POINT('',(20.5999999999584,27.9130434782609,28.6999999999528));
#11631=CARTESIAN_POINT('',(20.5999999999584,0.,28.6999999999528));
#11632=CARTESIAN_POINT('Origin',(20.5999999999308,27.9130434782609,2.61304347821364));
#11633=CARTESIAN_POINT('Origin',(28.6999999999743,0.,28.6999999999433));
#11634=CARTESIAN_POINT('',(9.40000000002231,27.9130434782609,28.6999999999659));
#11635=CARTESIAN_POINT('',(9.40000000002231,0.,28.6999999999659));
#11636=CARTESIAN_POINT('',(14.3500000000034,27.9130434782609,28.6999999999601));
#11637=CARTESIAN_POINT('Origin',(9.40000000002228,0.,29.9000000000111));
#11638=CARTESIAN_POINT('',(9.40000000002236,36.6314647552761,27.2000000000006));
#11639=CARTESIAN_POINT('',(9.40000000002236,0.,27.2000000000006));
#11640=CARTESIAN_POINT('Origin',(9.39999999999033,27.9130434782609,2.61304347822676));
#11641=CARTESIAN_POINT('Origin',(9.40000000002236,0.,27.2000000000006));
#11642=CARTESIAN_POINT('',(5.59999999995961,36.631464755286,27.2000000000015));
#11643=CARTESIAN_POINT('',(5.59999999995961,0.,27.2000000000015));
#11644=CARTESIAN_POINT('',(14.3500000000017,36.6314647552633,27.1999999999993));
#11645=CARTESIAN_POINT('Origin',(5.59999999995961,0.,27.2000000000015));
#11646=CARTESIAN_POINT('',(5.59999999995838,27.9130434782609,28.6999999999703));
#11647=CARTESIAN_POINT('',(5.59999999995838,0.,28.6999999999703));
#11648=CARTESIAN_POINT('Origin',(5.59999999993082,27.9130434782609,2.61304347823121));
#11649=CARTESIAN_POINT('Origin',(28.6999999999743,0.,28.6999999999433));
#11650=CARTESIAN_POINT('',(-5.59999999997769,27.9130434782609,28.6999999999835));
#11651=CARTESIAN_POINT('',(-5.59999999997769,0.,28.6999999999835));
#11652=CARTESIAN_POINT('',(14.3500000000034,27.9130434782609,28.6999999999601));
#11653=CARTESIAN_POINT('Origin',(-5.59999999997772,0.,29.9000000000111));
#11654=CARTESIAN_POINT('',(-5.59999999997765,36.6314647553257,27.2000000000006));
#11655=CARTESIAN_POINT('',(-5.59999999997765,0.,27.2000000000006));
#11656=CARTESIAN_POINT('Origin',(-5.60000000000967,27.9130434782609,2.61304347824432));
#11657=CARTESIAN_POINT('Origin',(-5.59999999997765,0.,27.2000000000006));
#11658=CARTESIAN_POINT('',(-9.40000000004039,36.6314647553355,27.2000000000015));
#11659=CARTESIAN_POINT('',(-9.40000000004039,0.,27.2000000000015));
#11660=CARTESIAN_POINT('',(14.3500000000017,36.6314647552738,27.1999999999956));
#11661=CARTESIAN_POINT('Origin',(-9.40000000004039,0.,27.2000000000015));
#11662=CARTESIAN_POINT('',(-9.40000000004161,27.9130434782609,28.6999999999879));
#11663=CARTESIAN_POINT('',(-9.40000000004162,0.,28.6999999999879));
#11664=CARTESIAN_POINT('Origin',(-9.40000000006918,27.9130434782609,2.61304347824877));
#11665=CARTESIAN_POINT('Origin',(-29.8999999999757,0.,29.8999999999951));
#11666=CARTESIAN_POINT('',(-28.7,0.,29.8999999999952));
#11667=CARTESIAN_POINT('',(-28.7,1.70717967697233,29.8999999999951));
#11668=CARTESIAN_POINT('',(-28.7,0.,29.8999999999952));
#11669=CARTESIAN_POINT('Origin',(-28.6,2.39999999999988,29.8999999999951));
#11670=CARTESIAN_POINT('',(-23.1999999999956,106.900000000008,29.8999999999959));
#11671=CARTESIAN_POINT('',(-23.1999999999956,0.,29.8999999999959));
#11672=CARTESIAN_POINT('',(-28.6000000000001,106.900000000008,29.8999999999951));
#11673=CARTESIAN_POINT('',(-29.2500009824408,106.900000000009,29.8999999999952));
#11674=CARTESIAN_POINT('Origin',(-28.6,107.6,29.8999999999951));
#11675=CARTESIAN_POINT('',(-29.8999999999757,0.,29.8999999999951));
#11676=CARTESIAN_POINT('',(-29.8999999999757,0.,29.8999999999951));
#11677=CARTESIAN_POINT('',(-29.8999999999757,0.,29.8999999999951));
#11678=CARTESIAN_POINT('Origin',(28.6999999999743,0.,28.6999999999433));
#11679=CARTESIAN_POINT('',(-20.5999999999777,27.9130434782609,28.700000000001));
#11680=CARTESIAN_POINT('',(-20.5999999999777,0.,28.700000000001));
#11681=CARTESIAN_POINT('',(14.3500000000034,27.9130434782609,28.6999999999601));
#11682=CARTESIAN_POINT('Origin',(-28.6,2.39999999999988,0.));
#11683=CARTESIAN_POINT('',(-28.6999999999988,1.70717967697216,-28.7));
#11684=CARTESIAN_POINT('',(-28.7,1.70717967697233,0.));
#11685=CARTESIAN_POINT('',(-28.6999999999988,3.0928203230276,-28.7));
#11686=CARTESIAN_POINT('Origin',(-28.6,2.39999999999988,-28.7));
#11687=CARTESIAN_POINT('',(-28.6999999999524,3.09282032303429,28.7000000000105));
#11688=CARTESIAN_POINT('',(-28.6999999999756,3.09282032303094,0.));
#11689=CARTESIAN_POINT('Origin',(-28.6,2.39999999999988,28.6999999999433));
#11690=CARTESIAN_POINT('Origin',(-20.5999999999777,0.,29.9000000000111));
#11691=CARTESIAN_POINT('',(-20.5999999999776,36.6314647553752,27.2000000000006));
#11692=CARTESIAN_POINT('',(-20.5999999999776,0.,27.2000000000006));
#11693=CARTESIAN_POINT('Origin',(-20.6000000000097,27.9130434782609,2.61304347826189));
#11694=CARTESIAN_POINT('Origin',(-20.5999999999776,0.,27.2000000000006));
#11695=CARTESIAN_POINT('',(-24.4000000000404,36.6314647553851,27.2000000000015));
#11696=CARTESIAN_POINT('',(-24.4000000000404,0.,27.2000000000015));
#11697=CARTESIAN_POINT('',(14.3500000000017,36.6314647552844,27.1999999999918));
#11698=CARTESIAN_POINT('Origin',(27.1,2.4,0.));
#11699=CARTESIAN_POINT('',(27.2,3.09282032302756,-5.59999999996102));
#11700=CARTESIAN_POINT('',(27.2000000000076,3.09282032303509,5.60000000001976));
#11701=CARTESIAN_POINT('',(27.2,3.09282032302756,0.));
#11702=CARTESIAN_POINT('',(27.2000000000076,3.09282032303509,-9.39999999998024));
#11703=CARTESIAN_POINT('',(27.2,3.09282032302755,0.));
#11704=CARTESIAN_POINT('',(27.2,3.09282032302756,-20.599999999961));
#11705=CARTESIAN_POINT('',(27.2,3.09282032302756,0.));
#11706=CARTESIAN_POINT('',(27.2000000000076,3.09282032303509,-24.3999999999802));
#11707=CARTESIAN_POINT('',(27.2,3.09282032302755,0.));
#11708=CARTESIAN_POINT('',(27.2,3.09282032302756,-28.6999999999858));
#11709=CARTESIAN_POINT('',(27.2,3.09282032302756,0.));
#11710=CARTESIAN_POINT('Origin',(27.1,2.4,-28.7));
#11711=CARTESIAN_POINT('Origin',(27.1,2.4,29.8999999999951));
#11712=CARTESIAN_POINT('',(27.2000000000075,3.09282032303509,24.400000000039));
#11713=CARTESIAN_POINT('',(27.2,3.09282032302756,0.));
#11714=CARTESIAN_POINT('',(27.2000000000076,3.09282032303509,20.6000000000198));
#11715=CARTESIAN_POINT('',(27.2,3.09282032302755,0.));
#11716=CARTESIAN_POINT('',(27.2,3.09282032302756,9.40000000003898));
#11717=CARTESIAN_POINT('',(27.2,3.09282032302756,0.));
#11718=CARTESIAN_POINT('',(27.2,3.09282032302755,0.));
#11719=CARTESIAN_POINT('Origin',(-28.6999999999524,0.,28.7000000000105));
#11720=CARTESIAN_POINT('',(-28.6999999999988,0.,-28.7000000000647));
#11721=CARTESIAN_POINT('',(-28.7,0.,1.24322774297525E-11));
#11722=CARTESIAN_POINT('',(-28.6999999999988,0.,-28.7000000000647));
#11723=CARTESIAN_POINT('Origin',(27.2,0.,0.));
#11724=CARTESIAN_POINT('',(27.2000000000076,36.6314647552701,24.400000000039));
#11725=CARTESIAN_POINT('',(27.2000000000075,0.,24.400000000039));
#11726=CARTESIAN_POINT('',(27.2000000000076,36.6314647552612,20.6000000000198));
#11727=CARTESIAN_POINT('',(27.2000000000076,36.6314647551789,-14.3500000000015));
#11728=CARTESIAN_POINT('',(27.2000000000076,0.,20.6000000000198));
#11729=CARTESIAN_POINT('Origin',(27.2,0.,0.));
#11730=CARTESIAN_POINT('',(27.2000000000076,36.6314647551643,-20.599999999961));
#11731=CARTESIAN_POINT('',(27.2000000000075,0.,-20.599999999961));
#11732=CARTESIAN_POINT('',(27.2000000000076,36.6314647551554,-24.3999999999802));
#11733=CARTESIAN_POINT('',(27.2000000000075,36.6314647551791,-14.3500000000015));
#11734=CARTESIAN_POINT('',(27.2000000000076,0.,-24.3999999999802));
#11735=CARTESIAN_POINT('Origin',(27.2,0.,0.));
#11736=CARTESIAN_POINT('',(27.2000000000076,36.6314647551996,-5.59999999996102));
#11737=CARTESIAN_POINT('',(27.2000000000075,0.,-5.59999999996102));
#11738=CARTESIAN_POINT('',(27.2000000000076,36.6314647551907,-9.39999999998024));
#11739=CARTESIAN_POINT('',(27.2000000000076,36.631464755179,-14.3500000000015));
#11740=CARTESIAN_POINT('',(27.2000000000076,0.,-9.39999999998024));
#11741=CARTESIAN_POINT('Origin',(27.2,0.,0.));
#11742=CARTESIAN_POINT('',(27.2000000000076,36.6314647552349,9.40000000003898));
#11743=CARTESIAN_POINT('',(27.2000000000075,0.,9.40000000003898));
#11744=CARTESIAN_POINT('',(27.2000000000076,36.6314647552259,5.60000000001976));
#11745=CARTESIAN_POINT('',(27.2000000000076,36.631464755179,-14.3500000000015));
#11746=CARTESIAN_POINT('',(27.2000000000076,0.,5.60000000001976));
#11747=CARTESIAN_POINT('Origin',(-28.6999999999988,0.,-28.7000000000647));
#11748=CARTESIAN_POINT('',(28.6999999999265,0.,-28.6999999999837));
#11749=CARTESIAN_POINT('',(28.7,4.59282032302694,-28.6999999999837));
#11750=CARTESIAN_POINT('',(12.4517949192478,-11.6553847577186,-28.7000000000066));
#11751=CARTESIAN_POINT('',(28.6999999999265,27.9130434782609,-28.6999999999837));
#11752=CARTESIAN_POINT('',(28.6999999999265,0.,-28.6999999999837));
#11753=CARTESIAN_POINT('',(-28.6999999999988,27.9130434782609,-28.7000000000647));
#11754=CARTESIAN_POINT('',(-14.3499999999797,27.9130434782609,-28.7000000000444));
#11755=CARTESIAN_POINT('',(-28.6999999999988,0.,-28.7000000000647));
#11756=CARTESIAN_POINT('Origin',(-28.6000019649182,106.900000000008,0.));
#11757=CARTESIAN_POINT('',(27.0999996653833,106.9,29.9000000000016));
#11758=CARTESIAN_POINT('',(-29.2500009824408,106.900000000009,29.8999999999952));
#11759=CARTESIAN_POINT('',(27.0999996653833,106.9,28.6999999999452));
#11760=CARTESIAN_POINT('',(27.0999999999999,106.9,0.));
#11761=CARTESIAN_POINT('',(24.4000000000223,106.900000000001,28.6999999999483));
#11762=CARTESIAN_POINT('',(0.0499990175527059,106.900000000004,28.6999999999768));
#11763=CARTESIAN_POINT('',(24.4000000000224,106.900000000001,27.2000000000006));
#11764=CARTESIAN_POINT('',(24.4000000000227,106.900000000001,14.9500000000062));
#11765=CARTESIAN_POINT('',(20.5999999999596,106.900000000001,27.2000000000015));
#11766=CARTESIAN_POINT('',(-2.10000098243669,106.900000000005,27.2000000000072));
#11767=CARTESIAN_POINT('',(20.5999999999584,106.900000000001,28.6999999999528));
#11768=CARTESIAN_POINT('',(20.5999999999707,106.900000000001,13.6000000000209));
#11769=CARTESIAN_POINT('',(9.40000000002231,106.900000000003,28.6999999999659));
#11770=CARTESIAN_POINT('',(0.0499990175527059,106.900000000004,28.6999999999768));
#11771=CARTESIAN_POINT('',(9.40000000002236,106.900000000003,27.2000000000006));
#11772=CARTESIAN_POINT('',(9.40000000002268,106.900000000003,14.9500000000061));
#11773=CARTESIAN_POINT('',(5.59999999995961,106.900000000003,27.2000000000015));
#11774=CARTESIAN_POINT('',(-9.60000098243669,106.900000000006,27.2000000000053));
#11775=CARTESIAN_POINT('',(5.59999999995838,106.900000000003,28.6999999999703));
#11776=CARTESIAN_POINT('',(5.59999999997073,106.900000000003,13.6000000000147));
#11777=CARTESIAN_POINT('',(-5.59999999997769,106.900000000005,28.6999999999835));
#11778=CARTESIAN_POINT('',(0.0499990175527059,106.900000000004,28.6999999999768));
#11779=CARTESIAN_POINT('',(-5.59999999997765,106.900000000005,27.2000000000006));
#11780=CARTESIAN_POINT('',(-5.59999999997732,106.900000000005,14.9500000000059));
#11781=CARTESIAN_POINT('',(-9.40000000004039,106.900000000006,27.2000000000015));
#11782=CARTESIAN_POINT('',(-17.1000009824367,106.900000000007,27.2000000000034));
#11783=CARTESIAN_POINT('',(-9.40000000004162,106.900000000006,28.6999999999879));
#11784=CARTESIAN_POINT('',(-9.40000000002927,106.900000000006,13.6000000000086));
#11785=CARTESIAN_POINT('',(-20.5999999999777,106.900000000007,28.700000000001));
#11786=CARTESIAN_POINT('',(0.0499990175527059,106.900000000004,28.6999999999768));
#11787=CARTESIAN_POINT('',(-20.5999999999776,106.900000000007,27.2000000000006));
#11788=CARTESIAN_POINT('',(-20.5999999999773,106.900000000007,14.9500000000057));
#11789=CARTESIAN_POINT('',(-24.4000000000404,106.900000000008,27.2000000000015));
#11790=CARTESIAN_POINT('',(-24.6000009824367,106.900000000008,27.2000000000016));
#11791=CARTESIAN_POINT('',(-24.4000000000416,106.900000000008,28.7000000000055));
#11792=CARTESIAN_POINT('',(-24.4000000000293,106.900000000008,13.6000000000025));
#11793=CARTESIAN_POINT('',(-28.6000000000001,106.900000000008,28.6999999999433));
#11794=CARTESIAN_POINT('',(0.0499990175527059,106.900000000004,28.6999999999768));
#11795=CARTESIAN_POINT('',(-28.6000000000001,106.900000000008,0.));
#11796=CARTESIAN_POINT('',(-23.1999999999894,106.900000000008,28.4000000000182));
#11797=CARTESIAN_POINT('',(-23.1999999999334,106.900000000008,14.950000000035));
#11798=CARTESIAN_POINT('',(-21.7999999999778,106.900000000007,28.4000000000183));
#11799=CARTESIAN_POINT('',(-25.9000009824461,106.900000000008,28.4000000000182));
#11800=CARTESIAN_POINT('',(-21.7999999999778,106.900000000007,29.899999999996));
#11801=CARTESIAN_POINT('',(-21.7999999999775,106.900000000007,14.2000000000092));
#11802=CARTESIAN_POINT('',(-8.19999999999562,106.900000000005,29.8999999999976));
#11803=CARTESIAN_POINT('',(-29.2500009824408,106.900000000009,29.8999999999952));
#11804=CARTESIAN_POINT('',(-8.19999999998938,106.900000000005,28.4000000000182));
#11805=CARTESIAN_POINT('',(-8.19999999993339,106.900000000005,14.9500000000663));
#11806=CARTESIAN_POINT('',(-6.7999999999778,106.900000000005,28.4000000000183));
#11807=CARTESIAN_POINT('',(-18.4000009824461,106.900000000007,28.4000000000181));
#11808=CARTESIAN_POINT('',(-6.79999999997783,106.900000000005,29.8999999999977));
#11809=CARTESIAN_POINT('',(-6.79999999997751,106.900000000005,14.2000000000094));
#11810=CARTESIAN_POINT('',(6.80000000000438,106.900000000003,29.8999999999993));
#11811=CARTESIAN_POINT('',(-29.2500009824408,106.900000000009,29.8999999999952));
#11812=CARTESIAN_POINT('',(6.80000000001062,106.900000000003,28.4000000000182));
#11813=CARTESIAN_POINT('',(6.80000000006661,106.900000000003,14.9500000000975));
#11814=CARTESIAN_POINT('',(8.2000000000222,106.900000000003,28.4000000000183));
#11815=CARTESIAN_POINT('',(-10.9000009824461,106.900000000006,28.400000000018));
#11816=CARTESIAN_POINT('',(8.20000000002217,106.900000000003,29.8999999999994));
#11817=CARTESIAN_POINT('',(8.20000000002249,106.900000000003,14.2000000000095));
#11818=CARTESIAN_POINT('',(21.8000000000044,106.900000000001,29.900000000001));
#11819=CARTESIAN_POINT('',(-29.2500009824408,106.900000000009,29.8999999999952));
#11820=CARTESIAN_POINT('',(21.8000000000106,106.900000000001,28.4000000000182));
#11821=CARTESIAN_POINT('',(21.8000000000666,106.900000000001,14.9500000001287));
#11822=CARTESIAN_POINT('',(-3.40000098244614,106.900000000005,28.4000000000179));
#11823=CARTESIAN_POINT('Origin',(27.2,110.,0.));
#11824=CARTESIAN_POINT('',(27.2,108.292820323028,-28.7));
#11825=CARTESIAN_POINT('',(27.2,55.,-28.6999999999858));
#11826=CARTESIAN_POINT('',(27.2,108.292820323028,29.8999999999951));
#11827=CARTESIAN_POINT('',(27.2,108.292820323028,0.));
#11828=CARTESIAN_POINT('',(27.2,54.1464101615138,29.9000000000016));
#11829=CARTESIAN_POINT('Origin',(27.1,107.6,0.));
#11830=CARTESIAN_POINT('',(27.2,106.907179676972,-28.6999999999858));
#11831=CARTESIAN_POINT('Origin',(27.1,107.6,-28.7));
#11832=CARTESIAN_POINT('',(27.2000000000076,106.907179676965,-24.3999999999802));
#11833=CARTESIAN_POINT('',(27.2,106.907179676972,0.));
#11834=CARTESIAN_POINT('',(27.2,106.907179676972,-20.599999999961));
#11835=CARTESIAN_POINT('',(27.2,106.907179676972,0.));
#11836=CARTESIAN_POINT('',(27.2000000000076,106.907179676965,-9.39999999998024));
#11837=CARTESIAN_POINT('',(27.2,106.907179676972,0.));
#11838=CARTESIAN_POINT('',(27.2,106.907179676972,-5.59999999996102));
#11839=CARTESIAN_POINT('',(27.2,106.907179676972,0.));
#11840=CARTESIAN_POINT('',(27.2000000000076,106.907179676965,5.60000000001976));
#11841=CARTESIAN_POINT('',(27.2,106.907179676972,0.));
#11842=CARTESIAN_POINT('',(27.2,106.907179676972,9.40000000003898));
#11843=CARTESIAN_POINT('',(27.2,106.907179676972,0.));
#11844=CARTESIAN_POINT('',(27.2000000000076,106.907179676965,20.6000000000198));
#11845=CARTESIAN_POINT('',(27.2,106.907179676972,0.));
#11846=CARTESIAN_POINT('',(27.2000000000075,106.907179676965,24.400000000039));
#11847=CARTESIAN_POINT('',(27.2,106.907179676972,0.));
#11848=CARTESIAN_POINT('',(27.2,106.907179676972,28.699999999945));
#11849=CARTESIAN_POINT('',(27.2,106.907179676972,0.));
#11850=CARTESIAN_POINT('Origin',(27.1,107.6,28.6999999999433));
#11851=CARTESIAN_POINT('Origin',(27.1,107.6,29.8999999999951));
#11852=CARTESIAN_POINT('Origin',(-29.8999999999757,0.,29.8999999999951));
#11853=CARTESIAN_POINT('',(29.899999999945,0.,29.9000000000019));
#11854=CARTESIAN_POINT('',(-29.8999999999757,0.,29.8999999999951));
#11855=CARTESIAN_POINT('',(29.899999999945,0.,29.9000000000019));
#11856=CARTESIAN_POINT('Origin',(21.8000000000106,0.,28.4000000000182));
#11857=CARTESIAN_POINT('',(21.8000000000106,0.,28.4000000000182));
#11858=CARTESIAN_POINT('Origin',(21.8000000000044,0.,29.9000000000476));
#11859=CARTESIAN_POINT('',(21.8000000000044,0.,29.900000000001));
#11860=CARTESIAN_POINT('Origin',(-29.8999999999757,0.,29.8999999999951));
#11861=CARTESIAN_POINT('',(8.20000000002217,0.,29.8999999999994));
#11862=CARTESIAN_POINT('Origin',(8.2000000000222,0.,28.4000000000183));
#11863=CARTESIAN_POINT('',(8.2000000000222,0.,28.4000000000183));
#11864=CARTESIAN_POINT('Origin',(6.80000000001062,0.,28.4000000000182));
#11865=CARTESIAN_POINT('',(6.80000000001062,0.,28.4000000000182));
#11866=CARTESIAN_POINT('Origin',(6.80000000000438,0.,29.9000000000476));
#11867=CARTESIAN_POINT('',(6.80000000000438,0.,29.8999999999993));
#11868=CARTESIAN_POINT('Origin',(-29.8999999999757,0.,29.8999999999951));
#11869=CARTESIAN_POINT('',(-6.79999999997783,0.,29.8999999999977));
#11870=CARTESIAN_POINT('Origin',(-6.7999999999778,0.,28.4000000000183));
#11871=CARTESIAN_POINT('',(-6.7999999999778,0.,28.4000000000183));
#11872=CARTESIAN_POINT('Origin',(-8.19999999998938,0.,28.4000000000182));
#11873=CARTESIAN_POINT('',(-8.19999999998938,0.,28.4000000000182));
#11874=CARTESIAN_POINT('Origin',(-8.19999999999562,0.,29.9000000000476));
#11875=CARTESIAN_POINT('',(-8.19999999999562,0.,29.8999999999976));
#11876=CARTESIAN_POINT('Origin',(-29.8999999999757,0.,29.8999999999951));
#11877=CARTESIAN_POINT('',(-21.7999999999778,0.,29.899999999996));
#11878=CARTESIAN_POINT('Origin',(-21.7999999999778,0.,28.4000000000183));
#11879=CARTESIAN_POINT('',(-21.7999999999778,0.,28.4000000000183));
#11880=CARTESIAN_POINT('Origin',(-23.1999999999894,0.,28.4000000000182));
#11881=CARTESIAN_POINT('',(-23.1999999999894,0.,28.4000000000182));
#11882=CARTESIAN_POINT('Origin',(-23.1999999999956,0.,29.9000000000476));
#11883=CARTESIAN_POINT('Origin',(-28.6,107.6,0.));
#11884=CARTESIAN_POINT('',(-28.6999999999988,106.907179676972,-28.7));
#11885=CARTESIAN_POINT('',(-28.6999999999524,106.907179676966,28.7000000000105));
#11886=CARTESIAN_POINT('',(-28.6999999999756,106.907179676969,0.));
#11887=CARTESIAN_POINT('Origin',(-28.6,107.6,-28.7));
#11888=CARTESIAN_POINT('Origin',(-28.6,107.6,28.6999999999433));
#11889=CARTESIAN_POINT('Origin',(28.6999999999743,0.,28.6999999999433));
#11890=CARTESIAN_POINT('',(28.7,105.407179676973,28.6999999999433));
#11891=CARTESIAN_POINT('',(54.3017949192453,79.8053847577384,28.6999999999133));
#11892=CARTESIAN_POINT('',(28.6999999999743,56.,28.6999999999433));
#11893=CARTESIAN_POINT('',(28.6999999999743,0.,28.6999999999433));
#11894=CARTESIAN_POINT('',(24.4000000000223,56.,28.6999999999483));
#11895=CARTESIAN_POINT('',(14.3500000000034,56.,28.6999999999601));
#11896=CARTESIAN_POINT('',(24.4000000000223,0.,28.6999999999483));
#11897=CARTESIAN_POINT('Origin',(27.2,110.,0.));
#11898=CARTESIAN_POINT('',(27.2000000000076,56.,20.6000000000198));
#11899=CARTESIAN_POINT('',(27.2000000000076,0.,20.6000000000198));
#11900=CARTESIAN_POINT('',(27.2000000000075,56.,24.400000000039));
#11901=CARTESIAN_POINT('',(27.2000000000076,56.,10.300000000011));
#11902=CARTESIAN_POINT('',(27.2000000000075,0.,24.400000000039));
#11903=CARTESIAN_POINT('Origin',(27.2,110.,0.));
#11904=CARTESIAN_POINT('',(27.2000000000076,56.,5.60000000001976));
#11905=CARTESIAN_POINT('',(27.2000000000076,0.,5.60000000001976));
#11906=CARTESIAN_POINT('',(27.2000000000075,56.,9.40000000003898));
#11907=CARTESIAN_POINT('',(27.2000000000076,56.,2.80000000001099));
#11908=CARTESIAN_POINT('',(27.2000000000075,0.,9.40000000003898));
#11909=CARTESIAN_POINT('Origin',(27.2,110.,0.));
#11910=CARTESIAN_POINT('',(27.2000000000076,56.,-9.39999999998024));
#11911=CARTESIAN_POINT('',(27.2000000000076,0.,-9.39999999998024));
#11912=CARTESIAN_POINT('',(27.2000000000075,56.,-5.59999999996102));
#11913=CARTESIAN_POINT('',(27.2000000000075,56.,-4.69999999998901));
#11914=CARTESIAN_POINT('',(27.2000000000075,0.,-5.59999999996102));
#11915=CARTESIAN_POINT('Origin',(27.2,110.,0.));
#11916=CARTESIAN_POINT('',(27.2000000000076,56.,-24.3999999999802));
#11917=CARTESIAN_POINT('',(27.2000000000076,0.,-24.3999999999802));
#11918=CARTESIAN_POINT('',(27.2000000000075,56.,-20.599999999961));
#11919=CARTESIAN_POINT('',(27.2000000000075,56.,-12.199999999989));
#11920=CARTESIAN_POINT('',(27.2000000000075,0.,-20.599999999961));
#11921=CARTESIAN_POINT('Origin',(-28.6999999999988,0.,-28.7000000000647));
#11922=CARTESIAN_POINT('',(-28.6999999999988,56.,-28.7000000000647));
#11923=CARTESIAN_POINT('',(-28.6999999999988,0.,-28.7000000000647));
#11924=CARTESIAN_POINT('',(28.6999999999265,56.,-28.6999999999837));
#11925=CARTESIAN_POINT('',(-14.3499999999797,56.,-28.7000000000444));
#11926=CARTESIAN_POINT('',(28.7,105.407179676973,-28.6999999999837));
#11927=CARTESIAN_POINT('',(28.6999999999265,0.,-28.6999999999837));
#11928=CARTESIAN_POINT('',(39.9517949192478,94.1553847577299,-28.6999999999679));
#11929=CARTESIAN_POINT('Origin',(-28.6999999999524,0.,28.7000000000105));
#11930=CARTESIAN_POINT('',(-28.6999999999524,56.,28.7000000000105));
#11931=CARTESIAN_POINT('',(-28.6999999999524,0.,28.7000000000105));
#11932=CARTESIAN_POINT('',(-28.699999999964,56.,14.3500000000179));
#11933=CARTESIAN_POINT('Origin',(29.899999999945,0.,29.9000000000019));
#11934=CARTESIAN_POINT('',(29.8999999999954,0.,8.20000000004691));
#11935=CARTESIAN_POINT('',(29.8999999999353,0.,8.20000000004691));
#11936=CARTESIAN_POINT('',(29.9000000000098,0.,21.8000000000205));
#11937=CARTESIAN_POINT('',(29.8999999999414,0.,21.8000000000205));
#11938=CARTESIAN_POINT('',(29.899999999945,0.,29.9000000000019));
#11939=CARTESIAN_POINT('Origin',(29.899999999945,0.,29.9000000000019));
#11940=CARTESIAN_POINT('',(29.8999999999954,0.,-6.79999999995309));
#11941=CARTESIAN_POINT('',(29.8999999999286,0.,-6.79999999995309));
#11942=CARTESIAN_POINT('',(29.9000000000098,0.,6.80000000002055));
#11943=CARTESIAN_POINT('',(29.8999999999347,0.,6.80000000002055));
#11944=CARTESIAN_POINT('',(29.899999999945,0.,29.9000000000019));
#11945=CARTESIAN_POINT('Origin',(-2.87858625824811E-11,0.,2.4864554859505E-11));
#11946=CARTESIAN_POINT('',(-29.9000000000026,0.,23.1000000000205));
#11947=CARTESIAN_POINT('',(-29.8999999999981,0.,-29.8999999999972));
#11948=CARTESIAN_POINT('',(-31.3999999999882,0.,23.1000000000204));
#11949=CARTESIAN_POINT('',(-31.3999999999882,0.,23.1000000000204));
#11950=CARTESIAN_POINT('',(-31.3999999999882,0.,21.9000000000443));
#11951=CARTESIAN_POINT('',(-31.3999999999882,0.,21.9000000000443));
#11952=CARTESIAN_POINT('',(-29.9000000000022,0.,21.9000000000504));
#11953=CARTESIAN_POINT('',(-29.9000000000022,0.,21.9000000000504));
#11954=CARTESIAN_POINT('',(-29.9000000000026,0.,8.10000000002045));
#11955=CARTESIAN_POINT('',(-29.8999999999981,0.,-29.8999999999972));
#11956=CARTESIAN_POINT('',(-31.3999999999882,0.,8.10000000002043));
#11957=CARTESIAN_POINT('',(-31.3999999999882,0.,8.10000000002043));
#11958=CARTESIAN_POINT('',(-31.3999999999882,0.,6.90000000004425));
#11959=CARTESIAN_POINT('',(-31.3999999999882,0.,6.90000000004425));
#11960=CARTESIAN_POINT('',(-29.9000000000022,0.,6.90000000005043));
#11961=CARTESIAN_POINT('',(-29.9000000000022,0.,6.90000000005043));
#11962=CARTESIAN_POINT('',(-29.9000000000026,0.,-6.89999999997955));
#11963=CARTESIAN_POINT('',(-29.8999999999981,0.,-29.8999999999972));
#11964=CARTESIAN_POINT('',(-31.3999999999882,0.,-6.89999999997957));
#11965=CARTESIAN_POINT('',(-31.3999999999882,0.,-6.89999999997957));
#11966=CARTESIAN_POINT('',(-31.3999999999882,0.,-8.09999999995575));
#11967=CARTESIAN_POINT('',(-31.3999999999882,0.,-8.09999999995575));
#11968=CARTESIAN_POINT('',(-29.9000000000022,0.,-8.09999999994957));
#11969=CARTESIAN_POINT('',(-29.9000000000022,0.,-8.09999999994957));
#11970=CARTESIAN_POINT('',(-29.9000000000026,0.,-21.8999999999795));
#11971=CARTESIAN_POINT('',(-29.8999999999981,0.,-29.8999999999972));
#11972=CARTESIAN_POINT('',(-31.3999999999882,0.,-21.8999999999796));
#11973=CARTESIAN_POINT('',(-31.3999999999882,0.,-21.8999999999796));
#11974=CARTESIAN_POINT('',(-31.3999999999882,0.,-23.0999999999557));
#11975=CARTESIAN_POINT('',(-31.3999999999882,0.,-23.0999999999557));
#11976=CARTESIAN_POINT('',(-29.9000000000022,0.,-23.0999999999496));
#11977=CARTESIAN_POINT('',(-29.9000000000022,0.,-23.0999999999496));
#11978=CARTESIAN_POINT('',(-29.8999999999981,0.,-29.8999999999972));
#11979=CARTESIAN_POINT('',(-29.8999999999981,0.,-29.8999999999972));
#11980=CARTESIAN_POINT('',(-23.1000000000147,0.,-29.8999999999822));
#11981=CARTESIAN_POINT('',(29.8999999999182,0.,-29.8999999999979));
#11982=CARTESIAN_POINT('',(-23.1000000000234,0.,-31.3999999999941));
#11983=CARTESIAN_POINT('',(-23.1000000000147,0.,-29.8999999999822));
#11984=CARTESIAN_POINT('',(-21.9000000000079,0.,-31.3999999999941));
#11985=CARTESIAN_POINT('',(-23.1000000000234,0.,-31.3999999999941));
#11986=CARTESIAN_POINT('',(-21.9000000000162,0.,-29.8999999999941));
#11987=CARTESIAN_POINT('',(-21.9000000000079,0.,-31.3999999999941));
#11988=CARTESIAN_POINT('',(-8.10000000001473,0.,-29.8999999999822));
#11989=CARTESIAN_POINT('',(29.8999999999182,0.,-29.8999999999979));
#11990=CARTESIAN_POINT('',(-8.10000000002337,0.,-31.3999999999941));
#11991=CARTESIAN_POINT('',(-8.10000000001473,0.,-29.8999999999822));
#11992=CARTESIAN_POINT('',(-6.90000000000786,0.,-31.3999999999941));
#11993=CARTESIAN_POINT('',(-8.10000000002337,0.,-31.3999999999941));
#11994=CARTESIAN_POINT('',(-6.90000000001621,0.,-29.8999999999941));
#11995=CARTESIAN_POINT('',(-6.90000000000786,0.,-31.3999999999941));
#11996=CARTESIAN_POINT('',(6.89999999998526,0.,-29.8999999999822));
#11997=CARTESIAN_POINT('',(29.8999999999182,0.,-29.8999999999979));
#11998=CARTESIAN_POINT('',(6.89999999997663,0.,-31.3999999999941));
#11999=CARTESIAN_POINT('',(6.89999999998526,0.,-29.8999999999822));
#12000=CARTESIAN_POINT('',(8.09999999999214,0.,-31.3999999999941));
#12001=CARTESIAN_POINT('',(6.89999999997663,0.,-31.3999999999941));
#12002=CARTESIAN_POINT('',(8.09999999998379,0.,-29.8999999999941));
#12003=CARTESIAN_POINT('',(8.09999999999214,0.,-31.3999999999941));
#12004=CARTESIAN_POINT('',(21.8999999999853,0.,-29.8999999999822));
#12005=CARTESIAN_POINT('',(29.8999999999182,0.,-29.8999999999979));
#12006=CARTESIAN_POINT('',(21.8999999999766,0.,-31.3999999999941));
#12007=CARTESIAN_POINT('',(21.8999999999853,0.,-29.8999999999822));
#12008=CARTESIAN_POINT('',(23.0999999999921,0.,-31.3999999999941));
#12009=CARTESIAN_POINT('',(21.8999999999766,0.,-31.3999999999941));
#12010=CARTESIAN_POINT('',(23.0999999999838,0.,-29.8999999999941));
#12011=CARTESIAN_POINT('',(23.0999999999921,0.,-31.3999999999941));
#12012=CARTESIAN_POINT('',(29.8999999999182,0.,-29.8999999999979));
#12013=CARTESIAN_POINT('',(28.4000000000078,0.,-23.199999999981));
#12014=CARTESIAN_POINT('',(14.9500000000022,0.,-23.1999999999945));
#12015=CARTESIAN_POINT('',(28.4000000000078,0.,-21.7999999999689));
#12016=CARTESIAN_POINT('',(28.4000000000077,0.,-11.5999999999779));
#12017=CARTESIAN_POINT('',(29.8999999999954,0.,-21.7999999999531));
#12018=CARTESIAN_POINT('',(14.2000000001044,0.,-21.8000000001186));
#12019=CARTESIAN_POINT('',(29.9000000000098,0.,-8.19999999997945));
#12020=CARTESIAN_POINT('',(29.899999999945,0.,29.9000000000019));
#12021=CARTESIAN_POINT('',(28.4000000000078,0.,-8.19999999998096));
#12022=CARTESIAN_POINT('',(14.9499999999946,0.,-8.1999999999945));
#12023=CARTESIAN_POINT('',(28.4000000000078,0.,-6.7999999999689));
#12024=CARTESIAN_POINT('',(28.4000000000078,0.,-4.09999999997791));
#12025=CARTESIAN_POINT('',(14.2000000000253,0.,-6.80000000011857));
#12026=CARTESIAN_POINT('',(28.4000000000078,0.,6.80000000001904));
#12027=CARTESIAN_POINT('',(14.9499999999871,0.,6.8000000000055));
#12028=CARTESIAN_POINT('',(28.4000000000078,0.,8.2000000000311));
#12029=CARTESIAN_POINT('',(28.4000000000078,0.,3.40000000002209));
#12030=CARTESIAN_POINT('',(14.1999999999463,0.,8.19999999988143));
#12031=CARTESIAN_POINT('',(28.4000000000078,0.,21.800000000019));
#12032=CARTESIAN_POINT('',(14.9499999999795,0.,21.8000000000055));
#12033=CARTESIAN_POINT('',(28.4000000000078,0.,23.2000000000311));
#12034=CARTESIAN_POINT('',(28.4000000000079,0.,10.9000000000221));
#12035=CARTESIAN_POINT('',(29.8999999999954,0.,23.2000000000469));
#12036=CARTESIAN_POINT('',(14.1999999998672,0.,23.1999999998814));
#12037=CARTESIAN_POINT('',(29.899999999945,0.,29.9000000000019));
#12038=CARTESIAN_POINT('Origin',(29.8999999999574,0.,-24.3999999999762));
#12039=CARTESIAN_POINT('',(28.6999999999301,4.59282032295699,-24.399999999978));
#12040=CARTESIAN_POINT('',(27.1017949192418,2.99461524226941,-24.3999999999804));
#12041=CARTESIAN_POINT('',(28.6999999999301,27.9130434782609,-24.399999999978));
#12042=CARTESIAN_POINT('Origin',(2.61304347819094,27.9130434782609,-24.3999999999535));
#12043=CARTESIAN_POINT('',(28.6999999999301,0.,-24.399999999978));
#12044=CARTESIAN_POINT('Origin',(27.2000000000075,0.,-20.599999999961));
#12045=CARTESIAN_POINT('',(28.6999999999332,4.59282032296016,-20.5999999999752));
#12046=CARTESIAN_POINT('',(26.4267949191962,2.31961524222405,-20.5999999999537));
#12047=CARTESIAN_POINT('',(28.6999999999332,27.9130434782609,-20.5999999999752));
#12048=CARTESIAN_POINT('',(28.6999999999332,0.,-20.5999999999752));
#12049=CARTESIAN_POINT('Origin',(2.6130434781941,27.9130434782609,-20.5999999999405));
#12050=CARTESIAN_POINT('Origin',(27.2000000000075,0.,-20.599999999961));
#12051=CARTESIAN_POINT('',(28.6999999999332,56.,-20.5999999999752));
#12052=CARTESIAN_POINT('',(13.5999999999056,56.,-20.5999999998321));
#12053=CARTESIAN_POINT('',(28.6999999999332,105.40717967704,-20.5999999999752));
#12054=CARTESIAN_POINT('',(28.6999999999332,0.,-20.5999999999752));
#12055=CARTESIAN_POINT('',(53.9267949191962,80.1803847577873,-20.6000000002144));
#12056=CARTESIAN_POINT('Origin',(29.8999999999574,0.,-24.3999999999762));
#12057=CARTESIAN_POINT('',(28.6999999999301,56.,-24.399999999978));
#12058=CARTESIAN_POINT('',(14.9499999999963,56.,-24.3999999999984));
#12059=CARTESIAN_POINT('',(28.6999999999301,105.407179677043,-24.399999999978));
#12060=CARTESIAN_POINT('',(54.6017949192418,79.5053847577419,-24.3999999999395));
#12061=CARTESIAN_POINT('',(28.6999999999301,0.,-24.399999999978));
#12062=CARTESIAN_POINT('Origin',(29.8999999999574,0.,-9.39999999997622));
#12063=CARTESIAN_POINT('',(28.6999999999426,4.5928203229695,-9.39999999997801));
#12064=CARTESIAN_POINT('',(27.1017949192363,2.99461524226383,-9.39999999998038));
#12065=CARTESIAN_POINT('',(28.6999999999426,27.9130434782609,-9.39999999997801));
#12066=CARTESIAN_POINT('Origin',(2.61304347820344,27.9130434782609,-9.39999999995347));
#12067=CARTESIAN_POINT('',(28.6999999999426,0.,-9.39999999997801));
#12068=CARTESIAN_POINT('Origin',(27.2000000000075,0.,-5.59999999996102));
#12069=CARTESIAN_POINT('',(28.6999999999457,4.59282032297266,-5.59999999997524));
#12070=CARTESIAN_POINT('',(26.4267949192317,2.3196152422596,-5.59999999995369));
#12071=CARTESIAN_POINT('',(28.6999999999457,27.9130434782609,-5.59999999997524));
#12072=CARTESIAN_POINT('',(28.6999999999457,0.,-5.59999999997524));
#12073=CARTESIAN_POINT('Origin',(2.61304347820661,27.9130434782609,-5.59999999994052));
#12074=CARTESIAN_POINT('Origin',(27.2000000000075,0.,-5.59999999996102));
#12075=CARTESIAN_POINT('',(28.6999999999457,56.,-5.59999999997524));
#12076=CARTESIAN_POINT('',(13.5999999999767,56.,-5.59999999983211));
#12077=CARTESIAN_POINT('',(28.6999999999457,105.407179677027,-5.59999999997524));
#12078=CARTESIAN_POINT('',(28.6999999999457,0.,-5.59999999997524));
#12079=CARTESIAN_POINT('',(53.9267949192317,80.1803847577517,-5.60000000021436));
#12080=CARTESIAN_POINT('Origin',(29.8999999999574,0.,-9.39999999997622));
#12081=CARTESIAN_POINT('',(28.6999999999426,56.,-9.39999999997801));
#12082=CARTESIAN_POINT('',(14.9499999999851,56.,-9.39999999999845));
#12083=CARTESIAN_POINT('',(28.6999999999426,105.407179677031,-9.39999999997801));
#12084=CARTESIAN_POINT('',(54.6017949192362,79.5053847577475,-9.39999999993949));
#12085=CARTESIAN_POINT('',(28.6999999999426,0.,-9.39999999997801));
#12086=CARTESIAN_POINT('Origin',(29.8999999999574,0.,5.60000000002378));
#12087=CARTESIAN_POINT('',(28.6999999999551,4.592820322982,5.60000000002199));
#12088=CARTESIAN_POINT('',(27.1017949192307,2.99461524225825,5.60000000001962));
#12089=CARTESIAN_POINT('',(28.6999999999551,27.9130434782609,5.60000000002199));
#12090=CARTESIAN_POINT('Origin',(2.61304347821595,27.9130434782609,5.60000000004653));
#12091=CARTESIAN_POINT('',(28.6999999999551,0.,5.60000000002199));
#12092=CARTESIAN_POINT('Origin',(27.2000000000075,0.,9.40000000003898));
#12093=CARTESIAN_POINT('',(28.6999999999582,4.59282032298517,9.40000000002476));
#12094=CARTESIAN_POINT('',(26.4267949192673,2.31961524229514,9.40000000004631));
#12095=CARTESIAN_POINT('',(28.6999999999582,27.9130434782609,9.40000000002476));
#12096=CARTESIAN_POINT('',(28.6999999999582,0.,9.40000000002476));
#12097=CARTESIAN_POINT('Origin',(2.61304347821912,27.9130434782609,9.40000000005948));
#12098=CARTESIAN_POINT('Origin',(27.2000000000075,0.,9.40000000003898));
#12099=CARTESIAN_POINT('',(28.6999999999582,56.,9.40000000002476));
#12100=CARTESIAN_POINT('',(13.6000000000478,56.,9.40000000016789));
#12101=CARTESIAN_POINT('',(28.6999999999582,105.407179677015,9.40000000002476));
#12102=CARTESIAN_POINT('',(28.6999999999582,0.,9.40000000002476));
#12103=CARTESIAN_POINT('',(53.9267949192673,80.1803847577162,9.39999999978564));
#12104=CARTESIAN_POINT('Origin',(29.8999999999574,0.,5.60000000002378));
#12105=CARTESIAN_POINT('',(28.6999999999551,56.,5.60000000002199));
#12106=CARTESIAN_POINT('',(14.949999999974,56.,5.60000000000155));
#12107=CARTESIAN_POINT('',(28.6999999999551,105.407179677018,5.60000000002199));
#12108=CARTESIAN_POINT('',(54.6017949192307,79.5053847577531,5.60000000006051));
#12109=CARTESIAN_POINT('',(28.6999999999551,0.,5.60000000002199));
#12110=CARTESIAN_POINT('Origin',(27.2,106.907179676972,0.));
#12111=CARTESIAN_POINT('',(28.6999999999676,105.407179677006,20.600000000022));
#12112=CARTESIAN_POINT('',(28.6999999999384,105.407179677035,-14.3499999999492));
#12113=CARTESIAN_POINT('',(54.6017949192251,79.5053847577586,20.6000000000605));
#12114=CARTESIAN_POINT('Origin',(27.2,106.907179676972,0.));
#12115=CARTESIAN_POINT('',(28.6999999999384,105.407179677035,-14.3499999999492));
#12116=CARTESIAN_POINT('Origin',(27.2,106.907179676972,0.));
#12117=CARTESIAN_POINT('',(28.6999999999384,105.407179677035,-14.3499999999492));
#12118=CARTESIAN_POINT('Origin',(27.2,106.907179676972,0.));
#12119=CARTESIAN_POINT('',(28.6999999999384,105.407179677035,-14.3499999999492));
#12120=CARTESIAN_POINT('Origin',(28.6999999999265,0.,-28.6999999999837));
#12121=CARTESIAN_POINT('',(28.6999999999384,56.,-14.3500000000027));
#12122=CARTESIAN_POINT('Origin',(28.6999999999265,0.,-28.6999999999837));
#12123=CARTESIAN_POINT('',(28.6999999999676,56.,20.600000000022));
#12124=CARTESIAN_POINT('',(28.6999999999384,56.,-14.3500000000027));
#12125=CARTESIAN_POINT('',(28.6999999999676,0.,20.600000000022));
#12126=CARTESIAN_POINT('Origin',(28.6999999999265,0.,-28.6999999999837));
#12127=CARTESIAN_POINT('',(28.6999999999384,56.,-14.3500000000027));
#12128=CARTESIAN_POINT('Origin',(28.6999999999265,0.,-28.6999999999837));
#12129=CARTESIAN_POINT('',(28.6999999999384,56.,-14.3500000000027));
#12130=CARTESIAN_POINT('Origin',(27.2,3.09282032302756,0.));
#12131=CARTESIAN_POINT('',(28.6999999999384,4.59282032296537,-14.349999999995));
#12132=CARTESIAN_POINT('Origin',(27.2,3.09282032302756,0.));
#12133=CARTESIAN_POINT('',(28.6999999999676,4.59282032299451,20.600000000022));
#12134=CARTESIAN_POINT('',(27.1017949192251,2.99461524225268,20.6000000000196));
#12135=CARTESIAN_POINT('',(28.6999999999384,4.59282032296537,-14.349999999995));
#12136=CARTESIAN_POINT('Origin',(27.2,3.09282032302756,0.));
#12137=CARTESIAN_POINT('',(28.6999999999384,4.59282032296537,-14.349999999995));
#12138=CARTESIAN_POINT('Origin',(27.2,3.09282032302756,0.));
#12139=CARTESIAN_POINT('',(28.6999999999384,4.59282032296537,-14.349999999995));
#12140=CARTESIAN_POINT('Origin',(2.61304347819932,27.9130434782609,-14.349999999981));
#12141=CARTESIAN_POINT('',(28.6999999999384,27.9130434782609,-14.3500000000027));
#12142=CARTESIAN_POINT('',(28.6999999999384,27.9130434782609,-14.3500000000027));
#12143=CARTESIAN_POINT('',(28.6999999999676,27.9130434782609,20.600000000022));
#12144=CARTESIAN_POINT('',(28.6999999999384,27.9130434782609,-14.3500000000027));
#12145=CARTESIAN_POINT('Origin',(2.61304347822845,27.9130434782609,20.6000000000465));
#12146=CARTESIAN_POINT('',(28.6999999999708,27.9130434782609,24.4000000000248));
#12147=CARTESIAN_POINT('Origin',(2.61304347823162,27.9130434782609,24.4000000000595));
#12148=CARTESIAN_POINT('',(28.6999999999384,27.9130434782609,-14.3500000000027));
#12149=CARTESIAN_POINT('',(2.61304347821346,54.,2.6130434782347));
#12150=CARTESIAN_POINT('Origin',(2.61304347821346,27.9130434782609,2.6130434782347));
#12151=CARTESIAN_POINT('',(2.6130434782091,54.,-2.61304347828138));
#12152=CARTESIAN_POINT('',(2.61304347819932,54.,-14.349999999981));
#12153=CARTESIAN_POINT('Origin',(2.6130434782091,27.9130434782609,-2.61304347828138));
#12154=CARTESIAN_POINT('',(28.6999999999384,27.9130434782609,-14.3500000000027));
#12155=CARTESIAN_POINT('Origin',(28.6999999999265,0.,-28.6999999999837));
#12156=CARTESIAN_POINT('Origin',(28.6999999999265,0.,-28.6999999999837));
#12157=CARTESIAN_POINT('',(28.6999999999676,0.,20.600000000022));
#12158=CARTESIAN_POINT('Origin',(28.6999999999265,0.,-28.6999999999837));
#12159=CARTESIAN_POINT('Origin',(28.6999999999265,0.,-28.6999999999837));
#12160=CARTESIAN_POINT('Origin',(-31.3999999999882,0.,-21.8999999999796));
#12161=CARTESIAN_POINT('',(-29.8999999999951,0.,-21.8999999999795));
#12162=CARTESIAN_POINT('',(-31.3999999999882,0.,-21.8999999999796));
#12163=CARTESIAN_POINT('Origin',(-31.3999999999882,0.,-23.0999999999557));
#12164=CARTESIAN_POINT('',(-31.3999999999882,0.,-23.0999999999557));
#12165=CARTESIAN_POINT('Origin',(-29.9000000000022,0.,-23.0999999999496));
#12166=CARTESIAN_POINT('',(-29.8999999999955,0.,-23.0999999999496));
#12167=CARTESIAN_POINT('Origin',(-31.3999999999882,0.,-6.89999999997957));
#12168=CARTESIAN_POINT('',(-29.8999999999895,0.,-6.89999999997955));
#12169=CARTESIAN_POINT('',(-31.3999999999882,0.,-6.89999999997957));
#12170=CARTESIAN_POINT('Origin',(-31.3999999999882,0.,-8.09999999995575));
#12171=CARTESIAN_POINT('',(-31.3999999999882,0.,-8.09999999995575));
#12172=CARTESIAN_POINT('Origin',(-29.9000000000022,0.,-8.09999999994957));
#12173=CARTESIAN_POINT('',(-29.8999999999899,0.,-8.09999999994957));
#12174=CARTESIAN_POINT('Origin',(-31.3999999999882,0.,8.10000000002043));
#12175=CARTESIAN_POINT('',(-29.8999999999838,0.,8.10000000002045));
#12176=CARTESIAN_POINT('',(-31.3999999999882,0.,8.10000000002043));
#12177=CARTESIAN_POINT('Origin',(-31.3999999999882,0.,6.90000000004425));
#12178=CARTESIAN_POINT('',(-31.3999999999882,0.,6.90000000004425));
#12179=CARTESIAN_POINT('Origin',(-29.9000000000022,0.,6.90000000005043));
#12180=CARTESIAN_POINT('',(-29.8999999999843,0.,6.90000000005043));
#12181=CARTESIAN_POINT('Origin',(-29.8999999999981,0.,-29.8999999999972));
#12182=CARTESIAN_POINT('',(-29.8999999999787,0.,21.9000000000504));
#12183=CARTESIAN_POINT('Origin',(-29.8999999999981,0.,-29.8999999999972));
#12184=CARTESIAN_POINT('Origin',(-29.8999999999981,0.,-29.8999999999972));
#12185=CARTESIAN_POINT('',(-29.8999999999981,0.,-29.8999999999972));
#12186=CARTESIAN_POINT('Origin',(-29.8999999999981,0.,-29.8999999999972));
#12187=CARTESIAN_POINT('Origin',(23.0999999999838,0.,-29.8999999999941));
#12188=CARTESIAN_POINT('',(23.0999999999921,0.,-31.3999999999941));
#12189=CARTESIAN_POINT('',(23.0999999999838,0.,-29.8999999999978));
#12190=CARTESIAN_POINT('Origin',(21.8999999999766,0.,-31.3999999999941));
#12191=CARTESIAN_POINT('',(21.8999999999853,0.,-29.8999999999978));
#12192=CARTESIAN_POINT('',(21.8999999999766,0.,-31.3999999999941));
#12193=CARTESIAN_POINT('Origin',(23.0999999999921,0.,-31.3999999999941));
#12194=CARTESIAN_POINT('Origin',(8.09999999998379,0.,-29.8999999999941));
#12195=CARTESIAN_POINT('',(8.09999999999214,0.,-31.3999999999941));
#12196=CARTESIAN_POINT('',(8.09999999998379,0.,-29.8999999999976));
#12197=CARTESIAN_POINT('Origin',(6.89999999997663,0.,-31.3999999999941));
#12198=CARTESIAN_POINT('',(6.89999999998526,0.,-29.8999999999976));
#12199=CARTESIAN_POINT('',(6.89999999997663,0.,-31.3999999999941));
#12200=CARTESIAN_POINT('Origin',(8.09999999999214,0.,-31.3999999999941));
#12201=CARTESIAN_POINT('Origin',(-6.90000000001621,0.,-29.8999999999941));
#12202=CARTESIAN_POINT('',(-6.90000000000786,0.,-31.3999999999941));
#12203=CARTESIAN_POINT('',(-6.90000000001621,0.,-29.8999999999974));
#12204=CARTESIAN_POINT('Origin',(-8.10000000002337,0.,-31.3999999999941));
#12205=CARTESIAN_POINT('',(-8.10000000001473,0.,-29.8999999999974));
#12206=CARTESIAN_POINT('',(-8.10000000002337,0.,-31.3999999999941));
#12207=CARTESIAN_POINT('Origin',(-6.90000000000786,0.,-31.3999999999941));
#12208=CARTESIAN_POINT('Origin',(20.5999999999596,0.,27.2000000000015));
#12209=CARTESIAN_POINT('',(20.5999999999596,56.,27.2000000000015));
#12210=CARTESIAN_POINT('',(20.5999999999596,0.,27.2000000000015));
#12211=CARTESIAN_POINT('',(20.5999999999584,56.,28.6999999999528));
#12212=CARTESIAN_POINT('',(20.5999999999707,56.,13.6000000000103));
#12213=CARTESIAN_POINT('',(20.5999999999584,0.,28.6999999999528));
#12214=CARTESIAN_POINT('Origin',(24.4000000000224,0.,27.2000000000006));
#12215=CARTESIAN_POINT('',(24.4000000000224,56.,27.2000000000006));
#12216=CARTESIAN_POINT('',(24.4000000000224,0.,27.2000000000006));
#12217=CARTESIAN_POINT('',(12.200000000014,56.,27.2000000000036));
#12218=CARTESIAN_POINT('Origin',(24.4000000000223,0.,29.9000000000111));
#12219=CARTESIAN_POINT('',(24.4000000000227,56.,14.950000000007));
#12220=CARTESIAN_POINT('Origin',(5.59999999995961,0.,27.2000000000015));
#12221=CARTESIAN_POINT('',(5.59999999995961,56.,27.2000000000015));
#12222=CARTESIAN_POINT('',(5.59999999995961,0.,27.2000000000015));
#12223=CARTESIAN_POINT('',(5.59999999995838,56.,28.6999999999703));
#12224=CARTESIAN_POINT('',(5.59999999997073,56.,13.6000000000041));
#12225=CARTESIAN_POINT('',(5.59999999995838,0.,28.6999999999703));
#12226=CARTESIAN_POINT('Origin',(9.40000000002236,0.,27.2000000000006));
#12227=CARTESIAN_POINT('',(9.40000000002236,56.,27.2000000000006));
#12228=CARTESIAN_POINT('',(9.40000000002236,0.,27.2000000000006));
#12229=CARTESIAN_POINT('',(4.70000000001403,56.,27.2000000000017));
#12230=CARTESIAN_POINT('Origin',(9.40000000002228,0.,29.9000000000111));
#12231=CARTESIAN_POINT('',(9.40000000002231,56.,28.6999999999659));
#12232=CARTESIAN_POINT('',(9.40000000002231,0.,28.6999999999659));
#12233=CARTESIAN_POINT('',(9.40000000002268,56.,14.9500000000068));
#12234=CARTESIAN_POINT('Origin',(-9.40000000004039,0.,27.2000000000015));
#12235=CARTESIAN_POINT('',(-9.40000000004039,56.,27.2000000000015));
#12236=CARTESIAN_POINT('',(-9.40000000004039,0.,27.2000000000015));
#12237=CARTESIAN_POINT('',(-9.40000000004161,56.,28.6999999999879));
#12238=CARTESIAN_POINT('',(-9.40000000002927,56.,13.599999999998));
#12239=CARTESIAN_POINT('',(-9.40000000004162,0.,28.6999999999879));
#12240=CARTESIAN_POINT('Origin',(-5.59999999997765,0.,27.2000000000006));
#12241=CARTESIAN_POINT('',(-5.59999999997765,56.,27.2000000000006));
#12242=CARTESIAN_POINT('',(-5.59999999997765,0.,27.2000000000006));
#12243=CARTESIAN_POINT('',(-2.79999999998597,56.,27.1999999999999));
#12244=CARTESIAN_POINT('Origin',(-5.59999999997772,0.,29.9000000000111));
#12245=CARTESIAN_POINT('',(-5.59999999997769,56.,28.6999999999835));
#12246=CARTESIAN_POINT('',(-5.59999999997769,0.,28.6999999999835));
#12247=CARTESIAN_POINT('',(-5.59999999997732,56.,14.9500000000066));
#12248=CARTESIAN_POINT('Origin',(-1.09690034832965E-12,56.,2.18047802036381E-12));
#12249=CARTESIAN_POINT('',(-24.4000000000416,56.,28.7000000000055));
#12250=CARTESIAN_POINT('',(14.3500000000034,56.,28.6999999999601));
#12251=CARTESIAN_POINT('',(-24.4000000000404,56.,27.2000000000015));
#12252=CARTESIAN_POINT('',(-24.4000000000293,56.,13.5999999999919));
#12253=CARTESIAN_POINT('',(-20.5999999999776,56.,27.2000000000006));
#12254=CARTESIAN_POINT('',(-10.299999999986,56.,27.199999999998));
#12255=CARTESIAN_POINT('',(-20.5999999999777,56.,28.700000000001));
#12256=CARTESIAN_POINT('',(-20.5999999999773,56.,14.9500000000064));
#12257=CARTESIAN_POINT('',(14.3500000000034,56.,28.6999999999601));
#12258=CARTESIAN_POINT('',(14.3500000000034,56.,28.6999999999601));
#12259=CARTESIAN_POINT('',(14.3500000000034,56.,28.6999999999601));
#12260=CARTESIAN_POINT('',(28.6999999999708,56.,24.4000000000248));
#12261=CARTESIAN_POINT('',(28.6999999999384,56.,-14.3500000000027));
#12262=CARTESIAN_POINT('',(13.6000000001189,56.,24.4000000001679));
#12263=CARTESIAN_POINT('',(14.9499999999628,56.,20.6000000000016));
#12264=CARTESIAN_POINT('Origin',(14.3499999999729,27.9130434782609,2.61304347822096));
#12265=CARTESIAN_POINT('',(-24.4000000000416,27.9130434782609,28.7000000000055));
#12266=CARTESIAN_POINT('Origin',(-24.4000000000692,27.9130434782609,2.61304347826634));
#12267=CARTESIAN_POINT('',(-28.6999999999524,27.9130434782609,28.7000000000105));
#12268=CARTESIAN_POINT('',(14.3500000000034,27.9130434782609,28.6999999999601));
#12269=CARTESIAN_POINT('',(-2.61304347823436,54.,2.61304347824082));
#12270=CARTESIAN_POINT('Origin',(-2.61304347823436,27.9130434782609,2.61304347824082));
#12271=CARTESIAN_POINT('',(14.3499999999729,54.,2.61304347822096));
#12272=CARTESIAN_POINT('Origin',(28.6999999999743,0.,28.6999999999433));
#12273=CARTESIAN_POINT('',(-20.5999999999777,0.,28.700000000001));
#12274=CARTESIAN_POINT('Origin',(28.6999999999743,0.,28.6999999999433));
#12275=CARTESIAN_POINT('Origin',(28.6999999999743,0.,28.6999999999433));
#12276=CARTESIAN_POINT('Origin',(29.899999999945,0.,29.9000000000019));
#12277=CARTESIAN_POINT('',(29.8999999999218,0.,-21.7999999999531));
#12278=CARTESIAN_POINT('',(29.8999999999279,0.,-8.19999999997945));
#12279=CARTESIAN_POINT('Origin',(29.8999999999574,0.,20.6000000000238));
#12280=CARTESIAN_POINT('Origin',(27.2000000000075,0.,24.400000000039));
#12281=CARTESIAN_POINT('',(28.6999999999708,4.59282032299768,24.4000000000248));
#12282=CARTESIAN_POINT('',(26.4267949193028,2.31961524233069,24.4000000000463));
#12283=CARTESIAN_POINT('',(28.6999999999708,0.,24.4000000000248));
#12284=CARTESIAN_POINT('Origin',(27.2000000000075,0.,24.400000000039));
#12285=CARTESIAN_POINT('',(28.6999999999708,105.407179677002,24.4000000000248));
#12286=CARTESIAN_POINT('',(28.6999999999708,0.,24.4000000000248));
#12287=CARTESIAN_POINT('',(53.9267949193028,80.1803847576806,24.3999999997856));
#12288=CARTESIAN_POINT('Origin',(29.8999999999574,0.,20.6000000000238));
#12289=CARTESIAN_POINT('Origin',(27.2,106.907179676972,0.));
#12290=CARTESIAN_POINT('',(28.6999999999384,105.407179677035,-14.3499999999492));
#12291=CARTESIAN_POINT('Origin',(28.6999999999265,0.,-28.6999999999837));
#12292=CARTESIAN_POINT('Origin',(27.2,3.09282032302756,0.));
#12293=CARTESIAN_POINT('',(28.6999999999384,4.59282032296537,-14.349999999995));
#12294=CARTESIAN_POINT('Origin',(28.6999999999265,0.,-28.6999999999837));
#12295=CARTESIAN_POINT('Origin',(-31.3999999999882,0.,23.1000000000204));
#12296=CARTESIAN_POINT('',(-29.8999999999782,0.,23.1000000000205));
#12297=CARTESIAN_POINT('',(-31.3999999999882,0.,23.1000000000204));
#12298=CARTESIAN_POINT('Origin',(-31.3999999999882,0.,21.9000000000443));
#12299=CARTESIAN_POINT('',(-31.3999999999882,0.,21.9000000000443));
#12300=CARTESIAN_POINT('Origin',(-29.9000000000022,0.,21.9000000000504));
#12301=CARTESIAN_POINT('Origin',(-29.8999999999981,0.,-29.8999999999972));
#12302=CARTESIAN_POINT('Origin',(-21.9000000000162,0.,-29.8999999999941));
#12303=CARTESIAN_POINT('',(-21.9000000000079,0.,-31.3999999999941));
#12304=CARTESIAN_POINT('',(-21.9000000000162,0.,-29.8999999999973));
#12305=CARTESIAN_POINT('Origin',(-23.1000000000234,0.,-31.3999999999941));
#12306=CARTESIAN_POINT('',(-23.1000000000147,0.,-29.8999999999973));
#12307=CARTESIAN_POINT('',(-23.1000000000234,0.,-31.3999999999941));
#12308=CARTESIAN_POINT('Origin',(-21.9000000000079,0.,-31.3999999999941));
#12309=CARTESIAN_POINT('Origin',(29.8999999999182,0.,-29.8999999999979));
#12310=CARTESIAN_POINT('Origin',(-24.4000000000404,0.,27.2000000000015));
#12311=CARTESIAN_POINT('',(-24.4000000000416,0.,28.7000000000055));
#12312=CARTESIAN_POINT('Origin',(-24.4000000000404,0.,27.2000000000015));
#12313=CARTESIAN_POINT('',(-24.4000000000404,0.,27.2000000000015));
#12314=CARTESIAN_POINT('',(-24.4000000000416,0.,28.7000000000055));
#12315=CARTESIAN_POINT('Origin',(-20.5999999999776,0.,27.2000000000006));
#12316=CARTESIAN_POINT('',(-20.5999999999776,0.,27.2000000000006));
#12317=CARTESIAN_POINT('Origin',(-20.5999999999777,0.,29.9000000000111));
#12318=CARTESIAN_POINT('Origin',(28.6999999999743,0.,28.6999999999433));
#12319=CARTESIAN_POINT('Origin',(28.6999999999743,0.,28.6999999999433));
#12320=CARTESIAN_POINT('',(-28.6999999999524,0.,28.7000000000105));
#12321=CARTESIAN_POINT('Origin',(-2.61304347822487,27.9130434782609,14.3499999999969));
#12322=CARTESIAN_POINT('',(-28.699999999964,27.9130434782609,14.3500000000179));
#12323=CARTESIAN_POINT('',(-2.61304347823859,54.,-2.61304347828874));
#12324=CARTESIAN_POINT('Origin',(-2.61304347823859,27.9130434782609,-2.61304347828874));
#12325=CARTESIAN_POINT('',(-2.61304347822487,54.,14.3499999999969));
#12326=CARTESIAN_POINT('Origin',(-14.3500000000165,27.9130434782609,-2.61304347830529));
#12327=CARTESIAN_POINT('',(-14.3500000000165,54.,-2.61304347830529));
#12328=CARTESIAN_POINT('Origin',(-28.6999999999524,0.,28.7000000000105));
#12329=CARTESIAN_POINT('Origin',(-1.09690034832965E-12,54.,2.18047802036381E-12));
#12330=CARTESIAN_POINT('Origin',(29.899999999945,0.,29.9000000000019));
#12331=CARTESIAN_POINT('',(29.899999999942,0.,23.2000000000469));
#12332=CARTESIAN_POINT('Origin',(28.4000000000078,0.,21.800000000019));
#12333=CARTESIAN_POINT('',(28.4000000000078,0.,21.800000000019));
#12334=CARTESIAN_POINT('Origin',(28.4000000000078,0.,23.2000000000311));
#12335=CARTESIAN_POINT('',(28.4000000000078,0.,23.2000000000311));
#12336=CARTESIAN_POINT('Origin',(29.8999999999954,0.,23.2000000000469));
#12337=CARTESIAN_POINT('Origin',(28.4000000000078,0.,-23.199999999981));
#12338=CARTESIAN_POINT('',(28.4000000000078,0.,-23.199999999981));
#12339=CARTESIAN_POINT('Origin',(28.4000000000078,0.,-21.7999999999689));
#12340=CARTESIAN_POINT('',(28.4000000000078,0.,-21.7999999999689));
#12341=CARTESIAN_POINT('Origin',(29.8999999999954,0.,-21.7999999999531));
#12342=CARTESIAN_POINT('Origin',(28.4000000000078,0.,-8.19999999998096));
#12343=CARTESIAN_POINT('',(28.4000000000078,0.,-8.19999999998096));
#12344=CARTESIAN_POINT('Origin',(28.4000000000078,0.,-6.7999999999689));
#12345=CARTESIAN_POINT('',(28.4000000000078,0.,-6.7999999999689));
#12346=CARTESIAN_POINT('Origin',(29.8999999999954,0.,-6.79999999995309));
#12347=CARTESIAN_POINT('Origin',(28.4000000000078,0.,6.80000000001904));
#12348=CARTESIAN_POINT('',(28.4000000000078,0.,6.80000000001904));
#12349=CARTESIAN_POINT('Origin',(28.4000000000078,0.,8.2000000000311));
#12350=CARTESIAN_POINT('',(28.4000000000078,0.,8.2000000000311));
#12351=CARTESIAN_POINT('Origin',(29.8999999999954,0.,8.20000000004691));
#12352=CARTESIAN_POINT('',(0.,0.,0.));
#12353=CARTESIAN_POINT('Origin',(27.1,0.5,0.));
#12354=CARTESIAN_POINT('',(2.93349317312249,0.5,-2.45593593120556));
#12355=CARTESIAN_POINT('',(2.93349317312248,0.5,4.59999992847461));
#12356=CARTESIAN_POINT('',(2.93349317312249,0.5,-2.45593593120556));
#12357=CARTESIAN_POINT('',(0.286837136745543,0.5,-2.45593593120558));
#12358=CARTESIAN_POINT('',(0.286837136745541,0.5,-2.45593593120558));
#12359=CARTESIAN_POINT('',(0.286837136745546,0.5,-3.39999959468824));
#12360=CARTESIAN_POINT('',(0.286837136745546,0.5,-3.39999959468824));
#12361=CARTESIAN_POINT('',(6.62789872884759,0.5,-3.39999959468821));
#12362=CARTESIAN_POINT('',(6.6278987288476,0.5,-3.39999959468821));
#12363=CARTESIAN_POINT('',(6.62789872884759,0.5,-2.45593593120554));
#12364=CARTESIAN_POINT('',(6.62789872884759,0.5,-2.45593593120554));
#12365=CARTESIAN_POINT('',(3.99215749502191,0.5,-2.45593593120555));
#12366=CARTESIAN_POINT('',(3.99215749502191,0.5,-2.45593593120555));
#12367=CARTESIAN_POINT('',(3.99215749502189,0.5,4.59999992847462));
#12368=CARTESIAN_POINT('',(3.99215749502189,0.5,4.59999992847462));
#12369=CARTESIAN_POINT('',(2.93349317312248,0.5,4.59999992847461));
#12370=CARTESIAN_POINT('Origin',(2.93349317312248,0.,1.07203199863453));
#12371=CARTESIAN_POINT('',(2.93349317312248,0.,4.59999992847461));
#12372=CARTESIAN_POINT('',(2.93349317312248,0.,4.59999992847461));
#12373=CARTESIAN_POINT('',(2.93349317312249,0.,-2.45593593120556));
#12374=CARTESIAN_POINT('',(2.93349317312249,0.,0.536015999317229));
#12375=CARTESIAN_POINT('',(2.93349317312249,0.,-2.45593593120556));
#12376=CARTESIAN_POINT('Origin',(1.61016515493402,0.,-2.45593593120557));
#12377=CARTESIAN_POINT('',(0.286837136745543,0.,-2.45593593120558));
#12378=CARTESIAN_POINT('',(14.355082577467,0.,-2.45593593120549));
#12379=CARTESIAN_POINT('',(0.286837136745543,0.,-2.45593593120558));
#12380=CARTESIAN_POINT('Origin',(0.286837136745544,0.,-2.92796776294691));
#12381=CARTESIAN_POINT('',(0.286837136745546,0.,-3.39999959468824));
#12382=CARTESIAN_POINT('',(0.286837136745541,0.,-1.46398388147349));
#12383=CARTESIAN_POINT('',(0.286837136745546,0.,-3.39999959468824));
#12384=CARTESIAN_POINT('Origin',(3.45736793279657,0.,-3.39999959468822));
#12385=CARTESIAN_POINT('',(6.62789872884759,0.,-3.39999959468821));
#12386=CARTESIAN_POINT('',(15.2786839663983,0.,-3.39999959468816));
#12387=CARTESIAN_POINT('',(6.62789872884759,0.,-3.39999959468821));
#12388=CARTESIAN_POINT('Origin',(6.62789872884759,0.,-2.92796776294687));
#12389=CARTESIAN_POINT('',(6.62789872884759,0.,-2.45593593120554));
#12390=CARTESIAN_POINT('',(6.62789872884759,0.,-1.46398388147346));
#12391=CARTESIAN_POINT('',(6.62789872884759,0.,-2.45593593120554));
#12392=CARTESIAN_POINT('Origin',(5.31002811193475,0.,-2.45593593120554));
#12393=CARTESIAN_POINT('',(3.99215749502191,0.,-2.45593593120555));
#12394=CARTESIAN_POINT('',(16.2050140559674,0.,-2.45593593120548));
#12395=CARTESIAN_POINT('',(3.99215749502191,0.,-2.45593593120555));
#12396=CARTESIAN_POINT('Origin',(3.9921574950219,0.,1.07203199863453));
#12397=CARTESIAN_POINT('',(3.99215749502189,0.,4.59999992847462));
#12398=CARTESIAN_POINT('',(3.9921574950219,0.,0.536015999317234));
#12399=CARTESIAN_POINT('',(3.99215749502189,0.,4.59999992847462));
#12400=CARTESIAN_POINT('Origin',(3.46282533407218,0.,4.59999992847462));
#12401=CARTESIAN_POINT('',(15.2814126670361,0.,4.59999992847469));
#12402=CARTESIAN_POINT('Origin',(27.1,0.5,0.));
#12403=CARTESIAN_POINT('',(-3.89324375390998,0.5,-2.4559359312056));
#12404=CARTESIAN_POINT('',(-3.89324375390999,0.5,4.59999992847457));
#12405=CARTESIAN_POINT('',(-3.89324375390998,0.5,-2.4559359312056));
#12406=CARTESIAN_POINT('',(-6.53990217447272,0.5,-2.45593593120562));
#12407=CARTESIAN_POINT('',(-6.53990217447272,0.5,-2.45593593120562));
#12408=CARTESIAN_POINT('',(-6.53990217447272,0.5,-3.39999959468828));
#12409=CARTESIAN_POINT('',(-6.53990217447272,0.5,-3.39999959468828));
#12410=CARTESIAN_POINT('',(-0.198838198184876,0.5,-3.39999959468825));
#12411=CARTESIAN_POINT('',(-0.198838198184874,0.5,-3.39999959468825));
#12412=CARTESIAN_POINT('',(-0.198838198184879,0.5,-2.45593593120558));
#12413=CARTESIAN_POINT('',(-0.198838198184879,0.5,-2.45593593120558));
#12414=CARTESIAN_POINT('',(-2.83458181619635,0.5,-2.45593593120559));
#12415=CARTESIAN_POINT('',(-2.83458181619635,0.5,-2.45593593120559));
#12416=CARTESIAN_POINT('',(-2.83458181619637,0.5,4.59999992847458));
#12417=CARTESIAN_POINT('',(-2.83458181619637,0.5,4.59999992847458));
#12418=CARTESIAN_POINT('',(-3.89324375390999,0.5,4.59999992847457));
#12419=CARTESIAN_POINT('Origin',(-3.89324375390999,0.,1.07203199863449));
#12420=CARTESIAN_POINT('',(-3.89324375390999,0.,4.59999992847457));
#12421=CARTESIAN_POINT('',(-3.89324375390999,0.,4.59999992847457));
#12422=CARTESIAN_POINT('',(-3.89324375390998,0.,-2.4559359312056));
#12423=CARTESIAN_POINT('',(-3.89324375390998,0.,0.5360159993172));
#12424=CARTESIAN_POINT('',(-3.89324375390998,0.,-2.4559359312056));
#12425=CARTESIAN_POINT('Origin',(-5.21657296419135,0.,-2.45593593120561));
#12426=CARTESIAN_POINT('',(-6.53990217447272,0.,-2.45593593120562));
#12427=CARTESIAN_POINT('',(10.9417135179043,0.,-2.45593593120551));
#12428=CARTESIAN_POINT('',(-6.53990217447272,0.,-2.45593593120562));
#12429=CARTESIAN_POINT('Origin',(-6.53990217447272,0.,-2.92796776294695));
#12430=CARTESIAN_POINT('',(-6.53990217447272,0.,-3.39999959468828));
#12431=CARTESIAN_POINT('',(-6.53990217447272,0.,-1.46398388147351));
#12432=CARTESIAN_POINT('',(-6.53990217447272,0.,-3.39999959468828));
#12433=CARTESIAN_POINT('Origin',(-3.3693701863288,0.,-3.39999959468826));
#12434=CARTESIAN_POINT('',(-0.198838198184876,0.,-3.39999959468825));
#12435=CARTESIAN_POINT('',(11.8653149068356,0.,-3.39999959468818));
#12436=CARTESIAN_POINT('',(-0.198838198184876,0.,-3.39999959468825));
#12437=CARTESIAN_POINT('Origin',(-0.198838198184877,0.,-2.92796776294691));
#12438=CARTESIAN_POINT('',(-0.198838198184879,0.,-2.45593593120558));
#12439=CARTESIAN_POINT('',(-0.198838198184883,0.,-1.46398388147349));
#12440=CARTESIAN_POINT('',(-0.198838198184879,0.,-2.45593593120558));
#12441=CARTESIAN_POINT('Origin',(-1.51671000719061,0.,-2.45593593120558));
#12442=CARTESIAN_POINT('',(-2.83458181619635,0.,-2.45593593120559));
#12443=CARTESIAN_POINT('',(12.7916449964047,0.,-2.4559359312055));
#12444=CARTESIAN_POINT('',(-2.83458181619635,0.,-2.45593593120559));
#12445=CARTESIAN_POINT('Origin',(-2.83458181619636,0.,1.07203199863449));
#12446=CARTESIAN_POINT('',(-2.83458181619637,0.,4.59999992847458));
#12447=CARTESIAN_POINT('',(-2.83458181619636,0.,0.536015999317205));
#12448=CARTESIAN_POINT('',(-2.83458181619637,0.,4.59999992847458));
#12449=CARTESIAN_POINT('Origin',(-3.36391278505318,0.,4.59999992847458));
#12450=CARTESIAN_POINT('',(11.8680436074734,0.,4.59999992847466));
#12451=CARTESIAN_POINT('Origin',(27.1,0.5,0.));
#12452=CARTESIAN_POINT('',(17.8775589823724,0.5,4.46630194187192));
#12453=CARTESIAN_POINT('',(19.1681449770928,0.5,4.59999992847471));
#12454=CARTESIAN_POINT('Ctrl Pts',(17.8775589823724,0.5,4.46630194187192));
#12455=CARTESIAN_POINT('Ctrl Pts',(18.0722766992965,0.5,4.50522266842239));
#12456=CARTESIAN_POINT('Ctrl Pts',(18.4980583455811,0.5,4.59032910499645));
#12457=CARTESIAN_POINT('Ctrl Pts',(18.9324231334358,0.5,4.59659794396588));
#12458=CARTESIAN_POINT('Ctrl Pts',(19.1681449770928,0.5,4.59999992847471));
#12459=CARTESIAN_POINT('',(17.0017056822778,0.5,4.07066776752499));
#12460=CARTESIAN_POINT('Ctrl Pts',(17.0017056822778,0.5,4.07066776752499));
#12461=CARTESIAN_POINT('Ctrl Pts',(17.1299549105314,0.5,4.15372240189201));
#12462=CARTESIAN_POINT('Ctrl Pts',(17.4016902711684,0.5,4.32969914132058));
#12463=CARTESIAN_POINT('Ctrl Pts',(17.7131152769267,0.5,4.4190967565592));
#12464=CARTESIAN_POINT('Ctrl Pts',(17.8775589823724,0.5,4.46630194187192));
#12465=CARTESIAN_POINT('',(16.4150755763055,0.5,3.32578375339535));
#12466=CARTESIAN_POINT('Ctrl Pts',(16.4150755763055,0.5,3.32578375339535));
#12467=CARTESIAN_POINT('Ctrl Pts',(16.4953689588418,0.5,3.47485818660406));
#12468=CARTESIAN_POINT('Ctrl Pts',(16.6476846545917,0.5,3.75765080656188));
#12469=CARTESIAN_POINT('Ctrl Pts',(16.8880494478393,0.5,3.97017563198443));
#12470=CARTESIAN_POINT('Ctrl Pts',(17.0017056822778,0.5,4.07066776752499));
#12471=CARTESIAN_POINT('',(16.1776953101159,0.5,2.28076412677792));
#12472=CARTESIAN_POINT('Ctrl Pts',(16.1776953101159,0.5,2.28076412677792));
#12473=CARTESIAN_POINT('Ctrl Pts',(16.1871305823171,0.5,2.46389284294454));
#12474=CARTESIAN_POINT('Ctrl Pts',(16.2057899604792,0.5,2.82605176050451));
#12475=CARTESIAN_POINT('Ctrl Pts',(16.3458420225663,0.5,3.16046794013033));
#12476=CARTESIAN_POINT('Ctrl Pts',(16.4150755763055,0.5,3.32578375339535));
#12477=CARTESIAN_POINT('',(16.5678720831872,0.5,1.06930449008968));
#12478=CARTESIAN_POINT('Ctrl Pts',(16.5678720831872,0.5,1.06930449008968));
#12479=CARTESIAN_POINT('Ctrl Pts',(16.4540856061148,0.5,1.25045643125917));
#12480=CARTESIAN_POINT('Ctrl Pts',(16.2214480885754,0.5,1.62082327075896));
#12481=CARTESIAN_POINT('Ctrl Pts',(16.1924897127352,0.5,2.05761416756043));
#12482=CARTESIAN_POINT('Ctrl Pts',(16.1776953101159,0.5,2.28076412677792));
#12483=CARTESIAN_POINT('',(17.6838343501092,0.5,0.343520188331881));
#12484=CARTESIAN_POINT('Ctrl Pts',(17.6838343501092,0.5,0.343520188331881));
#12485=CARTESIAN_POINT('Ctrl Pts',(17.4589959228892,0.5,0.423003508630408));
#12486=CARTESIAN_POINT('Ctrl Pts',(17.0278836702584,0.5,0.575407320043682));
#12487=CARTESIAN_POINT('Ctrl Pts',(16.7167431568856,0.5,0.909467207577941));
#12488=CARTESIAN_POINT('Ctrl Pts',(16.5678720831872,0.5,1.06930449008968));
#12489=CARTESIAN_POINT('',(16.8434517741204,0.5,-0.387721514701576));
#12490=CARTESIAN_POINT('Ctrl Pts',(16.8434517741204,0.5,-0.387721514701576));
#12491=CARTESIAN_POINT('Ctrl Pts',(16.9518422039403,0.5,-0.242186788234946));
#12492=CARTESIAN_POINT('Ctrl Pts',(17.1785386369314,0.5,0.062196204074918));
#12493=CARTESIAN_POINT('Ctrl Pts',(17.5105616135147,0.5,0.247050387875198));
#12494=CARTESIAN_POINT('Ctrl Pts',(17.6838343501092,0.5,0.343520188331881));
#12495=CARTESIAN_POINT('',(16.5651445746423,0.5,-1.35361478328678));
#12496=CARTESIAN_POINT('Ctrl Pts',(16.5651445746423,0.5,-1.35361478328678));
#12497=CARTESIAN_POINT('Ctrl Pts',(16.5771726439726,0.5,-1.18442952618445));
#12498=CARTESIAN_POINT('Ctrl Pts',(16.6014582305135,0.5,-0.842831627971674));
#12499=CARTESIAN_POINT('Ctrl Pts',(16.7622807809344,0.5,-0.54037740523698));
#12500=CARTESIAN_POINT('Ctrl Pts',(16.8434517741204,0.5,-0.387721514701576));
#12501=CARTESIAN_POINT('',(16.8789224982263,0.5,-2.40954921245548));
#12502=CARTESIAN_POINT('Ctrl Pts',(16.8789224982263,0.5,-2.40954921245548));
#12503=CARTESIAN_POINT('Ctrl Pts',(16.7874145906714,0.5,-2.24126671734366));
#12504=CARTESIAN_POINT('Ctrl Pts',(16.6079841822886,0.5,-1.91129526866317));
#12505=CARTESIAN_POINT('Ctrl Pts',(16.579232939904,0.5,-1.53701530465006));
#12506=CARTESIAN_POINT('Ctrl Pts',(16.5651445746423,0.5,-1.35361478328678));
#12507=CARTESIAN_POINT('',(17.7465896964074,0.5,-3.15716311931582));
#12508=CARTESIAN_POINT('Ctrl Pts',(17.7465896964074,0.5,-3.15716311931582));
#12509=CARTESIAN_POINT('Ctrl Pts',(17.572211313015,0.5,-3.06569761057393));
#12510=CARTESIAN_POINT('Ctrl Pts',(17.2250703916081,0.5,-2.88361414148847));
#12511=CARTESIAN_POINT('Ctrl Pts',(16.9939465233704,0.5,-2.56707972862964));
#12512=CARTESIAN_POINT('Ctrl Pts',(16.8789224982263,0.5,-2.40954921245548));
#12513=CARTESIAN_POINT('',(19.2172586083413,0.5,-3.39999959468813));
#12514=CARTESIAN_POINT('Ctrl Pts',(19.2172586083413,0.5,-3.39999959468813));
#12515=CARTESIAN_POINT('Ctrl Pts',(18.9392361536917,0.5,-3.39492131757684));
#12516=CARTESIAN_POINT('Ctrl Pts',(18.436372635778,0.5,-3.38573615914659));
#12517=CARTESIAN_POINT('Ctrl Pts',(17.9597139964613,0.5,-3.22778601580203));
#12518=CARTESIAN_POINT('Ctrl Pts',(17.7465896964074,0.5,-3.15716311931582));
#12519=CARTESIAN_POINT('',(22.2186224818231,0.5,-3.39999959468811));
#12520=CARTESIAN_POINT('',(22.2186224818231,0.5,-3.39999959468811));
#12521=CARTESIAN_POINT('',(22.218622481823,0.5,4.59999992847473));
#12522=CARTESIAN_POINT('',(22.218622481823,0.5,4.59999992847473));
#12523=CARTESIAN_POINT('',(19.1681449770928,0.5,4.59999992847471));
#12524=CARTESIAN_POINT('',(19.3100278735162,0.5,0.905594372749614));
#12525=CARTESIAN_POINT('',(21.159959948063,0.5,0.905594372749625));
#12526=CARTESIAN_POINT('',(19.3100278735162,0.5,0.905594372749614));
#12527=CARTESIAN_POINT('',(18.1394963622094,0.5,1.0392899751666));
#12528=CARTESIAN_POINT('Ctrl Pts',(18.1394963622094,0.5,1.0392899751666));
#12529=CARTESIAN_POINT('Ctrl Pts',(18.3041266753908,0.5,1.00049710485476));
#12530=CARTESIAN_POINT('Ctrl Pts',(18.6885445986674,0.5,0.909914305399244));
#12531=CARTESIAN_POINT('Ctrl Pts',(19.083955260558,0.5,0.907165804357555));
#12532=CARTESIAN_POINT('Ctrl Pts',(19.3100278735162,0.5,0.905594372749614));
#12533=CARTESIAN_POINT('',(17.5037520289422,0.5,1.50313808918026));
#12534=CARTESIAN_POINT('Ctrl Pts',(17.5037520289422,0.5,1.50313808918026));
#12535=CARTESIAN_POINT('Ctrl Pts',(17.5886568590261,0.5,1.40091181271848));
#12536=CARTESIAN_POINT('Ctrl Pts',(17.7614002230364,0.5,1.19292705061733));
#12537=CARTESIAN_POINT('Ctrl Pts',(18.0120454118129,0.5,1.09107889669637));
#12538=CARTESIAN_POINT('Ctrl Pts',(18.1394963622094,0.5,1.0392899751666));
#12539=CARTESIAN_POINT('',(17.2745566725732,0.5,2.28076412677792));
#12540=CARTESIAN_POINT('Ctrl Pts',(17.2745566725732,0.5,2.28076412677792));
#12541=CARTESIAN_POINT('Ctrl Pts',(17.2829599571044,0.5,2.13817814456741));
#12542=CARTESIAN_POINT('Ctrl Pts',(17.2992969615862,0.5,1.86097369888248));
#12543=CARTESIAN_POINT('Ctrl Pts',(17.4369188673942,0.5,1.62010894942909));
#12544=CARTESIAN_POINT('Ctrl Pts',(17.5037520289422,0.5,1.50313808918026));
#12545=CARTESIAN_POINT('',(17.4328117728234,0.5,2.95470669269589));
#12546=CARTESIAN_POINT('Ctrl Pts',(17.4328117728234,0.5,2.95470669269589));
#12547=CARTESIAN_POINT('Ctrl Pts',(17.3866707875978,0.5,2.85146329101337));
#12548=CARTESIAN_POINT('Ctrl Pts',(17.2908828655318,0.5,2.6371316969688));
#12549=CARTESIAN_POINT('Ctrl Pts',(17.2801299269962,0.5,2.40241692984226));
#12550=CARTESIAN_POINT('Ctrl Pts',(17.2745566725732,0.5,2.28076412677792));
#12551=CARTESIAN_POINT('',(17.8366308569909,0.5,3.39945509433774));
#12552=CARTESIAN_POINT('Ctrl Pts',(17.8366308569909,0.5,3.39945509433774));
#12553=CARTESIAN_POINT('Ctrl Pts',(17.7575330879315,0.5,3.34106885770316));
#12554=CARTESIAN_POINT('Ctrl Pts',(17.5933842654635,0.5,3.21990195115351));
#12555=CARTESIAN_POINT('Ctrl Pts',(17.4876146076942,0.5,3.04521691470722));
#12556=CARTESIAN_POINT('Ctrl Pts',(17.4328117728234,0.5,2.95470669269589));
#12557=CARTESIAN_POINT('',(18.4478180766106,0.5,3.6177344560626));
#12558=CARTESIAN_POINT('Ctrl Pts',(18.4478180766106,0.5,3.6177344560626));
#12559=CARTESIAN_POINT('Ctrl Pts',(18.3339631845277,0.5,3.59408667014837));
#12560=CARTESIAN_POINT('Ctrl Pts',(18.1199313443763,0.5,3.54963202228795));
#12561=CARTESIAN_POINT('Ctrl Pts',(17.9269535318383,0.5,3.44733493371966));
#12562=CARTESIAN_POINT('Ctrl Pts',(17.8366308569909,0.5,3.39945509433774));
#12563=CARTESIAN_POINT('',(19.1681449770928,0.5,3.65593388080625));
#12564=CARTESIAN_POINT('Ctrl Pts',(19.1681449770928,0.5,3.65593388080625));
#12565=CARTESIAN_POINT('Ctrl Pts',(19.0224124857376,0.5,3.65620933024094));
#12566=CARTESIAN_POINT('Ctrl Pts',(18.7814947689339,0.5,3.65666468956598));
#12567=CARTESIAN_POINT('Ctrl Pts',(18.542316181783,0.5,3.62875959921651));
#12568=CARTESIAN_POINT('Ctrl Pts',(18.4478180766106,0.5,3.6177344560626));
#12569=CARTESIAN_POINT('',(21.159959948063,0.5,3.65593388080626));
#12570=CARTESIAN_POINT('',(21.159959948063,0.5,3.65593388080626));
#12571=CARTESIAN_POINT('',(21.159959948063,0.5,0.905594372749623));
#12572=CARTESIAN_POINT('',(19.5610516428948,0.5,-2.45593593120546));
#12573=CARTESIAN_POINT('',(21.159959948063,0.5,-2.45593593120545));
#12574=CARTESIAN_POINT('',(19.5610516428948,0.5,-2.45593593120546));
#12575=CARTESIAN_POINT('',(18.344134604931,0.5,-2.34406516551944));
#12576=CARTESIAN_POINT('Ctrl Pts',(18.344134604931,0.5,-2.34406516551944));
#12577=CARTESIAN_POINT('Ctrl Pts',(18.5042031217756,0.5,-2.37637904446188));
#12578=CARTESIAN_POINT('Ctrl Pts',(18.9052289510586,0.5,-2.45733625176099));
#12579=CARTESIAN_POINT('Ctrl Pts',(19.3148998937426,0.5,-2.45646151740186));
#12580=CARTESIAN_POINT('Ctrl Pts',(19.5610516428948,0.5,-2.45593593120546));
#12581=CARTESIAN_POINT('',(17.7984314322472,0.5,-1.92933127880069));
#12582=CARTESIAN_POINT('Ctrl Pts',(17.7984314322472,0.5,-1.92933127880069));
#12583=CARTESIAN_POINT('Ctrl Pts',(17.8695231413932,0.5,-2.02251744097476));
#12584=CARTESIAN_POINT('Ctrl Pts',(18.0132041624396,0.5,-2.21085280510384));
#12585=CARTESIAN_POINT('Ctrl Pts',(18.23306059501,0.5,-2.29935356107771));
#12586=CARTESIAN_POINT('Ctrl Pts',(18.344134604931,0.5,-2.34406516551944));
#12587=CARTESIAN_POINT('',(17.6074366927148,0.5,-1.22810409069034));
#12588=CARTESIAN_POINT('Ctrl Pts',(17.6074366927148,0.5,-1.22810409069034));
#12589=CARTESIAN_POINT('Ctrl Pts',(17.6144552043716,0.5,-1.35539613775007));
#12590=CARTESIAN_POINT('Ctrl Pts',(17.6281062631859,0.5,-1.60298014216103));
#12591=CARTESIAN_POINT('Ctrl Pts',(17.742736714184,0.5,-1.82261754620959));
#12592=CARTESIAN_POINT('Ctrl Pts',(17.7984314322472,0.5,-1.92933127880069));
#12593=CARTESIAN_POINT('',(17.8120737433434,0.5,-0.529604411124907));
#12594=CARTESIAN_POINT('Ctrl Pts',(17.8120737433434,0.5,-0.529604411124907));
#12595=CARTESIAN_POINT('Ctrl Pts',(17.7524330811457,0.5,-0.631633946833077));
#12596=CARTESIAN_POINT('Ctrl Pts',(17.6265266474445,0.5,-0.847026843220173));
#12597=CARTESIAN_POINT('Ctrl Pts',(17.6140193854449,0.5,-1.09669914698819));
#12598=CARTESIAN_POINT('Ctrl Pts',(17.6074366927148,0.5,-1.22810409069034));
#12599=CARTESIAN_POINT('',(18.4205328583718,0.5,-0.131240344047265));
#12600=CARTESIAN_POINT('Ctrl Pts',(18.4205328583718,0.5,-0.131240344047265));
#12601=CARTESIAN_POINT('Ctrl Pts',(18.2963062647193,0.5,-0.175130914039503));
#12602=CARTESIAN_POINT('Ctrl Pts',(18.0604687341505,0.5,-0.25845480901141));
#12603=CARTESIAN_POINT('Ctrl Pts',(17.8918657132144,0.5,-0.442502973160868));
#12604=CARTESIAN_POINT('Ctrl Pts',(17.8120737433434,0.5,-0.529604411124907));
#12605=CARTESIAN_POINT('',(19.4300823569299,0.5,-0.0384716749188441));
#12606=CARTESIAN_POINT('Ctrl Pts',(19.4300823569299,0.5,-0.038471674918843));
#12607=CARTESIAN_POINT('Ctrl Pts',(19.2278057270258,0.5,-0.0383481766098681));
#12608=CARTESIAN_POINT('Ctrl Pts',(18.8880334667427,0.5,-0.0381407314907722));
#12609=CARTESIAN_POINT('Ctrl Pts',(18.5552146421418,0.5,-0.104419369565329));
#12610=CARTESIAN_POINT('Ctrl Pts',(18.4205328583718,0.5,-0.131240344047265));
#12611=CARTESIAN_POINT('',(21.159959948063,0.5,-0.0384716749188341));
#12612=CARTESIAN_POINT('',(21.159959948063,0.5,-0.0384716749188341));
#12613=CARTESIAN_POINT('',(21.159959948063,0.5,-2.45593593120546));
#12614=CARTESIAN_POINT('Ctrl Pts',(17.8775589823724,0.5,4.46630194187192));
#12615=CARTESIAN_POINT('Ctrl Pts',(17.8775589823724,0.,4.46630194187192));
#12616=CARTESIAN_POINT('Ctrl Pts',(18.0722766992965,0.5,4.50522266842239));
#12617=CARTESIAN_POINT('Ctrl Pts',(18.0722766992965,0.,4.50522266842239));
#12618=CARTESIAN_POINT('Ctrl Pts',(18.4980583455811,0.5,4.59032910499645));
#12619=CARTESIAN_POINT('Ctrl Pts',(18.4980583455811,0.,4.59032910499645));
#12620=CARTESIAN_POINT('Ctrl Pts',(18.9324231334358,0.5,4.59659794396588));
#12621=CARTESIAN_POINT('Ctrl Pts',(18.9324231334358,0.,4.59659794396588));
#12622=CARTESIAN_POINT('Ctrl Pts',(19.1681449770928,0.5,4.59999992847471));
#12623=CARTESIAN_POINT('Ctrl Pts',(19.1681449770928,0.,4.59999992847471));
#12624=CARTESIAN_POINT('',(19.1681449770928,0.,4.59999992847471));
#12625=CARTESIAN_POINT('',(19.1681449770928,0.,4.59999992847471));
#12626=CARTESIAN_POINT('',(17.8775589823724,0.,4.46630194187192));
#12627=CARTESIAN_POINT('Ctrl Pts',(17.8775589823724,0.,4.46630194187192));
#12628=CARTESIAN_POINT('Ctrl Pts',(18.0722766992965,0.,4.50522266842239));
#12629=CARTESIAN_POINT('Ctrl Pts',(18.4980583455811,0.,4.59032910499645));
#12630=CARTESIAN_POINT('Ctrl Pts',(18.9324231334358,0.,4.59659794396588));
#12631=CARTESIAN_POINT('Ctrl Pts',(19.1681449770928,0.,4.59999992847471));
#12632=CARTESIAN_POINT('',(17.8775589823724,0.,4.46630194187192));
#12633=CARTESIAN_POINT('Ctrl Pts',(17.0017056822778,0.5,4.07066776752499));
#12634=CARTESIAN_POINT('Ctrl Pts',(17.0017056822778,0.,4.07066776752499));
#12635=CARTESIAN_POINT('Ctrl Pts',(17.1299549105314,0.5,4.15372240189201));
#12636=CARTESIAN_POINT('Ctrl Pts',(17.1299549105314,0.,4.15372240189201));
#12637=CARTESIAN_POINT('Ctrl Pts',(17.4016902711684,0.5,4.32969914132058));
#12638=CARTESIAN_POINT('Ctrl Pts',(17.4016902711684,0.,4.32969914132058));
#12639=CARTESIAN_POINT('Ctrl Pts',(17.7131152769267,0.5,4.4190967565592));
#12640=CARTESIAN_POINT('Ctrl Pts',(17.7131152769267,0.,4.4190967565592));
#12641=CARTESIAN_POINT('Ctrl Pts',(17.8775589823724,0.5,4.46630194187192));
#12642=CARTESIAN_POINT('Ctrl Pts',(17.8775589823724,0.,4.46630194187192));
#12643=CARTESIAN_POINT('',(17.0017056822778,0.,4.07066776752499));
#12644=CARTESIAN_POINT('Ctrl Pts',(17.0017056822778,0.,4.07066776752499));
#12645=CARTESIAN_POINT('Ctrl Pts',(17.1299549105314,0.,4.15372240189201));
#12646=CARTESIAN_POINT('Ctrl Pts',(17.4016902711684,0.,4.32969914132058));
#12647=CARTESIAN_POINT('Ctrl Pts',(17.7131152769267,0.,4.4190967565592));
#12648=CARTESIAN_POINT('Ctrl Pts',(17.8775589823724,0.,4.46630194187192));
#12649=CARTESIAN_POINT('',(17.0017056822778,0.,4.07066776752499));
#12650=CARTESIAN_POINT('Ctrl Pts',(16.4150755763055,0.5,3.32578375339535));
#12651=CARTESIAN_POINT('Ctrl Pts',(16.4150755763055,0.,3.32578375339535));
#12652=CARTESIAN_POINT('Ctrl Pts',(16.4953689588418,0.5,3.47485818660406));
#12653=CARTESIAN_POINT('Ctrl Pts',(16.4953689588418,0.,3.47485818660406));
#12654=CARTESIAN_POINT('Ctrl Pts',(16.6476846545917,0.5,3.75765080656188));
#12655=CARTESIAN_POINT('Ctrl Pts',(16.6476846545917,0.,3.75765080656188));
#12656=CARTESIAN_POINT('Ctrl Pts',(16.8880494478393,0.5,3.97017563198443));
#12657=CARTESIAN_POINT('Ctrl Pts',(16.8880494478393,0.,3.97017563198443));
#12658=CARTESIAN_POINT('Ctrl Pts',(17.0017056822778,0.5,4.07066776752499));
#12659=CARTESIAN_POINT('Ctrl Pts',(17.0017056822778,0.,4.07066776752499));
#12660=CARTESIAN_POINT('',(16.4150755763055,0.,3.32578375339535));
#12661=CARTESIAN_POINT('Ctrl Pts',(16.4150755763055,0.,3.32578375339535));
#12662=CARTESIAN_POINT('Ctrl Pts',(16.4953689588418,0.,3.47485818660406));
#12663=CARTESIAN_POINT('Ctrl Pts',(16.6476846545917,0.,3.75765080656188));
#12664=CARTESIAN_POINT('Ctrl Pts',(16.8880494478393,0.,3.97017563198443));
#12665=CARTESIAN_POINT('Ctrl Pts',(17.0017056822778,0.,4.07066776752499));
#12666=CARTESIAN_POINT('',(16.4150755763055,0.,3.32578375339535));
#12667=CARTESIAN_POINT('Ctrl Pts',(16.1776953101159,0.5,2.28076412677792));
#12668=CARTESIAN_POINT('Ctrl Pts',(16.1776953101159,0.,2.28076412677792));
#12669=CARTESIAN_POINT('Ctrl Pts',(16.1871305823171,0.5,2.46389284294454));
#12670=CARTESIAN_POINT('Ctrl Pts',(16.1871305823171,0.,2.46389284294454));
#12671=CARTESIAN_POINT('Ctrl Pts',(16.2057899604792,0.5,2.82605176050451));
#12672=CARTESIAN_POINT('Ctrl Pts',(16.2057899604792,0.,2.82605176050451));
#12673=CARTESIAN_POINT('Ctrl Pts',(16.3458420225663,0.5,3.16046794013033));
#12674=CARTESIAN_POINT('Ctrl Pts',(16.3458420225663,0.,3.16046794013033));
#12675=CARTESIAN_POINT('Ctrl Pts',(16.4150755763055,0.5,3.32578375339535));
#12676=CARTESIAN_POINT('Ctrl Pts',(16.4150755763055,0.,3.32578375339535));
#12677=CARTESIAN_POINT('',(16.1776953101159,0.,2.28076412677792));
#12678=CARTESIAN_POINT('Ctrl Pts',(16.1776953101159,0.,2.28076412677792));
#12679=CARTESIAN_POINT('Ctrl Pts',(16.1871305823171,0.,2.46389284294454));
#12680=CARTESIAN_POINT('Ctrl Pts',(16.2057899604792,0.,2.82605176050451));
#12681=CARTESIAN_POINT('Ctrl Pts',(16.3458420225663,0.,3.16046794013033));
#12682=CARTESIAN_POINT('Ctrl Pts',(16.4150755763055,0.,3.32578375339535));
#12683=CARTESIAN_POINT('',(16.1776953101159,0.,2.28076412677792));
#12684=CARTESIAN_POINT('Ctrl Pts',(16.5678720831872,0.5,1.06930449008968));
#12685=CARTESIAN_POINT('Ctrl Pts',(16.5678720831872,0.,1.06930449008968));
#12686=CARTESIAN_POINT('Ctrl Pts',(16.4540856061148,0.5,1.25045643125917));
#12687=CARTESIAN_POINT('Ctrl Pts',(16.4540856061148,0.,1.25045643125917));
#12688=CARTESIAN_POINT('Ctrl Pts',(16.2214480885754,0.5,1.62082327075896));
#12689=CARTESIAN_POINT('Ctrl Pts',(16.2214480885754,0.,1.62082327075896));
#12690=CARTESIAN_POINT('Ctrl Pts',(16.1924897127352,0.5,2.05761416756043));
#12691=CARTESIAN_POINT('Ctrl Pts',(16.1924897127352,0.,2.05761416756043));
#12692=CARTESIAN_POINT('Ctrl Pts',(16.1776953101159,0.5,2.28076412677792));
#12693=CARTESIAN_POINT('Ctrl Pts',(16.1776953101159,0.,2.28076412677792));
#12694=CARTESIAN_POINT('',(16.5678720831872,0.,1.06930449008968));
#12695=CARTESIAN_POINT('Ctrl Pts',(16.5678720831872,0.,1.06930449008968));
#12696=CARTESIAN_POINT('Ctrl Pts',(16.4540856061148,0.,1.25045643125917));
#12697=CARTESIAN_POINT('Ctrl Pts',(16.2214480885754,0.,1.62082327075896));
#12698=CARTESIAN_POINT('Ctrl Pts',(16.1924897127352,0.,2.05761416756043));
#12699=CARTESIAN_POINT('Ctrl Pts',(16.1776953101159,0.,2.28076412677792));
#12700=CARTESIAN_POINT('',(16.5678720831872,0.,1.06930449008968));
#12701=CARTESIAN_POINT('Ctrl Pts',(17.6838343501092,0.5,0.343520188331881));
#12702=CARTESIAN_POINT('Ctrl Pts',(17.6838343501092,0.,0.343520188331881));
#12703=CARTESIAN_POINT('Ctrl Pts',(17.4589959228892,0.5,0.423003508630408));
#12704=CARTESIAN_POINT('Ctrl Pts',(17.4589959228892,0.,0.423003508630408));
#12705=CARTESIAN_POINT('Ctrl Pts',(17.0278836702584,0.5,0.575407320043682));
#12706=CARTESIAN_POINT('Ctrl Pts',(17.0278836702584,0.,0.575407320043682));
#12707=CARTESIAN_POINT('Ctrl Pts',(16.7167431568856,0.5,0.909467207577941));
#12708=CARTESIAN_POINT('Ctrl Pts',(16.7167431568856,0.,0.909467207577941));
#12709=CARTESIAN_POINT('Ctrl Pts',(16.5678720831872,0.5,1.06930449008968));
#12710=CARTESIAN_POINT('Ctrl Pts',(16.5678720831872,0.,1.06930449008968));
#12711=CARTESIAN_POINT('',(17.6838343501092,0.,0.343520188331881));
#12712=CARTESIAN_POINT('Ctrl Pts',(17.6838343501092,0.,0.343520188331881));
#12713=CARTESIAN_POINT('Ctrl Pts',(17.4589959228892,0.,0.423003508630408));
#12714=CARTESIAN_POINT('Ctrl Pts',(17.0278836702584,0.,0.575407320043682));
#12715=CARTESIAN_POINT('Ctrl Pts',(16.7167431568856,0.,0.909467207577941));
#12716=CARTESIAN_POINT('Ctrl Pts',(16.5678720831872,0.,1.06930449008968));
#12717=CARTESIAN_POINT('',(17.6838343501092,0.,0.343520188331881));
#12718=CARTESIAN_POINT('Ctrl Pts',(16.8434517741204,0.5,-0.387721514701576));
#12719=CARTESIAN_POINT('Ctrl Pts',(16.8434517741204,0.,-0.387721514701576));
#12720=CARTESIAN_POINT('Ctrl Pts',(16.9518422039403,0.5,-0.242186788234946));
#12721=CARTESIAN_POINT('Ctrl Pts',(16.9518422039403,0.,-0.242186788234946));
#12722=CARTESIAN_POINT('Ctrl Pts',(17.1785386369314,0.5,0.062196204074918));
#12723=CARTESIAN_POINT('Ctrl Pts',(17.1785386369314,0.,0.062196204074918));
#12724=CARTESIAN_POINT('Ctrl Pts',(17.5105616135147,0.5,0.247050387875198));
#12725=CARTESIAN_POINT('Ctrl Pts',(17.5105616135147,0.,0.247050387875198));
#12726=CARTESIAN_POINT('Ctrl Pts',(17.6838343501092,0.5,0.343520188331881));
#12727=CARTESIAN_POINT('Ctrl Pts',(17.6838343501092,0.,0.343520188331881));
#12728=CARTESIAN_POINT('',(16.8434517741204,0.,-0.387721514701576));
#12729=CARTESIAN_POINT('Ctrl Pts',(16.8434517741204,0.,-0.387721514701576));
#12730=CARTESIAN_POINT('Ctrl Pts',(16.9518422039403,0.,-0.242186788234946));
#12731=CARTESIAN_POINT('Ctrl Pts',(17.1785386369314,0.,0.062196204074918));
#12732=CARTESIAN_POINT('Ctrl Pts',(17.5105616135147,0.,0.247050387875198));
#12733=CARTESIAN_POINT('Ctrl Pts',(17.6838343501092,0.,0.343520188331881));
#12734=CARTESIAN_POINT('',(16.8434517741204,0.,-0.387721514701576));
#12735=CARTESIAN_POINT('Ctrl Pts',(16.5651445746423,0.5,-1.35361478328678));
#12736=CARTESIAN_POINT('Ctrl Pts',(16.5651445746423,0.,-1.35361478328678));
#12737=CARTESIAN_POINT('Ctrl Pts',(16.5771726439726,0.5,-1.18442952618445));
#12738=CARTESIAN_POINT('Ctrl Pts',(16.5771726439726,0.,-1.18442952618445));
#12739=CARTESIAN_POINT('Ctrl Pts',(16.6014582305135,0.5,-0.842831627971674));
#12740=CARTESIAN_POINT('Ctrl Pts',(16.6014582305135,0.,-0.842831627971674));
#12741=CARTESIAN_POINT('Ctrl Pts',(16.7622807809344,0.5,-0.54037740523698));
#12742=CARTESIAN_POINT('Ctrl Pts',(16.7622807809344,0.,-0.54037740523698));
#12743=CARTESIAN_POINT('Ctrl Pts',(16.8434517741204,0.5,-0.387721514701576));
#12744=CARTESIAN_POINT('Ctrl Pts',(16.8434517741204,0.,-0.387721514701576));
#12745=CARTESIAN_POINT('',(16.5651445746423,0.,-1.35361478328678));
#12746=CARTESIAN_POINT('Ctrl Pts',(16.5651445746423,0.,-1.35361478328678));
#12747=CARTESIAN_POINT('Ctrl Pts',(16.5771726439726,0.,-1.18442952618445));
#12748=CARTESIAN_POINT('Ctrl Pts',(16.6014582305135,0.,-0.842831627971674));
#12749=CARTESIAN_POINT('Ctrl Pts',(16.7622807809344,0.,-0.54037740523698));
#12750=CARTESIAN_POINT('Ctrl Pts',(16.8434517741204,0.,-0.387721514701576));
#12751=CARTESIAN_POINT('',(16.5651445746423,0.,-1.35361478328678));
#12752=CARTESIAN_POINT('Ctrl Pts',(16.8789224982263,0.5,-2.40954921245548));
#12753=CARTESIAN_POINT('Ctrl Pts',(16.8789224982263,0.,-2.40954921245548));
#12754=CARTESIAN_POINT('Ctrl Pts',(16.7874145906714,0.5,-2.24126671734366));
#12755=CARTESIAN_POINT('Ctrl Pts',(16.7874145906714,0.,-2.24126671734366));
#12756=CARTESIAN_POINT('Ctrl Pts',(16.6079841822886,0.5,-1.91129526866317));
#12757=CARTESIAN_POINT('Ctrl Pts',(16.6079841822886,0.,-1.91129526866317));
#12758=CARTESIAN_POINT('Ctrl Pts',(16.579232939904,0.5,-1.53701530465006));
#12759=CARTESIAN_POINT('Ctrl Pts',(16.579232939904,0.,-1.53701530465006));
#12760=CARTESIAN_POINT('Ctrl Pts',(16.5651445746423,0.5,-1.35361478328678));
#12761=CARTESIAN_POINT('Ctrl Pts',(16.5651445746423,0.,-1.35361478328678));
#12762=CARTESIAN_POINT('',(16.8789224982263,0.,-2.40954921245548));
#12763=CARTESIAN_POINT('Ctrl Pts',(16.8789224982263,0.,-2.40954921245548));
#12764=CARTESIAN_POINT('Ctrl Pts',(16.7874145906714,0.,-2.24126671734366));
#12765=CARTESIAN_POINT('Ctrl Pts',(16.6079841822886,0.,-1.91129526866317));
#12766=CARTESIAN_POINT('Ctrl Pts',(16.579232939904,0.,-1.53701530465006));
#12767=CARTESIAN_POINT('Ctrl Pts',(16.5651445746423,0.,-1.35361478328678));
#12768=CARTESIAN_POINT('',(16.8789224982263,0.,-2.40954921245548));
#12769=CARTESIAN_POINT('Ctrl Pts',(17.7465896964074,0.5,-3.15716311931582));
#12770=CARTESIAN_POINT('Ctrl Pts',(17.7465896964074,0.,-3.15716311931582));
#12771=CARTESIAN_POINT('Ctrl Pts',(17.572211313015,0.5,-3.06569761057393));
#12772=CARTESIAN_POINT('Ctrl Pts',(17.572211313015,0.,-3.06569761057393));
#12773=CARTESIAN_POINT('Ctrl Pts',(17.2250703916081,0.5,-2.88361414148847));
#12774=CARTESIAN_POINT('Ctrl Pts',(17.2250703916081,0.,-2.88361414148847));
#12775=CARTESIAN_POINT('Ctrl Pts',(16.9939465233704,0.5,-2.56707972862964));
#12776=CARTESIAN_POINT('Ctrl Pts',(16.9939465233704,0.,-2.56707972862964));
#12777=CARTESIAN_POINT('Ctrl Pts',(16.8789224982263,0.5,-2.40954921245548));
#12778=CARTESIAN_POINT('Ctrl Pts',(16.8789224982263,0.,-2.40954921245548));
#12779=CARTESIAN_POINT('',(17.7465896964074,0.,-3.15716311931582));
#12780=CARTESIAN_POINT('Ctrl Pts',(17.7465896964074,0.,-3.15716311931582));
#12781=CARTESIAN_POINT('Ctrl Pts',(17.572211313015,0.,-3.06569761057393));
#12782=CARTESIAN_POINT('Ctrl Pts',(17.2250703916081,0.,-2.88361414148847));
#12783=CARTESIAN_POINT('Ctrl Pts',(16.9939465233704,0.,-2.56707972862964));
#12784=CARTESIAN_POINT('Ctrl Pts',(16.8789224982263,0.,-2.40954921245548));
#12785=CARTESIAN_POINT('',(17.7465896964074,0.,-3.15716311931582));
#12786=CARTESIAN_POINT('Ctrl Pts',(19.2172586083413,0.5,-3.39999959468813));
#12787=CARTESIAN_POINT('Ctrl Pts',(19.2172586083413,0.,-3.39999959468813));
#12788=CARTESIAN_POINT('Ctrl Pts',(18.9392361536917,0.5,-3.39492131757684));
#12789=CARTESIAN_POINT('Ctrl Pts',(18.9392361536917,0.,-3.39492131757684));
#12790=CARTESIAN_POINT('Ctrl Pts',(18.436372635778,0.5,-3.38573615914659));
#12791=CARTESIAN_POINT('Ctrl Pts',(18.436372635778,0.,-3.38573615914659));
#12792=CARTESIAN_POINT('Ctrl Pts',(17.9597139964613,0.5,-3.22778601580203));
#12793=CARTESIAN_POINT('Ctrl Pts',(17.9597139964613,0.,-3.22778601580203));
#12794=CARTESIAN_POINT('Ctrl Pts',(17.7465896964074,0.5,-3.15716311931582));
#12795=CARTESIAN_POINT('Ctrl Pts',(17.7465896964074,0.,-3.15716311931582));
#12796=CARTESIAN_POINT('',(19.2172586083413,0.,-3.39999959468813));
#12797=CARTESIAN_POINT('Ctrl Pts',(19.2172586083413,0.,-3.39999959468813));
#12798=CARTESIAN_POINT('Ctrl Pts',(18.9392361536917,0.,-3.39492131757684));
#12799=CARTESIAN_POINT('Ctrl Pts',(18.436372635778,0.,-3.38573615914659));
#12800=CARTESIAN_POINT('Ctrl Pts',(17.9597139964613,0.,-3.22778601580203));
#12801=CARTESIAN_POINT('Ctrl Pts',(17.7465896964074,0.,-3.15716311931582));
#12802=CARTESIAN_POINT('',(19.2172586083413,0.,-3.39999959468813));
#12803=CARTESIAN_POINT('Origin',(20.7179405450822,0.,-3.39999959468812));
#12804=CARTESIAN_POINT('',(22.2186224818231,0.,-3.39999959468811));
#12805=CARTESIAN_POINT('',(23.9089702725411,0.,-3.3999995946881));
#12806=CARTESIAN_POINT('',(22.2186224818231,0.,-3.39999959468811));
#12807=CARTESIAN_POINT('Origin',(22.218622481823,0.,0.600000166893309));
#12808=CARTESIAN_POINT('',(22.218622481823,0.,4.59999992847473));
#12809=CARTESIAN_POINT('',(22.218622481823,0.,0.300000083446648));
#12810=CARTESIAN_POINT('',(22.218622481823,0.,4.59999992847473));
#12811=CARTESIAN_POINT('Origin',(20.6933837294579,0.,4.59999992847472));
#12812=CARTESIAN_POINT('',(23.896691864729,0.,4.59999992847474));
#12813=CARTESIAN_POINT('Origin',(20.2349939107896,0.,0.90559437274962));
#12814=CARTESIAN_POINT('',(21.159959948063,0.,0.905594372749625));
#12815=CARTESIAN_POINT('',(21.159959948063,0.,0.905594372749625));
#12816=CARTESIAN_POINT('',(19.3100278735162,0.,0.905594372749614));
#12817=CARTESIAN_POINT('',(23.6674969553948,0.,0.90559437274964));
#12818=CARTESIAN_POINT('',(19.3100278735162,0.,0.905594372749614));
#12819=CARTESIAN_POINT('Ctrl Pts',(18.1394963622094,0.5,1.0392899751666));
#12820=CARTESIAN_POINT('Ctrl Pts',(18.1394963622094,0.,1.0392899751666));
#12821=CARTESIAN_POINT('Ctrl Pts',(18.3041266753908,0.5,1.00049710485476));
#12822=CARTESIAN_POINT('Ctrl Pts',(18.3041266753908,0.,1.00049710485476));
#12823=CARTESIAN_POINT('Ctrl Pts',(18.6885445986674,0.5,0.909914305399244));
#12824=CARTESIAN_POINT('Ctrl Pts',(18.6885445986674,0.,0.909914305399244));
#12825=CARTESIAN_POINT('Ctrl Pts',(19.083955260558,0.5,0.907165804357555));
#12826=CARTESIAN_POINT('Ctrl Pts',(19.083955260558,0.,0.907165804357555));
#12827=CARTESIAN_POINT('Ctrl Pts',(19.3100278735162,0.5,0.905594372749614));
#12828=CARTESIAN_POINT('Ctrl Pts',(19.3100278735162,0.,0.905594372749614));
#12829=CARTESIAN_POINT('',(18.1394963622094,0.,1.0392899751666));
#12830=CARTESIAN_POINT('Ctrl Pts',(18.1394963622094,0.,1.0392899751666));
#12831=CARTESIAN_POINT('Ctrl Pts',(18.3041266753908,0.,1.00049710485476));
#12832=CARTESIAN_POINT('Ctrl Pts',(18.6885445986674,0.,0.909914305399244));
#12833=CARTESIAN_POINT('Ctrl Pts',(19.083955260558,0.,0.907165804357555));
#12834=CARTESIAN_POINT('Ctrl Pts',(19.3100278735162,0.,0.905594372749614));
#12835=CARTESIAN_POINT('',(18.1394963622094,0.,1.0392899751666));
#12836=CARTESIAN_POINT('Ctrl Pts',(17.5037520289422,0.5,1.50313808918026));
#12837=CARTESIAN_POINT('Ctrl Pts',(17.5037520289422,0.,1.50313808918026));
#12838=CARTESIAN_POINT('Ctrl Pts',(17.5886568590261,0.5,1.40091181271848));
#12839=CARTESIAN_POINT('Ctrl Pts',(17.5886568590261,0.,1.40091181271848));
#12840=CARTESIAN_POINT('Ctrl Pts',(17.7614002230364,0.5,1.19292705061733));
#12841=CARTESIAN_POINT('Ctrl Pts',(17.7614002230364,0.,1.19292705061733));
#12842=CARTESIAN_POINT('Ctrl Pts',(18.0120454118129,0.5,1.09107889669637));
#12843=CARTESIAN_POINT('Ctrl Pts',(18.0120454118129,0.,1.09107889669637));
#12844=CARTESIAN_POINT('Ctrl Pts',(18.1394963622094,0.5,1.0392899751666));
#12845=CARTESIAN_POINT('Ctrl Pts',(18.1394963622094,0.,1.0392899751666));
#12846=CARTESIAN_POINT('',(17.5037520289422,0.,1.50313808918026));
#12847=CARTESIAN_POINT('Ctrl Pts',(17.5037520289422,0.,1.50313808918026));
#12848=CARTESIAN_POINT('Ctrl Pts',(17.5886568590261,0.,1.40091181271848));
#12849=CARTESIAN_POINT('Ctrl Pts',(17.7614002230364,0.,1.19292705061733));
#12850=CARTESIAN_POINT('Ctrl Pts',(18.0120454118129,0.,1.09107889669637));
#12851=CARTESIAN_POINT('Ctrl Pts',(18.1394963622094,0.,1.0392899751666));
#12852=CARTESIAN_POINT('',(17.5037520289422,0.,1.50313808918026));
#12853=CARTESIAN_POINT('Ctrl Pts',(17.2745566725732,0.5,2.28076412677792));
#12854=CARTESIAN_POINT('Ctrl Pts',(17.2745566725732,0.,2.28076412677792));
#12855=CARTESIAN_POINT('Ctrl Pts',(17.2829599571044,0.5,2.13817814456741));
#12856=CARTESIAN_POINT('Ctrl Pts',(17.2829599571044,0.,2.13817814456741));
#12857=CARTESIAN_POINT('Ctrl Pts',(17.2992969615862,0.5,1.86097369888248));
#12858=CARTESIAN_POINT('Ctrl Pts',(17.2992969615862,0.,1.86097369888248));
#12859=CARTESIAN_POINT('Ctrl Pts',(17.4369188673942,0.5,1.62010894942909));
#12860=CARTESIAN_POINT('Ctrl Pts',(17.4369188673942,0.,1.62010894942909));
#12861=CARTESIAN_POINT('Ctrl Pts',(17.5037520289422,0.5,1.50313808918026));
#12862=CARTESIAN_POINT('Ctrl Pts',(17.5037520289422,0.,1.50313808918026));
#12863=CARTESIAN_POINT('',(17.2745566725732,0.,2.28076412677792));
#12864=CARTESIAN_POINT('Ctrl Pts',(17.2745566725732,0.,2.28076412677792));
#12865=CARTESIAN_POINT('Ctrl Pts',(17.2829599571044,0.,2.13817814456741));
#12866=CARTESIAN_POINT('Ctrl Pts',(17.2992969615862,0.,1.86097369888248));
#12867=CARTESIAN_POINT('Ctrl Pts',(17.4369188673942,0.,1.62010894942909));
#12868=CARTESIAN_POINT('Ctrl Pts',(17.5037520289422,0.,1.50313808918026));
#12869=CARTESIAN_POINT('',(17.2745566725732,0.,2.28076412677792));
#12870=CARTESIAN_POINT('Ctrl Pts',(17.4328117728234,0.5,2.95470669269589));
#12871=CARTESIAN_POINT('Ctrl Pts',(17.4328117728234,0.,2.95470669269589));
#12872=CARTESIAN_POINT('Ctrl Pts',(17.3866707875978,0.5,2.85146329101337));
#12873=CARTESIAN_POINT('Ctrl Pts',(17.3866707875978,0.,2.85146329101337));
#12874=CARTESIAN_POINT('Ctrl Pts',(17.2908828655318,0.5,2.6371316969688));
#12875=CARTESIAN_POINT('Ctrl Pts',(17.2908828655318,0.,2.6371316969688));
#12876=CARTESIAN_POINT('Ctrl Pts',(17.2801299269962,0.5,2.40241692984226));
#12877=CARTESIAN_POINT('Ctrl Pts',(17.2801299269962,0.,2.40241692984226));
#12878=CARTESIAN_POINT('Ctrl Pts',(17.2745566725732,0.5,2.28076412677792));
#12879=CARTESIAN_POINT('Ctrl Pts',(17.2745566725732,0.,2.28076412677792));
#12880=CARTESIAN_POINT('',(17.4328117728234,0.,2.95470669269589));
#12881=CARTESIAN_POINT('Ctrl Pts',(17.4328117728234,0.,2.95470669269589));
#12882=CARTESIAN_POINT('Ctrl Pts',(17.3866707875978,0.,2.85146329101337));
#12883=CARTESIAN_POINT('Ctrl Pts',(17.2908828655318,0.,2.6371316969688));
#12884=CARTESIAN_POINT('Ctrl Pts',(17.2801299269962,0.,2.40241692984226));
#12885=CARTESIAN_POINT('Ctrl Pts',(17.2745566725732,0.,2.28076412677792));
#12886=CARTESIAN_POINT('',(17.4328117728234,0.,2.95470669269589));
#12887=CARTESIAN_POINT('Ctrl Pts',(17.8366308569909,0.5,3.39945509433774));
#12888=CARTESIAN_POINT('Ctrl Pts',(17.8366308569909,0.,3.39945509433774));
#12889=CARTESIAN_POINT('Ctrl Pts',(17.7575330879315,0.5,3.34106885770316));
#12890=CARTESIAN_POINT('Ctrl Pts',(17.7575330879315,0.,3.34106885770316));
#12891=CARTESIAN_POINT('Ctrl Pts',(17.5933842654635,0.5,3.21990195115351));
#12892=CARTESIAN_POINT('Ctrl Pts',(17.5933842654635,0.,3.21990195115351));
#12893=CARTESIAN_POINT('Ctrl Pts',(17.4876146076942,0.5,3.04521691470722));
#12894=CARTESIAN_POINT('Ctrl Pts',(17.4876146076942,0.,3.04521691470722));
#12895=CARTESIAN_POINT('Ctrl Pts',(17.4328117728234,0.5,2.95470669269589));
#12896=CARTESIAN_POINT('Ctrl Pts',(17.4328117728234,0.,2.95470669269589));
#12897=CARTESIAN_POINT('',(17.8366308569909,0.,3.39945509433774));
#12898=CARTESIAN_POINT('Ctrl Pts',(17.8366308569909,0.,3.39945509433774));
#12899=CARTESIAN_POINT('Ctrl Pts',(17.7575330879315,0.,3.34106885770316));
#12900=CARTESIAN_POINT('Ctrl Pts',(17.5933842654635,0.,3.21990195115351));
#12901=CARTESIAN_POINT('Ctrl Pts',(17.4876146076942,0.,3.04521691470722));
#12902=CARTESIAN_POINT('Ctrl Pts',(17.4328117728234,0.,2.95470669269589));
#12903=CARTESIAN_POINT('',(17.8366308569909,0.,3.39945509433774));
#12904=CARTESIAN_POINT('Ctrl Pts',(18.4478180766106,0.5,3.6177344560626));
#12905=CARTESIAN_POINT('Ctrl Pts',(18.4478180766106,0.,3.6177344560626));
#12906=CARTESIAN_POINT('Ctrl Pts',(18.3339631845277,0.5,3.59408667014837));
#12907=CARTESIAN_POINT('Ctrl Pts',(18.3339631845277,0.,3.59408667014837));
#12908=CARTESIAN_POINT('Ctrl Pts',(18.1199313443763,0.5,3.54963202228795));
#12909=CARTESIAN_POINT('Ctrl Pts',(18.1199313443763,0.,3.54963202228795));
#12910=CARTESIAN_POINT('Ctrl Pts',(17.9269535318383,0.5,3.44733493371966));
#12911=CARTESIAN_POINT('Ctrl Pts',(17.9269535318383,0.,3.44733493371966));
#12912=CARTESIAN_POINT('Ctrl Pts',(17.8366308569909,0.5,3.39945509433774));
#12913=CARTESIAN_POINT('Ctrl Pts',(17.8366308569909,0.,3.39945509433774));
#12914=CARTESIAN_POINT('',(18.4478180766106,0.,3.6177344560626));
#12915=CARTESIAN_POINT('Ctrl Pts',(18.4478180766106,0.,3.6177344560626));
#12916=CARTESIAN_POINT('Ctrl Pts',(18.3339631845277,0.,3.59408667014837));
#12917=CARTESIAN_POINT('Ctrl Pts',(18.1199313443763,0.,3.54963202228795));
#12918=CARTESIAN_POINT('Ctrl Pts',(17.9269535318383,0.,3.44733493371966));
#12919=CARTESIAN_POINT('Ctrl Pts',(17.8366308569909,0.,3.39945509433774));
#12920=CARTESIAN_POINT('',(18.4478180766106,0.,3.6177344560626));
#12921=CARTESIAN_POINT('Ctrl Pts',(19.1681449770928,0.5,3.65593388080625));
#12922=CARTESIAN_POINT('Ctrl Pts',(19.1681449770928,0.,3.65593388080625));
#12923=CARTESIAN_POINT('Ctrl Pts',(19.0224124857376,0.5,3.65620933024094));
#12924=CARTESIAN_POINT('Ctrl Pts',(19.0224124857376,0.,3.65620933024094));
#12925=CARTESIAN_POINT('Ctrl Pts',(18.7814947689339,0.5,3.65666468956598));
#12926=CARTESIAN_POINT('Ctrl Pts',(18.7814947689339,0.,3.65666468956598));
#12927=CARTESIAN_POINT('Ctrl Pts',(18.542316181783,0.5,3.62875959921651));
#12928=CARTESIAN_POINT('Ctrl Pts',(18.542316181783,0.,3.62875959921651));
#12929=CARTESIAN_POINT('Ctrl Pts',(18.4478180766106,0.5,3.6177344560626));
#12930=CARTESIAN_POINT('Ctrl Pts',(18.4478180766106,0.,3.6177344560626));
#12931=CARTESIAN_POINT('',(19.1681449770928,0.,3.65593388080625));
#12932=CARTESIAN_POINT('Ctrl Pts',(19.1681449770928,0.,3.65593388080625));
#12933=CARTESIAN_POINT('Ctrl Pts',(19.0224124857376,0.,3.65620933024094));
#12934=CARTESIAN_POINT('Ctrl Pts',(18.7814947689339,0.,3.65666468956598));
#12935=CARTESIAN_POINT('Ctrl Pts',(18.542316181783,0.,3.62875959921651));
#12936=CARTESIAN_POINT('Ctrl Pts',(18.4478180766106,0.,3.6177344560626));
#12937=CARTESIAN_POINT('',(19.1681449770928,0.,3.65593388080625));
#12938=CARTESIAN_POINT('Origin',(20.1640524625779,0.,3.65593388080626));
#12939=CARTESIAN_POINT('',(21.159959948063,0.,3.65593388080626));
#12940=CARTESIAN_POINT('',(23.6320262312889,0.,3.65593388080628));
#12941=CARTESIAN_POINT('',(21.159959948063,0.,3.65593388080626));
#12942=CARTESIAN_POINT('Origin',(21.159959948063,0.,2.28076412677794));
#12943=CARTESIAN_POINT('',(21.159959948063,0.,1.14038206338896));
#12944=CARTESIAN_POINT('Origin',(20.3605057954789,0.,-2.45593593120546));
#12945=CARTESIAN_POINT('',(21.159959948063,0.,-2.45593593120545));
#12946=CARTESIAN_POINT('',(21.159959948063,0.,-2.45593593120545));
#12947=CARTESIAN_POINT('',(19.5610516428948,0.,-2.45593593120546));
#12948=CARTESIAN_POINT('',(23.7302528977395,0.,-2.45593593120544));
#12949=CARTESIAN_POINT('',(19.5610516428948,0.,-2.45593593120546));
#12950=CARTESIAN_POINT('Ctrl Pts',(18.344134604931,0.5,-2.34406516551944));
#12951=CARTESIAN_POINT('Ctrl Pts',(18.344134604931,0.,-2.34406516551944));
#12952=CARTESIAN_POINT('Ctrl Pts',(18.5042031217756,0.5,-2.37637904446188));
#12953=CARTESIAN_POINT('Ctrl Pts',(18.5042031217756,0.,-2.37637904446188));
#12954=CARTESIAN_POINT('Ctrl Pts',(18.9052289510586,0.5,-2.45733625176099));
#12955=CARTESIAN_POINT('Ctrl Pts',(18.9052289510586,0.,-2.45733625176099));
#12956=CARTESIAN_POINT('Ctrl Pts',(19.3148998937426,0.5,-2.45646151740186));
#12957=CARTESIAN_POINT('Ctrl Pts',(19.3148998937426,0.,-2.45646151740186));
#12958=CARTESIAN_POINT('Ctrl Pts',(19.5610516428948,0.5,-2.45593593120546));
#12959=CARTESIAN_POINT('Ctrl Pts',(19.5610516428948,0.,-2.45593593120546));
#12960=CARTESIAN_POINT('',(18.344134604931,0.,-2.34406516551944));
#12961=CARTESIAN_POINT('Ctrl Pts',(18.344134604931,0.,-2.34406516551944));
#12962=CARTESIAN_POINT('Ctrl Pts',(18.5042031217756,0.,-2.37637904446188));
#12963=CARTESIAN_POINT('Ctrl Pts',(18.9052289510586,0.,-2.45733625176099));
#12964=CARTESIAN_POINT('Ctrl Pts',(19.3148998937426,0.,-2.45646151740186));
#12965=CARTESIAN_POINT('Ctrl Pts',(19.5610516428948,0.,-2.45593593120546));
#12966=CARTESIAN_POINT('',(18.344134604931,0.,-2.34406516551944));
#12967=CARTESIAN_POINT('Ctrl Pts',(17.7984314322472,0.5,-1.92933127880069));
#12968=CARTESIAN_POINT('Ctrl Pts',(17.7984314322472,0.,-1.92933127880069));
#12969=CARTESIAN_POINT('Ctrl Pts',(17.8695231413932,0.5,-2.02251744097476));
#12970=CARTESIAN_POINT('Ctrl Pts',(17.8695231413932,0.,-2.02251744097476));
#12971=CARTESIAN_POINT('Ctrl Pts',(18.0132041624396,0.5,-2.21085280510384));
#12972=CARTESIAN_POINT('Ctrl Pts',(18.0132041624396,0.,-2.21085280510384));
#12973=CARTESIAN_POINT('Ctrl Pts',(18.23306059501,0.5,-2.29935356107771));
#12974=CARTESIAN_POINT('Ctrl Pts',(18.23306059501,0.,-2.29935356107771));
#12975=CARTESIAN_POINT('Ctrl Pts',(18.344134604931,0.5,-2.34406516551944));
#12976=CARTESIAN_POINT('Ctrl Pts',(18.344134604931,0.,-2.34406516551944));
#12977=CARTESIAN_POINT('',(17.7984314322472,0.,-1.92933127880069));
#12978=CARTESIAN_POINT('Ctrl Pts',(17.7984314322472,0.,-1.92933127880069));
#12979=CARTESIAN_POINT('Ctrl Pts',(17.8695231413932,0.,-2.02251744097476));
#12980=CARTESIAN_POINT('Ctrl Pts',(18.0132041624396,0.,-2.21085280510384));
#12981=CARTESIAN_POINT('Ctrl Pts',(18.23306059501,0.,-2.29935356107771));
#12982=CARTESIAN_POINT('Ctrl Pts',(18.344134604931,0.,-2.34406516551944));
#12983=CARTESIAN_POINT('',(17.7984314322472,0.,-1.92933127880069));
#12984=CARTESIAN_POINT('Ctrl Pts',(17.6074366927148,0.5,-1.22810409069034));
#12985=CARTESIAN_POINT('Ctrl Pts',(17.6074366927148,0.,-1.22810409069034));
#12986=CARTESIAN_POINT('Ctrl Pts',(17.6144552043716,0.5,-1.35539613775007));
#12987=CARTESIAN_POINT('Ctrl Pts',(17.6144552043716,0.,-1.35539613775007));
#12988=CARTESIAN_POINT('Ctrl Pts',(17.6281062631859,0.5,-1.60298014216103));
#12989=CARTESIAN_POINT('Ctrl Pts',(17.6281062631859,0.,-1.60298014216103));
#12990=CARTESIAN_POINT('Ctrl Pts',(17.742736714184,0.5,-1.82261754620959));
#12991=CARTESIAN_POINT('Ctrl Pts',(17.742736714184,0.,-1.82261754620959));
#12992=CARTESIAN_POINT('Ctrl Pts',(17.7984314322472,0.5,-1.92933127880069));
#12993=CARTESIAN_POINT('Ctrl Pts',(17.7984314322472,0.,-1.92933127880069));
#12994=CARTESIAN_POINT('',(17.6074366927148,0.,-1.22810409069034));
#12995=CARTESIAN_POINT('Ctrl Pts',(17.6074366927148,0.,-1.22810409069034));
#12996=CARTESIAN_POINT('Ctrl Pts',(17.6144552043716,0.,-1.35539613775007));
#12997=CARTESIAN_POINT('Ctrl Pts',(17.6281062631859,0.,-1.60298014216103));
#12998=CARTESIAN_POINT('Ctrl Pts',(17.742736714184,0.,-1.82261754620959));
#12999=CARTESIAN_POINT('Ctrl Pts',(17.7984314322472,0.,-1.92933127880069));
#13000=CARTESIAN_POINT('',(17.6074366927148,0.,-1.22810409069034));
#13001=CARTESIAN_POINT('Ctrl Pts',(17.8120737433434,0.5,-0.529604411124907));
#13002=CARTESIAN_POINT('Ctrl Pts',(17.8120737433434,0.,-0.529604411124907));
#13003=CARTESIAN_POINT('Ctrl Pts',(17.7524330811457,0.5,-0.631633946833077));
#13004=CARTESIAN_POINT('Ctrl Pts',(17.7524330811457,0.,-0.631633946833077));
#13005=CARTESIAN_POINT('Ctrl Pts',(17.6265266474445,0.5,-0.847026843220173));
#13006=CARTESIAN_POINT('Ctrl Pts',(17.6265266474445,0.,-0.847026843220173));
#13007=CARTESIAN_POINT('Ctrl Pts',(17.6140193854449,0.5,-1.09669914698819));
#13008=CARTESIAN_POINT('Ctrl Pts',(17.6140193854449,0.,-1.09669914698819));
#13009=CARTESIAN_POINT('Ctrl Pts',(17.6074366927148,0.5,-1.22810409069034));
#13010=CARTESIAN_POINT('Ctrl Pts',(17.6074366927148,0.,-1.22810409069034));
#13011=CARTESIAN_POINT('',(17.8120737433434,0.,-0.529604411124907));
#13012=CARTESIAN_POINT('Ctrl Pts',(17.8120737433434,0.,-0.529604411124907));
#13013=CARTESIAN_POINT('Ctrl Pts',(17.7524330811457,0.,-0.631633946833077));
#13014=CARTESIAN_POINT('Ctrl Pts',(17.6265266474445,0.,-0.847026843220173));
#13015=CARTESIAN_POINT('Ctrl Pts',(17.6140193854449,0.,-1.09669914698819));
#13016=CARTESIAN_POINT('Ctrl Pts',(17.6074366927148,0.,-1.22810409069034));
#13017=CARTESIAN_POINT('',(17.8120737433434,0.,-0.529604411124907));
#13018=CARTESIAN_POINT('Ctrl Pts',(18.4205328583718,0.5,-0.131240344047265));
#13019=CARTESIAN_POINT('Ctrl Pts',(18.4205328583718,0.,-0.131240344047265));
#13020=CARTESIAN_POINT('Ctrl Pts',(18.2963062647193,0.5,-0.175130914039503));
#13021=CARTESIAN_POINT('Ctrl Pts',(18.2963062647193,0.,-0.175130914039503));
#13022=CARTESIAN_POINT('Ctrl Pts',(18.0604687341505,0.5,-0.25845480901141));
#13023=CARTESIAN_POINT('Ctrl Pts',(18.0604687341505,0.,-0.25845480901141));
#13024=CARTESIAN_POINT('Ctrl Pts',(17.8918657132144,0.5,-0.442502973160868));
#13025=CARTESIAN_POINT('Ctrl Pts',(17.8918657132144,0.,-0.442502973160868));
#13026=CARTESIAN_POINT('Ctrl Pts',(17.8120737433434,0.5,-0.529604411124907));
#13027=CARTESIAN_POINT('Ctrl Pts',(17.8120737433434,0.,-0.529604411124907));
#13028=CARTESIAN_POINT('',(18.4205328583718,0.,-0.131240344047265));
#13029=CARTESIAN_POINT('Ctrl Pts',(18.4205328583718,0.,-0.131240344047265));
#13030=CARTESIAN_POINT('Ctrl Pts',(18.2963062647193,0.,-0.175130914039503));
#13031=CARTESIAN_POINT('Ctrl Pts',(18.0604687341505,0.,-0.25845480901141));
#13032=CARTESIAN_POINT('Ctrl Pts',(17.8918657132144,0.,-0.442502973160868));
#13033=CARTESIAN_POINT('Ctrl Pts',(17.8120737433434,0.,-0.529604411124907));
#13034=CARTESIAN_POINT('',(18.4205328583718,0.,-0.131240344047265));
#13035=CARTESIAN_POINT('Ctrl Pts',(19.4300823569299,0.5,-0.038471674918843));
#13036=CARTESIAN_POINT('Ctrl Pts',(19.4300823569299,0.,-0.038471674918843));
#13037=CARTESIAN_POINT('Ctrl Pts',(19.2278057270258,0.5,-0.0383481766098681));
#13038=CARTESIAN_POINT('Ctrl Pts',(19.2278057270258,0.,-0.0383481766098681));
#13039=CARTESIAN_POINT('Ctrl Pts',(18.8880334667427,0.5,-0.0381407314907722));
#13040=CARTESIAN_POINT('Ctrl Pts',(18.8880334667427,0.,-0.0381407314907722));
#13041=CARTESIAN_POINT('Ctrl Pts',(18.5552146421418,0.5,-0.104419369565329));
#13042=CARTESIAN_POINT('Ctrl Pts',(18.5552146421418,0.,-0.104419369565329));
#13043=CARTESIAN_POINT('Ctrl Pts',(18.4205328583718,0.5,-0.131240344047265));
#13044=CARTESIAN_POINT('Ctrl Pts',(18.4205328583718,0.,-0.131240344047265));
#13045=CARTESIAN_POINT('',(19.4300823569299,0.,-0.0384716749188441));
#13046=CARTESIAN_POINT('Ctrl Pts',(19.4300823569299,0.,-0.038471674918843));
#13047=CARTESIAN_POINT('Ctrl Pts',(19.2278057270258,0.,-0.0383481766098681));
#13048=CARTESIAN_POINT('Ctrl Pts',(18.8880334667427,0.,-0.0381407314907722));
#13049=CARTESIAN_POINT('Ctrl Pts',(18.5552146421418,0.,-0.104419369565329));
#13050=CARTESIAN_POINT('Ctrl Pts',(18.4205328583718,0.,-0.131240344047265));
#13051=CARTESIAN_POINT('',(19.4300823569299,0.,-0.0384716749188441));
#13052=CARTESIAN_POINT('Origin',(20.2950211524964,0.,-0.0384716749188391));
#13053=CARTESIAN_POINT('',(21.159959948063,0.,-0.0384716749188341));
#13054=CARTESIAN_POINT('',(23.6975105762482,0.,-0.0384716749188193));
#13055=CARTESIAN_POINT('',(21.159959948063,0.,-0.0384716749188341));
#13056=CARTESIAN_POINT('Origin',(21.159959948063,0.,-1.24720380306214));
#13057=CARTESIAN_POINT('',(21.159959948063,0.,-0.623601901531083));
#13058=CARTESIAN_POINT('Origin',(27.1,0.5,0.));
#13059=CARTESIAN_POINT('',(-8.90825220346444,0.5,4.19072344303143));
#13060=CARTESIAN_POINT('',(-7.5603670716285,0.5,2.70095541477216));
#13061=CARTESIAN_POINT('Ctrl Pts',(-8.90825220346444,0.5,4.19072344303143));
#13062=CARTESIAN_POINT('Ctrl Pts',(-8.62960278753159,0.5,3.99198876406317));
#13063=CARTESIAN_POINT('Ctrl Pts',(-8.07146415381689,0.5,3.5939204536749));
#13064=CARTESIAN_POINT('Ctrl Pts',(-7.73090357355616,0.5,2.99890885529297));
#13065=CARTESIAN_POINT('Ctrl Pts',(-7.5603670716285,0.5,2.70095541477216));
#13066=CARTESIAN_POINT('',(-10.9273523926734,0.5,4.73642542362224));
#13067=CARTESIAN_POINT('Ctrl Pts',(-10.9273523926734,0.5,4.73642542362224));
#13068=CARTESIAN_POINT('Ctrl Pts',(-10.5640705612312,0.5,4.7156554162563));
#13069=CARTESIAN_POINT('Ctrl Pts',(-9.8524233072908,0.5,4.67496822128258));
#13070=CARTESIAN_POINT('Ctrl Pts',(-9.21854713937046,0.5,4.34986695189472));
#13071=CARTESIAN_POINT('Ctrl Pts',(-8.90825220346444,0.5,4.19072344303143));
#13072=CARTESIAN_POINT('',(-12.8700537323951,0.5,4.24256517887125));
#13073=CARTESIAN_POINT('Ctrl Pts',(-12.8700537323951,0.5,4.24256517887125));
#13074=CARTESIAN_POINT('Ctrl Pts',(-12.5633343723185,0.5,4.38660713234643));
#13075=CARTESIAN_POINT('Ctrl Pts',(-11.9475047966397,0.5,4.67581383604593));
#13076=CARTESIAN_POINT('Ctrl Pts',(-11.268282183466,0.5,4.71616933659871));
#13077=CARTESIAN_POINT('Ctrl Pts',(-10.9273523926734,0.5,4.73642542362224));
#13078=CARTESIAN_POINT('',(-14.2615933060645,0.5,2.78826668262491));
#13079=CARTESIAN_POINT('Ctrl Pts',(-14.2615933060645,0.5,2.78826668262491));
#13080=CARTESIAN_POINT('Ctrl Pts',(-14.0828478422496,0.5,3.08785356393078));
#13081=CARTESIAN_POINT('Ctrl Pts',(-13.7299949770809,0.5,3.67925368776927));
#13082=CARTESIAN_POINT('Ctrl Pts',(-13.154177877878,0.5,4.05644735159044));
#13083=CARTESIAN_POINT('Ctrl Pts',(-12.8700537323951,0.5,4.24256517887125));
#13084=CARTESIAN_POINT('',(-14.7527260422706,0.5,0.610913777351465));
#13085=CARTESIAN_POINT('Ctrl Pts',(-14.7527260422706,0.5,0.610913777351465));
#13086=CARTESIAN_POINT('Ctrl Pts',(-14.7349549766373,0.5,1.00049464828587));
#13087=CARTESIAN_POINT('Ctrl Pts',(-14.7004944355263,0.5,1.75594555347644));
#13088=CARTESIAN_POINT('Ctrl Pts',(-14.4048000951489,0.5,2.45143593810027));
#13089=CARTESIAN_POINT('Ctrl Pts',(-14.2615933060645,0.5,2.78826668262491));
#13090=CARTESIAN_POINT('',(-14.286150419712,0.5,-1.53642699718466));
#13091=CARTESIAN_POINT('Ctrl Pts',(-14.286150419712,0.5,-1.53642699718466));
#13092=CARTESIAN_POINT('Ctrl Pts',(-14.4221929289865,0.5,-1.20397688268611));
#13093=CARTESIAN_POINT('Ctrl Pts',(-14.7036884038056,0.5,-0.516080111790513));
#13094=CARTESIAN_POINT('Ctrl Pts',(-14.7360198799715,0.5,0.226969048131394));
#13095=CARTESIAN_POINT('Ctrl Pts',(-14.7527260422706,0.5,0.610913777351465));
#13096=CARTESIAN_POINT('',(-12.9300827622413,0.5,-3.01255271434774));
#13097=CARTESIAN_POINT('Ctrl Pts',(-12.9300827622413,0.5,-3.01255271434774));
#13098=CARTESIAN_POINT('Ctrl Pts',(-13.209358003227,0.5,-2.81790106875534));
#13099=CARTESIAN_POINT('Ctrl Pts',(-13.7708294653749,0.5,-2.42656188782929));
#13100=CARTESIAN_POINT('Ctrl Pts',(-14.1137820466233,0.5,-1.83416591433627));
#13101=CARTESIAN_POINT('Ctrl Pts',(-14.286150419712,0.5,-1.53642699718466));
#13102=CARTESIAN_POINT('',(-10.9328074097632,0.5,-3.54188249111165));
#13103=CARTESIAN_POINT('Ctrl Pts',(-10.9328074097632,0.5,-3.54188249111165));
#13104=CARTESIAN_POINT('Ctrl Pts',(-11.2902149875944,0.5,-3.52145038787757));
#13105=CARTESIAN_POINT('Ctrl Pts',(-11.9924550531432,0.5,-3.48130506806799));
#13106=CARTESIAN_POINT('Ctrl Pts',(-12.6212937538076,0.5,-3.16692696449171));
#13107=CARTESIAN_POINT('Ctrl Pts',(-12.9300827622413,0.5,-3.01255271434774));
#13108=CARTESIAN_POINT('',(-8.17155309915534,0.5,-2.41500661373126));
#13109=CARTESIAN_POINT('Ctrl Pts',(-8.17155309915534,0.5,-2.41500661373126));
#13110=CARTESIAN_POINT('Ctrl Pts',(-8.56049658786901,0.5,-2.74362500601711));
#13111=CARTESIAN_POINT('Ctrl Pts',(-9.35757371649366,0.5,-3.41707555124345));
#13112=CARTESIAN_POINT('Ctrl Pts',(-10.3993688795668,0.5,-3.49961775868112));
#13113=CARTESIAN_POINT('Ctrl Pts',(-10.9328074097632,0.5,-3.54188249111165));
#13114=CARTESIAN_POINT('',(-7.10197635889045,0.5,0.703682446479927));
#13115=CARTESIAN_POINT('Ctrl Pts',(-7.10197635889045,0.5,0.703682446479927));
#13116=CARTESIAN_POINT('Ctrl Pts',(-7.13291802013389,0.5,0.0909807611670921));
#13117=CARTESIAN_POINT('Ctrl Pts',(-7.19081782649372,0.5,-1.05554167849268));
#13118=CARTESIAN_POINT('Ctrl Pts',(-7.85998767315535,0.5,-1.98312424599492));
#13119=CARTESIAN_POINT('Ctrl Pts',(-8.17155309915534,0.5,-2.41500661373126));
#13120=CARTESIAN_POINT('Ctrl Pts',(-7.5603670716285,0.5,2.70095541477216));
#13121=CARTESIAN_POINT('Ctrl Pts',(-7.42667011072216,0.5,2.38155668493729));
#13122=CARTESIAN_POINT('Ctrl Pts',(-7.15902932459954,0.5,1.74216947254236));
#13123=CARTESIAN_POINT('Ctrl Pts',(-7.12100570476486,0.5,1.05005758332725));
#13124=CARTESIAN_POINT('Ctrl Pts',(-7.10197635889045,0.5,0.703682446479927));
#13125=CARTESIAN_POINT('',(-10.9382648110389,0.5,-2.63055846691121));
#13126=CARTESIAN_POINT('',(-9.00375076532355,0.5,-1.85838983058917));
#13127=CARTESIAN_POINT('Ctrl Pts',(-10.9382648110389,0.5,-2.63055846691121));
#13128=CARTESIAN_POINT('Ctrl Pts',(-10.5767850981832,0.5,-2.59853826900518));
#13129=CARTESIAN_POINT('Ctrl Pts',(-9.85468705490349,0.5,-2.53457417522323));
#13130=CARTESIAN_POINT('Ctrl Pts',(-9.2871705338783,0.5,-2.08360529360713));
#13131=CARTESIAN_POINT('Ctrl Pts',(-9.00375076532355,0.5,-1.85838983058917));
#13132=CARTESIAN_POINT('',(-12.3652786850928,0.5,-2.22946689128866));
#13133=CARTESIAN_POINT('Ctrl Pts',(-12.3652786850928,0.5,-2.22946689128866));
#13134=CARTESIAN_POINT('Ctrl Pts',(-12.1451349695454,0.5,-2.34644641477185));
#13135=CARTESIAN_POINT('Ctrl Pts',(-11.6987715331518,0.5,-2.58363411717706));
#13136=CARTESIAN_POINT('Ctrl Pts',(-11.1940571491701,0.5,-2.6147757147214));
#13137=CARTESIAN_POINT('Ctrl Pts',(-10.9382648110389,0.5,-2.63055846691121));
#13138=CARTESIAN_POINT('',(-13.3311695694923,0.5,-1.09986350536337));
#13139=CARTESIAN_POINT('Ctrl Pts',(-13.3311695694923,0.5,-1.09986350536337));
#13140=CARTESIAN_POINT('Ctrl Pts',(-13.2101910312209,0.5,-1.32790876317852));
#13141=CARTESIAN_POINT('Ctrl Pts',(-12.9721696713172,0.5,-1.77658042974312));
#13142=CARTESIAN_POINT('Ctrl Pts',(-12.5653333150576,0.5,-2.08017808071624));
#13143=CARTESIAN_POINT('Ctrl Pts',(-12.3652786850928,0.5,-2.22946689128866));
#13144=CARTESIAN_POINT('',(-13.6613220810889,0.5,0.605456376075839));
#13145=CARTESIAN_POINT('Ctrl Pts',(-13.6613220810889,0.5,0.605456376075839));
#13146=CARTESIAN_POINT('Ctrl Pts',(-13.6506301510198,0.5,0.297192097854899));
#13147=CARTESIAN_POINT('Ctrl Pts',(-13.6302939391533,0.5,-0.289131197590882));
#13148=CARTESIAN_POINT('Ctrl Pts',(-13.4273934591262,0.5,-0.839062901941547));
#13149=CARTESIAN_POINT('Ctrl Pts',(-13.3311695694923,0.5,-1.09986350536337));
#13150=CARTESIAN_POINT('',(-12.8891510605811,0.5,2.99017622470866));
#13151=CARTESIAN_POINT('Ctrl Pts',(-12.8891510605811,0.5,2.99017622470866));
#13152=CARTESIAN_POINT('Ctrl Pts',(-13.1139570757673,0.5,2.66223208214484));
#13153=CARTESIAN_POINT('Ctrl Pts',(-13.6043331025791,0.5,1.9468777998606));
#13154=CARTESIAN_POINT('Ctrl Pts',(-13.6413013879232,0.5,1.07670866790052));
#13155=CARTESIAN_POINT('Ctrl Pts',(-13.6613220810889,0.5,0.605456376075839));
#13156=CARTESIAN_POINT('',(-10.9218949913978,0.5,3.83055880069743));
#13157=CARTESIAN_POINT('Ctrl Pts',(-10.9218949913978,0.5,3.83055880069743));
#13158=CARTESIAN_POINT('Ctrl Pts',(-11.3008974141337,0.5,3.7974156295967));
#13159=CARTESIAN_POINT('Ctrl Pts',(-12.0490967404391,0.5,3.73198676476202));
#13160=CARTESIAN_POINT('Ctrl Pts',(-12.6115902047858,0.5,3.23527652762768));
#13161=CARTESIAN_POINT('Ctrl Pts',(-12.8891510605811,0.5,2.99017622470866));
#13162=CARTESIAN_POINT('',(-8.97100874185555,0.5,2.99836351871503));
#13163=CARTESIAN_POINT('Ctrl Pts',(-8.97100874185555,0.5,2.99836351871503));
#13164=CARTESIAN_POINT('Ctrl Pts',(-9.24832255794733,0.5,3.24108227082403));
#13165=CARTESIAN_POINT('Ctrl Pts',(-9.8076579593276,0.5,3.73064024722316));
#13166=CARTESIAN_POINT('Ctrl Pts',(-10.5484044289485,0.5,3.79706625318545));
#13167=CARTESIAN_POINT('Ctrl Pts',(-10.9218949913978,0.5,3.83055880069743));
#13168=CARTESIAN_POINT('',(-8.19338270425789,0.5,0.720054650306827));
#13169=CARTESIAN_POINT('Ctrl Pts',(-8.19338270425789,0.5,0.720054650306827));
#13170=CARTESIAN_POINT('Ctrl Pts',(-8.21632262327353,0.5,1.16582413886325));
#13171=CARTESIAN_POINT('Ctrl Pts',(-8.25936171662806,0.5,2.00216164378193));
#13172=CARTESIAN_POINT('Ctrl Pts',(-8.74446597864179,0.5,2.68123674453377));
#13173=CARTESIAN_POINT('Ctrl Pts',(-8.97100874185555,0.5,2.99836351871503));
#13174=CARTESIAN_POINT('Ctrl Pts',(-9.00375076532355,0.5,-1.85838983058917));
#13175=CARTESIAN_POINT('Ctrl Pts',(-8.76843481731761,0.5,-1.52608730209379));
#13176=CARTESIAN_POINT('Ctrl Pts',(-8.22613825078744,0.5,-0.760280641816831));
#13177=CARTESIAN_POINT('Ctrl Pts',(-8.2052225583252,0.5,0.184971109153826));
#13178=CARTESIAN_POINT('Ctrl Pts',(-8.19338270425789,0.5,0.720054650306827));
#13179=CARTESIAN_POINT('Ctrl Pts',(-8.90825220346444,0.5,4.19072344303143));
#13180=CARTESIAN_POINT('Ctrl Pts',(-8.90825220346444,0.,4.19072344303143));
#13181=CARTESIAN_POINT('Ctrl Pts',(-8.62960278753159,0.5,3.99198876406317));
#13182=CARTESIAN_POINT('Ctrl Pts',(-8.62960278753159,0.,3.99198876406317));
#13183=CARTESIAN_POINT('Ctrl Pts',(-8.07146415381689,0.5,3.5939204536749));
#13184=CARTESIAN_POINT('Ctrl Pts',(-8.07146415381689,0.,3.5939204536749));
#13185=CARTESIAN_POINT('Ctrl Pts',(-7.73090357355616,0.5,2.99890885529297));
#13186=CARTESIAN_POINT('Ctrl Pts',(-7.73090357355616,0.,2.99890885529297));
#13187=CARTESIAN_POINT('Ctrl Pts',(-7.5603670716285,0.5,2.70095541477216));
#13188=CARTESIAN_POINT('Ctrl Pts',(-7.5603670716285,0.,2.70095541477216));
#13189=CARTESIAN_POINT('',(-7.5603670716285,0.,2.70095541477216));
#13190=CARTESIAN_POINT('',(-7.5603670716285,0.,2.70095541477216));
#13191=CARTESIAN_POINT('',(-8.90825220346444,0.,4.19072344303143));
#13192=CARTESIAN_POINT('Ctrl Pts',(-8.90825220346444,0.,4.19072344303143));
#13193=CARTESIAN_POINT('Ctrl Pts',(-8.62960278753159,0.,3.99198876406317));
#13194=CARTESIAN_POINT('Ctrl Pts',(-8.07146415381689,0.,3.5939204536749));
#13195=CARTESIAN_POINT('Ctrl Pts',(-7.73090357355616,0.,2.99890885529297));
#13196=CARTESIAN_POINT('Ctrl Pts',(-7.5603670716285,0.,2.70095541477216));
#13197=CARTESIAN_POINT('',(-8.90825220346444,0.,4.19072344303143));
#13198=CARTESIAN_POINT('Ctrl Pts',(-10.9273523926734,0.5,4.73642542362224));
#13199=CARTESIAN_POINT('Ctrl Pts',(-10.9273523926734,0.,4.73642542362224));
#13200=CARTESIAN_POINT('Ctrl Pts',(-10.5640705612312,0.5,4.7156554162563));
#13201=CARTESIAN_POINT('Ctrl Pts',(-10.5640705612312,0.,4.7156554162563));
#13202=CARTESIAN_POINT('Ctrl Pts',(-9.8524233072908,0.5,4.67496822128258));
#13203=CARTESIAN_POINT('Ctrl Pts',(-9.8524233072908,0.,4.67496822128258));
#13204=CARTESIAN_POINT('Ctrl Pts',(-9.21854713937046,0.5,4.34986695189472));
#13205=CARTESIAN_POINT('Ctrl Pts',(-9.21854713937046,0.,4.34986695189472));
#13206=CARTESIAN_POINT('Ctrl Pts',(-8.90825220346444,0.5,4.19072344303143));
#13207=CARTESIAN_POINT('Ctrl Pts',(-8.90825220346444,0.,4.19072344303143));
#13208=CARTESIAN_POINT('',(-10.9273523926734,0.,4.73642542362224));
#13209=CARTESIAN_POINT('Ctrl Pts',(-10.9273523926734,0.,4.73642542362224));
#13210=CARTESIAN_POINT('Ctrl Pts',(-10.5640705612312,0.,4.7156554162563));
#13211=CARTESIAN_POINT('Ctrl Pts',(-9.8524233072908,0.,4.67496822128258));
#13212=CARTESIAN_POINT('Ctrl Pts',(-9.21854713937046,0.,4.34986695189472));
#13213=CARTESIAN_POINT('Ctrl Pts',(-8.90825220346444,0.,4.19072344303143));
#13214=CARTESIAN_POINT('',(-10.9273523926734,0.,4.73642542362224));
#13215=CARTESIAN_POINT('Ctrl Pts',(-12.8700537323951,0.5,4.24256517887125));
#13216=CARTESIAN_POINT('Ctrl Pts',(-12.8700537323951,0.,4.24256517887125));
#13217=CARTESIAN_POINT('Ctrl Pts',(-12.5633343723185,0.5,4.38660713234643));
#13218=CARTESIAN_POINT('Ctrl Pts',(-12.5633343723185,0.,4.38660713234643));
#13219=CARTESIAN_POINT('Ctrl Pts',(-11.9475047966397,0.5,4.67581383604593));
#13220=CARTESIAN_POINT('Ctrl Pts',(-11.9475047966397,0.,4.67581383604593));
#13221=CARTESIAN_POINT('Ctrl Pts',(-11.268282183466,0.5,4.71616933659871));
#13222=CARTESIAN_POINT('Ctrl Pts',(-11.268282183466,0.,4.71616933659871));
#13223=CARTESIAN_POINT('Ctrl Pts',(-10.9273523926734,0.5,4.73642542362224));
#13224=CARTESIAN_POINT('Ctrl Pts',(-10.9273523926734,0.,4.73642542362224));
#13225=CARTESIAN_POINT('',(-12.8700537323951,0.,4.24256517887125));
#13226=CARTESIAN_POINT('Ctrl Pts',(-12.8700537323951,0.,4.24256517887125));
#13227=CARTESIAN_POINT('Ctrl Pts',(-12.5633343723185,0.,4.38660713234643));
#13228=CARTESIAN_POINT('Ctrl Pts',(-11.9475047966397,0.,4.67581383604593));
#13229=CARTESIAN_POINT('Ctrl Pts',(-11.268282183466,0.,4.71616933659871));
#13230=CARTESIAN_POINT('Ctrl Pts',(-10.9273523926734,0.,4.73642542362224));
#13231=CARTESIAN_POINT('',(-12.8700537323951,0.,4.24256517887125));
#13232=CARTESIAN_POINT('Ctrl Pts',(-14.2615933060645,0.5,2.78826668262491));
#13233=CARTESIAN_POINT('Ctrl Pts',(-14.2615933060645,0.,2.78826668262491));
#13234=CARTESIAN_POINT('Ctrl Pts',(-14.0828478422496,0.5,3.08785356393078));
#13235=CARTESIAN_POINT('Ctrl Pts',(-14.0828478422496,0.,3.08785356393078));
#13236=CARTESIAN_POINT('Ctrl Pts',(-13.7299949770809,0.5,3.67925368776927));
#13237=CARTESIAN_POINT('Ctrl Pts',(-13.7299949770809,0.,3.67925368776927));
#13238=CARTESIAN_POINT('Ctrl Pts',(-13.154177877878,0.5,4.05644735159044));
#13239=CARTESIAN_POINT('Ctrl Pts',(-13.154177877878,0.,4.05644735159044));
#13240=CARTESIAN_POINT('Ctrl Pts',(-12.8700537323951,0.5,4.24256517887125));
#13241=CARTESIAN_POINT('Ctrl Pts',(-12.8700537323951,0.,4.24256517887125));
#13242=CARTESIAN_POINT('',(-14.2615933060645,0.,2.78826668262491));
#13243=CARTESIAN_POINT('Ctrl Pts',(-14.2615933060645,0.,2.78826668262491));
#13244=CARTESIAN_POINT('Ctrl Pts',(-14.0828478422496,0.,3.08785356393078));
#13245=CARTESIAN_POINT('Ctrl Pts',(-13.7299949770809,0.,3.67925368776927));
#13246=CARTESIAN_POINT('Ctrl Pts',(-13.154177877878,0.,4.05644735159044));
#13247=CARTESIAN_POINT('Ctrl Pts',(-12.8700537323951,0.,4.24256517887125));
#13248=CARTESIAN_POINT('',(-14.2615933060645,0.,2.78826668262491));
#13249=CARTESIAN_POINT('Ctrl Pts',(-14.7527260422706,0.5,0.610913777351465));
#13250=CARTESIAN_POINT('Ctrl Pts',(-14.7527260422706,0.,0.610913777351465));
#13251=CARTESIAN_POINT('Ctrl Pts',(-14.7349549766373,0.5,1.00049464828587));
#13252=CARTESIAN_POINT('Ctrl Pts',(-14.7349549766373,0.,1.00049464828587));
#13253=CARTESIAN_POINT('Ctrl Pts',(-14.7004944355263,0.5,1.75594555347644));
#13254=CARTESIAN_POINT('Ctrl Pts',(-14.7004944355263,0.,1.75594555347644));
#13255=CARTESIAN_POINT('Ctrl Pts',(-14.4048000951489,0.5,2.45143593810027));
#13256=CARTESIAN_POINT('Ctrl Pts',(-14.4048000951489,0.,2.45143593810027));
#13257=CARTESIAN_POINT('Ctrl Pts',(-14.2615933060645,0.5,2.78826668262491));
#13258=CARTESIAN_POINT('Ctrl Pts',(-14.2615933060645,0.,2.78826668262491));
#13259=CARTESIAN_POINT('',(-14.7527260422706,0.,0.610913777351465));
#13260=CARTESIAN_POINT('Ctrl Pts',(-14.7527260422706,0.,0.610913777351465));
#13261=CARTESIAN_POINT('Ctrl Pts',(-14.7349549766373,0.,1.00049464828587));
#13262=CARTESIAN_POINT('Ctrl Pts',(-14.7004944355263,0.,1.75594555347644));
#13263=CARTESIAN_POINT('Ctrl Pts',(-14.4048000951489,0.,2.45143593810027));
#13264=CARTESIAN_POINT('Ctrl Pts',(-14.2615933060645,0.,2.78826668262491));
#13265=CARTESIAN_POINT('',(-14.7527260422706,0.,0.610913777351465));
#13266=CARTESIAN_POINT('Ctrl Pts',(-14.286150419712,0.5,-1.53642699718466));
#13267=CARTESIAN_POINT('Ctrl Pts',(-14.286150419712,0.,-1.53642699718466));
#13268=CARTESIAN_POINT('Ctrl Pts',(-14.4221929289865,0.5,-1.20397688268611));
#13269=CARTESIAN_POINT('Ctrl Pts',(-14.4221929289865,0.,-1.20397688268611));
#13270=CARTESIAN_POINT('Ctrl Pts',(-14.7036884038056,0.5,-0.516080111790513));
#13271=CARTESIAN_POINT('Ctrl Pts',(-14.7036884038056,0.,-0.516080111790513));
#13272=CARTESIAN_POINT('Ctrl Pts',(-14.7360198799715,0.5,0.226969048131394));
#13273=CARTESIAN_POINT('Ctrl Pts',(-14.7360198799715,0.,0.226969048131394));
#13274=CARTESIAN_POINT('Ctrl Pts',(-14.7527260422706,0.5,0.610913777351465));
#13275=CARTESIAN_POINT('Ctrl Pts',(-14.7527260422706,0.,0.610913777351465));
#13276=CARTESIAN_POINT('',(-14.286150419712,0.,-1.53642699718466));
#13277=CARTESIAN_POINT('Ctrl Pts',(-14.286150419712,0.,-1.53642699718466));
#13278=CARTESIAN_POINT('Ctrl Pts',(-14.4221929289865,0.,-1.20397688268611));
#13279=CARTESIAN_POINT('Ctrl Pts',(-14.7036884038056,0.,-0.516080111790513));
#13280=CARTESIAN_POINT('Ctrl Pts',(-14.7360198799715,0.,0.226969048131394));
#13281=CARTESIAN_POINT('Ctrl Pts',(-14.7527260422706,0.,0.610913777351465));
#13282=CARTESIAN_POINT('',(-14.286150419712,0.,-1.53642699718466));
#13283=CARTESIAN_POINT('Ctrl Pts',(-12.9300827622413,0.5,-3.01255271434774));
#13284=CARTESIAN_POINT('Ctrl Pts',(-12.9300827622413,0.,-3.01255271434774));
#13285=CARTESIAN_POINT('Ctrl Pts',(-13.209358003227,0.5,-2.81790106875534));
#13286=CARTESIAN_POINT('Ctrl Pts',(-13.209358003227,0.,-2.81790106875534));
#13287=CARTESIAN_POINT('Ctrl Pts',(-13.7708294653749,0.5,-2.42656188782929));
#13288=CARTESIAN_POINT('Ctrl Pts',(-13.7708294653749,0.,-2.42656188782929));
#13289=CARTESIAN_POINT('Ctrl Pts',(-14.1137820466233,0.5,-1.83416591433627));
#13290=CARTESIAN_POINT('Ctrl Pts',(-14.1137820466233,0.,-1.83416591433627));
#13291=CARTESIAN_POINT('Ctrl Pts',(-14.286150419712,0.5,-1.53642699718466));
#13292=CARTESIAN_POINT('Ctrl Pts',(-14.286150419712,0.,-1.53642699718466));
#13293=CARTESIAN_POINT('',(-12.9300827622413,0.,-3.01255271434774));
#13294=CARTESIAN_POINT('Ctrl Pts',(-12.9300827622413,0.,-3.01255271434774));
#13295=CARTESIAN_POINT('Ctrl Pts',(-13.209358003227,0.,-2.81790106875534));
#13296=CARTESIAN_POINT('Ctrl Pts',(-13.7708294653749,0.,-2.42656188782929));
#13297=CARTESIAN_POINT('Ctrl Pts',(-14.1137820466233,0.,-1.83416591433627));
#13298=CARTESIAN_POINT('Ctrl Pts',(-14.286150419712,0.,-1.53642699718466));
#13299=CARTESIAN_POINT('',(-12.9300827622413,0.,-3.01255271434774));
#13300=CARTESIAN_POINT('Ctrl Pts',(-10.9328074097632,0.5,-3.54188249111165));
#13301=CARTESIAN_POINT('Ctrl Pts',(-10.9328074097632,0.,-3.54188249111165));
#13302=CARTESIAN_POINT('Ctrl Pts',(-11.2902149875944,0.5,-3.52145038787757));
#13303=CARTESIAN_POINT('Ctrl Pts',(-11.2902149875944,0.,-3.52145038787757));
#13304=CARTESIAN_POINT('Ctrl Pts',(-11.9924550531432,0.5,-3.48130506806799));
#13305=CARTESIAN_POINT('Ctrl Pts',(-11.9924550531432,0.,-3.48130506806799));
#13306=CARTESIAN_POINT('Ctrl Pts',(-12.6212937538076,0.5,-3.16692696449171));
#13307=CARTESIAN_POINT('Ctrl Pts',(-12.6212937538076,0.,-3.16692696449171));
#13308=CARTESIAN_POINT('Ctrl Pts',(-12.9300827622413,0.5,-3.01255271434774));
#13309=CARTESIAN_POINT('Ctrl Pts',(-12.9300827622413,0.,-3.01255271434774));
#13310=CARTESIAN_POINT('',(-10.9328074097632,0.,-3.54188249111165));
#13311=CARTESIAN_POINT('Ctrl Pts',(-10.9328074097632,0.,-3.54188249111165));
#13312=CARTESIAN_POINT('Ctrl Pts',(-11.2902149875944,0.,-3.52145038787757));
#13313=CARTESIAN_POINT('Ctrl Pts',(-11.9924550531432,0.,-3.48130506806799));
#13314=CARTESIAN_POINT('Ctrl Pts',(-12.6212937538076,0.,-3.16692696449171));
#13315=CARTESIAN_POINT('Ctrl Pts',(-12.9300827622413,0.,-3.01255271434774));
#13316=CARTESIAN_POINT('',(-10.9328074097632,0.,-3.54188249111165));
#13317=CARTESIAN_POINT('Ctrl Pts',(-8.17155309915534,0.5,-2.41500661373126));
#13318=CARTESIAN_POINT('Ctrl Pts',(-8.17155309915534,0.,-2.41500661373126));
#13319=CARTESIAN_POINT('Ctrl Pts',(-8.56049658786901,0.5,-2.74362500601711));
#13320=CARTESIAN_POINT('Ctrl Pts',(-8.56049658786901,0.,-2.74362500601711));
#13321=CARTESIAN_POINT('Ctrl Pts',(-9.35757371649366,0.5,-3.41707555124345));
#13322=CARTESIAN_POINT('Ctrl Pts',(-9.35757371649366,0.,-3.41707555124345));
#13323=CARTESIAN_POINT('Ctrl Pts',(-10.3993688795668,0.5,-3.49961775868112));
#13324=CARTESIAN_POINT('Ctrl Pts',(-10.3993688795668,0.,-3.49961775868112));
#13325=CARTESIAN_POINT('Ctrl Pts',(-10.9328074097632,0.5,-3.54188249111165));
#13326=CARTESIAN_POINT('Ctrl Pts',(-10.9328074097632,0.,-3.54188249111165));
#13327=CARTESIAN_POINT('',(-8.17155309915534,0.,-2.41500661373126));
#13328=CARTESIAN_POINT('Ctrl Pts',(-8.17155309915534,0.,-2.41500661373126));
#13329=CARTESIAN_POINT('Ctrl Pts',(-8.56049658786901,0.,-2.74362500601711));
#13330=CARTESIAN_POINT('Ctrl Pts',(-9.35757371649366,0.,-3.41707555124345));
#13331=CARTESIAN_POINT('Ctrl Pts',(-10.3993688795668,0.,-3.49961775868112));
#13332=CARTESIAN_POINT('Ctrl Pts',(-10.9328074097632,0.,-3.54188249111165));
#13333=CARTESIAN_POINT('',(-8.17155309915534,0.,-2.41500661373126));
#13334=CARTESIAN_POINT('Ctrl Pts',(-7.10197635889045,0.5,0.703682446479927));
#13335=CARTESIAN_POINT('Ctrl Pts',(-7.10197635889045,0.,0.703682446479927));
#13336=CARTESIAN_POINT('Ctrl Pts',(-7.13291802013389,0.5,0.0909807611670922));
#13337=CARTESIAN_POINT('Ctrl Pts',(-7.13291802013389,0.,0.0909807611670922));
#13338=CARTESIAN_POINT('Ctrl Pts',(-7.19081782649372,0.5,-1.05554167849268));
#13339=CARTESIAN_POINT('Ctrl Pts',(-7.19081782649372,0.,-1.05554167849268));
#13340=CARTESIAN_POINT('Ctrl Pts',(-7.85998767315535,0.5,-1.98312424599492));
#13341=CARTESIAN_POINT('Ctrl Pts',(-7.85998767315535,0.,-1.98312424599492));
#13342=CARTESIAN_POINT('Ctrl Pts',(-8.17155309915534,0.5,-2.41500661373126));
#13343=CARTESIAN_POINT('Ctrl Pts',(-8.17155309915534,0.,-2.41500661373126));
#13344=CARTESIAN_POINT('',(-7.10197635889045,0.,0.703682446479927));
#13345=CARTESIAN_POINT('Ctrl Pts',(-7.10197635889045,0.,0.703682446479927));
#13346=CARTESIAN_POINT('Ctrl Pts',(-7.13291802013389,0.,0.0909807611670921));
#13347=CARTESIAN_POINT('Ctrl Pts',(-7.19081782649372,0.,-1.05554167849268));
#13348=CARTESIAN_POINT('Ctrl Pts',(-7.85998767315535,0.,-1.98312424599492));
#13349=CARTESIAN_POINT('Ctrl Pts',(-8.17155309915534,0.,-2.41500661373126));
#13350=CARTESIAN_POINT('',(-7.10197635889045,0.,0.703682446479927));
#13351=CARTESIAN_POINT('Ctrl Pts',(-7.5603670716285,0.5,2.70095541477216));
#13352=CARTESIAN_POINT('Ctrl Pts',(-7.5603670716285,0.,2.70095541477216));
#13353=CARTESIAN_POINT('Ctrl Pts',(-7.42667011072216,0.5,2.38155668493729));
#13354=CARTESIAN_POINT('Ctrl Pts',(-7.42667011072216,0.,2.38155668493729));
#13355=CARTESIAN_POINT('Ctrl Pts',(-7.15902932459954,0.5,1.74216947254236));
#13356=CARTESIAN_POINT('Ctrl Pts',(-7.15902932459954,0.,1.74216947254236));
#13357=CARTESIAN_POINT('Ctrl Pts',(-7.12100570476486,0.5,1.05005758332725));
#13358=CARTESIAN_POINT('Ctrl Pts',(-7.12100570476486,0.,1.05005758332725));
#13359=CARTESIAN_POINT('Ctrl Pts',(-7.10197635889045,0.5,0.703682446479927));
#13360=CARTESIAN_POINT('Ctrl Pts',(-7.10197635889045,0.,0.703682446479927));
#13361=CARTESIAN_POINT('Ctrl Pts',(-7.5603670716285,0.,2.70095541477216));
#13362=CARTESIAN_POINT('Ctrl Pts',(-7.42667011072216,0.,2.38155668493729));
#13363=CARTESIAN_POINT('Ctrl Pts',(-7.15902932459954,0.,1.74216947254236));
#13364=CARTESIAN_POINT('Ctrl Pts',(-7.12100570476486,0.,1.05005758332725));
#13365=CARTESIAN_POINT('Ctrl Pts',(-7.10197635889045,0.,0.703682446479927));
#13366=CARTESIAN_POINT('Ctrl Pts',(-10.9382648110389,0.5,-2.63055846691121));
#13367=CARTESIAN_POINT('Ctrl Pts',(-10.9382648110389,0.,-2.63055846691121));
#13368=CARTESIAN_POINT('Ctrl Pts',(-10.5767850981832,0.5,-2.59853826900518));
#13369=CARTESIAN_POINT('Ctrl Pts',(-10.5767850981832,0.,-2.59853826900518));
#13370=CARTESIAN_POINT('Ctrl Pts',(-9.85468705490349,0.5,-2.53457417522323));
#13371=CARTESIAN_POINT('Ctrl Pts',(-9.85468705490349,0.,-2.53457417522323));
#13372=CARTESIAN_POINT('Ctrl Pts',(-9.2871705338783,0.5,-2.08360529360713));
#13373=CARTESIAN_POINT('Ctrl Pts',(-9.2871705338783,0.,-2.08360529360713));
#13374=CARTESIAN_POINT('Ctrl Pts',(-9.00375076532355,0.5,-1.85838983058917));
#13375=CARTESIAN_POINT('Ctrl Pts',(-9.00375076532355,0.,-1.85838983058917));
#13376=CARTESIAN_POINT('',(-9.00375076532355,0.,-1.85838983058917));
#13377=CARTESIAN_POINT('',(-9.00375076532355,0.,-1.85838983058917));
#13378=CARTESIAN_POINT('',(-10.9382648110389,0.,-2.63055846691121));
#13379=CARTESIAN_POINT('Ctrl Pts',(-10.9382648110389,0.,-2.63055846691121));
#13380=CARTESIAN_POINT('Ctrl Pts',(-10.5767850981832,0.,-2.59853826900518));
#13381=CARTESIAN_POINT('Ctrl Pts',(-9.85468705490349,0.,-2.53457417522323));
#13382=CARTESIAN_POINT('Ctrl Pts',(-9.2871705338783,0.,-2.08360529360713));
#13383=CARTESIAN_POINT('Ctrl Pts',(-9.00375076532355,0.,-1.85838983058917));
#13384=CARTESIAN_POINT('',(-10.9382648110389,0.,-2.63055846691121));
#13385=CARTESIAN_POINT('Ctrl Pts',(-12.3652786850928,0.5,-2.22946689128866));
#13386=CARTESIAN_POINT('Ctrl Pts',(-12.3652786850928,0.,-2.22946689128866));
#13387=CARTESIAN_POINT('Ctrl Pts',(-12.1451349695454,0.5,-2.34644641477185));
#13388=CARTESIAN_POINT('Ctrl Pts',(-12.1451349695454,0.,-2.34644641477185));
#13389=CARTESIAN_POINT('Ctrl Pts',(-11.6987715331518,0.5,-2.58363411717706));
#13390=CARTESIAN_POINT('Ctrl Pts',(-11.6987715331518,0.,-2.58363411717706));
#13391=CARTESIAN_POINT('Ctrl Pts',(-11.1940571491701,0.5,-2.6147757147214));
#13392=CARTESIAN_POINT('Ctrl Pts',(-11.1940571491701,0.,-2.6147757147214));
#13393=CARTESIAN_POINT('Ctrl Pts',(-10.9382648110389,0.5,-2.63055846691121));
#13394=CARTESIAN_POINT('Ctrl Pts',(-10.9382648110389,0.,-2.63055846691121));
#13395=CARTESIAN_POINT('',(-12.3652786850928,0.,-2.22946689128866));
#13396=CARTESIAN_POINT('Ctrl Pts',(-12.3652786850928,0.,-2.22946689128866));
#13397=CARTESIAN_POINT('Ctrl Pts',(-12.1451349695454,0.,-2.34644641477185));
#13398=CARTESIAN_POINT('Ctrl Pts',(-11.6987715331518,0.,-2.58363411717706));
#13399=CARTESIAN_POINT('Ctrl Pts',(-11.1940571491701,0.,-2.6147757147214));
#13400=CARTESIAN_POINT('Ctrl Pts',(-10.9382648110389,0.,-2.63055846691121));
#13401=CARTESIAN_POINT('',(-12.3652786850928,0.,-2.22946689128866));
#13402=CARTESIAN_POINT('Ctrl Pts',(-13.3311695694923,0.5,-1.09986350536337));
#13403=CARTESIAN_POINT('Ctrl Pts',(-13.3311695694923,0.,-1.09986350536337));
#13404=CARTESIAN_POINT('Ctrl Pts',(-13.2101910312209,0.5,-1.32790876317852));
#13405=CARTESIAN_POINT('Ctrl Pts',(-13.2101910312209,0.,-1.32790876317852));
#13406=CARTESIAN_POINT('Ctrl Pts',(-12.9721696713172,0.5,-1.77658042974312));
#13407=CARTESIAN_POINT('Ctrl Pts',(-12.9721696713172,0.,-1.77658042974312));
#13408=CARTESIAN_POINT('Ctrl Pts',(-12.5653333150576,0.5,-2.08017808071624));
#13409=CARTESIAN_POINT('Ctrl Pts',(-12.5653333150576,0.,-2.08017808071624));
#13410=CARTESIAN_POINT('Ctrl Pts',(-12.3652786850928,0.5,-2.22946689128866));
#13411=CARTESIAN_POINT('Ctrl Pts',(-12.3652786850928,0.,-2.22946689128866));
#13412=CARTESIAN_POINT('',(-13.3311695694923,0.,-1.09986350536337));
#13413=CARTESIAN_POINT('Ctrl Pts',(-13.3311695694923,0.,-1.09986350536337));
#13414=CARTESIAN_POINT('Ctrl Pts',(-13.2101910312209,0.,-1.32790876317852));
#13415=CARTESIAN_POINT('Ctrl Pts',(-12.9721696713172,0.,-1.77658042974312));
#13416=CARTESIAN_POINT('Ctrl Pts',(-12.5653333150576,0.,-2.08017808071624));
#13417=CARTESIAN_POINT('Ctrl Pts',(-12.3652786850928,0.,-2.22946689128866));
#13418=CARTESIAN_POINT('',(-13.3311695694923,0.,-1.09986350536337));
#13419=CARTESIAN_POINT('Ctrl Pts',(-13.6613220810889,0.5,0.605456376075839));
#13420=CARTESIAN_POINT('Ctrl Pts',(-13.6613220810889,0.,0.605456376075839));
#13421=CARTESIAN_POINT('Ctrl Pts',(-13.6506301510198,0.5,0.297192097854899));
#13422=CARTESIAN_POINT('Ctrl Pts',(-13.6506301510198,0.,0.297192097854899));
#13423=CARTESIAN_POINT('Ctrl Pts',(-13.6302939391533,0.5,-0.289131197590882));
#13424=CARTESIAN_POINT('Ctrl Pts',(-13.6302939391533,0.,-0.289131197590882));
#13425=CARTESIAN_POINT('Ctrl Pts',(-13.4273934591262,0.5,-0.839062901941547));
#13426=CARTESIAN_POINT('Ctrl Pts',(-13.4273934591262,0.,-0.839062901941547));
#13427=CARTESIAN_POINT('Ctrl Pts',(-13.3311695694923,0.5,-1.09986350536337));
#13428=CARTESIAN_POINT('Ctrl Pts',(-13.3311695694923,0.,-1.09986350536337));
#13429=CARTESIAN_POINT('',(-13.6613220810889,0.,0.605456376075839));
#13430=CARTESIAN_POINT('Ctrl Pts',(-13.6613220810889,0.,0.605456376075839));
#13431=CARTESIAN_POINT('Ctrl Pts',(-13.6506301510198,0.,0.297192097854899));
#13432=CARTESIAN_POINT('Ctrl Pts',(-13.6302939391533,0.,-0.289131197590882));
#13433=CARTESIAN_POINT('Ctrl Pts',(-13.4273934591262,0.,-0.839062901941547));
#13434=CARTESIAN_POINT('Ctrl Pts',(-13.3311695694923,0.,-1.09986350536337));
#13435=CARTESIAN_POINT('',(-13.6613220810889,0.,0.605456376075839));
#13436=CARTESIAN_POINT('Ctrl Pts',(-12.8891510605811,0.5,2.99017622470866));
#13437=CARTESIAN_POINT('Ctrl Pts',(-12.8891510605811,0.,2.99017622470866));
#13438=CARTESIAN_POINT('Ctrl Pts',(-13.1139570757673,0.5,2.66223208214484));
#13439=CARTESIAN_POINT('Ctrl Pts',(-13.1139570757673,0.,2.66223208214484));
#13440=CARTESIAN_POINT('Ctrl Pts',(-13.6043331025791,0.5,1.9468777998606));
#13441=CARTESIAN_POINT('Ctrl Pts',(-13.6043331025791,0.,1.9468777998606));
#13442=CARTESIAN_POINT('Ctrl Pts',(-13.6413013879232,0.5,1.07670866790052));
#13443=CARTESIAN_POINT('Ctrl Pts',(-13.6413013879232,0.,1.07670866790052));
#13444=CARTESIAN_POINT('Ctrl Pts',(-13.6613220810889,0.5,0.605456376075839));
#13445=CARTESIAN_POINT('Ctrl Pts',(-13.6613220810889,0.,0.605456376075839));
#13446=CARTESIAN_POINT('',(-12.8891510605811,0.,2.99017622470866));
#13447=CARTESIAN_POINT('Ctrl Pts',(-12.8891510605811,0.,2.99017622470866));
#13448=CARTESIAN_POINT('Ctrl Pts',(-13.1139570757673,0.,2.66223208214484));
#13449=CARTESIAN_POINT('Ctrl Pts',(-13.6043331025791,0.,1.9468777998606));
#13450=CARTESIAN_POINT('Ctrl Pts',(-13.6413013879232,0.,1.07670866790052));
#13451=CARTESIAN_POINT('Ctrl Pts',(-13.6613220810889,0.,0.605456376075839));
#13452=CARTESIAN_POINT('',(-12.8891510605811,0.,2.99017622470866));
#13453=CARTESIAN_POINT('Ctrl Pts',(-10.9218949913978,0.5,3.83055880069743));
#13454=CARTESIAN_POINT('Ctrl Pts',(-10.9218949913978,0.,3.83055880069743));
#13455=CARTESIAN_POINT('Ctrl Pts',(-11.3008974141337,0.5,3.7974156295967));
#13456=CARTESIAN_POINT('Ctrl Pts',(-11.3008974141337,0.,3.7974156295967));
#13457=CARTESIAN_POINT('Ctrl Pts',(-12.0490967404391,0.5,3.73198676476202));
#13458=CARTESIAN_POINT('Ctrl Pts',(-12.0490967404391,0.,3.73198676476202));
#13459=CARTESIAN_POINT('Ctrl Pts',(-12.6115902047858,0.5,3.23527652762768));
#13460=CARTESIAN_POINT('Ctrl Pts',(-12.6115902047858,0.,3.23527652762768));
#13461=CARTESIAN_POINT('Ctrl Pts',(-12.8891510605811,0.5,2.99017622470866));
#13462=CARTESIAN_POINT('Ctrl Pts',(-12.8891510605811,0.,2.99017622470866));
#13463=CARTESIAN_POINT('',(-10.9218949913978,0.,3.83055880069743));
#13464=CARTESIAN_POINT('Ctrl Pts',(-10.9218949913978,0.,3.83055880069743));
#13465=CARTESIAN_POINT('Ctrl Pts',(-11.3008974141337,0.,3.7974156295967));
#13466=CARTESIAN_POINT('Ctrl Pts',(-12.0490967404391,0.,3.73198676476202));
#13467=CARTESIAN_POINT('Ctrl Pts',(-12.6115902047858,0.,3.23527652762768));
#13468=CARTESIAN_POINT('Ctrl Pts',(-12.8891510605811,0.,2.99017622470866));
#13469=CARTESIAN_POINT('',(-10.9218949913978,0.,3.83055880069743));
#13470=CARTESIAN_POINT('Ctrl Pts',(-8.97100874185555,0.5,2.99836351871503));
#13471=CARTESIAN_POINT('Ctrl Pts',(-8.97100874185555,0.,2.99836351871503));
#13472=CARTESIAN_POINT('Ctrl Pts',(-9.24832255794733,0.5,3.24108227082403));
#13473=CARTESIAN_POINT('Ctrl Pts',(-9.24832255794733,0.,3.24108227082403));
#13474=CARTESIAN_POINT('Ctrl Pts',(-9.8076579593276,0.5,3.73064024722316));
#13475=CARTESIAN_POINT('Ctrl Pts',(-9.8076579593276,0.,3.73064024722316));
#13476=CARTESIAN_POINT('Ctrl Pts',(-10.5484044289485,0.5,3.79706625318545));
#13477=CARTESIAN_POINT('Ctrl Pts',(-10.5484044289485,0.,3.79706625318545));
#13478=CARTESIAN_POINT('Ctrl Pts',(-10.9218949913978,0.5,3.83055880069743));
#13479=CARTESIAN_POINT('Ctrl Pts',(-10.9218949913978,0.,3.83055880069743));
#13480=CARTESIAN_POINT('',(-8.97100874185555,0.,2.99836351871503));
#13481=CARTESIAN_POINT('Ctrl Pts',(-8.97100874185555,0.,2.99836351871503));
#13482=CARTESIAN_POINT('Ctrl Pts',(-9.24832255794733,0.,3.24108227082403));
#13483=CARTESIAN_POINT('Ctrl Pts',(-9.8076579593276,0.,3.73064024722316));
#13484=CARTESIAN_POINT('Ctrl Pts',(-10.5484044289485,0.,3.79706625318545));
#13485=CARTESIAN_POINT('Ctrl Pts',(-10.9218949913978,0.,3.83055880069743));
#13486=CARTESIAN_POINT('',(-8.97100874185555,0.,2.99836351871503));
#13487=CARTESIAN_POINT('Ctrl Pts',(-8.19338270425789,0.5,0.720054650306827));
#13488=CARTESIAN_POINT('Ctrl Pts',(-8.19338270425789,0.,0.720054650306827));
#13489=CARTESIAN_POINT('Ctrl Pts',(-8.21632262327353,0.5,1.16582413886325));
#13490=CARTESIAN_POINT('Ctrl Pts',(-8.21632262327353,0.,1.16582413886325));
#13491=CARTESIAN_POINT('Ctrl Pts',(-8.25936171662806,0.5,2.00216164378193));
#13492=CARTESIAN_POINT('Ctrl Pts',(-8.25936171662806,0.,2.00216164378193));
#13493=CARTESIAN_POINT('Ctrl Pts',(-8.74446597864179,0.5,2.68123674453377));
#13494=CARTESIAN_POINT('Ctrl Pts',(-8.74446597864179,0.,2.68123674453377));
#13495=CARTESIAN_POINT('Ctrl Pts',(-8.97100874185555,0.5,2.99836351871503));
#13496=CARTESIAN_POINT('Ctrl Pts',(-8.97100874185555,0.,2.99836351871503));
#13497=CARTESIAN_POINT('',(-8.19338270425789,0.,0.720054650306827));
#13498=CARTESIAN_POINT('Ctrl Pts',(-8.19338270425789,0.,0.720054650306827));
#13499=CARTESIAN_POINT('Ctrl Pts',(-8.21632262327353,0.,1.16582413886325));
#13500=CARTESIAN_POINT('Ctrl Pts',(-8.25936171662806,0.,2.00216164378193));
#13501=CARTESIAN_POINT('Ctrl Pts',(-8.74446597864179,0.,2.68123674453377));
#13502=CARTESIAN_POINT('Ctrl Pts',(-8.97100874185555,0.,2.99836351871503));
#13503=CARTESIAN_POINT('',(-8.19338270425789,0.,0.720054650306827));
#13504=CARTESIAN_POINT('Ctrl Pts',(-9.00375076532355,0.5,-1.85838983058917));
#13505=CARTESIAN_POINT('Ctrl Pts',(-9.00375076532355,0.,-1.85838983058917));
#13506=CARTESIAN_POINT('Ctrl Pts',(-8.76843481731761,0.5,-1.52608730209379));
#13507=CARTESIAN_POINT('Ctrl Pts',(-8.76843481731761,0.,-1.52608730209379));
#13508=CARTESIAN_POINT('Ctrl Pts',(-8.22613825078744,0.5,-0.760280641816831));
#13509=CARTESIAN_POINT('Ctrl Pts',(-8.22613825078744,0.,-0.760280641816831));
#13510=CARTESIAN_POINT('Ctrl Pts',(-8.2052225583252,0.5,0.184971109153826));
#13511=CARTESIAN_POINT('Ctrl Pts',(-8.2052225583252,0.,0.184971109153826));
#13512=CARTESIAN_POINT('Ctrl Pts',(-8.19338270425789,0.5,0.720054650306827));
#13513=CARTESIAN_POINT('Ctrl Pts',(-8.19338270425789,0.,0.720054650306827));
#13514=CARTESIAN_POINT('Ctrl Pts',(-9.00375076532355,0.,-1.85838983058917));
#13515=CARTESIAN_POINT('Ctrl Pts',(-8.76843481731761,0.,-1.52608730209379));
#13516=CARTESIAN_POINT('Ctrl Pts',(-8.22613825078744,0.,-0.760280641816831));
#13517=CARTESIAN_POINT('Ctrl Pts',(-8.2052225583252,0.,0.184971109153826));
#13518=CARTESIAN_POINT('Ctrl Pts',(-8.19338270425789,0.,0.720054650306827));
#13519=CARTESIAN_POINT('Origin',(27.1,0.5,0.));
#13520=CARTESIAN_POINT('',(-17.1047062516212,0.5,-2.21036956310265));
#13521=CARTESIAN_POINT('',(-17.1047062516212,0.5,4.5999999284745));
#13522=CARTESIAN_POINT('',(-17.1047062516212,0.5,-2.21036956310265));
#13523=CARTESIAN_POINT('',(-19.4184822678565,0.5,4.59999992847449));
#13524=CARTESIAN_POINT('',(-19.4184822678565,0.5,4.59999992847449));
#13525=CARTESIAN_POINT('',(-20.3734631180763,0.5,4.59999992847448));
#13526=CARTESIAN_POINT('',(-20.3734631180763,0.5,4.59999992847448));
#13527=CARTESIAN_POINT('',(-22.6981587052344,0.5,-2.09577128887172));
#13528=CARTESIAN_POINT('',(-22.6981587052344,0.5,-2.09577128887172));
#13529=CARTESIAN_POINT('',(-22.6981587052345,0.5,4.59999992847446));
#13530=CARTESIAN_POINT('',(-22.6981587052345,0.5,4.59999992847447));
#13531=CARTESIAN_POINT('',(-23.7186188340186,0.5,4.59999992847446));
#13532=CARTESIAN_POINT('',(-23.7186188340186,0.5,4.59999992847446));
#13533=CARTESIAN_POINT('',(-23.7186188340186,0.5,-3.39999959468838));
#13534=CARTESIAN_POINT('',(-23.7186188340186,0.5,-3.39999959468838));
#13535=CARTESIAN_POINT('',(-22.2943348526954,0.5,-3.39999959468837));
#13536=CARTESIAN_POINT('',(-22.2943348526954,0.5,-3.39999959468837));
#13537=CARTESIAN_POINT('',(-20.3789229035377,0.5,2.16616585254675));
#13538=CARTESIAN_POINT('',(-20.3789229035377,0.5,2.16616585254675));
#13539=CARTESIAN_POINT('',(-19.9532742142677,0.5,3.44856693744665));
#13540=CARTESIAN_POINT('Ctrl Pts',(-19.9532742142677,0.5,3.44856693744665));
#13541=CARTESIAN_POINT('Ctrl Pts',(-20.0110220592386,0.5,3.26878792929162));
#13542=CARTESIAN_POINT('Ctrl Pts',(-20.1487705330512,0.5,2.83995315616035));
#13543=CARTESIAN_POINT('Ctrl Pts',(-20.2943653363932,0.5,2.41371409654679));
#13544=CARTESIAN_POINT('Ctrl Pts',(-20.3789229035377,0.5,2.16616585254675));
#13545=CARTESIAN_POINT('',(-19.5712799668311,0.5,2.2643919229508));
#13546=CARTESIAN_POINT('Ctrl Pts',(-19.5712799668311,0.5,2.2643919229508));
#13547=CARTESIAN_POINT('Ctrl Pts',(-19.6474815604063,0.5,2.494722483362));
#13548=CARTESIAN_POINT('Ctrl Pts',(-19.7777574436821,0.5,2.88850056325741));
#13549=CARTESIAN_POINT('Ctrl Pts',(-19.9017909715523,0.5,3.28428615115529));
#13550=CARTESIAN_POINT('Ctrl Pts',(-19.9532742142677,0.5,3.44856693744665));
#13551=CARTESIAN_POINT('',(-17.6776928544044,0.5,-3.39999959468835));
#13552=CARTESIAN_POINT('',(-17.6776928544044,0.5,-3.39999959468835));
#13553=CARTESIAN_POINT('',(-16.0842413544654,0.5,-3.39999959468834));
#13554=CARTESIAN_POINT('',(-16.0842413544654,0.5,-3.39999959468834));
#13555=CARTESIAN_POINT('',(-16.0842413544654,0.5,4.5999999284745));
#13556=CARTESIAN_POINT('',(-16.0842413544654,0.5,4.5999999284745));
#13557=CARTESIAN_POINT('',(-17.1047062516212,0.5,4.5999999284745));
#13558=CARTESIAN_POINT('Origin',(-17.1047062516212,0.,1.19481518268592));
#13559=CARTESIAN_POINT('',(-17.1047062516212,0.,4.5999999284745));
#13560=CARTESIAN_POINT('',(-17.1047062516212,0.,4.5999999284745));
#13561=CARTESIAN_POINT('',(-17.1047062516212,0.,-2.21036956310265));
#13562=CARTESIAN_POINT('',(-17.1047062516212,0.,0.597407591342897));
#13563=CARTESIAN_POINT('',(-17.1047062516212,0.,-2.21036956310265));
#13564=CARTESIAN_POINT('Origin',(-18.2615942597388,0.,1.19481518268592));
#13565=CARTESIAN_POINT('',(-19.4184822678565,0.,4.59999992847449));
#13566=CARTESIAN_POINT('',(-15.7325998442664,0.,-6.24902825360571));
#13567=CARTESIAN_POINT('',(-19.4184822678565,0.,4.59999992847449));
#13568=CARTESIAN_POINT('Origin',(-19.8959726929664,0.,4.59999992847448));
#13569=CARTESIAN_POINT('',(-20.3734631180763,0.,4.59999992847448));
#13570=CARTESIAN_POINT('',(3.60201365351679,0.,4.59999992847462));
#13571=CARTESIAN_POINT('',(-20.3734631180763,0.,4.59999992847448));
#13572=CARTESIAN_POINT('Origin',(-21.5358109116553,0.,1.25211431980138));
#13573=CARTESIAN_POINT('',(-22.6981587052344,0.,-2.09577128887172));
#13574=CARTESIAN_POINT('',(-19.1138366121301,0.,8.22807534175096));
#13575=CARTESIAN_POINT('',(-22.6981587052344,0.,-2.09577128887172));
#13576=CARTESIAN_POINT('Origin',(-22.6981587052344,0.,1.25211431980137));
#13577=CARTESIAN_POINT('',(-22.6981587052345,0.,4.59999992847446));
#13578=CARTESIAN_POINT('',(-22.6981587052344,0.,0.626057159900619));
#13579=CARTESIAN_POINT('',(-22.6981587052345,0.,4.59999992847446));
#13580=CARTESIAN_POINT('Origin',(-23.2083887696265,0.,4.59999992847446));
#13581=CARTESIAN_POINT('',(-23.7186188340186,0.,4.59999992847446));
#13582=CARTESIAN_POINT('',(1.94580561518671,0.,4.59999992847461));
#13583=CARTESIAN_POINT('',(-23.7186188340186,0.,4.59999992847446));
#13584=CARTESIAN_POINT('Origin',(-23.7186188340186,0.,0.600000166893038));
#13585=CARTESIAN_POINT('',(-23.7186188340186,0.,-3.39999959468838));
#13586=CARTESIAN_POINT('',(-23.7186188340186,0.,0.300000083446448));
#13587=CARTESIAN_POINT('',(-23.7186188340186,0.,-3.39999959468838));
#13588=CARTESIAN_POINT('Origin',(-23.006476843357,0.,-3.39999959468838));
#13589=CARTESIAN_POINT('',(-22.2943348526954,0.,-3.39999959468837));
#13590=CARTESIAN_POINT('',(2.04676157832151,0.,-3.39999959468823));
#13591=CARTESIAN_POINT('',(-22.2943348526954,0.,-3.39999959468837));
#13592=CARTESIAN_POINT('Origin',(-21.3366288781165,0.,-0.616916871070813));
#13593=CARTESIAN_POINT('',(-20.3789229035377,0.,2.16616585254675));
#13594=CARTESIAN_POINT('',(-18.6775180089214,0.,7.11042922123583));
#13595=CARTESIAN_POINT('',(-20.3789229035377,0.,2.16616585254675));
#13596=CARTESIAN_POINT('Ctrl Pts',(-19.9532742142677,0.5,3.44856693744665));
#13597=CARTESIAN_POINT('Ctrl Pts',(-19.9532742142677,0.,3.44856693744665));
#13598=CARTESIAN_POINT('Ctrl Pts',(-20.0110220592386,0.5,3.26878792929162));
#13599=CARTESIAN_POINT('Ctrl Pts',(-20.0110220592386,0.,3.26878792929162));
#13600=CARTESIAN_POINT('Ctrl Pts',(-20.1487705330512,0.5,2.83995315616035));
#13601=CARTESIAN_POINT('Ctrl Pts',(-20.1487705330512,0.,2.83995315616035));
#13602=CARTESIAN_POINT('Ctrl Pts',(-20.2943653363932,0.5,2.41371409654679));
#13603=CARTESIAN_POINT('Ctrl Pts',(-20.2943653363932,0.,2.41371409654679));
#13604=CARTESIAN_POINT('Ctrl Pts',(-20.3789229035377,0.5,2.16616585254675));
#13605=CARTESIAN_POINT('Ctrl Pts',(-20.3789229035377,0.,2.16616585254675));
#13606=CARTESIAN_POINT('',(-19.9532742142677,0.,3.44856693744665));
#13607=CARTESIAN_POINT('Ctrl Pts',(-19.9532742142677,0.,3.44856693744665));
#13608=CARTESIAN_POINT('Ctrl Pts',(-20.0110220592386,0.,3.26878792929162));
#13609=CARTESIAN_POINT('Ctrl Pts',(-20.1487705330512,0.,2.83995315616035));
#13610=CARTESIAN_POINT('Ctrl Pts',(-20.2943653363932,0.,2.41371409654679));
#13611=CARTESIAN_POINT('Ctrl Pts',(-20.3789229035377,0.,2.16616585254675));
#13612=CARTESIAN_POINT('',(-19.9532742142677,0.,3.44856693744665));
#13613=CARTESIAN_POINT('Ctrl Pts',(-19.5712799668311,0.5,2.2643919229508));
#13614=CARTESIAN_POINT('Ctrl Pts',(-19.5712799668311,0.,2.2643919229508));
#13615=CARTESIAN_POINT('Ctrl Pts',(-19.6474815604063,0.5,2.494722483362));
#13616=CARTESIAN_POINT('Ctrl Pts',(-19.6474815604063,0.,2.494722483362));
#13617=CARTESIAN_POINT('Ctrl Pts',(-19.7777574436821,0.5,2.88850056325741));
#13618=CARTESIAN_POINT('Ctrl Pts',(-19.7777574436821,0.,2.88850056325741));
#13619=CARTESIAN_POINT('Ctrl Pts',(-19.9017909715523,0.5,3.28428615115529));
#13620=CARTESIAN_POINT('Ctrl Pts',(-19.9017909715523,0.,3.28428615115529));
#13621=CARTESIAN_POINT('Ctrl Pts',(-19.9532742142677,0.5,3.44856693744665));
#13622=CARTESIAN_POINT('Ctrl Pts',(-19.9532742142677,0.,3.44856693744665));
#13623=CARTESIAN_POINT('',(-19.5712799668311,0.,2.2643919229508));
#13624=CARTESIAN_POINT('Ctrl Pts',(-19.5712799668311,0.,2.2643919229508));
#13625=CARTESIAN_POINT('Ctrl Pts',(-19.6474815604063,0.,2.494722483362));
#13626=CARTESIAN_POINT('Ctrl Pts',(-19.7777574436821,0.,2.88850056325741));
#13627=CARTESIAN_POINT('Ctrl Pts',(-19.9017909715523,0.,3.28428615115529));
#13628=CARTESIAN_POINT('Ctrl Pts',(-19.9532742142677,0.,3.44856693744665));
#13629=CARTESIAN_POINT('',(-19.5712799668311,0.,2.2643919229508));
#13630=CARTESIAN_POINT('Origin',(-18.6244864106177,0.,-0.567803835868775));
#13631=CARTESIAN_POINT('',(-17.6776928544044,0.,-3.39999959468835));
#13632=CARTESIAN_POINT('',(-16.4117263552014,0.,-7.1869549729971));
#13633=CARTESIAN_POINT('',(-17.6776928544044,0.,-3.39999959468835));
#13634=CARTESIAN_POINT('Origin',(-16.8809671044349,0.,-3.39999959468834));
#13635=CARTESIAN_POINT('',(-16.0842413544654,0.,-3.39999959468834));
#13636=CARTESIAN_POINT('',(5.10951644778257,0.,-3.39999959468821));
#13637=CARTESIAN_POINT('',(-16.0842413544654,0.,-3.39999959468834));
#13638=CARTESIAN_POINT('Origin',(-16.0842413544654,0.,0.600000166893082));
#13639=CARTESIAN_POINT('',(-16.0842413544654,0.,4.5999999284745));
#13640=CARTESIAN_POINT('',(-16.0842413544654,0.,0.300000083446481));
#13641=CARTESIAN_POINT('',(-16.0842413544654,0.,4.5999999284745));
#13642=CARTESIAN_POINT('Origin',(-16.5944738030433,0.,4.5999999284745));
#13643=CARTESIAN_POINT('',(5.25276309847834,0.,4.59999992847463));
#13644=CARTESIAN_POINT('Origin',(27.1,0.5,0.));
#13645=CARTESIAN_POINT('',(13.2363574862481,0.5,4.19072344303156));
#13646=CARTESIAN_POINT('',(14.5842438101769,0.5,2.70095541477229));
#13647=CARTESIAN_POINT('Ctrl Pts',(13.2363574862481,0.5,4.19072344303156));
#13648=CARTESIAN_POINT('Ctrl Pts',(13.5150073643488,0.5,3.99198883503209));
#13649=CARTESIAN_POINT('Ctrl Pts',(14.0731466703081,0.5,3.59392084758144));
#13650=CARTESIAN_POINT('Ctrl Pts',(14.413707340456,0.5,2.99890889683083));
#13651=CARTESIAN_POINT('Ctrl Pts',(14.5842438101769,0.5,2.70095541477229));
#13652=CARTESIAN_POINT('',(11.217258489132,0.5,4.73642542362237));
#13653=CARTESIAN_POINT('Ctrl Pts',(11.217258489132,0.5,4.73642542362237));
#13654=CARTESIAN_POINT('Ctrl Pts',(11.5805394804547,0.5,4.71565525883283));
#13655=CARTESIAN_POINT('Ctrl Pts',(12.2921862215926,0.5,4.67496769070118));
#13656=CARTESIAN_POINT('Ctrl Pts',(12.9260621516432,0.5,4.34986695489851));
#13657=CARTESIAN_POINT('Ctrl Pts',(13.2363574862481,0.5,4.19072344303156));
#13658=CARTESIAN_POINT('',(9.27455714941032,0.5,4.24256517887138));
#13659=CARTESIAN_POINT('Ctrl Pts',(9.27455714941032,0.5,4.24256517887138));
#13660=CARTESIAN_POINT('Ctrl Pts',(9.58127490756489,0.5,4.3866071309048));
#13661=CARTESIAN_POINT('Ctrl Pts',(10.1971040708427,0.5,4.67581514850171));
#13662=CARTESIAN_POINT('Ctrl Pts',(10.8763269996362,0.5,4.71616971428546));
#13663=CARTESIAN_POINT('Ctrl Pts',(11.217258489132,0.5,4.73642542362237));
#13664=CARTESIAN_POINT('',(7.8830151915551,0.5,2.78826668262504));
#13665=CARTESIAN_POINT('Ctrl Pts',(7.8830151915551,0.5,2.78826668262504));
#13666=CARTESIAN_POINT('Ctrl Pts',(8.06176059681805,0.5,3.08785364661921));
#13667=CARTESIAN_POINT('Ctrl Pts',(8.41461367452153,0.5,3.67925448363468));
#13668=CARTESIAN_POINT('Ctrl Pts',(8.9904320854423,0.5,4.05644749556818));
#13669=CARTESIAN_POINT('Ctrl Pts',(9.27455714941032,0.5,4.24256517887138));
#13670=CARTESIAN_POINT('',(7.39188245534905,0.5,0.610913777351594));
#13671=CARTESIAN_POINT('Ctrl Pts',(7.39188245534905,0.5,0.610913777351594));
#13672=CARTESIAN_POINT('Ctrl Pts',(7.4096523462072,0.5,1.00049473570893));
#13673=CARTESIAN_POINT('Ctrl Pts',(7.44411062526615,0.5,1.75594616117315));
#13674=CARTESIAN_POINT('Ctrl Pts',(7.73980723338772,0.5,2.45143602419422));
#13675=CARTESIAN_POINT('Ctrl Pts',(7.8830151915551,0.5,2.78826668262504));
#13676=CARTESIAN_POINT('',(7.85845807790765,0.5,-1.53642699718453));
#13677=CARTESIAN_POINT('Ctrl Pts',(7.85845807790765,0.5,-1.53642699718453));
#13678=CARTESIAN_POINT('Ctrl Pts',(7.72241556863317,0.5,-1.20397688268598));
#13679=CARTESIAN_POINT('Ctrl Pts',(7.44092009381404,0.5,-0.516080111790385));
#13680=CARTESIAN_POINT('Ctrl Pts',(7.40858861764809,0.5,0.226969048131522));
#13681=CARTESIAN_POINT('Ctrl Pts',(7.39188245534905,0.5,0.610913777351594));
#13682=CARTESIAN_POINT('',(9.21453050374994,0.5,-3.01255271434762));
#13683=CARTESIAN_POINT('Ctrl Pts',(9.21453050374994,0.5,-3.01255271434762));
#13684=CARTESIAN_POINT('Ctrl Pts',(8.93525395163531,0.5,-2.81790123150753));
#13685=CARTESIAN_POINT('Ctrl Pts',(8.37378044653704,0.5,-2.42656279111481));
#13686=CARTESIAN_POINT('Ctrl Pts',(8.03082680415432,0.5,-1.83416600935746));
#13687=CARTESIAN_POINT('Ctrl Pts',(7.85845807790765,0.5,-1.53642699718453));
#13688=CARTESIAN_POINT('',(11.2118010878564,0.5,-3.54188249111152));
#13689=CARTESIAN_POINT('Ctrl Pts',(11.2118010878564,0.5,-3.54188249111152));
#13690=CARTESIAN_POINT('Ctrl Pts',(10.8543947193343,0.5,-3.52145028225934));
#13691=CARTESIAN_POINT('Ctrl Pts',(10.152156247138,0.5,-3.48130471018326));
#13692=CARTESIAN_POINT('Ctrl Pts',(9.52331910406262,0.5,-3.16692696623711));
#13693=CARTESIAN_POINT('Ctrl Pts',(9.21453050374994,0.5,-3.01255271434762));
#13694=CARTESIAN_POINT('',(13.9730565905572,0.5,-2.41500661373113));
#13695=CARTESIAN_POINT('Ctrl Pts',(13.9730565905572,0.5,-2.41500661373113));
#13696=CARTESIAN_POINT('Ctrl Pts',(13.5841118829729,0.5,-2.74362501360288));
#13697=CARTESIAN_POINT('Ctrl Pts',(12.7870336765386,0.5,-3.41707437456199));
#13698=CARTESIAN_POINT('Ctrl Pts',(11.7452386450113,0.5,-3.49961740766692));
#13699=CARTESIAN_POINT('Ctrl Pts',(11.2118010878564,0.5,-3.54188249111152));
#13700=CARTESIAN_POINT('',(15.0426333308221,0.5,0.703682446480056));
#13701=CARTESIAN_POINT('Ctrl Pts',(15.0426333308221,0.5,0.703682446480056));
#13702=CARTESIAN_POINT('Ctrl Pts',(15.011691097587,0.5,0.0909808236385068));
#13703=CARTESIAN_POINT('Ctrl Pts',(14.9537902340824,0.5,-1.05554123776821));
#13704=CARTESIAN_POINT('Ctrl Pts',(14.2846214433839,0.5,-1.98312418308213));
#13705=CARTESIAN_POINT('Ctrl Pts',(13.9730565905572,0.5,-2.41500661373113));
#13706=CARTESIAN_POINT('Ctrl Pts',(14.5842438101769,0.5,2.70095541477229));
#13707=CARTESIAN_POINT('Ctrl Pts',(14.7179408701543,0.5,2.38155669614839));
#13708=CARTESIAN_POINT('Ctrl Pts',(14.9855818374309,0.5,1.74216954721725));
#13709=CARTESIAN_POINT('Ctrl Pts',(15.0236044768341,0.5,1.05005759345119));
#13710=CARTESIAN_POINT('Ctrl Pts',(15.0426333308221,0.5,0.703682446480056));
#13711=CARTESIAN_POINT('',(11.2063436865807,0.5,-2.63055846691108));
#13712=CARTESIAN_POINT('',(13.1408601164819,0.5,-1.85838983058904));
#13713=CARTESIAN_POINT('Ctrl Pts',(11.2063436865807,0.5,-2.63055846691108));
#13714=CARTESIAN_POINT('Ctrl Pts',(11.5678237856393,0.5,-2.59853827939672));
#13715=CARTESIAN_POINT('Ctrl Pts',(12.2899225423749,0.5,-2.53457421151368));
#13716=CARTESIAN_POINT('Ctrl Pts',(12.8574399353187,0.5,-2.08360529359469));
#13717=CARTESIAN_POINT('Ctrl Pts',(13.1408601164819,0.5,-1.85838983058904));
#13718=CARTESIAN_POINT('',(9.77933219671258,0.5,-2.22946689128853));
#13719=CARTESIAN_POINT('Ctrl Pts',(9.77933219671258,0.5,-2.22946689128853));
#13720=CARTESIAN_POINT('Ctrl Pts',(9.99947590812276,0.5,-2.34644641616016));
#13721=CARTESIAN_POINT('Ctrl Pts',(10.4458386317883,0.5,-2.58363374711013));
#13722=CARTESIAN_POINT('Ctrl Pts',(10.9505521699188,0.5,-2.61477560633549));
#13723=CARTESIAN_POINT('Ctrl Pts',(11.2063436865807,0.5,-2.63055846691108));
#13724=CARTESIAN_POINT('',(8.81343892812737,0.5,-1.09986350536324));
#13725=CARTESIAN_POINT('Ctrl Pts',(8.81343892812737,0.5,-1.09986350536324));
#13726=CARTESIAN_POINT('Ctrl Pts',(8.93441836985492,0.5,-1.32790870313271));
#13727=CARTESIAN_POINT('Ctrl Pts',(9.17244131283415,0.5,-1.7765798850316));
#13728=CARTESIAN_POINT('Ctrl Pts',(9.57927771372499,0.5,-2.08017798566265));
#13729=CARTESIAN_POINT('Ctrl Pts',(9.77933219671258,0.5,-2.22946689128853));
#13730=CARTESIAN_POINT('',(8.48328880071648,0.5,0.605456376075968));
#13731=CARTESIAN_POINT('Ctrl Pts',(8.48328880071648,0.5,0.605456376075968));
#13732=CARTESIAN_POINT('Ctrl Pts',(8.49397913449548,0.5,0.29719203918996));
#13733=CARTESIAN_POINT('Ctrl Pts',(8.51431231771568,0.5,-0.28913158472458));
#13734=CARTESIAN_POINT('Ctrl Pts',(8.71721429091006,0.5,-0.839062953929259));
#13735=CARTESIAN_POINT('Ctrl Pts',(8.81343892812737,0.5,-1.09986350536324));
#13736=CARTESIAN_POINT('',(9.25545743703849,0.5,2.99017622470878));
#13737=CARTESIAN_POINT('Ctrl Pts',(9.25545743703849,0.5,2.99017622470878));
#13738=CARTESIAN_POINT('Ctrl Pts',(9.03065240350576,0.5,2.66223198691744));
#13739=CARTESIAN_POINT('Ctrl Pts',(8.54027825003729,0.5,1.94687710600291));
#13740=CARTESIAN_POINT('Ctrl Pts',(8.50330966528955,0.5,1.07670856555047));
#13741=CARTESIAN_POINT('Ctrl Pts',(8.48328880071648,0.5,0.605456376075968));
#13742=CARTESIAN_POINT('',(11.2227158904076,0.5,3.83055880069756));
#13743=CARTESIAN_POINT('Ctrl Pts',(11.2227158904076,0.5,3.83055880069756));
#13744=CARTESIAN_POINT('Ctrl Pts',(10.8437121475035,0.5,3.79741592536885));
#13745=CARTESIAN_POINT('Ctrl Pts',(10.0955117144107,0.5,3.73198777554408));
#13746=CARTESIAN_POINT('Ctrl Pts',(9.5330178963619,0.5,3.23527652397199));
#13747=CARTESIAN_POINT('Ctrl Pts',(9.25545743703849,0.5,2.99017622470878));
#13748=CARTESIAN_POINT('',(13.1736021399499,0.5,2.99836351871515));
#13749=CARTESIAN_POINT('Ctrl Pts',(13.1736021399499,0.5,2.99836351871515));
#13750=CARTESIAN_POINT('Ctrl Pts',(12.8962879180443,0.5,3.24108227196065));
#13751=CARTESIAN_POINT('Ctrl Pts',(12.3369522542734,0.5,3.73063976390354));
#13752=CARTESIAN_POINT('Ctrl Pts',(11.5962059861245,0.5,3.79706611294623));
#13753=CARTESIAN_POINT('Ctrl Pts',(11.2227158904076,0.5,3.83055880069756));
#13754=CARTESIAN_POINT('',(13.9512281775475,0.5,0.720054650306956));
#13755=CARTESIAN_POINT('Ctrl Pts',(13.9512281775475,0.5,0.720054650306956));
#13756=CARTESIAN_POINT('Ctrl Pts',(13.9282882585319,0.5,1.16582413886338));
#13757=CARTESIAN_POINT('Ctrl Pts',(13.8852491651774,0.5,2.00216164378205));
#13758=CARTESIAN_POINT('Ctrl Pts',(13.4001449031636,0.5,2.6812367445339));
#13759=CARTESIAN_POINT('Ctrl Pts',(13.1736021399499,0.5,2.99836351871515));
#13760=CARTESIAN_POINT('Ctrl Pts',(13.1408601164819,0.5,-1.85838983058904));
#13761=CARTESIAN_POINT('Ctrl Pts',(13.3761760644878,0.5,-1.52608730209366));
#13762=CARTESIAN_POINT('Ctrl Pts',(13.918472631018,0.5,-0.760280641816702));
#13763=CARTESIAN_POINT('Ctrl Pts',(13.9393883234802,0.5,0.184971109153955));
#13764=CARTESIAN_POINT('Ctrl Pts',(13.9512281775475,0.5,0.720054650306956));
#13765=CARTESIAN_POINT('Ctrl Pts',(13.2363574862481,0.5,4.19072344303156));
#13766=CARTESIAN_POINT('Ctrl Pts',(13.2363574862481,0.,4.19072344303156));
#13767=CARTESIAN_POINT('Ctrl Pts',(13.5150073643488,0.5,3.99198883503209));
#13768=CARTESIAN_POINT('Ctrl Pts',(13.5150073643488,0.,3.99198883503209));
#13769=CARTESIAN_POINT('Ctrl Pts',(14.0731466703081,0.5,3.59392084758144));
#13770=CARTESIAN_POINT('Ctrl Pts',(14.0731466703081,0.,3.59392084758144));
#13771=CARTESIAN_POINT('Ctrl Pts',(14.413707340456,0.5,2.99890889683083));
#13772=CARTESIAN_POINT('Ctrl Pts',(14.413707340456,0.,2.99890889683083));
#13773=CARTESIAN_POINT('Ctrl Pts',(14.5842438101769,0.5,2.70095541477229));
#13774=CARTESIAN_POINT('Ctrl Pts',(14.5842438101769,0.,2.70095541477229));
#13775=CARTESIAN_POINT('',(14.5842438101769,0.,2.70095541477229));
#13776=CARTESIAN_POINT('',(14.5842438101769,0.,2.70095541477229));
#13777=CARTESIAN_POINT('',(13.2363574862481,0.,4.19072344303156));
#13778=CARTESIAN_POINT('Ctrl Pts',(13.2363574862481,0.,4.19072344303156));
#13779=CARTESIAN_POINT('Ctrl Pts',(13.5150073643488,0.,3.99198883503209));
#13780=CARTESIAN_POINT('Ctrl Pts',(14.0731466703081,0.,3.59392084758144));
#13781=CARTESIAN_POINT('Ctrl Pts',(14.413707340456,0.,2.99890889683083));
#13782=CARTESIAN_POINT('Ctrl Pts',(14.5842438101769,0.,2.70095541477229));
#13783=CARTESIAN_POINT('',(13.2363574862481,0.,4.19072344303156));
#13784=CARTESIAN_POINT('Ctrl Pts',(11.217258489132,0.5,4.73642542362237));
#13785=CARTESIAN_POINT('Ctrl Pts',(11.217258489132,0.,4.73642542362237));
#13786=CARTESIAN_POINT('Ctrl Pts',(11.5805394804547,0.5,4.71565525883283));
#13787=CARTESIAN_POINT('Ctrl Pts',(11.5805394804547,0.,4.71565525883283));
#13788=CARTESIAN_POINT('Ctrl Pts',(12.2921862215926,0.5,4.67496769070118));
#13789=CARTESIAN_POINT('Ctrl Pts',(12.2921862215926,0.,4.67496769070118));
#13790=CARTESIAN_POINT('Ctrl Pts',(12.9260621516432,0.5,4.34986695489851));
#13791=CARTESIAN_POINT('Ctrl Pts',(12.9260621516432,0.,4.34986695489851));
#13792=CARTESIAN_POINT('Ctrl Pts',(13.2363574862481,0.5,4.19072344303156));
#13793=CARTESIAN_POINT('Ctrl Pts',(13.2363574862481,0.,4.19072344303156));
#13794=CARTESIAN_POINT('',(11.217258489132,0.,4.73642542362237));
#13795=CARTESIAN_POINT('Ctrl Pts',(11.217258489132,0.,4.73642542362237));
#13796=CARTESIAN_POINT('Ctrl Pts',(11.5805394804547,0.,4.71565525883283));
#13797=CARTESIAN_POINT('Ctrl Pts',(12.2921862215926,0.,4.67496769070118));
#13798=CARTESIAN_POINT('Ctrl Pts',(12.9260621516432,0.,4.34986695489851));
#13799=CARTESIAN_POINT('Ctrl Pts',(13.2363574862481,0.,4.19072344303156));
#13800=CARTESIAN_POINT('',(11.217258489132,0.,4.73642542362237));
#13801=CARTESIAN_POINT('Ctrl Pts',(9.27455714941032,0.5,4.24256517887138));
#13802=CARTESIAN_POINT('Ctrl Pts',(9.27455714941032,0.,4.24256517887138));
#13803=CARTESIAN_POINT('Ctrl Pts',(9.58127490756489,0.5,4.3866071309048));
#13804=CARTESIAN_POINT('Ctrl Pts',(9.58127490756489,0.,4.3866071309048));
#13805=CARTESIAN_POINT('Ctrl Pts',(10.1971040708427,0.5,4.67581514850171));
#13806=CARTESIAN_POINT('Ctrl Pts',(10.1971040708427,0.,4.67581514850171));
#13807=CARTESIAN_POINT('Ctrl Pts',(10.8763269996362,0.5,4.71616971428546));
#13808=CARTESIAN_POINT('Ctrl Pts',(10.8763269996362,0.,4.71616971428546));
#13809=CARTESIAN_POINT('Ctrl Pts',(11.217258489132,0.5,4.73642542362237));
#13810=CARTESIAN_POINT('Ctrl Pts',(11.217258489132,0.,4.73642542362237));
#13811=CARTESIAN_POINT('',(9.27455714941032,0.,4.24256517887138));
#13812=CARTESIAN_POINT('Ctrl Pts',(9.27455714941032,0.,4.24256517887138));
#13813=CARTESIAN_POINT('Ctrl Pts',(9.58127490756489,0.,4.3866071309048));
#13814=CARTESIAN_POINT('Ctrl Pts',(10.1971040708427,0.,4.67581514850171));
#13815=CARTESIAN_POINT('Ctrl Pts',(10.8763269996362,0.,4.71616971428546));
#13816=CARTESIAN_POINT('Ctrl Pts',(11.217258489132,0.,4.73642542362237));
#13817=CARTESIAN_POINT('',(9.27455714941032,0.,4.24256517887138));
#13818=CARTESIAN_POINT('Ctrl Pts',(7.8830151915551,0.5,2.78826668262504));
#13819=CARTESIAN_POINT('Ctrl Pts',(7.8830151915551,0.,2.78826668262504));
#13820=CARTESIAN_POINT('Ctrl Pts',(8.06176059681805,0.5,3.08785364661921));
#13821=CARTESIAN_POINT('Ctrl Pts',(8.06176059681805,0.,3.08785364661921));
#13822=CARTESIAN_POINT('Ctrl Pts',(8.41461367452153,0.5,3.67925448363468));
#13823=CARTESIAN_POINT('Ctrl Pts',(8.41461367452153,0.,3.67925448363468));
#13824=CARTESIAN_POINT('Ctrl Pts',(8.9904320854423,0.5,4.05644749556818));
#13825=CARTESIAN_POINT('Ctrl Pts',(8.9904320854423,0.,4.05644749556818));
#13826=CARTESIAN_POINT('Ctrl Pts',(9.27455714941032,0.5,4.24256517887138));
#13827=CARTESIAN_POINT('Ctrl Pts',(9.27455714941032,0.,4.24256517887138));
#13828=CARTESIAN_POINT('',(7.8830151915551,0.,2.78826668262504));
#13829=CARTESIAN_POINT('Ctrl Pts',(7.8830151915551,0.,2.78826668262504));
#13830=CARTESIAN_POINT('Ctrl Pts',(8.06176059681805,0.,3.08785364661921));
#13831=CARTESIAN_POINT('Ctrl Pts',(8.41461367452153,0.,3.67925448363468));
#13832=CARTESIAN_POINT('Ctrl Pts',(8.9904320854423,0.,4.05644749556818));
#13833=CARTESIAN_POINT('Ctrl Pts',(9.27455714941032,0.,4.24256517887138));
#13834=CARTESIAN_POINT('',(7.8830151915551,0.,2.78826668262504));
#13835=CARTESIAN_POINT('Ctrl Pts',(7.39188245534905,0.5,0.610913777351594));
#13836=CARTESIAN_POINT('Ctrl Pts',(7.39188245534905,0.,0.610913777351594));
#13837=CARTESIAN_POINT('Ctrl Pts',(7.4096523462072,0.5,1.00049473570893));
#13838=CARTESIAN_POINT('Ctrl Pts',(7.4096523462072,0.,1.00049473570893));
#13839=CARTESIAN_POINT('Ctrl Pts',(7.44411062526615,0.5,1.75594616117315));
#13840=CARTESIAN_POINT('Ctrl Pts',(7.44411062526615,0.,1.75594616117315));
#13841=CARTESIAN_POINT('Ctrl Pts',(7.73980723338772,0.5,2.45143602419422));
#13842=CARTESIAN_POINT('Ctrl Pts',(7.73980723338772,0.,2.45143602419422));
#13843=CARTESIAN_POINT('Ctrl Pts',(7.8830151915551,0.5,2.78826668262504));
#13844=CARTESIAN_POINT('Ctrl Pts',(7.8830151915551,0.,2.78826668262504));
#13845=CARTESIAN_POINT('',(7.39188245534905,0.,0.610913777351594));
#13846=CARTESIAN_POINT('Ctrl Pts',(7.39188245534905,0.,0.610913777351594));
#13847=CARTESIAN_POINT('Ctrl Pts',(7.4096523462072,0.,1.00049473570893));
#13848=CARTESIAN_POINT('Ctrl Pts',(7.44411062526615,0.,1.75594616117315));
#13849=CARTESIAN_POINT('Ctrl Pts',(7.73980723338772,0.,2.45143602419422));
#13850=CARTESIAN_POINT('Ctrl Pts',(7.8830151915551,0.,2.78826668262504));
#13851=CARTESIAN_POINT('',(7.39188245534905,0.,0.610913777351594));
#13852=CARTESIAN_POINT('Ctrl Pts',(7.85845807790765,0.5,-1.53642699718453));
#13853=CARTESIAN_POINT('Ctrl Pts',(7.85845807790765,0.,-1.53642699718453));
#13854=CARTESIAN_POINT('Ctrl Pts',(7.72241556863317,0.5,-1.20397688268598));
#13855=CARTESIAN_POINT('Ctrl Pts',(7.72241556863317,0.,-1.20397688268598));
#13856=CARTESIAN_POINT('Ctrl Pts',(7.44092009381404,0.5,-0.516080111790385));
#13857=CARTESIAN_POINT('Ctrl Pts',(7.44092009381404,0.,-0.516080111790385));
#13858=CARTESIAN_POINT('Ctrl Pts',(7.40858861764809,0.5,0.226969048131522));
#13859=CARTESIAN_POINT('Ctrl Pts',(7.40858861764809,0.,0.226969048131522));
#13860=CARTESIAN_POINT('Ctrl Pts',(7.39188245534905,0.5,0.610913777351594));
#13861=CARTESIAN_POINT('Ctrl Pts',(7.39188245534905,0.,0.610913777351594));
#13862=CARTESIAN_POINT('',(7.85845807790765,0.,-1.53642699718453));
#13863=CARTESIAN_POINT('Ctrl Pts',(7.85845807790765,0.,-1.53642699718453));
#13864=CARTESIAN_POINT('Ctrl Pts',(7.72241556863317,0.,-1.20397688268598));
#13865=CARTESIAN_POINT('Ctrl Pts',(7.44092009381404,0.,-0.516080111790385));
#13866=CARTESIAN_POINT('Ctrl Pts',(7.40858861764809,0.,0.226969048131522));
#13867=CARTESIAN_POINT('Ctrl Pts',(7.39188245534905,0.,0.610913777351594));
#13868=CARTESIAN_POINT('',(7.85845807790765,0.,-1.53642699718453));
#13869=CARTESIAN_POINT('Ctrl Pts',(9.21453050374994,0.5,-3.01255271434762));
#13870=CARTESIAN_POINT('Ctrl Pts',(9.21453050374994,0.,-3.01255271434762));
#13871=CARTESIAN_POINT('Ctrl Pts',(8.93525395163531,0.5,-2.81790123150753));
#13872=CARTESIAN_POINT('Ctrl Pts',(8.93525395163531,0.,-2.81790123150753));
#13873=CARTESIAN_POINT('Ctrl Pts',(8.37378044653704,0.5,-2.42656279111481));
#13874=CARTESIAN_POINT('Ctrl Pts',(8.37378044653704,0.,-2.42656279111481));
#13875=CARTESIAN_POINT('Ctrl Pts',(8.03082680415432,0.5,-1.83416600935746));
#13876=CARTESIAN_POINT('Ctrl Pts',(8.03082680415432,0.,-1.83416600935746));
#13877=CARTESIAN_POINT('Ctrl Pts',(7.85845807790765,0.5,-1.53642699718453));
#13878=CARTESIAN_POINT('Ctrl Pts',(7.85845807790765,0.,-1.53642699718453));
#13879=CARTESIAN_POINT('',(9.21453050374994,0.,-3.01255271434762));
#13880=CARTESIAN_POINT('Ctrl Pts',(9.21453050374994,0.,-3.01255271434762));
#13881=CARTESIAN_POINT('Ctrl Pts',(8.93525395163531,0.,-2.81790123150753));
#13882=CARTESIAN_POINT('Ctrl Pts',(8.37378044653704,0.,-2.42656279111481));
#13883=CARTESIAN_POINT('Ctrl Pts',(8.03082680415432,0.,-1.83416600935746));
#13884=CARTESIAN_POINT('Ctrl Pts',(7.85845807790765,0.,-1.53642699718453));
#13885=CARTESIAN_POINT('',(9.21453050374994,0.,-3.01255271434762));
#13886=CARTESIAN_POINT('Ctrl Pts',(11.2118010878564,0.5,-3.54188249111152));
#13887=CARTESIAN_POINT('Ctrl Pts',(11.2118010878564,0.,-3.54188249111152));
#13888=CARTESIAN_POINT('Ctrl Pts',(10.8543947193343,0.5,-3.52145028225934));
#13889=CARTESIAN_POINT('Ctrl Pts',(10.8543947193343,0.,-3.52145028225934));
#13890=CARTESIAN_POINT('Ctrl Pts',(10.152156247138,0.5,-3.48130471018326));
#13891=CARTESIAN_POINT('Ctrl Pts',(10.152156247138,0.,-3.48130471018326));
#13892=CARTESIAN_POINT('Ctrl Pts',(9.52331910406262,0.5,-3.16692696623711));
#13893=CARTESIAN_POINT('Ctrl Pts',(9.52331910406262,0.,-3.16692696623711));
#13894=CARTESIAN_POINT('Ctrl Pts',(9.21453050374994,0.5,-3.01255271434762));
#13895=CARTESIAN_POINT('Ctrl Pts',(9.21453050374994,0.,-3.01255271434762));
#13896=CARTESIAN_POINT('',(11.2118010878564,0.,-3.54188249111152));
#13897=CARTESIAN_POINT('Ctrl Pts',(11.2118010878564,0.,-3.54188249111152));
#13898=CARTESIAN_POINT('Ctrl Pts',(10.8543947193343,0.,-3.52145028225934));
#13899=CARTESIAN_POINT('Ctrl Pts',(10.152156247138,0.,-3.48130471018326));
#13900=CARTESIAN_POINT('Ctrl Pts',(9.52331910406262,0.,-3.16692696623711));
#13901=CARTESIAN_POINT('Ctrl Pts',(9.21453050374994,0.,-3.01255271434762));
#13902=CARTESIAN_POINT('',(11.2118010878564,0.,-3.54188249111152));
#13903=CARTESIAN_POINT('Ctrl Pts',(13.9730565905572,0.5,-2.41500661373113));
#13904=CARTESIAN_POINT('Ctrl Pts',(13.9730565905572,0.,-2.41500661373113));
#13905=CARTESIAN_POINT('Ctrl Pts',(13.5841118829729,0.5,-2.74362501360288));
#13906=CARTESIAN_POINT('Ctrl Pts',(13.5841118829729,0.,-2.74362501360288));
#13907=CARTESIAN_POINT('Ctrl Pts',(12.7870336765386,0.5,-3.41707437456199));
#13908=CARTESIAN_POINT('Ctrl Pts',(12.7870336765386,0.,-3.41707437456199));
#13909=CARTESIAN_POINT('Ctrl Pts',(11.7452386450113,0.5,-3.49961740766692));
#13910=CARTESIAN_POINT('Ctrl Pts',(11.7452386450113,0.,-3.49961740766692));
#13911=CARTESIAN_POINT('Ctrl Pts',(11.2118010878564,0.5,-3.54188249111152));
#13912=CARTESIAN_POINT('Ctrl Pts',(11.2118010878564,0.,-3.54188249111152));
#13913=CARTESIAN_POINT('',(13.9730565905572,0.,-2.41500661373113));
#13914=CARTESIAN_POINT('Ctrl Pts',(13.9730565905572,0.,-2.41500661373113));
#13915=CARTESIAN_POINT('Ctrl Pts',(13.5841118829729,0.,-2.74362501360288));
#13916=CARTESIAN_POINT('Ctrl Pts',(12.7870336765386,0.,-3.41707437456199));
#13917=CARTESIAN_POINT('Ctrl Pts',(11.7452386450113,0.,-3.49961740766692));
#13918=CARTESIAN_POINT('Ctrl Pts',(11.2118010878564,0.,-3.54188249111152));
#13919=CARTESIAN_POINT('',(13.9730565905572,0.,-2.41500661373113));
#13920=CARTESIAN_POINT('Ctrl Pts',(15.0426333308221,0.5,0.703682446480056));
#13921=CARTESIAN_POINT('Ctrl Pts',(15.0426333308221,0.,0.703682446480056));
#13922=CARTESIAN_POINT('Ctrl Pts',(15.011691097587,0.5,0.0909808236385069));
#13923=CARTESIAN_POINT('Ctrl Pts',(15.011691097587,0.,0.0909808236385069));
#13924=CARTESIAN_POINT('Ctrl Pts',(14.9537902340824,0.5,-1.05554123776821));
#13925=CARTESIAN_POINT('Ctrl Pts',(14.9537902340824,0.,-1.05554123776821));
#13926=CARTESIAN_POINT('Ctrl Pts',(14.2846214433839,0.5,-1.98312418308213));
#13927=CARTESIAN_POINT('Ctrl Pts',(14.2846214433839,0.,-1.98312418308213));
#13928=CARTESIAN_POINT('Ctrl Pts',(13.9730565905572,0.5,-2.41500661373113));
#13929=CARTESIAN_POINT('Ctrl Pts',(13.9730565905572,0.,-2.41500661373113));
#13930=CARTESIAN_POINT('',(15.0426333308221,0.,0.703682446480056));
#13931=CARTESIAN_POINT('Ctrl Pts',(15.0426333308221,0.,0.703682446480056));
#13932=CARTESIAN_POINT('Ctrl Pts',(15.011691097587,0.,0.0909808236385068));
#13933=CARTESIAN_POINT('Ctrl Pts',(14.9537902340824,0.,-1.05554123776821));
#13934=CARTESIAN_POINT('Ctrl Pts',(14.2846214433839,0.,-1.98312418308213));
#13935=CARTESIAN_POINT('Ctrl Pts',(13.9730565905572,0.,-2.41500661373113));
#13936=CARTESIAN_POINT('',(15.0426333308221,0.,0.703682446480056));
#13937=CARTESIAN_POINT('Ctrl Pts',(14.5842438101769,0.5,2.70095541477229));
#13938=CARTESIAN_POINT('Ctrl Pts',(14.5842438101769,0.,2.70095541477229));
#13939=CARTESIAN_POINT('Ctrl Pts',(14.7179408701543,0.5,2.38155669614839));
#13940=CARTESIAN_POINT('Ctrl Pts',(14.7179408701543,0.,2.38155669614839));
#13941=CARTESIAN_POINT('Ctrl Pts',(14.9855818374309,0.5,1.74216954721725));
#13942=CARTESIAN_POINT('Ctrl Pts',(14.9855818374309,0.,1.74216954721725));
#13943=CARTESIAN_POINT('Ctrl Pts',(15.0236044768341,0.5,1.05005759345119));
#13944=CARTESIAN_POINT('Ctrl Pts',(15.0236044768341,0.,1.05005759345119));
#13945=CARTESIAN_POINT('Ctrl Pts',(15.0426333308221,0.5,0.703682446480056));
#13946=CARTESIAN_POINT('Ctrl Pts',(15.0426333308221,0.,0.703682446480056));
#13947=CARTESIAN_POINT('Ctrl Pts',(14.5842438101769,0.,2.70095541477229));
#13948=CARTESIAN_POINT('Ctrl Pts',(14.7179408701543,0.,2.38155669614839));
#13949=CARTESIAN_POINT('Ctrl Pts',(14.9855818374309,0.,1.74216954721725));
#13950=CARTESIAN_POINT('Ctrl Pts',(15.0236044768341,0.,1.05005759345119));
#13951=CARTESIAN_POINT('Ctrl Pts',(15.0426333308221,0.,0.703682446480056));
#13952=CARTESIAN_POINT('Ctrl Pts',(11.2063436865807,0.5,-2.63055846691108));
#13953=CARTESIAN_POINT('Ctrl Pts',(11.2063436865807,0.,-2.63055846691108));
#13954=CARTESIAN_POINT('Ctrl Pts',(11.5678237856393,0.5,-2.59853827939672));
#13955=CARTESIAN_POINT('Ctrl Pts',(11.5678237856393,0.,-2.59853827939672));
#13956=CARTESIAN_POINT('Ctrl Pts',(12.2899225423749,0.5,-2.53457421151368));
#13957=CARTESIAN_POINT('Ctrl Pts',(12.2899225423749,0.,-2.53457421151368));
#13958=CARTESIAN_POINT('Ctrl Pts',(12.8574399353187,0.5,-2.08360529359469));
#13959=CARTESIAN_POINT('Ctrl Pts',(12.8574399353187,0.,-2.08360529359469));
#13960=CARTESIAN_POINT('Ctrl Pts',(13.1408601164819,0.5,-1.85838983058904));
#13961=CARTESIAN_POINT('Ctrl Pts',(13.1408601164819,0.,-1.85838983058904));
#13962=CARTESIAN_POINT('',(13.1408601164819,0.,-1.85838983058904));
#13963=CARTESIAN_POINT('',(13.1408601164819,0.,-1.85838983058904));
#13964=CARTESIAN_POINT('',(11.2063436865807,0.,-2.63055846691108));
#13965=CARTESIAN_POINT('Ctrl Pts',(11.2063436865807,0.,-2.63055846691108));
#13966=CARTESIAN_POINT('Ctrl Pts',(11.5678237856393,0.,-2.59853827939672));
#13967=CARTESIAN_POINT('Ctrl Pts',(12.2899225423749,0.,-2.53457421151368));
#13968=CARTESIAN_POINT('Ctrl Pts',(12.8574399353187,0.,-2.08360529359469));
#13969=CARTESIAN_POINT('Ctrl Pts',(13.1408601164819,0.,-1.85838983058904));
#13970=CARTESIAN_POINT('',(11.2063436865807,0.,-2.63055846691108));
#13971=CARTESIAN_POINT('Ctrl Pts',(9.77933219671258,0.5,-2.22946689128853));
#13972=CARTESIAN_POINT('Ctrl Pts',(9.77933219671258,0.,-2.22946689128853));
#13973=CARTESIAN_POINT('Ctrl Pts',(9.99947590812276,0.5,-2.34644641616016));
#13974=CARTESIAN_POINT('Ctrl Pts',(9.99947590812276,0.,-2.34644641616016));
#13975=CARTESIAN_POINT('Ctrl Pts',(10.4458386317883,0.5,-2.58363374711013));
#13976=CARTESIAN_POINT('Ctrl Pts',(10.4458386317883,0.,-2.58363374711013));
#13977=CARTESIAN_POINT('Ctrl Pts',(10.9505521699188,0.5,-2.61477560633549));
#13978=CARTESIAN_POINT('Ctrl Pts',(10.9505521699188,0.,-2.61477560633549));
#13979=CARTESIAN_POINT('Ctrl Pts',(11.2063436865807,0.5,-2.63055846691108));
#13980=CARTESIAN_POINT('Ctrl Pts',(11.2063436865807,0.,-2.63055846691108));
#13981=CARTESIAN_POINT('',(9.77933219671258,0.,-2.22946689128853));
#13982=CARTESIAN_POINT('Ctrl Pts',(9.77933219671258,0.,-2.22946689128853));
#13983=CARTESIAN_POINT('Ctrl Pts',(9.99947590812276,0.,-2.34644641616016));
#13984=CARTESIAN_POINT('Ctrl Pts',(10.4458386317883,0.,-2.58363374711013));
#13985=CARTESIAN_POINT('Ctrl Pts',(10.9505521699188,0.,-2.61477560633549));
#13986=CARTESIAN_POINT('Ctrl Pts',(11.2063436865807,0.,-2.63055846691108));
#13987=CARTESIAN_POINT('',(9.77933219671258,0.,-2.22946689128853));
#13988=CARTESIAN_POINT('Ctrl Pts',(8.81343892812737,0.5,-1.09986350536324));
#13989=CARTESIAN_POINT('Ctrl Pts',(8.81343892812737,0.,-1.09986350536324));
#13990=CARTESIAN_POINT('Ctrl Pts',(8.93441836985492,0.5,-1.32790870313271));
#13991=CARTESIAN_POINT('Ctrl Pts',(8.93441836985492,0.,-1.32790870313271));
#13992=CARTESIAN_POINT('Ctrl Pts',(9.17244131283415,0.5,-1.7765798850316));
#13993=CARTESIAN_POINT('Ctrl Pts',(9.17244131283415,0.,-1.7765798850316));
#13994=CARTESIAN_POINT('Ctrl Pts',(9.57927771372499,0.5,-2.08017798566265));
#13995=CARTESIAN_POINT('Ctrl Pts',(9.57927771372499,0.,-2.08017798566265));
#13996=CARTESIAN_POINT('Ctrl Pts',(9.77933219671258,0.5,-2.22946689128853));
#13997=CARTESIAN_POINT('Ctrl Pts',(9.77933219671258,0.,-2.22946689128853));
#13998=CARTESIAN_POINT('',(8.81343892812737,0.,-1.09986350536324));
#13999=CARTESIAN_POINT('Ctrl Pts',(8.81343892812737,0.,-1.09986350536324));
#14000=CARTESIAN_POINT('Ctrl Pts',(8.93441836985492,0.,-1.32790870313271));
#14001=CARTESIAN_POINT('Ctrl Pts',(9.17244131283415,0.,-1.7765798850316));
#14002=CARTESIAN_POINT('Ctrl Pts',(9.57927771372499,0.,-2.08017798566265));
#14003=CARTESIAN_POINT('Ctrl Pts',(9.77933219671258,0.,-2.22946689128853));
#14004=CARTESIAN_POINT('',(8.81343892812737,0.,-1.09986350536324));
#14005=CARTESIAN_POINT('Ctrl Pts',(8.48328880071648,0.5,0.605456376075968));
#14006=CARTESIAN_POINT('Ctrl Pts',(8.48328880071648,0.,0.605456376075968));
#14007=CARTESIAN_POINT('Ctrl Pts',(8.49397913449548,0.5,0.29719203918996));
#14008=CARTESIAN_POINT('Ctrl Pts',(8.49397913449548,0.,0.29719203918996));
#14009=CARTESIAN_POINT('Ctrl Pts',(8.51431231771568,0.5,-0.28913158472458));
#14010=CARTESIAN_POINT('Ctrl Pts',(8.51431231771568,0.,-0.28913158472458));
#14011=CARTESIAN_POINT('Ctrl Pts',(8.71721429091006,0.5,-0.839062953929259));
#14012=CARTESIAN_POINT('Ctrl Pts',(8.71721429091006,0.,-0.839062953929259));
#14013=CARTESIAN_POINT('Ctrl Pts',(8.81343892812737,0.5,-1.09986350536324));
#14014=CARTESIAN_POINT('Ctrl Pts',(8.81343892812737,0.,-1.09986350536324));
#14015=CARTESIAN_POINT('',(8.48328880071648,0.,0.605456376075968));
#14016=CARTESIAN_POINT('Ctrl Pts',(8.48328880071648,0.,0.605456376075968));
#14017=CARTESIAN_POINT('Ctrl Pts',(8.49397913449548,0.,0.29719203918996));
#14018=CARTESIAN_POINT('Ctrl Pts',(8.51431231771568,0.,-0.28913158472458));
#14019=CARTESIAN_POINT('Ctrl Pts',(8.71721429091006,0.,-0.839062953929259));
#14020=CARTESIAN_POINT('Ctrl Pts',(8.81343892812737,0.,-1.09986350536324));
#14021=CARTESIAN_POINT('',(8.48328880071648,0.,0.605456376075968));
#14022=CARTESIAN_POINT('Ctrl Pts',(9.25545743703849,0.5,2.99017622470878));
#14023=CARTESIAN_POINT('Ctrl Pts',(9.25545743703849,0.,2.99017622470878));
#14024=CARTESIAN_POINT('Ctrl Pts',(9.03065240350576,0.5,2.66223198691744));
#14025=CARTESIAN_POINT('Ctrl Pts',(9.03065240350576,0.,2.66223198691744));
#14026=CARTESIAN_POINT('Ctrl Pts',(8.54027825003729,0.5,1.94687710600291));
#14027=CARTESIAN_POINT('Ctrl Pts',(8.54027825003729,0.,1.94687710600291));
#14028=CARTESIAN_POINT('Ctrl Pts',(8.50330966528955,0.5,1.07670856555047));
#14029=CARTESIAN_POINT('Ctrl Pts',(8.50330966528955,0.,1.07670856555047));
#14030=CARTESIAN_POINT('Ctrl Pts',(8.48328880071648,0.5,0.605456376075968));
#14031=CARTESIAN_POINT('Ctrl Pts',(8.48328880071648,0.,0.605456376075968));
#14032=CARTESIAN_POINT('',(9.25545743703849,0.,2.99017622470878));
#14033=CARTESIAN_POINT('Ctrl Pts',(9.25545743703849,0.,2.99017622470878));
#14034=CARTESIAN_POINT('Ctrl Pts',(9.03065240350576,0.,2.66223198691744));
#14035=CARTESIAN_POINT('Ctrl Pts',(8.54027825003729,0.,1.94687710600291));
#14036=CARTESIAN_POINT('Ctrl Pts',(8.50330966528955,0.,1.07670856555047));
#14037=CARTESIAN_POINT('Ctrl Pts',(8.48328880071648,0.,0.605456376075968));
#14038=CARTESIAN_POINT('',(9.25545743703849,0.,2.99017622470878));
#14039=CARTESIAN_POINT('Ctrl Pts',(11.2227158904076,0.5,3.83055880069756));
#14040=CARTESIAN_POINT('Ctrl Pts',(11.2227158904076,0.,3.83055880069756));
#14041=CARTESIAN_POINT('Ctrl Pts',(10.8437121475035,0.5,3.79741592536885));
#14042=CARTESIAN_POINT('Ctrl Pts',(10.8437121475035,0.,3.79741592536885));
#14043=CARTESIAN_POINT('Ctrl Pts',(10.0955117144107,0.5,3.73198777554408));
#14044=CARTESIAN_POINT('Ctrl Pts',(10.0955117144107,0.,3.73198777554408));
#14045=CARTESIAN_POINT('Ctrl Pts',(9.5330178963619,0.5,3.23527652397199));
#14046=CARTESIAN_POINT('Ctrl Pts',(9.5330178963619,0.,3.23527652397199));
#14047=CARTESIAN_POINT('Ctrl Pts',(9.25545743703849,0.5,2.99017622470878));
#14048=CARTESIAN_POINT('Ctrl Pts',(9.25545743703849,0.,2.99017622470878));
#14049=CARTESIAN_POINT('',(11.2227158904076,0.,3.83055880069756));
#14050=CARTESIAN_POINT('Ctrl Pts',(11.2227158904076,0.,3.83055880069756));
#14051=CARTESIAN_POINT('Ctrl Pts',(10.8437121475035,0.,3.79741592536885));
#14052=CARTESIAN_POINT('Ctrl Pts',(10.0955117144107,0.,3.73198777554408));
#14053=CARTESIAN_POINT('Ctrl Pts',(9.5330178963619,0.,3.23527652397199));
#14054=CARTESIAN_POINT('Ctrl Pts',(9.25545743703849,0.,2.99017622470878));
#14055=CARTESIAN_POINT('',(11.2227158904076,0.,3.83055880069756));
#14056=CARTESIAN_POINT('Ctrl Pts',(13.1736021399499,0.5,2.99836351871515));
#14057=CARTESIAN_POINT('Ctrl Pts',(13.1736021399499,0.,2.99836351871515));
#14058=CARTESIAN_POINT('Ctrl Pts',(12.8962879180443,0.5,3.24108227196065));
#14059=CARTESIAN_POINT('Ctrl Pts',(12.8962879180443,0.,3.24108227196065));
#14060=CARTESIAN_POINT('Ctrl Pts',(12.3369522542734,0.5,3.73063976390354));
#14061=CARTESIAN_POINT('Ctrl Pts',(12.3369522542734,0.,3.73063976390354));
#14062=CARTESIAN_POINT('Ctrl Pts',(11.5962059861245,0.5,3.79706611294623));
#14063=CARTESIAN_POINT('Ctrl Pts',(11.5962059861245,0.,3.79706611294623));
#14064=CARTESIAN_POINT('Ctrl Pts',(11.2227158904076,0.5,3.83055880069756));
#14065=CARTESIAN_POINT('Ctrl Pts',(11.2227158904076,0.,3.83055880069756));
#14066=CARTESIAN_POINT('',(13.1736021399499,0.,2.99836351871515));
#14067=CARTESIAN_POINT('Ctrl Pts',(13.1736021399499,0.,2.99836351871515));
#14068=CARTESIAN_POINT('Ctrl Pts',(12.8962879180443,0.,3.24108227196065));
#14069=CARTESIAN_POINT('Ctrl Pts',(12.3369522542734,0.,3.73063976390354));
#14070=CARTESIAN_POINT('Ctrl Pts',(11.5962059861245,0.,3.79706611294623));
#14071=CARTESIAN_POINT('Ctrl Pts',(11.2227158904076,0.,3.83055880069756));
#14072=CARTESIAN_POINT('',(13.1736021399499,0.,2.99836351871515));
#14073=CARTESIAN_POINT('Ctrl Pts',(13.9512281775475,0.5,0.720054650306956));
#14074=CARTESIAN_POINT('Ctrl Pts',(13.9512281775475,0.,0.720054650306956));
#14075=CARTESIAN_POINT('Ctrl Pts',(13.9282882585319,0.5,1.16582413886338));
#14076=CARTESIAN_POINT('Ctrl Pts',(13.9282882585319,0.,1.16582413886338));
#14077=CARTESIAN_POINT('Ctrl Pts',(13.8852491651774,0.5,2.00216164378205));
#14078=CARTESIAN_POINT('Ctrl Pts',(13.8852491651774,0.,2.00216164378205));
#14079=CARTESIAN_POINT('Ctrl Pts',(13.4001449031636,0.5,2.6812367445339));
#14080=CARTESIAN_POINT('Ctrl Pts',(13.4001449031636,0.,2.6812367445339));
#14081=CARTESIAN_POINT('Ctrl Pts',(13.1736021399499,0.5,2.99836351871515));
#14082=CARTESIAN_POINT('Ctrl Pts',(13.1736021399499,0.,2.99836351871515));
#14083=CARTESIAN_POINT('',(13.9512281775475,0.,0.720054650306956));
#14084=CARTESIAN_POINT('Ctrl Pts',(13.9512281775475,0.,0.720054650306956));
#14085=CARTESIAN_POINT('Ctrl Pts',(13.9282882585319,0.,1.16582413886338));
#14086=CARTESIAN_POINT('Ctrl Pts',(13.8852491651774,0.,2.00216164378205));
#14087=CARTESIAN_POINT('Ctrl Pts',(13.4001449031636,0.,2.6812367445339));
#14088=CARTESIAN_POINT('Ctrl Pts',(13.1736021399499,0.,2.99836351871515));
#14089=CARTESIAN_POINT('',(13.9512281775475,0.,0.720054650306956));
#14090=CARTESIAN_POINT('Ctrl Pts',(13.1408601164819,0.5,-1.85838983058904));
#14091=CARTESIAN_POINT('Ctrl Pts',(13.1408601164819,0.,-1.85838983058904));
#14092=CARTESIAN_POINT('Ctrl Pts',(13.3761760644878,0.5,-1.52608730209366));
#14093=CARTESIAN_POINT('Ctrl Pts',(13.3761760644878,0.,-1.52608730209366));
#14094=CARTESIAN_POINT('Ctrl Pts',(13.918472631018,0.5,-0.760280641816702));
#14095=CARTESIAN_POINT('Ctrl Pts',(13.918472631018,0.,-0.760280641816702));
#14096=CARTESIAN_POINT('Ctrl Pts',(13.9393883234802,0.5,0.184971109153955));
#14097=CARTESIAN_POINT('Ctrl Pts',(13.9393883234802,0.,0.184971109153955));
#14098=CARTESIAN_POINT('Ctrl Pts',(13.9512281775475,0.5,0.720054650306956));
#14099=CARTESIAN_POINT('Ctrl Pts',(13.9512281775475,0.,0.720054650306956));
#14100=CARTESIAN_POINT('Ctrl Pts',(13.1408601164819,0.,-1.85838983058904));
#14101=CARTESIAN_POINT('Ctrl Pts',(13.3761760644878,0.,-1.52608730209366));
#14102=CARTESIAN_POINT('Ctrl Pts',(13.918472631018,0.,-0.760280641816702));
#14103=CARTESIAN_POINT('Ctrl Pts',(13.9393883234802,0.,0.184971109153955));
#14104=CARTESIAN_POINT('Ctrl Pts',(13.9512281775475,0.,0.720054650306956));
#14105=CARTESIAN_POINT('Origin',(27.1,0.,0.));
#14106=CARTESIAN_POINT('Origin',(27.1,0.,0.));
#14107=CARTESIAN_POINT('Origin',(27.1,0.,0.));
#14108=CARTESIAN_POINT('Origin',(27.1,0.,0.));
#14109=CARTESIAN_POINT('Origin',(23.2000000000222,0.,28.4000000000183));
#14110=CARTESIAN_POINT('',(21.8000000000106,3.09999999999898,28.4000000000182));
#14111=CARTESIAN_POINT('',(23.2000000000222,3.09999999999919,28.4000000000183));
#14112=CARTESIAN_POINT('',(25.0153708798322,3.09999999999945,28.4000000000183));
#14113=CARTESIAN_POINT('',(21.8000000000106,0.,28.4000000000182));
#14114=CARTESIAN_POINT('',(21.8000000000106,0.,28.4000000000182));
#14115=CARTESIAN_POINT('',(23.2000000000222,0.,28.4000000000183));
#14116=CARTESIAN_POINT('',(25.1500000000109,0.,28.4000000000183));
#14117=CARTESIAN_POINT('',(23.2000000000222,0.,28.4000000000183));
#14118=CARTESIAN_POINT('Origin',(23.2000000000222,0.,29.9000000000398));
#14119=CARTESIAN_POINT('',(23.2000000000222,3.09999999999919,29.8));
#14120=CARTESIAN_POINT('',(23.2000000000222,3.09999999999919,29.8500000000199));
#14121=CARTESIAN_POINT('',(23.2000000000222,0.,29.8));
#14122=CARTESIAN_POINT('',(23.2000000000225,0.,14.9500000000199));
#14123=CARTESIAN_POINT('',(23.2000000000222,0.749999999999975,29.8));
#14124=CARTESIAN_POINT('Origin',(21.8000000000106,0.,28.4000000000182));
#14125=CARTESIAN_POINT('',(21.8000000000048,3.09999999999898,29.8));
#14126=CARTESIAN_POINT('',(21.8000000000077,3.09999999999898,29.0999999999987));
#14127=CARTESIAN_POINT('',(21.8000000000048,0.,29.8));
#14128=CARTESIAN_POINT('',(21.8000000000048,0.749999999999975,29.8));
#14129=CARTESIAN_POINT('',(21.8000000000697,0.,14.1999999999981));
#14130=CARTESIAN_POINT('Origin',(8.2000000000222,0.,28.4000000000183));
#14131=CARTESIAN_POINT('',(6.80000000001062,3.09999999999679,28.4000000000182));
#14132=CARTESIAN_POINT('',(8.2000000000222,3.09999999999699,28.4000000000183));
#14133=CARTESIAN_POINT('',(17.5153708798322,3.09999999999836,28.4000000000184));
#14134=CARTESIAN_POINT('',(6.80000000001062,0.,28.4000000000182));
#14135=CARTESIAN_POINT('',(6.80000000001062,0.,28.4000000000182));
#14136=CARTESIAN_POINT('',(8.2000000000222,0.,28.4000000000183));
#14137=CARTESIAN_POINT('',(17.6500000000109,0.,28.4000000000184));
#14138=CARTESIAN_POINT('',(8.2000000000222,0.,28.4000000000183));
#14139=CARTESIAN_POINT('Origin',(8.20000000002217,0.,29.9000000000398));
#14140=CARTESIAN_POINT('',(8.20000000002217,3.09999999999699,29.8));
#14141=CARTESIAN_POINT('',(8.20000000002217,3.09999999999699,29.8500000000197));
#14142=CARTESIAN_POINT('',(8.20000000002217,0.,29.8));
#14143=CARTESIAN_POINT('',(8.20000000002248,0.,14.9500000000197));
#14144=CARTESIAN_POINT('',(8.20000000002217,0.749999999999975,29.8));
#14145=CARTESIAN_POINT('Origin',(6.80000000001062,0.,28.4000000000182));
#14146=CARTESIAN_POINT('',(6.80000000000479,3.09999999999678,29.8));
#14147=CARTESIAN_POINT('',(6.80000000000771,3.09999999999679,29.0999999999674));
#14148=CARTESIAN_POINT('',(6.80000000000479,0.,29.8));
#14149=CARTESIAN_POINT('',(6.80000000000479,0.749999999999975,29.8));
#14150=CARTESIAN_POINT('',(6.80000000006973,0.,14.1999999999669));
#14151=CARTESIAN_POINT('Origin',(-6.7999999999778,0.,28.4000000000183));
#14152=CARTESIAN_POINT('',(-8.19999999998938,3.09999999999459,28.4000000000182));
#14153=CARTESIAN_POINT('',(-6.7999999999778,3.09999999999479,28.4000000000183));
#14154=CARTESIAN_POINT('',(10.0153708798322,3.09999999999726,28.4000000000185));
#14155=CARTESIAN_POINT('',(-8.19999999998938,0.,28.4000000000182));
#14156=CARTESIAN_POINT('',(-8.19999999998938,0.,28.4000000000182));
#14157=CARTESIAN_POINT('',(-6.7999999999778,0.,28.4000000000183));
#14158=CARTESIAN_POINT('',(10.1500000000109,0.,28.4000000000185));
#14159=CARTESIAN_POINT('',(-6.7999999999778,0.,28.4000000000183));
#14160=CARTESIAN_POINT('Origin',(-6.79999999997783,0.,29.9000000000398));
#14161=CARTESIAN_POINT('',(-6.79999999997783,3.09999999999479,29.8));
#14162=CARTESIAN_POINT('',(-6.79999999997783,3.09999999999479,29.8500000000196));
#14163=CARTESIAN_POINT('',(-6.79999999997783,0.,29.8));
#14164=CARTESIAN_POINT('',(-6.79999999997752,0.,14.9500000000196));
#14165=CARTESIAN_POINT('',(-6.79999999997783,0.749999999999975,29.8));
#14166=CARTESIAN_POINT('Origin',(-8.19999999998938,0.,28.4000000000182));
#14167=CARTESIAN_POINT('',(-8.19999999999521,3.09999999999459,29.8));
#14168=CARTESIAN_POINT('',(-8.19999999999229,3.09999999999459,29.0999999999362));
#14169=CARTESIAN_POINT('',(-8.19999999999521,0.,29.8));
#14170=CARTESIAN_POINT('',(-8.19999999999521,0.749999999999975,29.8));
#14171=CARTESIAN_POINT('',(-8.19999999993027,0.,14.1999999999357));
#14172=CARTESIAN_POINT('Origin',(26.8307417596426,3.09999999999972,29.8));
#14173=CARTESIAN_POINT('',(26.8307417596426,3.09999999999972,29.8));
#14174=CARTESIAN_POINT('',(-28.8,3.09999999999157,29.8));
#14175=CARTESIAN_POINT('',(26.8307417596426,3.09999999999972,21.8));
#14176=CARTESIAN_POINT('',(26.8307417596426,3.09999999999972,29.8));
#14177=CARTESIAN_POINT('',(27.3692582403573,3.09999999999979,21.8));
#14178=CARTESIAN_POINT('',(13.0028708798212,3.0999999999977,21.8));
#14179=CARTESIAN_POINT('',(27.3692582403574,3.09999999999977,21.653));
#14180=CARTESIAN_POINT('',(27.3692582403573,3.09999999999979,29.8));
#14181=CARTESIAN_POINT('',(27.1000003097507,3.09999999999976,21.603));
#14182=CARTESIAN_POINT('Ctrl Pts',(27.3692582403592,3.09999999999977,21.6530000000007));
#14183=CARTESIAN_POINT('Ctrl Pts',(27.2299868969409,3.09999999999976,21.603000057519));
#14184=CARTESIAN_POINT('Ctrl Pts',(27.1000003097507,3.09999999999976,21.6029999999998));
#14185=CARTESIAN_POINT('',(-28.0343145750395,3.09999999999125,21.6029999999991));
#14186=CARTESIAN_POINT('Ctrl Pts',(27.1000003097507,3.09999999999977,21.603));
#14187=CARTESIAN_POINT('Ctrl Pts',(8.72189534815394,3.09999999999707,21.603));
#14188=CARTESIAN_POINT('Ctrl Pts',(-9.65620961344279,3.09999999999434,21.603));
#14189=CARTESIAN_POINT('Ctrl Pts',(-28.0343145750395,3.09999999999166,21.603));
#14190=CARTESIAN_POINT('',(-28.0343145750406,3.09999999999167,29.8));
#14191=CARTESIAN_POINT('',(-28.0343145750406,3.09999999999167,29.8));
#14192=CARTESIAN_POINT('',(-23.1999999999952,3.09999999999239,29.8));
#14193=CARTESIAN_POINT('',(-28.8,3.09999999999157,29.8));
#14194=CARTESIAN_POINT('',(-23.1999999999894,3.09999999999239,28.4000000000182));
#14195=CARTESIAN_POINT('',(-23.1999999999923,3.09999999999239,29.099999999905));
#14196=CARTESIAN_POINT('',(-21.7999999999778,3.09999999999259,28.4000000000183));
#14197=CARTESIAN_POINT('',(2.51537087983216,3.09999999999616,28.4000000000186));
#14198=CARTESIAN_POINT('',(-21.7999999999778,3.09999999999259,29.8));
#14199=CARTESIAN_POINT('',(-21.7999999999778,3.09999999999259,29.8500000000194));
#14200=CARTESIAN_POINT('',(-28.8,3.09999999999157,29.8));
#14201=CARTESIAN_POINT('',(-28.8,3.09999999999157,29.8));
#14202=CARTESIAN_POINT('',(-28.8,3.09999999999157,29.8));
#14203=CARTESIAN_POINT('Origin',(-0.749999999999984,1.49999999999995,29.8));
#14204=CARTESIAN_POINT('',(27.1,0.,29.8));
#14205=CARTESIAN_POINT('',(0.,0.,29.8));
#14206=CARTESIAN_POINT('',(27.1,1.65000000000001,29.8));
#14207=CARTESIAN_POINT('',(27.1,1.8,29.8));
#14208=CARTESIAN_POINT('Origin',(27.1,2.4,29.8));
#14209=CARTESIAN_POINT('Origin',(-0.749999999999984,1.49999999999995,29.8));
#14210=CARTESIAN_POINT('',(-21.7999999999778,0.,29.8));
#14211=CARTESIAN_POINT('',(-21.7999999999778,0.749999999999975,29.8));
#14212=CARTESIAN_POINT('',(0.,0.,29.8));
#14213=CARTESIAN_POINT('Origin',(-0.749999999999984,1.49999999999995,29.8));
#14214=CARTESIAN_POINT('',(0.,0.,29.8));
#14215=CARTESIAN_POINT('Origin',(-21.7999999999778,0.,28.4000000000183));
#14216=CARTESIAN_POINT('',(-23.1999999999894,0.,28.4000000000182));
#14217=CARTESIAN_POINT('',(-23.1999999999894,0.,28.4000000000182));
#14218=CARTESIAN_POINT('',(-21.7999999999778,0.,28.4000000000183));
#14219=CARTESIAN_POINT('',(2.65000000001092,0.,28.4000000000186));
#14220=CARTESIAN_POINT('',(-21.7999999999778,0.,28.4000000000183));
#14221=CARTESIAN_POINT('Origin',(-21.7999999999778,0.,29.9000000000398));
#14222=CARTESIAN_POINT('',(-21.7999999999775,0.,14.9500000000194));
#14223=CARTESIAN_POINT('Origin',(-23.1999999999894,0.,28.4000000000182));
#14224=CARTESIAN_POINT('',(-23.1999999999952,0.,29.8));
#14225=CARTESIAN_POINT('',(-23.1999999999952,0.749999999999975,29.8));
#14226=CARTESIAN_POINT('',(-23.1999999999303,0.,14.1999999999044));
#14227=CARTESIAN_POINT('Origin',(-0.749999999999984,1.49999999999995,29.8));
#14228=CARTESIAN_POINT('',(0.,0.,29.8));
#14229=CARTESIAN_POINT('Origin',(-27.6,0.500000000000007,22.9));
#14230=CARTESIAN_POINT('',(-27.6,0.999999999999996,26.9));
#14231=CARTESIAN_POINT('',(-27.6,0.,26.9));
#14232=CARTESIAN_POINT('',(-27.6,0.999999999999996,26.9));
#14233=CARTESIAN_POINT('',(-27.6,0.,18.9));
#14234=CARTESIAN_POINT('',(-27.6,0.,11.45));
#14235=CARTESIAN_POINT('',(-27.6,0.999999999999996,26.9));
#14236=CARTESIAN_POINT('Origin',(0.,0.999999999999996,26.9));
#14237=CARTESIAN_POINT('',(26.2,0.,18.9));
#14238=CARTESIAN_POINT('',(13.55,0.,18.8999999999999));
#14239=CARTESIAN_POINT('',(26.2,0.999999999999996,26.9));
#14240=CARTESIAN_POINT('',(26.2,0.999999999999996,26.9));
#14241=CARTESIAN_POINT('',(0.,0.999999999999996,26.9));
#14242=CARTESIAN_POINT('Origin',(0.,0.,26.9));
#14243=CARTESIAN_POINT('',(26.2,0.,26.9));
#14244=CARTESIAN_POINT('',(26.2,0.999999999999996,26.9));
#14245=CARTESIAN_POINT('',(13.55,0.,26.9));
#14246=CARTESIAN_POINT('Origin',(26.2,0.500000000000007,22.9));
#14247=CARTESIAN_POINT('',(26.2,0.,11.45));
#14248=CARTESIAN_POINT('Origin',(-14.7125000000001,3.14849999999364,21.6515));
#14249=CARTESIAN_POINT('',(-28.5265765703961,2.99999999999162,21.503));
#14250=CARTESIAN_POINT('',(-28.5265765703961,3.29699999999164,21.8));
#14251=CARTESIAN_POINT('',(-28.5265765703961,2.99999999999162,21.503));
#14252=CARTESIAN_POINT('',(-28.6,2.9999999999916,21.503));
#14253=CARTESIAN_POINT('',(-14.7125,2.99999999999365,21.503));
#14254=CARTESIAN_POINT('',(-28.6,3.29699999999161,21.8));
#14255=CARTESIAN_POINT('',(-28.6,3.29699999999161,21.8));
#14256=CARTESIAN_POINT('',(-14.7125000000001,3.29699999999365,21.8));
#14257=CARTESIAN_POINT('Origin',(-28.6,2.39999999999988,21.6515));
#14258=CARTESIAN_POINT('',(-28.6,1.8,21.503));
#14259=CARTESIAN_POINT('',(-28.6,1.50299999999987,21.8));
#14260=CARTESIAN_POINT('',(-28.6,1.65149999999988,21.6515));
#14261=CARTESIAN_POINT('Origin',(-28.6,2.39999999999988,21.8));
#14262=CARTESIAN_POINT('Origin',(-28.6,2.39999999999988,21.503));
#14263=CARTESIAN_POINT('Ctrl Pts',(27.1000003097507,2.99999999999977,21.503));
#14264=CARTESIAN_POINT('Ctrl Pts',(8.55780801636844,2.99999999999705,21.503));
#14265=CARTESIAN_POINT('Ctrl Pts',(-9.98438427701381,2.99999999999433,21.503));
#14266=CARTESIAN_POINT('Ctrl Pts',(-28.5265765703961,2.99999999999162,21.503));
#14267=CARTESIAN_POINT('Ctrl Pts',(27.1000003097507,3.09899999999977,21.602));
#14268=CARTESIAN_POINT('Ctrl Pts',(8.55780801636844,3.09899999999705,21.602));
#14269=CARTESIAN_POINT('Ctrl Pts',(-9.98438427701384,3.09899999999434,21.602));
#14270=CARTESIAN_POINT('Ctrl Pts',(-28.5265765703961,3.09899999999162,21.602));
#14271=CARTESIAN_POINT('Ctrl Pts',(27.1000003097507,3.19799999999977,21.701));
#14272=CARTESIAN_POINT('Ctrl Pts',(8.55780801636838,3.19799999999706,21.701));
#14273=CARTESIAN_POINT('Ctrl Pts',(-9.98438427701382,3.19799999999434,21.701));
#14274=CARTESIAN_POINT('Ctrl Pts',(-28.5265765703961,3.19799999999162,21.701));
#14275=CARTESIAN_POINT('Ctrl Pts',(27.1000003097506,3.29699999999977,21.8));
#14276=CARTESIAN_POINT('Ctrl Pts',(8.5578080163684,3.29699999999706,21.8));
#14277=CARTESIAN_POINT('Ctrl Pts',(-9.98438427701385,3.29699999999434,21.8));
#14278=CARTESIAN_POINT('Ctrl Pts',(-28.5265765703961,3.29699999999162,21.8));
#14279=CARTESIAN_POINT('Ctrl Pts',(-28.0343145750397,3.09999999999099,21.6029999999993));
#14280=CARTESIAN_POINT('Ctrl Pts',(-28.0552201814294,3.11689482812222,21.6198948281305));
#14281=CARTESIAN_POINT('Ctrl Pts',(-28.0771941728277,3.13310462010463,21.6361046201129));
#14282=CARTESIAN_POINT('Ctrl Pts',(-28.1002466340708,3.14849620790106,21.6514962079094));
#14283=CARTESIAN_POINT('Ctrl Pts',(-28.1417835762442,3.17622945015726,21.6792294501656));
#14284=CARTESIAN_POINT('Ctrl Pts',(-28.1868227441852,3.20130212272705,21.7043021227354));
#14285=CARTESIAN_POINT('Ctrl Pts',(-28.2352006712756,3.22275236235578,21.7257523623641));
#14286=CARTESIAN_POINT('Ctrl Pts',(-28.2669181651315,3.23681554952711,21.7398155495355));
#14287=CARTESIAN_POINT('Ctrl Pts',(-28.2999804919042,3.24928036410207,21.7522803641104));
#14288=CARTESIAN_POINT('Ctrl Pts',(-28.3342805666472,3.25987974899893,21.7628797490073));
#14289=CARTESIAN_POINT('Ctrl Pts',(-28.3956499689113,3.27884407838778,21.7818440783961));
#14290=CARTESIAN_POINT('Ctrl Pts',(-28.4600800648868,3.29155696599919,21.7945569660076));
#14291=CARTESIAN_POINT('Ctrl Pts',(-28.5265765703961,3.29699999999162,21.8));
#14292=CARTESIAN_POINT('',(27.1000003097507,2.99999999999978,21.503));
#14293=CARTESIAN_POINT('',(27.1000003097507,2.99999999999978,21.503));
#14294=CARTESIAN_POINT('Ctrl Pts',(-28.5265765703961,2.99999999999162,21.503));
#14295=CARTESIAN_POINT('Ctrl Pts',(-9.98438427701381,2.99999999999433,21.503));
#14296=CARTESIAN_POINT('Ctrl Pts',(8.55780801636844,2.99999999999705,21.503));
#14297=CARTESIAN_POINT('Ctrl Pts',(27.1000003097507,2.99999999999977,21.503));
#14298=CARTESIAN_POINT('Origin',(27.1,2.4,21.6515));
#14299=CARTESIAN_POINT('',(27.1,1.65000000000001,21.653));
#14300=CARTESIAN_POINT('Origin',(27.1,2.4,21.653));
#14301=CARTESIAN_POINT('',(27.1,1.8,21.503));
#14302=CARTESIAN_POINT('',(27.1,1.65150000000001,21.6515));
#14303=CARTESIAN_POINT('Origin',(27.1,2.4,21.503));
#14304=CARTESIAN_POINT('Origin',(27.1,1.8,0.));
#14305=CARTESIAN_POINT('',(27.1,1.65000000000001,29.8));
#14306=CARTESIAN_POINT('',(27.1,0.,-28.6));
#14307=CARTESIAN_POINT('',(27.1,0.,0.));
#14308=CARTESIAN_POINT('',(27.1,1.8,-28.6));
#14309=CARTESIAN_POINT('',(27.1,1.8,-28.6));
#14310=CARTESIAN_POINT('',(27.1,1.8,0.));
#14311=CARTESIAN_POINT('Origin',(-0.824999999999982,2.39999999999988,21.8));
#14312=CARTESIAN_POINT('',(-28.6,1.49999999999988,21.8));
#14313=CARTESIAN_POINT('',(-28.6,1.19999999999994,21.8));
#14314=CARTESIAN_POINT('Origin',(-28.6,2.39999999999988,21.8));
#14315=CARTESIAN_POINT('Origin',(-0.824999999999982,2.39999999999988,21.8));
#14316=CARTESIAN_POINT('Origin',(27.1,2.4,21.8));
#14317=CARTESIAN_POINT('Origin',(27.1,2.4,0.));
#14318=CARTESIAN_POINT('',(27.1000003097507,2.99999999999976,-28.6));
#14319=CARTESIAN_POINT('Origin',(27.1,2.4,-28.6));
#14320=CARTESIAN_POINT('',(27.1000003097507,2.99999999999976,0.));
#14321=CARTESIAN_POINT('Origin',(-28.6,2.9999999999916,0.));
#14322=CARTESIAN_POINT('',(-28.6,2.9999999999916,-28.6));
#14323=CARTESIAN_POINT('',(27.2,2.99999999999978,-28.6));
#14324=CARTESIAN_POINT('',(-28.6,2.9999999999916,0.));
#14325=CARTESIAN_POINT('Origin',(-28.6,2.39999999999988,29.8));
#14326=CARTESIAN_POINT('',(-28.6,1.49999999999988,29.8));
#14327=CARTESIAN_POINT('Origin',(-28.6,2.39999999999988,29.8));
#14328=CARTESIAN_POINT('',(-28.6,1.49999999999988,29.8));
#14329=CARTESIAN_POINT('Origin',(27.1,2.4,29.8));
#14330=CARTESIAN_POINT('Origin',(-28.6,2.39999999999988,0.));
#14331=CARTESIAN_POINT('',(-28.6,1.8,-28.6));
#14332=CARTESIAN_POINT('Origin',(-28.6,2.39999999999988,-28.6));
#14333=CARTESIAN_POINT('',(-28.6,1.8,0.));
#14334=CARTESIAN_POINT('Origin',(-0.749999999999984,1.49999999999995,-28.6));
#14335=CARTESIAN_POINT('',(-28.6,0.,-28.6));
#14336=CARTESIAN_POINT('',(0.,0.,-28.6));
#14337=CARTESIAN_POINT('',(-28.6,1.8,-28.6));
#14338=CARTESIAN_POINT('Origin',(-28.6,0.,0.));
#14339=CARTESIAN_POINT('',(-28.6,0.,29.8));
#14340=CARTESIAN_POINT('',(-28.6,0.,0.));
#14341=CARTESIAN_POINT('',(-28.6,1.8,29.8));
#14342=CARTESIAN_POINT('Origin',(27.1,0.,0.));
#14343=CARTESIAN_POINT('',(0.,0.,29.8));
#14344=CARTESIAN_POINT('Origin',(-0.749999999999984,1.49999999999995,29.8));
#14345=CARTESIAN_POINT('',(0.,0.,0.));
#14346=CARTESIAN_POINT('',(0.,0.,0.));
#14347=CARTESIAN_POINT('',(0.,0.,0.));
#14348=UNCERTAINTY_MEASURE_WITH_UNIT(LENGTH_MEASURE(0.01),#14358,
'DISTANCE_ACCURACY_VALUE',
'Maximum model space distance between geometric entities at asserted c
onnectivities');
#14349=UNCERTAINTY_MEASURE_WITH_UNIT(LENGTH_MEASURE(0.01),#14358,
'DISTANCE_ACCURACY_VALUE',
'Maximum model space distance between geometric entities at asserted c
onnectivities');
#14350=UNCERTAINTY_MEASURE_WITH_UNIT(LENGTH_MEASURE(0.01),#14358,
'DISTANCE_ACCURACY_VALUE',
'Maximum model space distance between geometric entities at asserted c
onnectivities');
#14351=UNCERTAINTY_MEASURE_WITH_UNIT(LENGTH_MEASURE(0.01),#14358,
'DISTANCE_ACCURACY_VALUE',
'Maximum model space distance between geometric entities at asserted c
onnectivities');
#14352=UNCERTAINTY_MEASURE_WITH_UNIT(LENGTH_MEASURE(0.01),#14358,
'DISTANCE_ACCURACY_VALUE',
'Maximum model space distance between geometric entities at asserted c
onnectivities');
#14353=(
GEOMETRIC_REPRESENTATION_CONTEXT(3)
GLOBAL_UNCERTAINTY_ASSIGNED_CONTEXT((#14348))
GLOBAL_UNIT_ASSIGNED_CONTEXT((#14358,#14360,#14361))
REPRESENTATION_CONTEXT('','3D')
);
#14354=(
GEOMETRIC_REPRESENTATION_CONTEXT(3)
GLOBAL_UNCERTAINTY_ASSIGNED_CONTEXT((#14349))
GLOBAL_UNIT_ASSIGNED_CONTEXT((#14358,#14360,#14361))
REPRESENTATION_CONTEXT('','3D')
);
#14355=(
GEOMETRIC_REPRESENTATION_CONTEXT(3)
GLOBAL_UNCERTAINTY_ASSIGNED_CONTEXT((#14350))
GLOBAL_UNIT_ASSIGNED_CONTEXT((#14358,#14360,#14361))
REPRESENTATION_CONTEXT('','3D')
);
#14356=(
GEOMETRIC_REPRESENTATION_CONTEXT(3)
GLOBAL_UNCERTAINTY_ASSIGNED_CONTEXT((#14351))
GLOBAL_UNIT_ASSIGNED_CONTEXT((#14358,#14360,#14361))
REPRESENTATION_CONTEXT('','3D')
);
#14357=(
GEOMETRIC_REPRESENTATION_CONTEXT(3)
GLOBAL_UNCERTAINTY_ASSIGNED_CONTEXT((#14352))
GLOBAL_UNIT_ASSIGNED_CONTEXT((#14358,#14360,#14361))
REPRESENTATION_CONTEXT('','3D')
);
#14358=(
LENGTH_UNIT()
NAMED_UNIT(*)
SI_UNIT(.MILLI.,.METRE.)
);
#14359=(
LENGTH_UNIT()
NAMED_UNIT(*)
SI_UNIT($,.METRE.)
);
#14360=(
NAMED_UNIT(*)
PLANE_ANGLE_UNIT()
SI_UNIT($,.RADIAN.)
);
#14361=(
NAMED_UNIT(*)
SI_UNIT($,.STERADIAN.)
SOLID_ANGLE_UNIT()
);
#14362=SHAPE_DEFINITION_REPRESENTATION(#14366,#14373);
#14363=SHAPE_DEFINITION_REPRESENTATION(#14367,#14374);
#14364=SHAPE_DEFINITION_REPRESENTATION(#14368,#14375);
#14365=SHAPE_DEFINITION_REPRESENTATION(#14369,#14376);
#14366=PRODUCT_DEFINITION_SHAPE('',$,#14378);
#14367=PRODUCT_DEFINITION_SHAPE('',$,#14379);
#14368=PRODUCT_DEFINITION_SHAPE('',$,#14380);
#14369=PRODUCT_DEFINITION_SHAPE('',$,#14381);
#14370=PRODUCT_DEFINITION_SHAPE($,$,#20);
#14371=PRODUCT_DEFINITION_SHAPE($,$,#21);
#14372=PRODUCT_DEFINITION_SHAPE($,$,#22);
#14373=SHAPE_REPRESENTATION('',(#8172,#8560,#8561,#8562),#14353);
#14374=SHAPE_REPRESENTATION('',(#8173),#14354);
#14375=SHAPE_REPRESENTATION('',(#8243),#14355);
#14376=SHAPE_REPRESENTATION('',(#8465),#14356);
#14377=PRODUCT_DEFINITION_CONTEXT('part definition',#14391,'design');
#14378=PRODUCT_DEFINITION('Hardcase_Gridfinity_Bin_Double_Sided',
'Hardcase_Gridfinity_Bin_Double_Sided',#14382,#14377);
#14379=PRODUCT_DEFINITION('TOP LID','TOP LID',#14383,#14377);
#14380=PRODUCT_DEFINITION('2026-06-11-11-25-00-932','BODY',#14384,#14377);
#14381=PRODUCT_DEFINITION('2026-06-28-12-34-25-889','BOTTOM LID',#14385,
#14377);
#14382=PRODUCT_DEFINITION_FORMATION('',$,#14393);
#14383=PRODUCT_DEFINITION_FORMATION('',$,#14394);
#14384=PRODUCT_DEFINITION_FORMATION('',$,#14395);
#14385=PRODUCT_DEFINITION_FORMATION('',$,#14396);
#14386=PRODUCT_RELATED_PRODUCT_CATEGORY(
'Hardcase_Gridfinity_Bin_Double_Sided',
'Hardcase_Gridfinity_Bin_Double_Sided',(#14393));
#14387=PRODUCT_RELATED_PRODUCT_CATEGORY('TOP LID','TOP LID',(#14394));
#14388=PRODUCT_RELATED_PRODUCT_CATEGORY('BODY','BODY',(#14395));
#14389=PRODUCT_RELATED_PRODUCT_CATEGORY('BOTTOM LID','BOTTOM LID',(#14396));
#14390=APPLICATION_PROTOCOL_DEFINITION('international standard',
'automotive_design',2009,#14391);
#14391=APPLICATION_CONTEXT(
'Core Data for Automotive Mechanical Design Process');
#14392=PRODUCT_CONTEXT('part definition',#14391,'mechanical');
#14393=PRODUCT('Hardcase_Gridfinity_Bin_Double_Sided',
'Hardcase_Gridfinity_Bin_Double_Sided',$,(#14392));
#14394=PRODUCT('TOP LID','TOP LID',$,(#14392));
#14395=PRODUCT('2026-06-11-11-25-00-932','BODY',$,(#14392));
#14396=PRODUCT('2026-06-28-12-34-25-889','BOTTOM LID',$,(#14392));
#14397=PRESENTATION_STYLE_ASSIGNMENT((#14399));
#14398=PRESENTATION_STYLE_ASSIGNMENT((#14400));
#14399=SURFACE_STYLE_USAGE(.BOTH.,#14401);
#14400=SURFACE_STYLE_USAGE(.BOTH.,#14402);
#14401=SURFACE_SIDE_STYLE('',(#14403));
#14402=SURFACE_SIDE_STYLE('',(#14404));
#14403=SURFACE_STYLE_FILL_AREA(#14405);
#14404=SURFACE_STYLE_FILL_AREA(#14406);
#14405=FILL_AREA_STYLE('Steel - Satin',(#14407));
#14406=FILL_AREA_STYLE('ABS (White)',(#14408));
#14407=FILL_AREA_STYLE_COLOUR('Steel - Satin',#14409);
#14408=FILL_AREA_STYLE_COLOUR('ABS (White)',#14410);
#14409=COLOUR_RGB('Steel - Satin',0.627450980392157,0.627450980392157,0.627450980392157);
#14410=COLOUR_RGB('ABS (White)',0.964705882352941,0.964705882352941,0.952941176470588);
ENDSEC;
END-ISO-10303-21;
