ISO-10303-21;
HEADER;
/* Generated by software containing ST-Developer
 * from STEP Tools, Inc. (www.steptools.com) 
 */

FILE_DESCRIPTION(
/* description */ (''),
/* implementation_level */ '2;1');

FILE_NAME(
/* name */ 'Hardcase_Gridfinity_Bin_with_Lid.stp',
/* time_stamp */ '2026-07-14T01:31:22Z',
/* author */ (''),
/* organization */ (''),
/* preprocessor_version */ 'ST-DEVELOPER v20.1',
/* originating_system */ 'Autodesk Translation Framework v15.8.0.0',
/* authorisation */ '');

FILE_SCHEMA (('AUTOMOTIVE_DESIGN { 1 0 10303 214 3 1 1 }'));
ENDSEC;

DATA;
#10=MECHANICAL_DESIGN_GEOMETRIC_PRESENTATION_REPRESENTATION('',(#23,#24),
#6442);
#11=ITEM_DEFINED_TRANSFORMATION($,$,#3775,#3961);
#12=ITEM_DEFINED_TRANSFORMATION($,$,#3841,#3962);
#13=(
REPRESENTATION_RELATIONSHIP($,$,#6456,#6455)
REPRESENTATION_RELATIONSHIP_WITH_TRANSFORMATION(#11)
SHAPE_REPRESENTATION_RELATIONSHIP()
);
#14=(
REPRESENTATION_RELATIONSHIP($,$,#6457,#6455)
REPRESENTATION_RELATIONSHIP_WITH_TRANSFORMATION(#12)
SHAPE_REPRESENTATION_RELATIONSHIP()
);
#15=CONTEXT_DEPENDENT_SHAPE_REPRESENTATION(#13,#6453);
#16=CONTEXT_DEPENDENT_SHAPE_REPRESENTATION(#14,#6454);
#17=NEXT_ASSEMBLY_USAGE_OCCURRENCE('Lid:1','Lid:1','Lid:1',#6459,#6460,
'Lid:1');
#18=NEXT_ASSEMBLY_USAGE_OCCURRENCE('Body:1','Body:1','Body:1',#6459,#6461,
'Body:1');
#19=SHAPE_REPRESENTATION_RELATIONSHIP('SRR','None',#6456,#21);
#20=SHAPE_REPRESENTATION_RELATIONSHIP('SRR','None',#6457,#22);
#21=ADVANCED_BREP_SHAPE_REPRESENTATION('',(#25),#6440);
#22=ADVANCED_BREP_SHAPE_REPRESENTATION('',(#26),#6441);
#23=STYLED_ITEM('',(#6475),#25);
#24=STYLED_ITEM('',(#6475),#26);
#25=MANIFOLD_SOLID_BREP('Lid',#3749);
#26=MANIFOLD_SOLID_BREP('Body',#3750);
#27=CONICAL_SURFACE('',#3826,0.748500000000001,0.785398163397448);
#28=CONICAL_SURFACE('',#3828,0.748500000000001,0.785398163397448);
#29=CYLINDRICAL_SURFACE('',#3815,0.600000000000001);
#30=CYLINDRICAL_SURFACE('',#3818,0.600000000000001);
#31=CYLINDRICAL_SURFACE('',#3834,0.899999999999999);
#32=CYLINDRICAL_SURFACE('',#3835,0.749999999999997);
#33=CYLINDRICAL_SURFACE('',#3843,1.274);
#34=CYLINDRICAL_SURFACE('',#3847,1.274);
#35=CYLINDRICAL_SURFACE('',#3851,1.274);
#36=CYLINDRICAL_SURFACE('',#3855,1.274);
#37=CYLINDRICAL_SURFACE('',#3870,0.699999999999998);
#38=CYLINDRICAL_SURFACE('',#3886,0.699999999999998);
#39=ELLIPSE('',#3812,0.810876477126249,0.600000000000001);
#40=ELLIPSE('',#3814,0.810876477129191,0.600000000000001);
#41=CIRCLE('',#3810,0.899999999999999);
#42=CIRCLE('',#3816,0.600000000000001);
#43=CIRCLE('',#3819,0.600000000000001);
#44=CIRCLE('',#3827,0.897000000000001);
#45=CIRCLE('',#3829,0.749999999999997);
#46=CIRCLE('',#3831,0.899999999999999);
#47=CIRCLE('',#3833,0.749999999999997);
#48=CIRCLE('',#3836,0.749999999999997);
#49=CIRCLE('',#3844,1.274);
#50=CIRCLE('',#3845,1.274);
#51=CIRCLE('',#3848,1.274);
#52=CIRCLE('',#3849,1.274);
#53=CIRCLE('',#3852,1.274);
#54=CIRCLE('',#3853,1.274);
#55=CIRCLE('',#3856,1.274);
#56=CIRCLE('',#3857,1.274);
#57=CIRCLE('',#3871,0.699999999999998);
#58=CIRCLE('',#3872,0.699999999999998);
#59=CIRCLE('',#3873,0.699999999999998);
#60=CIRCLE('',#3887,0.699999999999998);
#61=CIRCLE('',#3888,0.699999999999998);
#62=CIRCLE('',#3889,0.699999999999998);
#63=(
BOUNDED_CURVE()
B_SPLINE_CURVE(2,(#5666,#5667,#5668),.UNSPECIFIED.,.F.,.F.)
B_SPLINE_CURVE_WITH_KNOTS((3,3),(0.106117340329454,0.153582653311428),
 .UNSPECIFIED.)
CURVE()
GEOMETRIC_REPRESENTATION_ITEM()
RATIONAL_B_SPLINE_CURVE((1.51103448275791,1.56500004218954,1.56500000000008))
REPRESENTATION_ITEM('')
);
#64=LINE('',#4920,#509);
#65=LINE('',#4927,#510);
#66=LINE('',#4944,#511);
#67=LINE('',#4961,#512);
#68=LINE('',#4978,#513);
#69=LINE('',#4995,#514);
#70=LINE('',#5012,#515);
#71=LINE('',#5029,#516);
#72=LINE('',#5046,#517);
#73=LINE('',#5063,#518);
#74=LINE('',#5080,#519);
#75=LINE('',#5107,#520);
#76=LINE('',#5114,#521);
#77=LINE('',#5131,#522);
#78=LINE('',#5148,#523);
#79=LINE('',#5165,#524);
#80=LINE('',#5182,#525);
#81=LINE('',#5199,#526);
#82=LINE('',#5216,#527);
#83=LINE('',#5233,#528);
#84=LINE('',#5252,#529);
#85=LINE('',#5254,#530);
#86=LINE('',#5256,#531);
#87=LINE('',#5258,#532);
#88=LINE('',#5260,#533);
#89=LINE('',#5262,#534);
#90=LINE('',#5264,#535);
#91=LINE('',#5265,#536);
#92=LINE('',#5268,#537);
#93=LINE('',#5270,#538);
#94=LINE('',#5271,#539);
#95=LINE('',#5274,#540);
#96=LINE('',#5275,#541);
#97=LINE('',#5278,#542);
#98=LINE('',#5279,#543);
#99=LINE('',#5282,#544);
#100=LINE('',#5283,#545);
#101=LINE('',#5286,#546);
#102=LINE('',#5287,#547);
#103=LINE('',#5290,#548);
#104=LINE('',#5291,#549);
#105=LINE('',#5294,#550);
#106=LINE('',#5295,#551);
#107=LINE('',#5297,#552);
#108=LINE('',#5301,#553);
#109=LINE('',#5303,#554);
#110=LINE('',#5341,#555);
#111=LINE('',#5343,#556);
#112=LINE('',#5344,#557);
#113=LINE('',#5347,#558);
#114=LINE('',#5379,#559);
#115=LINE('',#5380,#560);
#116=LINE('',#5383,#561);
#117=LINE('',#5385,#562);
#118=LINE('',#5386,#563);
#119=LINE('',#5389,#564);
#120=LINE('',#5390,#565);
#121=LINE('',#5407,#566);
#122=LINE('',#5424,#567);
#123=LINE('',#5441,#568);
#124=LINE('',#5458,#569);
#125=LINE('',#5475,#570);
#126=LINE('',#5492,#571);
#127=LINE('',#5495,#572);
#128=LINE('',#5496,#573);
#129=LINE('',#5499,#574);
#130=LINE('',#5500,#575);
#131=LINE('',#5502,#576);
#132=LINE('',#5505,#577);
#133=LINE('',#5507,#578);
#134=LINE('',#5508,#579);
#135=LINE('',#5525,#580);
#136=LINE('',#5542,#581);
#137=LINE('',#5559,#582);
#138=LINE('',#5576,#583);
#139=LINE('',#5593,#584);
#140=LINE('',#5596,#585);
#141=LINE('',#5597,#586);
#142=LINE('',#5599,#587);
#143=LINE('',#5605,#588);
#144=LINE('',#5607,#589);
#145=LINE('',#5609,#590);
#146=LINE('',#5610,#591);
#147=LINE('',#5613,#592);
#148=LINE('',#5615,#593);
#149=LINE('',#5616,#594);
#150=LINE('',#5619,#595);
#151=LINE('',#5621,#596);
#152=LINE('',#5622,#597);
#153=LINE('',#5626,#598);
#154=LINE('',#5628,#599);
#155=LINE('',#5630,#600);
#156=LINE('',#5631,#601);
#157=LINE('',#5634,#602);
#158=LINE('',#5636,#603);
#159=LINE('',#5637,#604);
#160=LINE('',#5640,#605);
#161=LINE('',#5642,#606);
#162=LINE('',#5643,#607);
#163=LINE('',#5645,#608);
#164=LINE('',#5647,#609);
#165=LINE('',#5649,#610);
#166=LINE('',#5651,#611);
#167=LINE('',#5653,#612);
#168=LINE('',#5655,#613);
#169=LINE('',#5657,#614);
#170=LINE('',#5670,#615);
#171=LINE('',#5672,#616);
#172=LINE('',#5674,#617);
#173=LINE('',#5675,#618);
#174=LINE('',#5678,#619);
#175=LINE('',#5679,#620);
#176=LINE('',#5681,#621);
#177=LINE('',#5684,#622);
#178=LINE('',#5686,#623);
#179=LINE('',#5687,#624);
#180=LINE('',#5690,#625);
#181=LINE('',#5691,#626);
#182=LINE('',#5693,#627);
#183=LINE('',#5696,#628);
#184=LINE('',#5698,#629);
#185=LINE('',#5703,#630);
#186=LINE('',#5705,#631);
#187=LINE('',#5707,#632);
#188=LINE('',#5710,#633);
#189=LINE('',#5714,#634);
#190=LINE('',#5716,#635);
#191=LINE('',#5718,#636);
#192=LINE('',#5720,#637);
#193=LINE('',#5724,#638);
#194=LINE('',#5727,#639);
#195=LINE('',#5729,#640);
#196=LINE('',#5731,#641);
#197=LINE('',#5737,#642);
#198=LINE('',#5740,#643);
#199=LINE('',#5744,#644);
#200=LINE('',#5746,#645);
#201=LINE('',#5748,#646);
#202=LINE('',#5749,#647);
#203=LINE('',#5753,#648);
#204=LINE('',#5755,#649);
#205=LINE('',#5756,#650);
#206=LINE('',#5759,#651);
#207=LINE('',#5761,#652);
#208=LINE('',#5762,#653);
#209=LINE('',#5765,#654);
#210=LINE('',#5766,#655);
#211=LINE('',#5768,#656);
#212=LINE('',#5771,#657);
#213=LINE('',#5773,#658);
#214=LINE('',#5774,#659);
#215=LINE('',#5777,#660);
#216=LINE('',#5808,#661);
#217=LINE('',#5814,#662);
#218=LINE('',#5818,#663);
#219=LINE('',#5822,#664);
#220=LINE('',#5824,#665);
#221=LINE('',#5826,#666);
#222=LINE('',#5832,#667);
#223=LINE('',#5834,#668);
#224=LINE('',#5836,#669);
#225=LINE('',#5837,#670);
#226=LINE('',#5843,#671);
#227=LINE('',#5846,#672);
#228=LINE('',#5848,#673);
#229=LINE('',#5849,#674);
#230=LINE('',#5855,#675);
#231=LINE('',#5858,#676);
#232=LINE('',#5860,#677);
#233=LINE('',#5861,#678);
#234=LINE('',#5866,#679);
#235=LINE('',#5870,#680);
#236=LINE('',#5872,#681);
#237=LINE('',#5873,#682);
#238=LINE('',#5880,#683);
#239=LINE('',#5882,#684);
#240=LINE('',#5884,#685);
#241=LINE('',#5885,#686);
#242=LINE('',#5888,#687);
#243=LINE('',#5890,#688);
#244=LINE('',#5892,#689);
#245=LINE('',#5894,#690);
#246=LINE('',#5895,#691);
#247=LINE('',#5898,#692);
#248=LINE('',#5900,#693);
#249=LINE('',#5902,#694);
#250=LINE('',#5903,#695);
#251=LINE('',#5906,#696);
#252=LINE('',#5908,#697);
#253=LINE('',#5909,#698);
#254=LINE('',#5912,#699);
#255=LINE('',#5914,#700);
#256=LINE('',#5916,#701);
#257=LINE('',#5917,#702);
#258=LINE('',#5920,#703);
#259=LINE('',#5921,#704);
#260=LINE('',#5925,#705);
#261=LINE('',#5927,#706);
#262=LINE('',#5929,#707);
#263=LINE('',#5930,#708);
#264=LINE('',#5934,#709);
#265=LINE('',#5936,#710);
#266=LINE('',#5938,#711);
#267=LINE('',#5939,#712);
#268=LINE('',#5942,#713);
#269=LINE('',#5944,#714);
#270=LINE('',#5946,#715);
#271=LINE('',#5948,#716);
#272=LINE('',#5950,#717);
#273=LINE('',#5952,#718);
#274=LINE('',#5954,#719);
#275=LINE('',#5956,#720);
#276=LINE('',#5958,#721);
#277=LINE('',#5960,#722);
#278=LINE('',#5962,#723);
#279=LINE('',#5964,#724);
#280=LINE('',#5966,#725);
#281=LINE('',#5968,#726);
#282=LINE('',#5969,#727);
#283=LINE('',#5973,#728);
#284=LINE('',#5975,#729);
#285=LINE('',#5977,#730);
#286=LINE('',#5978,#731);
#287=LINE('',#5982,#732);
#288=LINE('',#5984,#733);
#289=LINE('',#5986,#734);
#290=LINE('',#5988,#735);
#291=LINE('',#5990,#736);
#292=LINE('',#5992,#737);
#293=LINE('',#5994,#738);
#294=LINE('',#5996,#739);
#295=LINE('',#5998,#740);
#296=LINE('',#6000,#741);
#297=LINE('',#6002,#742);
#298=LINE('',#6004,#743);
#299=LINE('',#6006,#744);
#300=LINE('',#6008,#745);
#301=LINE('',#6010,#746);
#302=LINE('',#6012,#747);
#303=LINE('',#6014,#748);
#304=LINE('',#6016,#749);
#305=LINE('',#6018,#750);
#306=LINE('',#6020,#751);
#307=LINE('',#6022,#752);
#308=LINE('',#6024,#753);
#309=LINE('',#6026,#754);
#310=LINE('',#6028,#755);
#311=LINE('',#6030,#756);
#312=LINE('',#6032,#757);
#313=LINE('',#6034,#758);
#314=LINE('',#6035,#759);
#315=LINE('',#6038,#760);
#316=LINE('',#6040,#761);
#317=LINE('',#6041,#762);
#318=LINE('',#6046,#763);
#319=LINE('',#6048,#764);
#320=LINE('',#6050,#765);
#321=LINE('',#6052,#766);
#322=LINE('',#6054,#767);
#323=LINE('',#6056,#768);
#324=LINE('',#6058,#769);
#325=LINE('',#6063,#770);
#326=LINE('',#6065,#771);
#327=LINE('',#6066,#772);
#328=LINE('',#6069,#773);
#329=LINE('',#6070,#774);
#330=LINE('',#6073,#775);
#331=LINE('',#6074,#776);
#332=LINE('',#6077,#777);
#333=LINE('',#6078,#778);
#334=LINE('',#6081,#779);
#335=LINE('',#6082,#780);
#336=LINE('',#6085,#781);
#337=LINE('',#6086,#782);
#338=LINE('',#6089,#783);
#339=LINE('',#6090,#784);
#340=LINE('',#6093,#785);
#341=LINE('',#6094,#786);
#342=LINE('',#6097,#787);
#343=LINE('',#6098,#788);
#344=LINE('',#6101,#789);
#345=LINE('',#6102,#790);
#346=LINE('',#6105,#791);
#347=LINE('',#6106,#792);
#348=LINE('',#6109,#793);
#349=LINE('',#6110,#794);
#350=LINE('',#6114,#795);
#351=LINE('',#6120,#796);
#352=LINE('',#6122,#797);
#353=LINE('',#6123,#798);
#354=LINE('',#6126,#799);
#355=LINE('',#6128,#800);
#356=LINE('',#6129,#801);
#357=LINE('',#6132,#802);
#358=LINE('',#6134,#803);
#359=LINE('',#6136,#804);
#360=LINE('',#6137,#805);
#361=LINE('',#6140,#806);
#362=LINE('',#6141,#807);
#363=LINE('',#6144,#808);
#364=LINE('',#6146,#809);
#365=LINE('',#6147,#810);
#366=LINE('',#6150,#811);
#367=LINE('',#6152,#812);
#368=LINE('',#6153,#813);
#369=LINE('',#6156,#814);
#370=LINE('',#6158,#815);
#371=LINE('',#6159,#816);
#372=LINE('',#6161,#817);
#373=LINE('',#6163,#818);
#374=LINE('',#6164,#819);
#375=LINE('',#6166,#820);
#376=LINE('',#6168,#821);
#377=LINE('',#6170,#822);
#378=LINE('',#6171,#823);
#379=LINE('',#6173,#824);
#380=LINE('',#6175,#825);
#381=LINE('',#6177,#826);
#382=LINE('',#6179,#827);
#383=LINE('',#6181,#828);
#384=LINE('',#6183,#829);
#385=LINE('',#6185,#830);
#386=LINE('',#6187,#831);
#387=LINE('',#6189,#832);
#388=LINE('',#6191,#833);
#389=LINE('',#6193,#834);
#390=LINE('',#6195,#835);
#391=LINE('',#6197,#836);
#392=LINE('',#6199,#837);
#393=LINE('',#6201,#838);
#394=LINE('',#6203,#839);
#395=LINE('',#6205,#840);
#396=LINE('',#6207,#841);
#397=LINE('',#6209,#842);
#398=LINE('',#6211,#843);
#399=LINE('',#6213,#844);
#400=LINE('',#6215,#845);
#401=LINE('',#6217,#846);
#402=LINE('',#6219,#847);
#403=LINE('',#6221,#848);
#404=LINE('',#6223,#849);
#405=LINE('',#6224,#850);
#406=LINE('',#6227,#851);
#407=LINE('',#6229,#852);
#408=LINE('',#6230,#853);
#409=LINE('',#6233,#854);
#410=LINE('',#6235,#855);
#411=LINE('',#6236,#856);
#412=LINE('',#6240,#857);
#413=LINE('',#6242,#858);
#414=LINE('',#6243,#859);
#415=LINE('',#6244,#860);
#416=LINE('',#6248,#861);
#417=LINE('',#6249,#862);
#418=LINE('',#6251,#863);
#419=LINE('',#6252,#864);
#420=LINE('',#6255,#865);
#421=LINE('',#6257,#866);
#422=LINE('',#6259,#867);
#423=LINE('',#6261,#868);
#424=LINE('',#6263,#869);
#425=LINE('',#6265,#870);
#426=LINE('',#6267,#871);
#427=LINE('',#6269,#872);
#428=LINE('',#6271,#873);
#429=LINE('',#6273,#874);
#430=LINE('',#6275,#875);
#431=LINE('',#6277,#876);
#432=LINE('',#6279,#877);
#433=LINE('',#6280,#878);
#434=LINE('',#6283,#879);
#435=LINE('',#6284,#880);
#436=LINE('',#6286,#881);
#437=LINE('',#6288,#882);
#438=LINE('',#6291,#883);
#439=LINE('',#6292,#884);
#440=LINE('',#6294,#885);
#441=LINE('',#6296,#886);
#442=LINE('',#6298,#887);
#443=LINE('',#6299,#888);
#444=LINE('',#6301,#889);
#445=LINE('',#6303,#890);
#446=LINE('',#6305,#891);
#447=LINE('',#6306,#892);
#448=LINE('',#6308,#893);
#449=LINE('',#6310,#894);
#450=LINE('',#6312,#895);
#451=LINE('',#6314,#896);
#452=LINE('',#6317,#897);
#453=LINE('',#6318,#898);
#454=LINE('',#6320,#899);
#455=LINE('',#6321,#900);
#456=LINE('',#6324,#901);
#457=LINE('',#6325,#902);
#458=LINE('',#6327,#903);
#459=LINE('',#6328,#904);
#460=LINE('',#6332,#905);
#461=LINE('',#6334,#906);
#462=LINE('',#6335,#907);
#463=LINE('',#6338,#908);
#464=LINE('',#6339,#909);
#465=LINE('',#6342,#910);
#466=LINE('',#6343,#911);
#467=LINE('',#6346,#912);
#468=LINE('',#6348,#913);
#469=LINE('',#6349,#914);
#470=LINE('',#6352,#915);
#471=LINE('',#6353,#916);
#472=LINE('',#6356,#917);
#473=LINE('',#6357,#918);
#474=LINE('',#6360,#919);
#475=LINE('',#6362,#920);
#476=LINE('',#6364,#921);
#477=LINE('',#6366,#922);
#478=LINE('',#6367,#923);
#479=LINE('',#6368,#924);
#480=LINE('',#6370,#925);
#481=LINE('',#6372,#926);
#482=LINE('',#6373,#927);
#483=LINE('',#6374,#928);
#484=LINE('',#6375,#929);
#485=LINE('',#6378,#930);
#486=LINE('',#6379,#931);
#487=LINE('',#6381,#932);
#488=LINE('',#6384,#933);
#489=LINE('',#6387,#934);
#490=LINE('',#6388,#935);
#491=LINE('',#6391,#936);
#492=LINE('',#6394,#937);
#493=LINE('',#6395,#938);
#494=LINE('',#6397,#939);
#495=LINE('',#6400,#940);
#496=LINE('',#6402,#941);
#497=LINE('',#6403,#942);
#498=LINE('',#6405,#943);
#499=LINE('',#6406,#944);
#500=LINE('',#6410,#945);
#501=LINE('',#6411,#946);
#502=LINE('',#6413,#947);
#503=LINE('',#6419,#948);
#504=LINE('',#6421,#949);
#505=LINE('',#6424,#950);
#506=LINE('',#6426,#951);
#507=LINE('',#6429,#952);
#508=LINE('',#6431,#953);
#509=VECTOR('',#3969,10.);
#510=VECTOR('',#3970,10.);
#511=VECTOR('',#3971,10.);
#512=VECTOR('',#3972,10.);
#513=VECTOR('',#3973,10.);
#514=VECTOR('',#3974,10.);
#515=VECTOR('',#3975,10.);
#516=VECTOR('',#3976,10.);
#517=VECTOR('',#3977,10.);
#518=VECTOR('',#3978,10.);
#519=VECTOR('',#3979,10.);
#520=VECTOR('',#3980,10.);
#521=VECTOR('',#3981,10.);
#522=VECTOR('',#3982,10.);
#523=VECTOR('',#3983,10.);
#524=VECTOR('',#3984,10.);
#525=VECTOR('',#3985,10.);
#526=VECTOR('',#3986,10.);
#527=VECTOR('',#3987,10.);
#528=VECTOR('',#3988,10.);
#529=VECTOR('',#3991,10.);
#530=VECTOR('',#3992,10.);
#531=VECTOR('',#3993,10.);
#532=VECTOR('',#3994,10.);
#533=VECTOR('',#3995,10.);
#534=VECTOR('',#3996,10.);
#535=VECTOR('',#3997,10.);
#536=VECTOR('',#3998,10.);
#537=VECTOR('',#4001,10.);
#538=VECTOR('',#4002,10.);
#539=VECTOR('',#4003,10.);
#540=VECTOR('',#4006,10.);
#541=VECTOR('',#4007,10.);
#542=VECTOR('',#4010,10.);
#543=VECTOR('',#4011,10.);
#544=VECTOR('',#4014,10.);
#545=VECTOR('',#4015,10.);
#546=VECTOR('',#4018,10.);
#547=VECTOR('',#4019,10.);
#548=VECTOR('',#4022,10.);
#549=VECTOR('',#4023,10.);
#550=VECTOR('',#4026,10.);
#551=VECTOR('',#4027,10.);
#552=VECTOR('',#4030,10.);
#553=VECTOR('',#4033,10.);
#554=VECTOR('',#4034,10.);
#555=VECTOR('',#4035,10.);
#556=VECTOR('',#4036,10.);
#557=VECTOR('',#4037,10.);
#558=VECTOR('',#4038,10.);
#559=VECTOR('',#4039,10.);
#560=VECTOR('',#4040,10.);
#561=VECTOR('',#4043,10.);
#562=VECTOR('',#4044,10.);
#563=VECTOR('',#4045,10.);
#564=VECTOR('',#4048,10.);
#565=VECTOR('',#4049,10.);
#566=VECTOR('',#4050,10.);
#567=VECTOR('',#4051,10.);
#568=VECTOR('',#4052,10.);
#569=VECTOR('',#4053,10.);
#570=VECTOR('',#4054,10.);
#571=VECTOR('',#4055,10.);
#572=VECTOR('',#4058,10.);
#573=VECTOR('',#4059,10.);
#574=VECTOR('',#4062,10.);
#575=VECTOR('',#4063,10.);
#576=VECTOR('',#4066,10.);
#577=VECTOR('',#4069,10.);
#578=VECTOR('',#4070,10.);
#579=VECTOR('',#4071,10.);
#580=VECTOR('',#4072,10.);
#581=VECTOR('',#4073,10.);
#582=VECTOR('',#4074,10.);
#583=VECTOR('',#4075,10.);
#584=VECTOR('',#4076,10.);
#585=VECTOR('',#4079,10.);
#586=VECTOR('',#4080,10.);
#587=VECTOR('',#4083,10.);
#588=VECTOR('',#4090,10.);
#589=VECTOR('',#4091,10.);
#590=VECTOR('',#4092,10.);
#591=VECTOR('',#4093,10.);
#592=VECTOR('',#4096,10.);
#593=VECTOR('',#4097,10.);
#594=VECTOR('',#4098,10.);
#595=VECTOR('',#4101,10.);
#596=VECTOR('',#4102,10.);
#597=VECTOR('',#4103,10.);
#598=VECTOR('',#4106,10.);
#599=VECTOR('',#4107,10.);
#600=VECTOR('',#4108,10.);
#601=VECTOR('',#4109,10.);
#602=VECTOR('',#4112,10.);
#603=VECTOR('',#4113,10.);
#604=VECTOR('',#4114,10.);
#605=VECTOR('',#4117,10.);
#606=VECTOR('',#4118,10.);
#607=VECTOR('',#4119,10.);
#608=VECTOR('',#4122,10.);
#609=VECTOR('',#4123,10.);
#610=VECTOR('',#4124,10.);
#611=VECTOR('',#4125,10.);
#612=VECTOR('',#4126,10.);
#613=VECTOR('',#4127,10.);
#614=VECTOR('',#4128,10.);
#615=VECTOR('',#4129,10.);
#616=VECTOR('',#4130,10.);
#617=VECTOR('',#4131,10.);
#618=VECTOR('',#4132,10.);
#619=VECTOR('',#4135,10.);
#620=VECTOR('',#4136,10.);
#621=VECTOR('',#4139,10.);
#622=VECTOR('',#4142,10.);
#623=VECTOR('',#4143,10.);
#624=VECTOR('',#4144,10.);
#625=VECTOR('',#4147,10.);
#626=VECTOR('',#4148,10.);
#627=VECTOR('',#4151,10.);
#628=VECTOR('',#4154,10.);
#629=VECTOR('',#4155,10.);
#630=VECTOR('',#4160,10.);
#631=VECTOR('',#4161,10.);
#632=VECTOR('',#4162,10.);
#633=VECTOR('',#4165,10.);
#634=VECTOR('',#4168,10.);
#635=VECTOR('',#4169,10.);
#636=VECTOR('',#4170,10.);
#637=VECTOR('',#4171,10.);
#638=VECTOR('',#4176,10.);
#639=VECTOR('',#4179,10.);
#640=VECTOR('',#4182,10.);
#641=VECTOR('',#4183,10.);
#642=VECTOR('',#4184,10.);
#643=VECTOR('',#4187,10.);
#644=VECTOR('',#4192,10.);
#645=VECTOR('',#4193,10.);
#646=VECTOR('',#4194,10.);
#647=VECTOR('',#4195,10.);
#648=VECTOR('',#4198,10.);
#649=VECTOR('',#4199,10.);
#650=VECTOR('',#4200,10.);
#651=VECTOR('',#4203,10.);
#652=VECTOR('',#4204,10.);
#653=VECTOR('',#4205,10.);
#654=VECTOR('',#4208,10.);
#655=VECTOR('',#4209,10.);
#656=VECTOR('',#4212,10.);
#657=VECTOR('',#4215,10.);
#658=VECTOR('',#4216,10.);
#659=VECTOR('',#4217,10.);
#660=VECTOR('',#4220,10.);
#661=VECTOR('',#4223,10.);
#662=VECTOR('',#4232,10.);
#663=VECTOR('',#4239,10.);
#664=VECTOR('',#4246,10.);
#665=VECTOR('',#4249,10.);
#666=VECTOR('',#4252,10.);
#667=VECTOR('',#4259,10.);
#668=VECTOR('',#4260,10.);
#669=VECTOR('',#4261,10.);
#670=VECTOR('',#4262,10.);
#671=VECTOR('',#4269,10.);
#672=VECTOR('',#4272,10.);
#673=VECTOR('',#4273,10.);
#674=VECTOR('',#4274,10.);
#675=VECTOR('',#4281,10.);
#676=VECTOR('',#4284,10.);
#677=VECTOR('',#4285,10.);
#678=VECTOR('',#4286,10.);
#679=VECTOR('',#4291,10.);
#680=VECTOR('',#4296,10.);
#681=VECTOR('',#4297,10.);
#682=VECTOR('',#4298,10.);
#683=VECTOR('',#4307,10.);
#684=VECTOR('',#4308,10.);
#685=VECTOR('',#4309,10.);
#686=VECTOR('',#4310,10.);
#687=VECTOR('',#4313,10.);
#688=VECTOR('',#4314,10.);
#689=VECTOR('',#4315,10.);
#690=VECTOR('',#4316,10.);
#691=VECTOR('',#4317,10.);
#692=VECTOR('',#4320,10.);
#693=VECTOR('',#4321,10.);
#694=VECTOR('',#4322,10.);
#695=VECTOR('',#4323,10.);
#696=VECTOR('',#4326,10.);
#697=VECTOR('',#4327,10.);
#698=VECTOR('',#4328,10.);
#699=VECTOR('',#4331,10.);
#700=VECTOR('',#4332,10.);
#701=VECTOR('',#4333,10.);
#702=VECTOR('',#4334,10.);
#703=VECTOR('',#4337,10.);
#704=VECTOR('',#4338,10.);
#705=VECTOR('',#4341,10.);
#706=VECTOR('',#4342,10.);
#707=VECTOR('',#4343,10.);
#708=VECTOR('',#4344,10.);
#709=VECTOR('',#4347,10.);
#710=VECTOR('',#4348,10.);
#711=VECTOR('',#4349,10.);
#712=VECTOR('',#4350,10.);
#713=VECTOR('',#4353,10.);
#714=VECTOR('',#4354,10.);
#715=VECTOR('',#4355,10.);
#716=VECTOR('',#4356,10.);
#717=VECTOR('',#4357,10.);
#718=VECTOR('',#4358,10.);
#719=VECTOR('',#4359,10.);
#720=VECTOR('',#4360,10.);
#721=VECTOR('',#4361,10.);
#722=VECTOR('',#4362,10.);
#723=VECTOR('',#4363,10.);
#724=VECTOR('',#4364,10.);
#725=VECTOR('',#4365,10.);
#726=VECTOR('',#4366,10.);
#727=VECTOR('',#4367,10.);
#728=VECTOR('',#4370,10.);
#729=VECTOR('',#4371,10.);
#730=VECTOR('',#4372,10.);
#731=VECTOR('',#4373,10.);
#732=VECTOR('',#4376,10.);
#733=VECTOR('',#4377,10.);
#734=VECTOR('',#4378,10.);
#735=VECTOR('',#4379,10.);
#736=VECTOR('',#4380,10.);
#737=VECTOR('',#4381,10.);
#738=VECTOR('',#4382,10.);
#739=VECTOR('',#4383,10.);
#740=VECTOR('',#4384,10.);
#741=VECTOR('',#4385,10.);
#742=VECTOR('',#4386,10.);
#743=VECTOR('',#4387,10.);
#744=VECTOR('',#4388,10.);
#745=VECTOR('',#4389,10.);
#746=VECTOR('',#4390,10.);
#747=VECTOR('',#4391,10.);
#748=VECTOR('',#4392,10.);
#749=VECTOR('',#4393,10.);
#750=VECTOR('',#4394,10.);
#751=VECTOR('',#4395,10.);
#752=VECTOR('',#4396,10.);
#753=VECTOR('',#4397,10.);
#754=VECTOR('',#4398,10.);
#755=VECTOR('',#4399,10.);
#756=VECTOR('',#4400,10.);
#757=VECTOR('',#4401,10.);
#758=VECTOR('',#4402,10.);
#759=VECTOR('',#4403,10.);
#760=VECTOR('',#4406,10.);
#761=VECTOR('',#4407,10.);
#762=VECTOR('',#4408,10.);
#763=VECTOR('',#4413,10.);
#764=VECTOR('',#4414,10.);
#765=VECTOR('',#4415,10.);
#766=VECTOR('',#4416,10.);
#767=VECTOR('',#4417,10.);
#768=VECTOR('',#4418,10.);
#769=VECTOR('',#4419,10.);
#770=VECTOR('',#4426,10.);
#771=VECTOR('',#4427,10.);
#772=VECTOR('',#4428,10.);
#773=VECTOR('',#4431,10.);
#774=VECTOR('',#4432,10.);
#775=VECTOR('',#4435,10.);
#776=VECTOR('',#4436,10.);
#777=VECTOR('',#4439,10.);
#778=VECTOR('',#4440,10.);
#779=VECTOR('',#4443,10.);
#780=VECTOR('',#4444,10.);
#781=VECTOR('',#4447,10.);
#782=VECTOR('',#4448,10.);
#783=VECTOR('',#4451,10.);
#784=VECTOR('',#4452,10.);
#785=VECTOR('',#4455,10.);
#786=VECTOR('',#4456,10.);
#787=VECTOR('',#4459,10.);
#788=VECTOR('',#4460,10.);
#789=VECTOR('',#4463,10.);
#790=VECTOR('',#4464,10.);
#791=VECTOR('',#4467,10.);
#792=VECTOR('',#4468,10.);
#793=VECTOR('',#4471,10.);
#794=VECTOR('',#4472,10.);
#795=VECTOR('',#4475,10.);
#796=VECTOR('',#4484,10.);
#797=VECTOR('',#4485,10.);
#798=VECTOR('',#4486,10.);
#799=VECTOR('',#4489,10.);
#800=VECTOR('',#4490,10.);
#801=VECTOR('',#4491,10.);
#802=VECTOR('',#4494,10.);
#803=VECTOR('',#4495,10.);
#804=VECTOR('',#4496,10.);
#805=VECTOR('',#4497,10.);
#806=VECTOR('',#4500,10.);
#807=VECTOR('',#4501,10.);
#808=VECTOR('',#4504,10.);
#809=VECTOR('',#4505,10.);
#810=VECTOR('',#4506,10.);
#811=VECTOR('',#4509,10.);
#812=VECTOR('',#4510,10.);
#813=VECTOR('',#4511,10.);
#814=VECTOR('',#4514,10.);
#815=VECTOR('',#4515,10.);
#816=VECTOR('',#4516,10.);
#817=VECTOR('',#4517,10.);
#818=VECTOR('',#4518,10.);
#819=VECTOR('',#4519,10.);
#820=VECTOR('',#4520,10.);
#821=VECTOR('',#4521,10.);
#822=VECTOR('',#4522,10.);
#823=VECTOR('',#4523,10.);
#824=VECTOR('',#4524,10.);
#825=VECTOR('',#4525,10.);
#826=VECTOR('',#4526,10.);
#827=VECTOR('',#4527,10.);
#828=VECTOR('',#4528,10.);
#829=VECTOR('',#4529,10.);
#830=VECTOR('',#4530,10.);
#831=VECTOR('',#4531,10.);
#832=VECTOR('',#4532,10.);
#833=VECTOR('',#4533,10.);
#834=VECTOR('',#4534,10.);
#835=VECTOR('',#4535,10.);
#836=VECTOR('',#4536,10.);
#837=VECTOR('',#4537,10.);
#838=VECTOR('',#4538,10.);
#839=VECTOR('',#4539,10.);
#840=VECTOR('',#4540,10.);
#841=VECTOR('',#4541,10.);
#842=VECTOR('',#4542,10.);
#843=VECTOR('',#4543,10.);
#844=VECTOR('',#4544,10.);
#845=VECTOR('',#4545,10.);
#846=VECTOR('',#4546,10.);
#847=VECTOR('',#4547,10.);
#848=VECTOR('',#4548,10.);
#849=VECTOR('',#4549,10.);
#850=VECTOR('',#4550,10.);
#851=VECTOR('',#4553,10.);
#852=VECTOR('',#4554,10.);
#853=VECTOR('',#4555,10.);
#854=VECTOR('',#4558,10.);
#855=VECTOR('',#4559,10.);
#856=VECTOR('',#4560,10.);
#857=VECTOR('',#4563,10.);
#858=VECTOR('',#4564,10.);
#859=VECTOR('',#4565,10.);
#860=VECTOR('',#4566,10.);
#861=VECTOR('',#4569,10.);
#862=VECTOR('',#4570,10.);
#863=VECTOR('',#4571,10.);
#864=VECTOR('',#4572,10.);
#865=VECTOR('',#4575,10.);
#866=VECTOR('',#4576,10.);
#867=VECTOR('',#4577,10.);
#868=VECTOR('',#4578,10.);
#869=VECTOR('',#4579,10.);
#870=VECTOR('',#4580,10.);
#871=VECTOR('',#4581,10.);
#872=VECTOR('',#4582,10.);
#873=VECTOR('',#4583,10.);
#874=VECTOR('',#4584,10.);
#875=VECTOR('',#4585,10.);
#876=VECTOR('',#4586,10.);
#877=VECTOR('',#4587,10.);
#878=VECTOR('',#4588,10.);
#879=VECTOR('',#4591,10.);
#880=VECTOR('',#4592,10.);
#881=VECTOR('',#4595,10.);
#882=VECTOR('',#4598,10.);
#883=VECTOR('',#4601,10.);
#884=VECTOR('',#4602,10.);
#885=VECTOR('',#4605,10.);
#886=VECTOR('',#4608,10.);
#887=VECTOR('',#4611,10.);
#888=VECTOR('',#4612,10.);
#889=VECTOR('',#4615,10.);
#890=VECTOR('',#4618,10.);
#891=VECTOR('',#4621,10.);
#892=VECTOR('',#4622,10.);
#893=VECTOR('',#4625,10.);
#894=VECTOR('',#4628,10.);
#895=VECTOR('',#4631,10.);
#896=VECTOR('',#4634,10.);
#897=VECTOR('',#4639,10.);
#898=VECTOR('',#4640,10.);
#899=VECTOR('',#4643,10.);
#900=VECTOR('',#4644,10.);
#901=VECTOR('',#4649,10.);
#902=VECTOR('',#4650,10.);
#903=VECTOR('',#4653,10.);
#904=VECTOR('',#4654,10.);
#905=VECTOR('',#4659,10.);
#906=VECTOR('',#4660,10.);
#907=VECTOR('',#4661,10.);
#908=VECTOR('',#4664,10.);
#909=VECTOR('',#4665,10.);
#910=VECTOR('',#4668,10.);
#911=VECTOR('',#4669,10.);
#912=VECTOR('',#4672,10.);
#913=VECTOR('',#4673,10.);
#914=VECTOR('',#4674,10.);
#915=VECTOR('',#4677,10.);
#916=VECTOR('',#4678,10.);
#917=VECTOR('',#4681,10.);
#918=VECTOR('',#4682,10.);
#919=VECTOR('',#4685,10.);
#920=VECTOR('',#4686,10.);
#921=VECTOR('',#4687,10.);
#922=VECTOR('',#4688,10.);
#923=VECTOR('',#4689,10.);
#924=VECTOR('',#4690,10.);
#925=VECTOR('',#4691,10.);
#926=VECTOR('',#4692,10.);
#927=VECTOR('',#4693,10.);
#928=VECTOR('',#4694,10.);
#929=VECTOR('',#4695,10.);
#930=VECTOR('',#4698,10.);
#931=VECTOR('',#4699,10.);
#932=VECTOR('',#4702,10.);
#933=VECTOR('',#4707,10.);
#934=VECTOR('',#4710,10.);
#935=VECTOR('',#4711,10.);
#936=VECTOR('',#4716,10.);
#937=VECTOR('',#4721,10.);
#938=VECTOR('',#4722,10.);
#939=VECTOR('',#4725,10.);
#940=VECTOR('',#4730,10.);
#941=VECTOR('',#4733,10.);
#942=VECTOR('',#4734,10.);
#943=VECTOR('',#4737,10.);
#944=VECTOR('',#4738,10.);
#945=VECTOR('',#4745,10.);
#946=VECTOR('',#4746,10.);
#947=VECTOR('',#4749,10.);
#948=VECTOR('',#4760,10.);
#949=VECTOR('',#4763,10.);
#950=VECTOR('',#4768,10.);
#951=VECTOR('',#4771,10.);
#952=VECTOR('',#4776,10.);
#953=VECTOR('',#4779,10.);
#954=B_SPLINE_SURFACE_WITH_KNOTS('',3,1,((#4909,#4910),(#4911,#4912),(#4913,
#4914),(#4915,#4916),(#4917,#4918)),.UNSPECIFIED.,.F.,.F.,.F.,(4,1,4),(2,
2),(0.,0.126706294802826,0.253793957013523),(-0.05,0.),.UNSPECIFIED.);
#955=B_SPLINE_SURFACE_WITH_KNOTS('',3,1,((#4928,#4929),(#4930,#4931),(#4932,
#4933),(#4934,#4935),(#4936,#4937)),.UNSPECIFIED.,.F.,.F.,.F.,(4,1,4),(2,
2),(0.,0.13478024297287,0.264026745227141),(-0.05,0.),.UNSPECIFIED.);
#956=B_SPLINE_SURFACE_WITH_KNOTS('',3,1,((#4945,#4946),(#4947,#4948),(#4949,
#4950),(#4951,#4952),(#4953,#4954)),.UNSPECIFIED.,.F.,.F.,.F.,(4,1,4),(2,
2),(0.,0.125813859527781,0.252609443932623),(-0.05,0.),.UNSPECIFIED.);
#957=B_SPLINE_SURFACE_WITH_KNOTS('',3,1,((#4962,#4963),(#4964,#4965),(#4966,
#4967),(#4968,#4969),(#4970,#4971)),.UNSPECIFIED.,.F.,.F.,.F.,(4,1,4),(2,
2),(0.,0.128948174269778,0.254550800662699),(-0.05,0.),.UNSPECIFIED.);
#958=B_SPLINE_SURFACE_WITH_KNOTS('',3,1,((#4979,#4980),(#4981,#4982),(#4983,
#4984),(#4985,#4986),(#4987,#4988)),.UNSPECIFIED.,.F.,.F.,.F.,(4,1,4),(2,
2),(0.,0.144914757386798,0.281009451379198),(-0.05,0.),.UNSPECIFIED.);
#959=B_SPLINE_SURFACE_WITH_KNOTS('',3,1,((#4996,#4997),(#4998,#4999),(#5000,
#5001),(#5002,#5003),(#5004,#5005)),.UNSPECIFIED.,.F.,.F.,.F.,(4,1,4),(2,
2),(0.,0.133640078450556,0.276524431887592),(-0.05,0.),.UNSPECIFIED.);
#960=B_SPLINE_SURFACE_WITH_KNOTS('',3,1,((#5013,#5014),(#5015,#5016),(#5017,
#5018),(#5019,#5020),(#5021,#5022)),.UNSPECIFIED.,.F.,.F.,.F.,(4,1,4),(2,
2),(0.,0.125987284487316,0.253292288908615),(-0.05,0.),.UNSPECIFIED.);
#961=B_SPLINE_SURFACE_WITH_KNOTS('',3,1,((#5030,#5031),(#5032,#5033),(#5034,
#5035),(#5036,#5037),(#5038,#5039)),.UNSPECIFIED.,.F.,.F.,.F.,(4,1,4),(2,
2),(0.,0.132685838263595,0.260703529815617),(-0.05,0.),.UNSPECIFIED.);
#962=B_SPLINE_SURFACE_WITH_KNOTS('',3,1,((#5047,#5048),(#5049,#5050),(#5051,
#5052),(#5053,#5054),(#5055,#5056)),.UNSPECIFIED.,.F.,.F.,.F.,(4,1,4),(2,
2),(0.,0.186042843478146,0.381264439875691),(-0.05,0.),.UNSPECIFIED.);
#963=B_SPLINE_SURFACE_WITH_KNOTS('',3,1,((#5064,#5065),(#5066,#5067),(#5068,
#5069),(#5070,#5071),(#5072,#5073)),.UNSPECIFIED.,.F.,.F.,.F.,(4,1,4),(2,
2),(0.,0.224450091148056,0.420003994726205),(-0.05,0.),.UNSPECIFIED.);
#964=B_SPLINE_SURFACE_WITH_KNOTS('',3,1,((#5081,#5082),(#5083,#5084),(#5085,
#5086),(#5087,#5088),(#5089,#5090)),.UNSPECIFIED.,.F.,.F.,.F.,(4,1,4),(2,
2),(0.,0.128799598770803,0.257837286560691),(-0.05,0.),.UNSPECIFIED.);
#965=B_SPLINE_SURFACE_WITH_KNOTS('',3,1,((#5096,#5097),(#5098,#5099),(#5100,
#5101),(#5102,#5103),(#5104,#5105)),.UNSPECIFIED.,.F.,.F.,.F.,(4,1,4),(2,
2),(0.,0.132921389921741,0.265525961020281),(-0.05,0.),.UNSPECIFIED.);
#966=B_SPLINE_SURFACE_WITH_KNOTS('',3,1,((#5115,#5116),(#5117,#5118),(#5119,
#5120),(#5121,#5122),(#5123,#5124)),.UNSPECIFIED.,.F.,.F.,.F.,(4,1,4),(2,
2),(0.,0.0923318224509099,0.187211878668687),(-0.05,0.),.UNSPECIFIED.);
#967=B_SPLINE_SURFACE_WITH_KNOTS('',3,1,((#5132,#5133),(#5134,#5135),(#5136,
#5137),(#5138,#5139),(#5140,#5141)),.UNSPECIFIED.,.F.,.F.,.F.,(4,1,4),(2,
2),(0.,0.0954794592484272,0.187853204765448),(-0.05,0.),.UNSPECIFIED.);
#968=B_SPLINE_SURFACE_WITH_KNOTS('',3,1,((#5149,#5150),(#5151,#5152),(#5153,
#5154),(#5155,#5156),(#5157,#5158)),.UNSPECIFIED.,.F.,.F.,.F.,(4,1,4),(2,
2),(0.,0.114806033116336,0.218363209892909),(-0.05,0.),.UNSPECIFIED.);
#969=B_SPLINE_SURFACE_WITH_KNOTS('',3,1,((#5166,#5167),(#5168,#5169),(#5170,
#5171),(#5172,#5173),(#5174,#5175)),.UNSPECIFIED.,.F.,.F.,.F.,(4,1,4),(2,
2),(0.,0.14622300382407,0.318960372086419),(-0.05,0.),.UNSPECIFIED.);
#970=B_SPLINE_SURFACE_WITH_KNOTS('',3,1,((#5183,#5184),(#5185,#5186),(#5187,
#5188),(#5189,#5190),(#5191,#5192)),.UNSPECIFIED.,.F.,.F.,.F.,(4,1,4),(2,
2),(0.,0.138679268491865,0.273770029055201),(-0.05,0.),.UNSPECIFIED.);
#971=B_SPLINE_SURFACE_WITH_KNOTS('',3,1,((#5200,#5201),(#5202,#5203),(#5204,
#5205),(#5206,#5207),(#5208,#5209)),.UNSPECIFIED.,.F.,.F.,.F.,(4,1,4),(2,
2),(0.,0.134505711469115,0.271294639689909),(-0.05,0.),.UNSPECIFIED.);
#972=B_SPLINE_SURFACE_WITH_KNOTS('',3,1,((#5217,#5218),(#5219,#5220),(#5221,
#5222),(#5223,#5224),(#5225,#5226)),.UNSPECIFIED.,.F.,.F.,.F.,(4,1,4),(2,
2),(0.,0.163396283522652,0.306558223295821),(-0.05,0.),.UNSPECIFIED.);
#973=B_SPLINE_SURFACE_WITH_KNOTS('',3,1,((#5234,#5235),(#5236,#5237),(#5238,
#5239),(#5240,#5241),(#5242,#5243)),.UNSPECIFIED.,.F.,.F.,.F.,(4,1,4),(2,
2),(0.,0.14956830540824,0.344687238902488),(-0.05,0.),.UNSPECIFIED.);
#974=B_SPLINE_SURFACE_WITH_KNOTS('',3,1,((#5391,#5392),(#5393,#5394),(#5395,
#5396),(#5397,#5398),(#5399,#5400)),.UNSPECIFIED.,.F.,.F.,.F.,(4,1,4),(2,
2),(0.,0.131780208144266,0.312534297044721),(-0.05,0.),.UNSPECIFIED.);
#975=B_SPLINE_SURFACE_WITH_KNOTS('',3,1,((#5408,#5409),(#5410,#5411),(#5412,
#5413),(#5414,#5415),(#5416,#5417)),.UNSPECIFIED.,.F.,.F.,.F.,(4,1,4),(2,
2),(0.,0.119488404996192,0.234979056847335),(-0.05,0.),.UNSPECIFIED.);
#976=B_SPLINE_SURFACE_WITH_KNOTS('',3,1,((#5425,#5426),(#5427,#5428),(#5429,
#5430),(#5431,#5432),(#5433,#5434)),.UNSPECIFIED.,.F.,.F.,.F.,(4,1,4),(2,
2),(0.,0.0690066698353809,0.14069188108787),(-0.05,0.),.UNSPECIFIED.);
#977=B_SPLINE_SURFACE_WITH_KNOTS('',3,1,((#5442,#5443),(#5444,#5445),(#5446,
#5447),(#5448,#5449),(#5450,#5451)),.UNSPECIFIED.,.F.,.F.,.F.,(4,1,4),(2,
2),(0.,0.0610683587083207,0.126516752224138),(-0.05,0.),.UNSPECIFIED.);
#978=B_SPLINE_SURFACE_WITH_KNOTS('',3,1,((#5459,#5460),(#5461,#5462),(#5463,
#5464),(#5465,#5466),(#5467,#5468)),.UNSPECIFIED.,.F.,.F.,.F.,(4,1,4),(2,
2),(0.,0.070007464363982,0.132817499530102),(-0.05,0.),.UNSPECIFIED.);
#979=B_SPLINE_SURFACE_WITH_KNOTS('',3,1,((#5476,#5477),(#5478,#5479),(#5480,
#5481),(#5482,#5483),(#5484,#5485)),.UNSPECIFIED.,.F.,.F.,.F.,(4,1,4),(2,
2),(0.,0.0878565529821172,0.152545045615243),(-0.05,0.),.UNSPECIFIED.);
#980=B_SPLINE_SURFACE_WITH_KNOTS('',3,1,((#5509,#5510),(#5511,#5512),(#5513,
#5514),(#5515,#5516),(#5517,#5518)),.UNSPECIFIED.,.F.,.F.,.F.,(4,1,4),(2,
2),(0.,0.0480409485987658,0.123960047075569),(-0.05,0.),.UNSPECIFIED.);
#981=B_SPLINE_SURFACE_WITH_KNOTS('',3,1,((#5526,#5527),(#5528,#5529),(#5530,
#5531),(#5532,#5533),(#5534,#5535)),.UNSPECIFIED.,.F.,.F.,.F.,(4,1,4),(2,
2),(0.,0.0522137583662162,0.103900040110883),(-0.05,0.),.UNSPECIFIED.);
#982=B_SPLINE_SURFACE_WITH_KNOTS('',3,1,((#5543,#5544),(#5545,#5546),(#5547,
#5548),(#5549,#5550),(#5551,#5552)),.UNSPECIFIED.,.F.,.F.,.F.,(4,1,4),(2,
2),(0.,0.0587742374486642,0.113422152575648),(-0.05,0.),.UNSPECIFIED.);
#983=B_SPLINE_SURFACE_WITH_KNOTS('',3,1,((#5560,#5561),(#5562,#5563),(#5564,
#5565),(#5566,#5567),(#5568,#5569)),.UNSPECIFIED.,.F.,.F.,.F.,(4,1,4),(2,
2),(0.,0.0702578267818767,0.148338626487423),(-0.05,0.),.UNSPECIFIED.);
#984=B_SPLINE_SURFACE_WITH_KNOTS('',3,1,((#5577,#5578),(#5579,#5580),(#5581,
#5582),(#5583,#5584),(#5585,#5586)),.UNSPECIFIED.,.F.,.F.,.F.,(4,1,4),(2,
2),(0.,0.110299890051191,0.191141209535122),(-0.05,0.),.UNSPECIFIED.);
#985=B_SPLINE_SURFACE_WITH_KNOTS('',3,3,((#5779,#5780,#5781,#5782),(#5783,
#5784,#5785,#5786),(#5787,#5788,#5789,#5790),(#5791,#5792,#5793,#5794)),
 .UNSPECIFIED.,.F.,.F.,.F.,(4,4),(4,4),(0.,1.),(-3.05624997967566,1.00640765704105),
 .UNSPECIFIED.);
#986=FACE_BOUND('',#1187,.T.);
#987=FACE_BOUND('',#1218,.T.);
#988=FACE_BOUND('',#1274,.T.);
#989=FACE_BOUND('',#1275,.T.);
#990=FACE_BOUND('',#1276,.T.);
#991=FACE_BOUND('',#1277,.T.);
#992=FACE_BOUND('',#1316,.T.);
#993=FACE_BOUND('',#1370,.T.);
#994=FACE_OUTER_BOUND('',#1186,.T.);
#995=FACE_OUTER_BOUND('',#1188,.T.);
#996=FACE_OUTER_BOUND('',#1189,.T.);
#997=FACE_OUTER_BOUND('',#1190,.T.);
#998=FACE_OUTER_BOUND('',#1191,.T.);
#999=FACE_OUTER_BOUND('',#1192,.T.);
#1000=FACE_OUTER_BOUND('',#1193,.T.);
#1001=FACE_OUTER_BOUND('',#1194,.T.);
#1002=FACE_OUTER_BOUND('',#1195,.T.);
#1003=FACE_OUTER_BOUND('',#1196,.T.);
#1004=FACE_OUTER_BOUND('',#1197,.T.);
#1005=FACE_OUTER_BOUND('',#1198,.T.);
#1006=FACE_OUTER_BOUND('',#1199,.T.);
#1007=FACE_OUTER_BOUND('',#1200,.T.);
#1008=FACE_OUTER_BOUND('',#1201,.T.);
#1009=FACE_OUTER_BOUND('',#1202,.T.);
#1010=FACE_OUTER_BOUND('',#1203,.T.);
#1011=FACE_OUTER_BOUND('',#1204,.T.);
#1012=FACE_OUTER_BOUND('',#1205,.T.);
#1013=FACE_OUTER_BOUND('',#1206,.T.);
#1014=FACE_OUTER_BOUND('',#1207,.T.);
#1015=FACE_OUTER_BOUND('',#1208,.T.);
#1016=FACE_OUTER_BOUND('',#1209,.T.);
#1017=FACE_OUTER_BOUND('',#1210,.T.);
#1018=FACE_OUTER_BOUND('',#1211,.T.);
#1019=FACE_OUTER_BOUND('',#1212,.T.);
#1020=FACE_OUTER_BOUND('',#1213,.T.);
#1021=FACE_OUTER_BOUND('',#1214,.T.);
#1022=FACE_OUTER_BOUND('',#1215,.T.);
#1023=FACE_OUTER_BOUND('',#1216,.T.);
#1024=FACE_OUTER_BOUND('',#1217,.T.);
#1025=FACE_OUTER_BOUND('',#1219,.T.);
#1026=FACE_OUTER_BOUND('',#1220,.T.);
#1027=FACE_OUTER_BOUND('',#1221,.T.);
#1028=FACE_OUTER_BOUND('',#1222,.T.);
#1029=FACE_OUTER_BOUND('',#1223,.T.);
#1030=FACE_OUTER_BOUND('',#1224,.T.);
#1031=FACE_OUTER_BOUND('',#1225,.T.);
#1032=FACE_OUTER_BOUND('',#1226,.T.);
#1033=FACE_OUTER_BOUND('',#1227,.T.);
#1034=FACE_OUTER_BOUND('',#1228,.T.);
#1035=FACE_OUTER_BOUND('',#1229,.T.);
#1036=FACE_OUTER_BOUND('',#1230,.T.);
#1037=FACE_OUTER_BOUND('',#1231,.T.);
#1038=FACE_OUTER_BOUND('',#1232,.T.);
#1039=FACE_OUTER_BOUND('',#1233,.T.);
#1040=FACE_OUTER_BOUND('',#1234,.T.);
#1041=FACE_OUTER_BOUND('',#1235,.T.);
#1042=FACE_OUTER_BOUND('',#1236,.T.);
#1043=FACE_OUTER_BOUND('',#1237,.T.);
#1044=FACE_OUTER_BOUND('',#1238,.T.);
#1045=FACE_OUTER_BOUND('',#1239,.T.);
#1046=FACE_OUTER_BOUND('',#1240,.T.);
#1047=FACE_OUTER_BOUND('',#1241,.T.);
#1048=FACE_OUTER_BOUND('',#1242,.T.);
#1049=FACE_OUTER_BOUND('',#1243,.T.);
#1050=FACE_OUTER_BOUND('',#1244,.T.);
#1051=FACE_OUTER_BOUND('',#1245,.T.);
#1052=FACE_OUTER_BOUND('',#1246,.T.);
#1053=FACE_OUTER_BOUND('',#1247,.T.);
#1054=FACE_OUTER_BOUND('',#1248,.T.);
#1055=FACE_OUTER_BOUND('',#1249,.T.);
#1056=FACE_OUTER_BOUND('',#1250,.T.);
#1057=FACE_OUTER_BOUND('',#1251,.T.);
#1058=FACE_OUTER_BOUND('',#1252,.T.);
#1059=FACE_OUTER_BOUND('',#1253,.T.);
#1060=FACE_OUTER_BOUND('',#1254,.T.);
#1061=FACE_OUTER_BOUND('',#1255,.T.);
#1062=FACE_OUTER_BOUND('',#1256,.T.);
#1063=FACE_OUTER_BOUND('',#1257,.T.);
#1064=FACE_OUTER_BOUND('',#1258,.T.);
#1065=FACE_OUTER_BOUND('',#1259,.T.);
#1066=FACE_OUTER_BOUND('',#1260,.T.);
#1067=FACE_OUTER_BOUND('',#1261,.T.);
#1068=FACE_OUTER_BOUND('',#1262,.T.);
#1069=FACE_OUTER_BOUND('',#1263,.T.);
#1070=FACE_OUTER_BOUND('',#1264,.T.);
#1071=FACE_OUTER_BOUND('',#1265,.T.);
#1072=FACE_OUTER_BOUND('',#1266,.T.);
#1073=FACE_OUTER_BOUND('',#1267,.T.);
#1074=FACE_OUTER_BOUND('',#1268,.T.);
#1075=FACE_OUTER_BOUND('',#1269,.T.);
#1076=FACE_OUTER_BOUND('',#1270,.T.);
#1077=FACE_OUTER_BOUND('',#1271,.T.);
#1078=FACE_OUTER_BOUND('',#1272,.T.);
#1079=FACE_OUTER_BOUND('',#1273,.T.);
#1080=FACE_OUTER_BOUND('',#1278,.T.);
#1081=FACE_OUTER_BOUND('',#1279,.T.);
#1082=FACE_OUTER_BOUND('',#1280,.T.);
#1083=FACE_OUTER_BOUND('',#1281,.T.);
#1084=FACE_OUTER_BOUND('',#1282,.T.);
#1085=FACE_OUTER_BOUND('',#1283,.T.);
#1086=FACE_OUTER_BOUND('',#1284,.T.);
#1087=FACE_OUTER_BOUND('',#1285,.T.);
#1088=FACE_OUTER_BOUND('',#1286,.T.);
#1089=FACE_OUTER_BOUND('',#1287,.T.);
#1090=FACE_OUTER_BOUND('',#1288,.T.);
#1091=FACE_OUTER_BOUND('',#1289,.T.);
#1092=FACE_OUTER_BOUND('',#1290,.T.);
#1093=FACE_OUTER_BOUND('',#1291,.T.);
#1094=FACE_OUTER_BOUND('',#1292,.T.);
#1095=FACE_OUTER_BOUND('',#1293,.T.);
#1096=FACE_OUTER_BOUND('',#1294,.T.);
#1097=FACE_OUTER_BOUND('',#1295,.T.);
#1098=FACE_OUTER_BOUND('',#1296,.T.);
#1099=FACE_OUTER_BOUND('',#1297,.T.);
#1100=FACE_OUTER_BOUND('',#1298,.T.);
#1101=FACE_OUTER_BOUND('',#1299,.T.);
#1102=FACE_OUTER_BOUND('',#1300,.T.);
#1103=FACE_OUTER_BOUND('',#1301,.T.);
#1104=FACE_OUTER_BOUND('',#1302,.T.);
#1105=FACE_OUTER_BOUND('',#1303,.T.);
#1106=FACE_OUTER_BOUND('',#1304,.T.);
#1107=FACE_OUTER_BOUND('',#1305,.T.);
#1108=FACE_OUTER_BOUND('',#1306,.T.);
#1109=FACE_OUTER_BOUND('',#1307,.T.);
#1110=FACE_OUTER_BOUND('',#1308,.T.);
#1111=FACE_OUTER_BOUND('',#1309,.T.);
#1112=FACE_OUTER_BOUND('',#1310,.T.);
#1113=FACE_OUTER_BOUND('',#1311,.T.);
#1114=FACE_OUTER_BOUND('',#1312,.T.);
#1115=FACE_OUTER_BOUND('',#1313,.T.);
#1116=FACE_OUTER_BOUND('',#1314,.T.);
#1117=FACE_OUTER_BOUND('',#1315,.T.);
#1118=FACE_OUTER_BOUND('',#1317,.T.);
#1119=FACE_OUTER_BOUND('',#1318,.T.);
#1120=FACE_OUTER_BOUND('',#1319,.T.);
#1121=FACE_OUTER_BOUND('',#1320,.T.);
#1122=FACE_OUTER_BOUND('',#1321,.T.);
#1123=FACE_OUTER_BOUND('',#1322,.T.);
#1124=FACE_OUTER_BOUND('',#1323,.T.);
#1125=FACE_OUTER_BOUND('',#1324,.T.);
#1126=FACE_OUTER_BOUND('',#1325,.T.);
#1127=FACE_OUTER_BOUND('',#1326,.T.);
#1128=FACE_OUTER_BOUND('',#1327,.T.);
#1129=FACE_OUTER_BOUND('',#1328,.T.);
#1130=FACE_OUTER_BOUND('',#1329,.T.);
#1131=FACE_OUTER_BOUND('',#1330,.T.);
#1132=FACE_OUTER_BOUND('',#1331,.T.);
#1133=FACE_OUTER_BOUND('',#1332,.T.);
#1134=FACE_OUTER_BOUND('',#1333,.T.);
#1135=FACE_OUTER_BOUND('',#1334,.T.);
#1136=FACE_OUTER_BOUND('',#1335,.T.);
#1137=FACE_OUTER_BOUND('',#1336,.T.);
#1138=FACE_OUTER_BOUND('',#1337,.T.);
#1139=FACE_OUTER_BOUND('',#1338,.T.);
#1140=FACE_OUTER_BOUND('',#1339,.T.);
#1141=FACE_OUTER_BOUND('',#1340,.T.);
#1142=FACE_OUTER_BOUND('',#1341,.T.);
#1143=FACE_OUTER_BOUND('',#1342,.T.);
#1144=FACE_OUTER_BOUND('',#1343,.T.);
#1145=FACE_OUTER_BOUND('',#1344,.T.);
#1146=FACE_OUTER_BOUND('',#1345,.T.);
#1147=FACE_OUTER_BOUND('',#1346,.T.);
#1148=FACE_OUTER_BOUND('',#1347,.T.);
#1149=FACE_OUTER_BOUND('',#1348,.T.);
#1150=FACE_OUTER_BOUND('',#1349,.T.);
#1151=FACE_OUTER_BOUND('',#1350,.T.);
#1152=FACE_OUTER_BOUND('',#1351,.T.);
#1153=FACE_OUTER_BOUND('',#1352,.T.);
#1154=FACE_OUTER_BOUND('',#1353,.T.);
#1155=FACE_OUTER_BOUND('',#1354,.T.);
#1156=FACE_OUTER_BOUND('',#1355,.T.);
#1157=FACE_OUTER_BOUND('',#1356,.T.);
#1158=FACE_OUTER_BOUND('',#1357,.T.);
#1159=FACE_OUTER_BOUND('',#1358,.T.);
#1160=FACE_OUTER_BOUND('',#1359,.T.);
#1161=FACE_OUTER_BOUND('',#1360,.T.);
#1162=FACE_OUTER_BOUND('',#1361,.T.);
#1163=FACE_OUTER_BOUND('',#1362,.T.);
#1164=FACE_OUTER_BOUND('',#1363,.T.);
#1165=FACE_OUTER_BOUND('',#1364,.T.);
#1166=FACE_OUTER_BOUND('',#1365,.T.);
#1167=FACE_OUTER_BOUND('',#1366,.T.);
#1168=FACE_OUTER_BOUND('',#1367,.T.);
#1169=FACE_OUTER_BOUND('',#1368,.T.);
#1170=FACE_OUTER_BOUND('',#1369,.T.);
#1171=FACE_OUTER_BOUND('',#1371,.T.);
#1172=FACE_OUTER_BOUND('',#1372,.T.);
#1173=FACE_OUTER_BOUND('',#1373,.T.);
#1174=FACE_OUTER_BOUND('',#1374,.T.);
#1175=FACE_OUTER_BOUND('',#1375,.T.);
#1176=FACE_OUTER_BOUND('',#1376,.T.);
#1177=FACE_OUTER_BOUND('',#1377,.T.);
#1178=FACE_OUTER_BOUND('',#1378,.T.);
#1179=FACE_OUTER_BOUND('',#1379,.T.);
#1180=FACE_OUTER_BOUND('',#1380,.T.);
#1181=FACE_OUTER_BOUND('',#1381,.T.);
#1182=FACE_OUTER_BOUND('',#1382,.T.);
#1183=FACE_OUTER_BOUND('',#1383,.T.);
#1184=FACE_OUTER_BOUND('',#1384,.T.);
#1185=FACE_OUTER_BOUND('',#1385,.T.);
#1186=EDGE_LOOP('',(#2339,#2340,#2341,#2342,#2343,#2344,#2345,#2346,#2347,
#2348,#2349));
#1187=EDGE_LOOP('',(#2350,#2351,#2352,#2353,#2354,#2355,#2356,#2357,#2358));
#1188=EDGE_LOOP('',(#2359,#2360,#2361,#2362));
#1189=EDGE_LOOP('',(#2363,#2364,#2365,#2366));
#1190=EDGE_LOOP('',(#2367,#2368,#2369,#2370));
#1191=EDGE_LOOP('',(#2371,#2372,#2373,#2374));
#1192=EDGE_LOOP('',(#2375,#2376,#2377,#2378));
#1193=EDGE_LOOP('',(#2379,#2380,#2381,#2382));
#1194=EDGE_LOOP('',(#2383,#2384,#2385,#2386));
#1195=EDGE_LOOP('',(#2387,#2388,#2389,#2390));
#1196=EDGE_LOOP('',(#2391,#2392,#2393,#2394));
#1197=EDGE_LOOP('',(#2395,#2396,#2397,#2398));
#1198=EDGE_LOOP('',(#2399,#2400,#2401,#2402));
#1199=EDGE_LOOP('',(#2403,#2404,#2405,#2406));
#1200=EDGE_LOOP('',(#2407,#2408,#2409,#2410));
#1201=EDGE_LOOP('',(#2411,#2412,#2413,#2414));
#1202=EDGE_LOOP('',(#2415,#2416,#2417,#2418));
#1203=EDGE_LOOP('',(#2419,#2420,#2421,#2422));
#1204=EDGE_LOOP('',(#2423,#2424,#2425,#2426));
#1205=EDGE_LOOP('',(#2427,#2428,#2429,#2430));
#1206=EDGE_LOOP('',(#2431,#2432,#2433,#2434));
#1207=EDGE_LOOP('',(#2435,#2436,#2437,#2438));
#1208=EDGE_LOOP('',(#2439,#2440,#2441,#2442,#2443,#2444,#2445,#2446));
#1209=EDGE_LOOP('',(#2447,#2448,#2449,#2450));
#1210=EDGE_LOOP('',(#2451,#2452,#2453,#2454));
#1211=EDGE_LOOP('',(#2455,#2456,#2457,#2458));
#1212=EDGE_LOOP('',(#2459,#2460,#2461,#2462));
#1213=EDGE_LOOP('',(#2463,#2464,#2465,#2466));
#1214=EDGE_LOOP('',(#2467,#2468,#2469,#2470));
#1215=EDGE_LOOP('',(#2471,#2472,#2473,#2474));
#1216=EDGE_LOOP('',(#2475,#2476,#2477,#2478));
#1217=EDGE_LOOP('',(#2479,#2480,#2481,#2482,#2483,#2484,#2485,#2486,#2487,
#2488,#2489));
#1218=EDGE_LOOP('',(#2490,#2491,#2492,#2493,#2494,#2495,#2496,#2497));
#1219=EDGE_LOOP('',(#2498,#2499,#2500,#2501));
#1220=EDGE_LOOP('',(#2502,#2503,#2504,#2505));
#1221=EDGE_LOOP('',(#2506,#2507,#2508,#2509));
#1222=EDGE_LOOP('',(#2510,#2511,#2512,#2513));
#1223=EDGE_LOOP('',(#2514,#2515,#2516,#2517));
#1224=EDGE_LOOP('',(#2518,#2519,#2520,#2521));
#1225=EDGE_LOOP('',(#2522,#2523,#2524,#2525));
#1226=EDGE_LOOP('',(#2526,#2527,#2528,#2529));
#1227=EDGE_LOOP('',(#2530,#2531,#2532,#2533));
#1228=EDGE_LOOP('',(#2534,#2535,#2536,#2537));
#1229=EDGE_LOOP('',(#2538,#2539,#2540,#2541));
#1230=EDGE_LOOP('',(#2542,#2543,#2544,#2545));
#1231=EDGE_LOOP('',(#2546,#2547,#2548,#2549));
#1232=EDGE_LOOP('',(#2550,#2551,#2552,#2553));
#1233=EDGE_LOOP('',(#2554,#2555,#2556,#2557));
#1234=EDGE_LOOP('',(#2558,#2559,#2560,#2561));
#1235=EDGE_LOOP('',(#2562,#2563,#2564,#2565));
#1236=EDGE_LOOP('',(#2566,#2567,#2568,#2569));
#1237=EDGE_LOOP('',(#2570,#2571,#2572,#2573));
#1238=EDGE_LOOP('',(#2574,#2575,#2576,#2577,#2578,#2579,#2580,#2581));
#1239=EDGE_LOOP('',(#2582,#2583,#2584,#2585,#2586,#2587,#2588,#2589,#2590));
#1240=EDGE_LOOP('',(#2591,#2592,#2593,#2594));
#1241=EDGE_LOOP('',(#2595,#2596,#2597,#2598));
#1242=EDGE_LOOP('',(#2599,#2600,#2601,#2602));
#1243=EDGE_LOOP('',(#2603,#2604,#2605,#2606));
#1244=EDGE_LOOP('',(#2607,#2608,#2609,#2610));
#1245=EDGE_LOOP('',(#2611,#2612,#2613,#2614));
#1246=EDGE_LOOP('',(#2615,#2616,#2617,#2618,#2619,#2620,#2621,#2622,#2623,
#2624,#2625,#2626,#2627,#2628,#2629,#2630,#2631,#2632,#2633));
#1247=EDGE_LOOP('',(#2634,#2635,#2636,#2637));
#1248=EDGE_LOOP('',(#2638,#2639,#2640,#2641));
#1249=EDGE_LOOP('',(#2642,#2643,#2644,#2645));
#1250=EDGE_LOOP('',(#2646,#2647,#2648,#2649));
#1251=EDGE_LOOP('',(#2650,#2651,#2652,#2653));
#1252=EDGE_LOOP('',(#2654,#2655,#2656,#2657,#2658));
#1253=EDGE_LOOP('',(#2659,#2660,#2661,#2662,#2663));
#1254=EDGE_LOOP('',(#2664,#2665,#2666,#2667,#2668));
#1255=EDGE_LOOP('',(#2669,#2670,#2671,#2672));
#1256=EDGE_LOOP('',(#2673,#2674,#2675,#2676,#2677,#2678,#2679));
#1257=EDGE_LOOP('',(#2680,#2681,#2682,#2683));
#1258=EDGE_LOOP('',(#2684,#2685,#2686,#2687,#2688,#2689));
#1259=EDGE_LOOP('',(#2690,#2691,#2692));
#1260=EDGE_LOOP('',(#2693,#2694,#2695,#2696));
#1261=EDGE_LOOP('',(#2697,#2698,#2699,#2700));
#1262=EDGE_LOOP('',(#2701,#2702,#2703));
#1263=EDGE_LOOP('',(#2704,#2705,#2706,#2707));
#1264=EDGE_LOOP('',(#2708,#2709,#2710,#2711));
#1265=EDGE_LOOP('',(#2712,#2713,#2714,#2715,#2716));
#1266=EDGE_LOOP('',(#2717,#2718,#2719,#2720,#2721));
#1267=EDGE_LOOP('',(#2722,#2723,#2724,#2725));
#1268=EDGE_LOOP('',(#2726,#2727));
#1269=EDGE_LOOP('',(#2728,#2729,#2730,#2731,#2732));
#1270=EDGE_LOOP('',(#2733,#2734,#2735,#2736,#2737,#2738));
#1271=EDGE_LOOP('',(#2739,#2740,#2741,#2742));
#1272=EDGE_LOOP('',(#2743,#2744,#2745,#2746,#2747,#2748,#2749));
#1273=EDGE_LOOP('',(#2750,#2751,#2752,#2753,#2754,#2755,#2756,#2757,#2758,
#2759,#2760,#2761,#2762,#2763,#2764,#2765,#2766,#2767));
#1274=EDGE_LOOP('',(#2768,#2769,#2770,#2771));
#1275=EDGE_LOOP('',(#2772,#2773,#2774,#2775,#2776,#2777,#2778,#2779,#2780,
#2781,#2782));
#1276=EDGE_LOOP('',(#2783,#2784,#2785,#2786,#2787,#2788,#2789,#2790));
#1277=EDGE_LOOP('',(#2791,#2792,#2793,#2794,#2795,#2796,#2797,#2798,#2799,
#2800,#2801));
#1278=EDGE_LOOP('',(#2802,#2803,#2804,#2805,#2806));
#1279=EDGE_LOOP('',(#2807,#2808,#2809,#2810));
#1280=EDGE_LOOP('',(#2811,#2812,#2813,#2814));
#1281=EDGE_LOOP('',(#2815,#2816,#2817,#2818));
#1282=EDGE_LOOP('',(#2819,#2820,#2821,#2822));
#1283=EDGE_LOOP('',(#2823,#2824,#2825,#2826));
#1284=EDGE_LOOP('',(#2827,#2828,#2829,#2830));
#1285=EDGE_LOOP('',(#2831,#2832,#2833,#2834));
#1286=EDGE_LOOP('',(#2835,#2836,#2837,#2838));
#1287=EDGE_LOOP('',(#2839,#2840,#2841,#2842));
#1288=EDGE_LOOP('',(#2843,#2844,#2845,#2846,#2847,#2848));
#1289=EDGE_LOOP('',(#2849,#2850,#2851,#2852,#2853));
#1290=EDGE_LOOP('',(#2854,#2855,#2856,#2857));
#1291=EDGE_LOOP('',(#2858,#2859,#2860,#2861,#2862,#2863));
#1292=EDGE_LOOP('',(#2864,#2865,#2866));
#1293=EDGE_LOOP('',(#2867,#2868,#2869,#2870));
#1294=EDGE_LOOP('',(#2871,#2872,#2873,#2874));
#1295=EDGE_LOOP('',(#2875,#2876,#2877,#2878,#2879,#2880,#2881,#2882,#2883,
#2884,#2885,#2886,#2887,#2888,#2889,#2890,#2891,#2892));
#1296=EDGE_LOOP('',(#2893,#2894,#2895,#2896));
#1297=EDGE_LOOP('',(#2897,#2898,#2899,#2900,#2901,#2902,#2903,#2904,#2905,
#2906,#2907,#2908,#2909,#2910,#2911,#2912,#2913,#2914,#2915,#2916,#2917,
#2918,#2919,#2920,#2921,#2922,#2923,#2924));
#1298=EDGE_LOOP('',(#2925,#2926,#2927,#2928));
#1299=EDGE_LOOP('',(#2929,#2930,#2931,#2932,#2933,#2934,#2935,#2936,#2937,
#2938,#2939,#2940));
#1300=EDGE_LOOP('',(#2941,#2942,#2943,#2944,#2945,#2946,#2947));
#1301=EDGE_LOOP('',(#2948,#2949,#2950,#2951));
#1302=EDGE_LOOP('',(#2952,#2953,#2954,#2955));
#1303=EDGE_LOOP('',(#2956,#2957,#2958,#2959));
#1304=EDGE_LOOP('',(#2960,#2961,#2962,#2963));
#1305=EDGE_LOOP('',(#2964,#2965,#2966,#2967));
#1306=EDGE_LOOP('',(#2968,#2969,#2970,#2971));
#1307=EDGE_LOOP('',(#2972,#2973,#2974,#2975));
#1308=EDGE_LOOP('',(#2976,#2977,#2978,#2979));
#1309=EDGE_LOOP('',(#2980,#2981,#2982,#2983));
#1310=EDGE_LOOP('',(#2984,#2985,#2986,#2987));
#1311=EDGE_LOOP('',(#2988,#2989,#2990,#2991));
#1312=EDGE_LOOP('',(#2992,#2993,#2994,#2995,#2996,#2997));
#1313=EDGE_LOOP('',(#2998,#2999,#3000,#3001));
#1314=EDGE_LOOP('',(#3002,#3003,#3004,#3005));
#1315=EDGE_LOOP('',(#3006,#3007,#3008,#3009,#3010,#3011,#3012,#3013,#3014,
#3015,#3016));
#1316=EDGE_LOOP('',(#3017,#3018,#3019,#3020,#3021,#3022,#3023,#3024));
#1317=EDGE_LOOP('',(#3025,#3026,#3027,#3028));
#1318=EDGE_LOOP('',(#3029,#3030,#3031,#3032));
#1319=EDGE_LOOP('',(#3033,#3034,#3035,#3036));
#1320=EDGE_LOOP('',(#3037,#3038,#3039,#3040,#3041,#3042,#3043,#3044,#3045,
#3046,#3047,#3048,#3049,#3050,#3051,#3052,#3053,#3054,#3055,#3056,#3057,
#3058,#3059,#3060,#3061,#3062,#3063,#3064,#3065,#3066,#3067,#3068,#3069,
#3070,#3071,#3072,#3073,#3074,#3075,#3076,#3077,#3078,#3079,#3080,#3081,
#3082,#3083,#3084,#3085,#3086,#3087,#3088));
#1321=EDGE_LOOP('',(#3089,#3090,#3091,#3092));
#1322=EDGE_LOOP('',(#3093,#3094,#3095,#3096));
#1323=EDGE_LOOP('',(#3097,#3098,#3099,#3100));
#1324=EDGE_LOOP('',(#3101,#3102,#3103,#3104));
#1325=EDGE_LOOP('',(#3105,#3106,#3107,#3108,#3109,#3110,#3111,#3112,#3113,
#3114,#3115,#3116,#3117,#3118,#3119,#3120));
#1326=EDGE_LOOP('',(#3121,#3122,#3123,#3124));
#1327=EDGE_LOOP('',(#3125,#3126,#3127,#3128));
#1328=EDGE_LOOP('',(#3129,#3130,#3131,#3132));
#1329=EDGE_LOOP('',(#3133,#3134,#3135,#3136));
#1330=EDGE_LOOP('',(#3137,#3138,#3139,#3140));
#1331=EDGE_LOOP('',(#3141,#3142,#3143,#3144));
#1332=EDGE_LOOP('',(#3145,#3146,#3147,#3148));
#1333=EDGE_LOOP('',(#3149,#3150,#3151,#3152));
#1334=EDGE_LOOP('',(#3153,#3154,#3155,#3156));
#1335=EDGE_LOOP('',(#3157,#3158,#3159,#3160));
#1336=EDGE_LOOP('',(#3161,#3162,#3163,#3164));
#1337=EDGE_LOOP('',(#3165,#3166,#3167,#3168));
#1338=EDGE_LOOP('',(#3169,#3170,#3171,#3172));
#1339=EDGE_LOOP('',(#3173,#3174,#3175,#3176,#3177,#3178));
#1340=EDGE_LOOP('',(#3179,#3180,#3181,#3182));
#1341=EDGE_LOOP('',(#3183,#3184,#3185,#3186));
#1342=EDGE_LOOP('',(#3187,#3188,#3189,#3190));
#1343=EDGE_LOOP('',(#3191,#3192,#3193,#3194));
#1344=EDGE_LOOP('',(#3195,#3196,#3197,#3198));
#1345=EDGE_LOOP('',(#3199,#3200,#3201,#3202));
#1346=EDGE_LOOP('',(#3203,#3204,#3205,#3206));
#1347=EDGE_LOOP('',(#3207,#3208,#3209,#3210));
#1348=EDGE_LOOP('',(#3211,#3212,#3213,#3214));
#1349=EDGE_LOOP('',(#3215,#3216,#3217,#3218));
#1350=EDGE_LOOP('',(#3219,#3220,#3221,#3222));
#1351=EDGE_LOOP('',(#3223,#3224,#3225,#3226));
#1352=EDGE_LOOP('',(#3227,#3228,#3229,#3230));
#1353=EDGE_LOOP('',(#3231,#3232,#3233,#3234,#3235,#3236,#3237,#3238,#3239,
#3240,#3241,#3242,#3243,#3244,#3245,#3246,#3247,#3248,#3249,#3250,#3251,
#3252,#3253,#3254,#3255,#3256,#3257,#3258));
#1354=EDGE_LOOP('',(#3259,#3260,#3261,#3262,#3263,#3264));
#1355=EDGE_LOOP('',(#3265,#3266,#3267,#3268));
#1356=EDGE_LOOP('',(#3269,#3270,#3271,#3272));
#1357=EDGE_LOOP('',(#3273,#3274,#3275,#3276));
#1358=EDGE_LOOP('',(#3277,#3278,#3279,#3280));
#1359=EDGE_LOOP('',(#3281,#3282,#3283,#3284));
#1360=EDGE_LOOP('',(#3285,#3286,#3287,#3288));
#1361=EDGE_LOOP('',(#3289,#3290,#3291,#3292));
#1362=EDGE_LOOP('',(#3293,#3294,#3295,#3296));
#1363=EDGE_LOOP('',(#3297,#3298,#3299,#3300));
#1364=EDGE_LOOP('',(#3301,#3302,#3303,#3304));
#1365=EDGE_LOOP('',(#3305,#3306,#3307,#3308));
#1366=EDGE_LOOP('',(#3309,#3310,#3311,#3312));
#1367=EDGE_LOOP('',(#3313,#3314,#3315,#3316));
#1368=EDGE_LOOP('',(#3317,#3318,#3319,#3320));
#1369=EDGE_LOOP('',(#3321,#3322,#3323,#3324,#3325,#3326,#3327,#3328,#3329,
#3330,#3331,#3332,#3333,#3334,#3335,#3336));
#1370=EDGE_LOOP('',(#3337,#3338,#3339,#3340,#3341,#3342,#3343,#3344));
#1371=EDGE_LOOP('',(#3345,#3346,#3347,#3348));
#1372=EDGE_LOOP('',(#3349,#3350,#3351,#3352));
#1373=EDGE_LOOP('',(#3353,#3354,#3355,#3356));
#1374=EDGE_LOOP('',(#3357,#3358,#3359,#3360,#3361,#3362,#3363));
#1375=EDGE_LOOP('',(#3364,#3365,#3366,#3367,#3368));
#1376=EDGE_LOOP('',(#3369,#3370,#3371,#3372));
#1377=EDGE_LOOP('',(#3373,#3374,#3375,#3376));
#1378=EDGE_LOOP('',(#3377,#3378,#3379,#3380));
#1379=EDGE_LOOP('',(#3381,#3382,#3383,#3384));
#1380=EDGE_LOOP('',(#3385,#3386,#3387,#3388));
#1381=EDGE_LOOP('',(#3389,#3390,#3391,#3392));
#1382=EDGE_LOOP('',(#3393,#3394,#3395,#3396));
#1383=EDGE_LOOP('',(#3397,#3398,#3399,#3400));
#1384=EDGE_LOOP('',(#3401,#3402,#3403,#3404));
#1385=EDGE_LOOP('',(#3405,#3406,#3407,#3408));
#1386=B_SPLINE_CURVE_WITH_KNOTS('',3,(#4791,#4792,#4793,#4794,#4795),
 .UNSPECIFIED.,.F.,.F.,(4,1,4),(0.,0.126706294802826,0.253793957013523),
 .UNSPECIFIED.);
#1387=B_SPLINE_CURVE_WITH_KNOTS('',3,(#4797,#4798,#4799,#4800,#4801),
 .UNSPECIFIED.,.F.,.F.,(4,1,4),(0.,0.13478024297287,0.264026745227141),
 .UNSPECIFIED.);
#1388=B_SPLINE_CURVE_WITH_KNOTS('',3,(#4803,#4804,#4805,#4806,#4807),
 .UNSPECIFIED.,.F.,.F.,(4,1,4),(0.,0.125813859527781,0.252609443932623),
 .UNSPECIFIED.);
#1389=B_SPLINE_CURVE_WITH_KNOTS('',3,(#4809,#4810,#4811,#4812,#4813),
 .UNSPECIFIED.,.F.,.F.,(4,1,4),(0.,0.128948174269778,0.254550800662699),
 .UNSPECIFIED.);
#1390=B_SPLINE_CURVE_WITH_KNOTS('',3,(#4815,#4816,#4817,#4818,#4819),
 .UNSPECIFIED.,.F.,.F.,(4,1,4),(0.,0.144914757386798,0.281009451379198),
 .UNSPECIFIED.);
#1391=B_SPLINE_CURVE_WITH_KNOTS('',3,(#4821,#4822,#4823,#4824,#4825),
 .UNSPECIFIED.,.F.,.F.,(4,1,4),(0.,0.133640078450556,0.276524431887592),
 .UNSPECIFIED.);
#1392=B_SPLINE_CURVE_WITH_KNOTS('',3,(#4827,#4828,#4829,#4830,#4831),
 .UNSPECIFIED.,.F.,.F.,(4,1,4),(0.,0.125987284487316,0.253292288908615),
 .UNSPECIFIED.);
#1393=B_SPLINE_CURVE_WITH_KNOTS('',3,(#4833,#4834,#4835,#4836,#4837),
 .UNSPECIFIED.,.F.,.F.,(4,1,4),(0.,0.132685838263595,0.260703529815617),
 .UNSPECIFIED.);
#1394=B_SPLINE_CURVE_WITH_KNOTS('',3,(#4839,#4840,#4841,#4842,#4843),
 .UNSPECIFIED.,.F.,.F.,(4,1,4),(0.,0.186042843478146,0.381264439875691),
 .UNSPECIFIED.);
#1395=B_SPLINE_CURVE_WITH_KNOTS('',3,(#4845,#4846,#4847,#4848,#4849),
 .UNSPECIFIED.,.F.,.F.,(4,1,4),(0.,0.224450091148056,0.420003994726205),
 .UNSPECIFIED.);
#1396=B_SPLINE_CURVE_WITH_KNOTS('',3,(#4850,#4851,#4852,#4853,#4854),
 .UNSPECIFIED.,.F.,.F.,(4,1,4),(0.,0.128799598770803,0.257837286560691),
 .UNSPECIFIED.);
#1397=B_SPLINE_CURVE_WITH_KNOTS('',3,(#4857,#4858,#4859,#4860,#4861),
 .UNSPECIFIED.,.F.,.F.,(4,1,4),(0.,0.132921389921741,0.265525961020281),
 .UNSPECIFIED.);
#1398=B_SPLINE_CURVE_WITH_KNOTS('',3,(#4863,#4864,#4865,#4866,#4867),
 .UNSPECIFIED.,.F.,.F.,(4,1,4),(0.,0.0923318224509099,0.187211878668687),
 .UNSPECIFIED.);
#1399=B_SPLINE_CURVE_WITH_KNOTS('',3,(#4869,#4870,#4871,#4872,#4873),
 .UNSPECIFIED.,.F.,.F.,(4,1,4),(0.,0.0954794592484272,0.187853204765448),
 .UNSPECIFIED.);
#1400=B_SPLINE_CURVE_WITH_KNOTS('',3,(#4875,#4876,#4877,#4878,#4879),
 .UNSPECIFIED.,.F.,.F.,(4,1,4),(0.,0.114806033116336,0.218363209892909),
 .UNSPECIFIED.);
#1401=B_SPLINE_CURVE_WITH_KNOTS('',3,(#4881,#4882,#4883,#4884,#4885),
 .UNSPECIFIED.,.F.,.F.,(4,1,4),(0.,0.14622300382407,0.318960372086419),
 .UNSPECIFIED.);
#1402=B_SPLINE_CURVE_WITH_KNOTS('',3,(#4887,#4888,#4889,#4890,#4891),
 .UNSPECIFIED.,.F.,.F.,(4,1,4),(0.,0.138679268491865,0.273770029055201),
 .UNSPECIFIED.);
#1403=B_SPLINE_CURVE_WITH_KNOTS('',3,(#4893,#4894,#4895,#4896,#4897),
 .UNSPECIFIED.,.F.,.F.,(4,1,4),(0.,0.134505711469115,0.271294639689909),
 .UNSPECIFIED.);
#1404=B_SPLINE_CURVE_WITH_KNOTS('',3,(#4899,#4900,#4901,#4902,#4903),
 .UNSPECIFIED.,.F.,.F.,(4,1,4),(0.,0.163396283522652,0.306558223295821),
 .UNSPECIFIED.);
#1405=B_SPLINE_CURVE_WITH_KNOTS('',3,(#4904,#4905,#4906,#4907,#4908),
 .UNSPECIFIED.,.F.,.F.,(4,1,4),(0.,0.14956830540824,0.344687238902488),
 .UNSPECIFIED.);
#1406=B_SPLINE_CURVE_WITH_KNOTS('',3,(#4922,#4923,#4924,#4925,#4926),
 .UNSPECIFIED.,.F.,.F.,(4,1,4),(0.,0.126706294802826,0.253793957013523),
 .UNSPECIFIED.);
#1407=B_SPLINE_CURVE_WITH_KNOTS('',3,(#4939,#4940,#4941,#4942,#4943),
 .UNSPECIFIED.,.F.,.F.,(4,1,4),(0.,0.13478024297287,0.264026745227141),
 .UNSPECIFIED.);
#1408=B_SPLINE_CURVE_WITH_KNOTS('',3,(#4956,#4957,#4958,#4959,#4960),
 .UNSPECIFIED.,.F.,.F.,(4,1,4),(0.,0.125813859527781,0.252609443932623),
 .UNSPECIFIED.);
#1409=B_SPLINE_CURVE_WITH_KNOTS('',3,(#4973,#4974,#4975,#4976,#4977),
 .UNSPECIFIED.,.F.,.F.,(4,1,4),(0.,0.128948174269778,0.254550800662699),
 .UNSPECIFIED.);
#1410=B_SPLINE_CURVE_WITH_KNOTS('',3,(#4990,#4991,#4992,#4993,#4994),
 .UNSPECIFIED.,.F.,.F.,(4,1,4),(0.,0.144914757386798,0.281009451379198),
 .UNSPECIFIED.);
#1411=B_SPLINE_CURVE_WITH_KNOTS('',3,(#5007,#5008,#5009,#5010,#5011),
 .UNSPECIFIED.,.F.,.F.,(4,1,4),(0.,0.133640078450556,0.276524431887592),
 .UNSPECIFIED.);
#1412=B_SPLINE_CURVE_WITH_KNOTS('',3,(#5024,#5025,#5026,#5027,#5028),
 .UNSPECIFIED.,.F.,.F.,(4,1,4),(0.,0.125987284487316,0.253292288908615),
 .UNSPECIFIED.);
#1413=B_SPLINE_CURVE_WITH_KNOTS('',3,(#5041,#5042,#5043,#5044,#5045),
 .UNSPECIFIED.,.F.,.F.,(4,1,4),(0.,0.132685838263595,0.260703529815617),
 .UNSPECIFIED.);
#1414=B_SPLINE_CURVE_WITH_KNOTS('',3,(#5058,#5059,#5060,#5061,#5062),
 .UNSPECIFIED.,.F.,.F.,(4,1,4),(0.,0.186042843478146,0.381264439875691),
 .UNSPECIFIED.);
#1415=B_SPLINE_CURVE_WITH_KNOTS('',3,(#5075,#5076,#5077,#5078,#5079),
 .UNSPECIFIED.,.F.,.F.,(4,1,4),(0.,0.224450091148056,0.420003994726205),
 .UNSPECIFIED.);
#1416=B_SPLINE_CURVE_WITH_KNOTS('',3,(#5091,#5092,#5093,#5094,#5095),
 .UNSPECIFIED.,.F.,.F.,(4,1,4),(0.,0.128799598770803,0.257837286560691),
 .UNSPECIFIED.);
#1417=B_SPLINE_CURVE_WITH_KNOTS('',3,(#5109,#5110,#5111,#5112,#5113),
 .UNSPECIFIED.,.F.,.F.,(4,1,4),(0.,0.132921389921741,0.265525961020281),
 .UNSPECIFIED.);
#1418=B_SPLINE_CURVE_WITH_KNOTS('',3,(#5126,#5127,#5128,#5129,#5130),
 .UNSPECIFIED.,.F.,.F.,(4,1,4),(0.,0.0923318224509099,0.187211878668687),
 .UNSPECIFIED.);
#1419=B_SPLINE_CURVE_WITH_KNOTS('',3,(#5143,#5144,#5145,#5146,#5147),
 .UNSPECIFIED.,.F.,.F.,(4,1,4),(0.,0.0954794592484272,0.187853204765448),
 .UNSPECIFIED.);
#1420=B_SPLINE_CURVE_WITH_KNOTS('',3,(#5160,#5161,#5162,#5163,#5164),
 .UNSPECIFIED.,.F.,.F.,(4,1,4),(0.,0.114806033116336,0.218363209892909),
 .UNSPECIFIED.);
#1421=B_SPLINE_CURVE_WITH_KNOTS('',3,(#5177,#5178,#5179,#5180,#5181),
 .UNSPECIFIED.,.F.,.F.,(4,1,4),(0.,0.14622300382407,0.318960372086419),
 .UNSPECIFIED.);
#1422=B_SPLINE_CURVE_WITH_KNOTS('',3,(#5194,#5195,#5196,#5197,#5198),
 .UNSPECIFIED.,.F.,.F.,(4,1,4),(0.,0.138679268491865,0.273770029055201),
 .UNSPECIFIED.);
#1423=B_SPLINE_CURVE_WITH_KNOTS('',3,(#5211,#5212,#5213,#5214,#5215),
 .UNSPECIFIED.,.F.,.F.,(4,1,4),(0.,0.134505711469115,0.271294639689909),
 .UNSPECIFIED.);
#1424=B_SPLINE_CURVE_WITH_KNOTS('',3,(#5228,#5229,#5230,#5231,#5232),
 .UNSPECIFIED.,.F.,.F.,(4,1,4),(0.,0.163396283522652,0.306558223295821),
 .UNSPECIFIED.);
#1425=B_SPLINE_CURVE_WITH_KNOTS('',3,(#5244,#5245,#5246,#5247,#5248),
 .UNSPECIFIED.,.F.,.F.,(4,1,4),(0.,0.14956830540824,0.344687238902488),
 .UNSPECIFIED.);
#1426=B_SPLINE_CURVE_WITH_KNOTS('',3,(#5305,#5306,#5307,#5308,#5309),
 .UNSPECIFIED.,.F.,.F.,(4,1,4),(0.,0.131780208144266,0.312534297044721),
 .UNSPECIFIED.);
#1427=B_SPLINE_CURVE_WITH_KNOTS('',3,(#5311,#5312,#5313,#5314,#5315),
 .UNSPECIFIED.,.F.,.F.,(4,1,4),(0.,0.119488404996192,0.234979056847335),
 .UNSPECIFIED.);
#1428=B_SPLINE_CURVE_WITH_KNOTS('',3,(#5317,#5318,#5319,#5320,#5321),
 .UNSPECIFIED.,.F.,.F.,(4,1,4),(0.,0.0690066698353809,0.14069188108787),
 .UNSPECIFIED.);
#1429=B_SPLINE_CURVE_WITH_KNOTS('',3,(#5323,#5324,#5325,#5326,#5327),
 .UNSPECIFIED.,.F.,.F.,(4,1,4),(0.,0.0610683587083207,0.126516752224138),
 .UNSPECIFIED.);
#1430=B_SPLINE_CURVE_WITH_KNOTS('',3,(#5329,#5330,#5331,#5332,#5333),
 .UNSPECIFIED.,.F.,.F.,(4,1,4),(0.,0.070007464363982,0.132817499530102),
 .UNSPECIFIED.);
#1431=B_SPLINE_CURVE_WITH_KNOTS('',3,(#5335,#5336,#5337,#5338,#5339),
 .UNSPECIFIED.,.F.,.F.,(4,1,4),(0.,0.0878565529821172,0.152545045615243),
 .UNSPECIFIED.);
#1432=B_SPLINE_CURVE_WITH_KNOTS('',3,(#5349,#5350,#5351,#5352,#5353),
 .UNSPECIFIED.,.F.,.F.,(4,1,4),(0.,0.0480409485987658,0.123960047075569),
 .UNSPECIFIED.);
#1433=B_SPLINE_CURVE_WITH_KNOTS('',3,(#5355,#5356,#5357,#5358,#5359),
 .UNSPECIFIED.,.F.,.F.,(4,1,4),(0.,0.0522137583662162,0.103900040110883),
 .UNSPECIFIED.);
#1434=B_SPLINE_CURVE_WITH_KNOTS('',3,(#5361,#5362,#5363,#5364,#5365),
 .UNSPECIFIED.,.F.,.F.,(4,1,4),(0.,0.0587742374486642,0.113422152575648),
 .UNSPECIFIED.);
#1435=B_SPLINE_CURVE_WITH_KNOTS('',3,(#5367,#5368,#5369,#5370,#5371),
 .UNSPECIFIED.,.F.,.F.,(4,1,4),(0.,0.0702578267818767,0.148338626487423),
 .UNSPECIFIED.);
#1436=B_SPLINE_CURVE_WITH_KNOTS('',3,(#5373,#5374,#5375,#5376,#5377),
 .UNSPECIFIED.,.F.,.F.,(4,1,4),(0.,0.110299890051191,0.191141209535122),
 .UNSPECIFIED.);
#1437=B_SPLINE_CURVE_WITH_KNOTS('',3,(#5402,#5403,#5404,#5405,#5406),
 .UNSPECIFIED.,.F.,.F.,(4,1,4),(0.,0.131780208144266,0.312534297044721),
 .UNSPECIFIED.);
#1438=B_SPLINE_CURVE_WITH_KNOTS('',3,(#5419,#5420,#5421,#5422,#5423),
 .UNSPECIFIED.,.F.,.F.,(4,1,4),(0.,0.119488404996192,0.234979056847335),
 .UNSPECIFIED.);
#1439=B_SPLINE_CURVE_WITH_KNOTS('',3,(#5436,#5437,#5438,#5439,#5440),
 .UNSPECIFIED.,.F.,.F.,(4,1,4),(0.,0.0690066698353809,0.14069188108787),
 .UNSPECIFIED.);
#1440=B_SPLINE_CURVE_WITH_KNOTS('',3,(#5453,#5454,#5455,#5456,#5457),
 .UNSPECIFIED.,.F.,.F.,(4,1,4),(0.,0.0610683587083207,0.126516752224138),
 .UNSPECIFIED.);
#1441=B_SPLINE_CURVE_WITH_KNOTS('',3,(#5470,#5471,#5472,#5473,#5474),
 .UNSPECIFIED.,.F.,.F.,(4,1,4),(0.,0.070007464363982,0.132817499530102),
 .UNSPECIFIED.);
#1442=B_SPLINE_CURVE_WITH_KNOTS('',3,(#5487,#5488,#5489,#5490,#5491),
 .UNSPECIFIED.,.F.,.F.,(4,1,4),(0.,0.0878565529821172,0.152545045615243),
 .UNSPECIFIED.);
#1443=B_SPLINE_CURVE_WITH_KNOTS('',3,(#5520,#5521,#5522,#5523,#5524),
 .UNSPECIFIED.,.F.,.F.,(4,1,4),(0.,0.0480409485987658,0.123960047075569),
 .UNSPECIFIED.);
#1444=B_SPLINE_CURVE_WITH_KNOTS('',3,(#5537,#5538,#5539,#5540,#5541),
 .UNSPECIFIED.,.F.,.F.,(4,1,4),(0.,0.0522137583662162,0.103900040110883),
 .UNSPECIFIED.);
#1445=B_SPLINE_CURVE_WITH_KNOTS('',3,(#5554,#5555,#5556,#5557,#5558),
 .UNSPECIFIED.,.F.,.F.,(4,1,4),(0.,0.0587742374486642,0.113422152575648),
 .UNSPECIFIED.);
#1446=B_SPLINE_CURVE_WITH_KNOTS('',3,(#5571,#5572,#5573,#5574,#5575),
 .UNSPECIFIED.,.F.,.F.,(4,1,4),(0.,0.0702578267818767,0.148338626487423),
 .UNSPECIFIED.);
#1447=B_SPLINE_CURVE_WITH_KNOTS('',3,(#5588,#5589,#5590,#5591,#5592),
 .UNSPECIFIED.,.F.,.F.,(4,1,4),(0.,0.110299890051191,0.191141209535122),
 .UNSPECIFIED.);
#1448=B_SPLINE_CURVE_WITH_KNOTS('',3,(#5659,#5660,#5661,#5662,#5663,#5664),
 .UNSPECIFIED.,.F.,.F.,(4,2,4),(0.232227492323605,2.23446170019419,4.24565892950337),
 .UNSPECIFIED.);
#1449=B_SPLINE_CURVE_WITH_KNOTS('',3,(#5733,#5734,#5735,#5736),
 .UNSPECIFIED.,.F.,.F.,(4,4),(-1.00640765704105,3.05624997967566),
 .UNSPECIFIED.);
#1450=B_SPLINE_CURVE_WITH_KNOTS('',3,(#5795,#5796,#5797,#5798,#5799,#5800,
#5801,#5802,#5803,#5804,#5805,#5806,#5807),.UNSPECIFIED.,.F.,.F.,(4,3,3,
3,4),(0.0176288159971659,0.0271530441129315,0.0443170717372539,0.0555702466726358,
0.0757011979467373),.UNSPECIFIED.);
#1451=VERTEX_POINT('',#4789);
#1452=VERTEX_POINT('',#4790);
#1453=VERTEX_POINT('',#4796);
#1454=VERTEX_POINT('',#4802);
#1455=VERTEX_POINT('',#4808);
#1456=VERTEX_POINT('',#4814);
#1457=VERTEX_POINT('',#4820);
#1458=VERTEX_POINT('',#4826);
#1459=VERTEX_POINT('',#4832);
#1460=VERTEX_POINT('',#4838);
#1461=VERTEX_POINT('',#4844);
#1462=VERTEX_POINT('',#4855);
#1463=VERTEX_POINT('',#4856);
#1464=VERTEX_POINT('',#4862);
#1465=VERTEX_POINT('',#4868);
#1466=VERTEX_POINT('',#4874);
#1467=VERTEX_POINT('',#4880);
#1468=VERTEX_POINT('',#4886);
#1469=VERTEX_POINT('',#4892);
#1470=VERTEX_POINT('',#4898);
#1471=VERTEX_POINT('',#4919);
#1472=VERTEX_POINT('',#4921);
#1473=VERTEX_POINT('',#4938);
#1474=VERTEX_POINT('',#4955);
#1475=VERTEX_POINT('',#4972);
#1476=VERTEX_POINT('',#4989);
#1477=VERTEX_POINT('',#5006);
#1478=VERTEX_POINT('',#5023);
#1479=VERTEX_POINT('',#5040);
#1480=VERTEX_POINT('',#5057);
#1481=VERTEX_POINT('',#5074);
#1482=VERTEX_POINT('',#5106);
#1483=VERTEX_POINT('',#5108);
#1484=VERTEX_POINT('',#5125);
#1485=VERTEX_POINT('',#5142);
#1486=VERTEX_POINT('',#5159);
#1487=VERTEX_POINT('',#5176);
#1488=VERTEX_POINT('',#5193);
#1489=VERTEX_POINT('',#5210);
#1490=VERTEX_POINT('',#5227);
#1491=VERTEX_POINT('',#5250);
#1492=VERTEX_POINT('',#5251);
#1493=VERTEX_POINT('',#5253);
#1494=VERTEX_POINT('',#5255);
#1495=VERTEX_POINT('',#5257);
#1496=VERTEX_POINT('',#5259);
#1497=VERTEX_POINT('',#5261);
#1498=VERTEX_POINT('',#5263);
#1499=VERTEX_POINT('',#5267);
#1500=VERTEX_POINT('',#5269);
#1501=VERTEX_POINT('',#5273);
#1502=VERTEX_POINT('',#5277);
#1503=VERTEX_POINT('',#5281);
#1504=VERTEX_POINT('',#5285);
#1505=VERTEX_POINT('',#5289);
#1506=VERTEX_POINT('',#5293);
#1507=VERTEX_POINT('',#5299);
#1508=VERTEX_POINT('',#5300);
#1509=VERTEX_POINT('',#5302);
#1510=VERTEX_POINT('',#5304);
#1511=VERTEX_POINT('',#5310);
#1512=VERTEX_POINT('',#5316);
#1513=VERTEX_POINT('',#5322);
#1514=VERTEX_POINT('',#5328);
#1515=VERTEX_POINT('',#5334);
#1516=VERTEX_POINT('',#5340);
#1517=VERTEX_POINT('',#5342);
#1518=VERTEX_POINT('',#5345);
#1519=VERTEX_POINT('',#5346);
#1520=VERTEX_POINT('',#5348);
#1521=VERTEX_POINT('',#5354);
#1522=VERTEX_POINT('',#5360);
#1523=VERTEX_POINT('',#5366);
#1524=VERTEX_POINT('',#5372);
#1525=VERTEX_POINT('',#5378);
#1526=VERTEX_POINT('',#5382);
#1527=VERTEX_POINT('',#5384);
#1528=VERTEX_POINT('',#5388);
#1529=VERTEX_POINT('',#5401);
#1530=VERTEX_POINT('',#5418);
#1531=VERTEX_POINT('',#5435);
#1532=VERTEX_POINT('',#5452);
#1533=VERTEX_POINT('',#5469);
#1534=VERTEX_POINT('',#5486);
#1535=VERTEX_POINT('',#5494);
#1536=VERTEX_POINT('',#5498);
#1537=VERTEX_POINT('',#5504);
#1538=VERTEX_POINT('',#5506);
#1539=VERTEX_POINT('',#5519);
#1540=VERTEX_POINT('',#5536);
#1541=VERTEX_POINT('',#5553);
#1542=VERTEX_POINT('',#5570);
#1543=VERTEX_POINT('',#5587);
#1544=VERTEX_POINT('',#5595);
#1545=VERTEX_POINT('',#5603);
#1546=VERTEX_POINT('',#5604);
#1547=VERTEX_POINT('',#5606);
#1548=VERTEX_POINT('',#5608);
#1549=VERTEX_POINT('',#5612);
#1550=VERTEX_POINT('',#5614);
#1551=VERTEX_POINT('',#5618);
#1552=VERTEX_POINT('',#5620);
#1553=VERTEX_POINT('',#5624);
#1554=VERTEX_POINT('',#5625);
#1555=VERTEX_POINT('',#5627);
#1556=VERTEX_POINT('',#5629);
#1557=VERTEX_POINT('',#5633);
#1558=VERTEX_POINT('',#5635);
#1559=VERTEX_POINT('',#5639);
#1560=VERTEX_POINT('',#5641);
#1561=VERTEX_POINT('',#5646);
#1562=VERTEX_POINT('',#5648);
#1563=VERTEX_POINT('',#5650);
#1564=VERTEX_POINT('',#5652);
#1565=VERTEX_POINT('',#5654);
#1566=VERTEX_POINT('',#5656);
#1567=VERTEX_POINT('',#5658);
#1568=VERTEX_POINT('',#5665);
#1569=VERTEX_POINT('',#5669);
#1570=VERTEX_POINT('',#5671);
#1571=VERTEX_POINT('',#5673);
#1572=VERTEX_POINT('',#5677);
#1573=VERTEX_POINT('',#5683);
#1574=VERTEX_POINT('',#5685);
#1575=VERTEX_POINT('',#5689);
#1576=VERTEX_POINT('',#5695);
#1577=VERTEX_POINT('',#5697);
#1578=VERTEX_POINT('',#5701);
#1579=VERTEX_POINT('',#5702);
#1580=VERTEX_POINT('',#5704);
#1581=VERTEX_POINT('',#5706);
#1582=VERTEX_POINT('',#5708);
#1583=VERTEX_POINT('',#5712);
#1584=VERTEX_POINT('',#5713);
#1585=VERTEX_POINT('',#5715);
#1586=VERTEX_POINT('',#5717);
#1587=VERTEX_POINT('',#5719);
#1588=VERTEX_POINT('',#5723);
#1589=VERTEX_POINT('',#5725);
#1590=VERTEX_POINT('',#5730);
#1591=VERTEX_POINT('',#5732);
#1592=VERTEX_POINT('',#5739);
#1593=VERTEX_POINT('',#5743);
#1594=VERTEX_POINT('',#5745);
#1595=VERTEX_POINT('',#5747);
#1596=VERTEX_POINT('',#5751);
#1597=VERTEX_POINT('',#5752);
#1598=VERTEX_POINT('',#5754);
#1599=VERTEX_POINT('',#5758);
#1600=VERTEX_POINT('',#5760);
#1601=VERTEX_POINT('',#5764);
#1602=VERTEX_POINT('',#5770);
#1603=VERTEX_POINT('',#5772);
#1604=VERTEX_POINT('',#5776);
#1605=VERTEX_POINT('',#5812);
#1606=VERTEX_POINT('',#5830);
#1607=VERTEX_POINT('',#5831);
#1608=VERTEX_POINT('',#5833);
#1609=VERTEX_POINT('',#5835);
#1610=VERTEX_POINT('',#5839);
#1611=VERTEX_POINT('',#5841);
#1612=VERTEX_POINT('',#5845);
#1613=VERTEX_POINT('',#5847);
#1614=VERTEX_POINT('',#5851);
#1615=VERTEX_POINT('',#5853);
#1616=VERTEX_POINT('',#5857);
#1617=VERTEX_POINT('',#5859);
#1618=VERTEX_POINT('',#5863);
#1619=VERTEX_POINT('',#5865);
#1620=VERTEX_POINT('',#5869);
#1621=VERTEX_POINT('',#5871);
#1622=VERTEX_POINT('',#5878);
#1623=VERTEX_POINT('',#5879);
#1624=VERTEX_POINT('',#5881);
#1625=VERTEX_POINT('',#5883);
#1626=VERTEX_POINT('',#5887);
#1627=VERTEX_POINT('',#5889);
#1628=VERTEX_POINT('',#5891);
#1629=VERTEX_POINT('',#5893);
#1630=VERTEX_POINT('',#5897);
#1631=VERTEX_POINT('',#5899);
#1632=VERTEX_POINT('',#5901);
#1633=VERTEX_POINT('',#5905);
#1634=VERTEX_POINT('',#5907);
#1635=VERTEX_POINT('',#5911);
#1636=VERTEX_POINT('',#5913);
#1637=VERTEX_POINT('',#5915);
#1638=VERTEX_POINT('',#5919);
#1639=VERTEX_POINT('',#5923);
#1640=VERTEX_POINT('',#5924);
#1641=VERTEX_POINT('',#5926);
#1642=VERTEX_POINT('',#5928);
#1643=VERTEX_POINT('',#5932);
#1644=VERTEX_POINT('',#5933);
#1645=VERTEX_POINT('',#5935);
#1646=VERTEX_POINT('',#5937);
#1647=VERTEX_POINT('',#5941);
#1648=VERTEX_POINT('',#5943);
#1649=VERTEX_POINT('',#5945);
#1650=VERTEX_POINT('',#5947);
#1651=VERTEX_POINT('',#5949);
#1652=VERTEX_POINT('',#5951);
#1653=VERTEX_POINT('',#5953);
#1654=VERTEX_POINT('',#5955);
#1655=VERTEX_POINT('',#5957);
#1656=VERTEX_POINT('',#5959);
#1657=VERTEX_POINT('',#5961);
#1658=VERTEX_POINT('',#5963);
#1659=VERTEX_POINT('',#5965);
#1660=VERTEX_POINT('',#5967);
#1661=VERTEX_POINT('',#5971);
#1662=VERTEX_POINT('',#5972);
#1663=VERTEX_POINT('',#5974);
#1664=VERTEX_POINT('',#5976);
#1665=VERTEX_POINT('',#5980);
#1666=VERTEX_POINT('',#5981);
#1667=VERTEX_POINT('',#5983);
#1668=VERTEX_POINT('',#5985);
#1669=VERTEX_POINT('',#5987);
#1670=VERTEX_POINT('',#5989);
#1671=VERTEX_POINT('',#5991);
#1672=VERTEX_POINT('',#5993);
#1673=VERTEX_POINT('',#5995);
#1674=VERTEX_POINT('',#5997);
#1675=VERTEX_POINT('',#5999);
#1676=VERTEX_POINT('',#6001);
#1677=VERTEX_POINT('',#6003);
#1678=VERTEX_POINT('',#6005);
#1679=VERTEX_POINT('',#6007);
#1680=VERTEX_POINT('',#6009);
#1681=VERTEX_POINT('',#6011);
#1682=VERTEX_POINT('',#6013);
#1683=VERTEX_POINT('',#6015);
#1684=VERTEX_POINT('',#6017);
#1685=VERTEX_POINT('',#6019);
#1686=VERTEX_POINT('',#6021);
#1687=VERTEX_POINT('',#6023);
#1688=VERTEX_POINT('',#6025);
#1689=VERTEX_POINT('',#6027);
#1690=VERTEX_POINT('',#6029);
#1691=VERTEX_POINT('',#6031);
#1692=VERTEX_POINT('',#6033);
#1693=VERTEX_POINT('',#6037);
#1694=VERTEX_POINT('',#6039);
#1695=VERTEX_POINT('',#6043);
#1696=VERTEX_POINT('',#6045);
#1697=VERTEX_POINT('',#6047);
#1698=VERTEX_POINT('',#6049);
#1699=VERTEX_POINT('',#6051);
#1700=VERTEX_POINT('',#6053);
#1701=VERTEX_POINT('',#6055);
#1702=VERTEX_POINT('',#6057);
#1703=VERTEX_POINT('',#6062);
#1704=VERTEX_POINT('',#6064);
#1705=VERTEX_POINT('',#6068);
#1706=VERTEX_POINT('',#6072);
#1707=VERTEX_POINT('',#6076);
#1708=VERTEX_POINT('',#6080);
#1709=VERTEX_POINT('',#6084);
#1710=VERTEX_POINT('',#6088);
#1711=VERTEX_POINT('',#6092);
#1712=VERTEX_POINT('',#6096);
#1713=VERTEX_POINT('',#6100);
#1714=VERTEX_POINT('',#6104);
#1715=VERTEX_POINT('',#6108);
#1716=VERTEX_POINT('',#6112);
#1717=VERTEX_POINT('',#6113);
#1718=VERTEX_POINT('',#6119);
#1719=VERTEX_POINT('',#6121);
#1720=VERTEX_POINT('',#6125);
#1721=VERTEX_POINT('',#6127);
#1722=VERTEX_POINT('',#6131);
#1723=VERTEX_POINT('',#6133);
#1724=VERTEX_POINT('',#6135);
#1725=VERTEX_POINT('',#6139);
#1726=VERTEX_POINT('',#6143);
#1727=VERTEX_POINT('',#6145);
#1728=VERTEX_POINT('',#6149);
#1729=VERTEX_POINT('',#6151);
#1730=VERTEX_POINT('',#6155);
#1731=VERTEX_POINT('',#6157);
#1732=VERTEX_POINT('',#6160);
#1733=VERTEX_POINT('',#6162);
#1734=VERTEX_POINT('',#6165);
#1735=VERTEX_POINT('',#6167);
#1736=VERTEX_POINT('',#6169);
#1737=VERTEX_POINT('',#6172);
#1738=VERTEX_POINT('',#6174);
#1739=VERTEX_POINT('',#6176);
#1740=VERTEX_POINT('',#6178);
#1741=VERTEX_POINT('',#6180);
#1742=VERTEX_POINT('',#6182);
#1743=VERTEX_POINT('',#6184);
#1744=VERTEX_POINT('',#6186);
#1745=VERTEX_POINT('',#6188);
#1746=VERTEX_POINT('',#6190);
#1747=VERTEX_POINT('',#6192);
#1748=VERTEX_POINT('',#6194);
#1749=VERTEX_POINT('',#6196);
#1750=VERTEX_POINT('',#6198);
#1751=VERTEX_POINT('',#6200);
#1752=VERTEX_POINT('',#6202);
#1753=VERTEX_POINT('',#6204);
#1754=VERTEX_POINT('',#6206);
#1755=VERTEX_POINT('',#6208);
#1756=VERTEX_POINT('',#6210);
#1757=VERTEX_POINT('',#6212);
#1758=VERTEX_POINT('',#6214);
#1759=VERTEX_POINT('',#6216);
#1760=VERTEX_POINT('',#6218);
#1761=VERTEX_POINT('',#6220);
#1762=VERTEX_POINT('',#6222);
#1763=VERTEX_POINT('',#6226);
#1764=VERTEX_POINT('',#6228);
#1765=VERTEX_POINT('',#6232);
#1766=VERTEX_POINT('',#6234);
#1767=VERTEX_POINT('',#6238);
#1768=VERTEX_POINT('',#6239);
#1769=VERTEX_POINT('',#6241);
#1770=VERTEX_POINT('',#6246);
#1771=VERTEX_POINT('',#6247);
#1772=VERTEX_POINT('',#6250);
#1773=VERTEX_POINT('',#6254);
#1774=VERTEX_POINT('',#6256);
#1775=VERTEX_POINT('',#6258);
#1776=VERTEX_POINT('',#6260);
#1777=VERTEX_POINT('',#6262);
#1778=VERTEX_POINT('',#6264);
#1779=VERTEX_POINT('',#6266);
#1780=VERTEX_POINT('',#6268);
#1781=VERTEX_POINT('',#6270);
#1782=VERTEX_POINT('',#6272);
#1783=VERTEX_POINT('',#6274);
#1784=VERTEX_POINT('',#6276);
#1785=VERTEX_POINT('',#6278);
#1786=VERTEX_POINT('',#6282);
#1787=VERTEX_POINT('',#6290);
#1788=VERTEX_POINT('',#6331);
#1789=VERTEX_POINT('',#6333);
#1790=VERTEX_POINT('',#6337);
#1791=VERTEX_POINT('',#6341);
#1792=VERTEX_POINT('',#6345);
#1793=VERTEX_POINT('',#6347);
#1794=VERTEX_POINT('',#6351);
#1795=VERTEX_POINT('',#6355);
#1796=VERTEX_POINT('',#6359);
#1797=VERTEX_POINT('',#6361);
#1798=VERTEX_POINT('',#6363);
#1799=VERTEX_POINT('',#6365);
#1800=VERTEX_POINT('',#6369);
#1801=VERTEX_POINT('',#6371);
#1802=VERTEX_POINT('',#6377);
#1803=VERTEX_POINT('',#6386);
#1804=EDGE_CURVE('',#1451,#1452,#1386,.T.);
#1805=EDGE_CURVE('',#1453,#1451,#1387,.T.);
#1806=EDGE_CURVE('',#1454,#1453,#1388,.T.);
#1807=EDGE_CURVE('',#1455,#1454,#1389,.T.);
#1808=EDGE_CURVE('',#1456,#1455,#1390,.T.);
#1809=EDGE_CURVE('',#1457,#1456,#1391,.T.);
#1810=EDGE_CURVE('',#1458,#1457,#1392,.T.);
#1811=EDGE_CURVE('',#1459,#1458,#1393,.T.);
#1812=EDGE_CURVE('',#1460,#1459,#1394,.T.);
#1813=EDGE_CURVE('',#1461,#1460,#1395,.T.);
#1814=EDGE_CURVE('',#1452,#1461,#1396,.T.);
#1815=EDGE_CURVE('',#1462,#1463,#1397,.T.);
#1816=EDGE_CURVE('',#1464,#1462,#1398,.T.);
#1817=EDGE_CURVE('',#1465,#1464,#1399,.T.);
#1818=EDGE_CURVE('',#1466,#1465,#1400,.T.);
#1819=EDGE_CURVE('',#1467,#1466,#1401,.T.);
#1820=EDGE_CURVE('',#1468,#1467,#1402,.T.);
#1821=EDGE_CURVE('',#1469,#1468,#1403,.T.);
#1822=EDGE_CURVE('',#1470,#1469,#1404,.T.);
#1823=EDGE_CURVE('',#1463,#1470,#1405,.T.);
#1824=EDGE_CURVE('',#1452,#1471,#64,.T.);
#1825=EDGE_CURVE('',#1472,#1471,#1406,.T.);
#1826=EDGE_CURVE('',#1451,#1472,#65,.T.);
#1827=EDGE_CURVE('',#1473,#1472,#1407,.T.);
#1828=EDGE_CURVE('',#1453,#1473,#66,.T.);
#1829=EDGE_CURVE('',#1474,#1473,#1408,.T.);
#1830=EDGE_CURVE('',#1454,#1474,#67,.T.);
#1831=EDGE_CURVE('',#1475,#1474,#1409,.T.);
#1832=EDGE_CURVE('',#1455,#1475,#68,.T.);
#1833=EDGE_CURVE('',#1476,#1475,#1410,.T.);
#1834=EDGE_CURVE('',#1456,#1476,#69,.T.);
#1835=EDGE_CURVE('',#1477,#1476,#1411,.T.);
#1836=EDGE_CURVE('',#1457,#1477,#70,.T.);
#1837=EDGE_CURVE('',#1478,#1477,#1412,.T.);
#1838=EDGE_CURVE('',#1458,#1478,#71,.T.);
#1839=EDGE_CURVE('',#1479,#1478,#1413,.T.);
#1840=EDGE_CURVE('',#1459,#1479,#72,.T.);
#1841=EDGE_CURVE('',#1480,#1479,#1414,.T.);
#1842=EDGE_CURVE('',#1460,#1480,#73,.T.);
#1843=EDGE_CURVE('',#1481,#1480,#1415,.T.);
#1844=EDGE_CURVE('',#1461,#1481,#74,.T.);
#1845=EDGE_CURVE('',#1471,#1481,#1416,.T.);
#1846=EDGE_CURVE('',#1463,#1482,#75,.T.);
#1847=EDGE_CURVE('',#1483,#1482,#1417,.T.);
#1848=EDGE_CURVE('',#1462,#1483,#76,.T.);
#1849=EDGE_CURVE('',#1484,#1483,#1418,.T.);
#1850=EDGE_CURVE('',#1464,#1484,#77,.T.);
#1851=EDGE_CURVE('',#1485,#1484,#1419,.T.);
#1852=EDGE_CURVE('',#1465,#1485,#78,.T.);
#1853=EDGE_CURVE('',#1486,#1485,#1420,.T.);
#1854=EDGE_CURVE('',#1466,#1486,#79,.T.);
#1855=EDGE_CURVE('',#1487,#1486,#1421,.T.);
#1856=EDGE_CURVE('',#1467,#1487,#80,.T.);
#1857=EDGE_CURVE('',#1488,#1487,#1422,.T.);
#1858=EDGE_CURVE('',#1468,#1488,#81,.T.);
#1859=EDGE_CURVE('',#1489,#1488,#1423,.T.);
#1860=EDGE_CURVE('',#1469,#1489,#82,.T.);
#1861=EDGE_CURVE('',#1490,#1489,#1424,.T.);
#1862=EDGE_CURVE('',#1470,#1490,#83,.T.);
#1863=EDGE_CURVE('',#1482,#1490,#1425,.T.);
#1864=EDGE_CURVE('',#1491,#1492,#84,.T.);
#1865=EDGE_CURVE('',#1493,#1491,#85,.T.);
#1866=EDGE_CURVE('',#1494,#1493,#86,.T.);
#1867=EDGE_CURVE('',#1495,#1494,#87,.T.);
#1868=EDGE_CURVE('',#1496,#1495,#88,.T.);
#1869=EDGE_CURVE('',#1497,#1496,#89,.T.);
#1870=EDGE_CURVE('',#1498,#1497,#90,.T.);
#1871=EDGE_CURVE('',#1492,#1498,#91,.T.);
#1872=EDGE_CURVE('',#1492,#1499,#92,.T.);
#1873=EDGE_CURVE('',#1500,#1499,#93,.T.);
#1874=EDGE_CURVE('',#1491,#1500,#94,.T.);
#1875=EDGE_CURVE('',#1501,#1500,#95,.T.);
#1876=EDGE_CURVE('',#1493,#1501,#96,.T.);
#1877=EDGE_CURVE('',#1502,#1501,#97,.T.);
#1878=EDGE_CURVE('',#1494,#1502,#98,.T.);
#1879=EDGE_CURVE('',#1503,#1502,#99,.T.);
#1880=EDGE_CURVE('',#1495,#1503,#100,.T.);
#1881=EDGE_CURVE('',#1504,#1503,#101,.T.);
#1882=EDGE_CURVE('',#1496,#1504,#102,.T.);
#1883=EDGE_CURVE('',#1505,#1504,#103,.T.);
#1884=EDGE_CURVE('',#1497,#1505,#104,.T.);
#1885=EDGE_CURVE('',#1506,#1505,#105,.T.);
#1886=EDGE_CURVE('',#1498,#1506,#106,.T.);
#1887=EDGE_CURVE('',#1499,#1506,#107,.T.);
#1888=EDGE_CURVE('',#1507,#1508,#108,.T.);
#1889=EDGE_CURVE('',#1509,#1507,#109,.T.);
#1890=EDGE_CURVE('',#1510,#1509,#1426,.T.);
#1891=EDGE_CURVE('',#1511,#1510,#1427,.T.);
#1892=EDGE_CURVE('',#1512,#1511,#1428,.T.);
#1893=EDGE_CURVE('',#1513,#1512,#1429,.T.);
#1894=EDGE_CURVE('',#1514,#1513,#1430,.T.);
#1895=EDGE_CURVE('',#1515,#1514,#1431,.T.);
#1896=EDGE_CURVE('',#1516,#1515,#110,.T.);
#1897=EDGE_CURVE('',#1517,#1516,#111,.T.);
#1898=EDGE_CURVE('',#1508,#1517,#112,.T.);
#1899=EDGE_CURVE('',#1518,#1519,#113,.T.);
#1900=EDGE_CURVE('',#1520,#1518,#1432,.T.);
#1901=EDGE_CURVE('',#1521,#1520,#1433,.T.);
#1902=EDGE_CURVE('',#1522,#1521,#1434,.T.);
#1903=EDGE_CURVE('',#1523,#1522,#1435,.T.);
#1904=EDGE_CURVE('',#1524,#1523,#1436,.T.);
#1905=EDGE_CURVE('',#1525,#1524,#114,.T.);
#1906=EDGE_CURVE('',#1519,#1525,#115,.T.);
#1907=EDGE_CURVE('',#1508,#1526,#116,.T.);
#1908=EDGE_CURVE('',#1527,#1526,#117,.T.);
#1909=EDGE_CURVE('',#1507,#1527,#118,.T.);
#1910=EDGE_CURVE('',#1528,#1527,#119,.T.);
#1911=EDGE_CURVE('',#1509,#1528,#120,.T.);
#1912=EDGE_CURVE('',#1529,#1528,#1437,.T.);
#1913=EDGE_CURVE('',#1510,#1529,#121,.T.);
#1914=EDGE_CURVE('',#1530,#1529,#1438,.T.);
#1915=EDGE_CURVE('',#1511,#1530,#122,.T.);
#1916=EDGE_CURVE('',#1531,#1530,#1439,.T.);
#1917=EDGE_CURVE('',#1512,#1531,#123,.T.);
#1918=EDGE_CURVE('',#1532,#1531,#1440,.T.);
#1919=EDGE_CURVE('',#1513,#1532,#124,.T.);
#1920=EDGE_CURVE('',#1533,#1532,#1441,.T.);
#1921=EDGE_CURVE('',#1514,#1533,#125,.T.);
#1922=EDGE_CURVE('',#1534,#1533,#1442,.T.);
#1923=EDGE_CURVE('',#1515,#1534,#126,.T.);
#1924=EDGE_CURVE('',#1535,#1534,#127,.T.);
#1925=EDGE_CURVE('',#1516,#1535,#128,.T.);
#1926=EDGE_CURVE('',#1536,#1535,#129,.T.);
#1927=EDGE_CURVE('',#1517,#1536,#130,.T.);
#1928=EDGE_CURVE('',#1526,#1536,#131,.T.);
#1929=EDGE_CURVE('',#1519,#1537,#132,.T.);
#1930=EDGE_CURVE('',#1538,#1537,#133,.T.);
#1931=EDGE_CURVE('',#1518,#1538,#134,.T.);
#1932=EDGE_CURVE('',#1539,#1538,#1443,.T.);
#1933=EDGE_CURVE('',#1520,#1539,#135,.T.);
#1934=EDGE_CURVE('',#1540,#1539,#1444,.T.);
#1935=EDGE_CURVE('',#1521,#1540,#136,.T.);
#1936=EDGE_CURVE('',#1541,#1540,#1445,.T.);
#1937=EDGE_CURVE('',#1522,#1541,#137,.T.);
#1938=EDGE_CURVE('',#1542,#1541,#1446,.T.);
#1939=EDGE_CURVE('',#1523,#1542,#138,.T.);
#1940=EDGE_CURVE('',#1543,#1542,#1447,.T.);
#1941=EDGE_CURVE('',#1524,#1543,#139,.T.);
#1942=EDGE_CURVE('',#1544,#1543,#140,.T.);
#1943=EDGE_CURVE('',#1525,#1544,#141,.T.);
#1944=EDGE_CURVE('',#1537,#1544,#142,.T.);
#1945=EDGE_CURVE('',#1545,#1546,#143,.T.);
#1946=EDGE_CURVE('',#1545,#1547,#144,.T.);
#1947=EDGE_CURVE('',#1548,#1547,#145,.T.);
#1948=EDGE_CURVE('',#1546,#1548,#146,.T.);
#1949=EDGE_CURVE('',#1546,#1549,#147,.T.);
#1950=EDGE_CURVE('',#1550,#1548,#148,.T.);
#1951=EDGE_CURVE('',#1549,#1550,#149,.T.);
#1952=EDGE_CURVE('',#1551,#1545,#150,.T.);
#1953=EDGE_CURVE('',#1552,#1551,#151,.T.);
#1954=EDGE_CURVE('',#1547,#1552,#152,.T.);
#1955=EDGE_CURVE('',#1553,#1554,#153,.T.);
#1956=EDGE_CURVE('',#1553,#1555,#154,.T.);
#1957=EDGE_CURVE('',#1556,#1555,#155,.T.);
#1958=EDGE_CURVE('',#1554,#1556,#156,.T.);
#1959=EDGE_CURVE('',#1554,#1557,#157,.T.);
#1960=EDGE_CURVE('',#1558,#1556,#158,.T.);
#1961=EDGE_CURVE('',#1557,#1558,#159,.T.);
#1962=EDGE_CURVE('',#1559,#1553,#160,.T.);
#1963=EDGE_CURVE('',#1560,#1559,#161,.T.);
#1964=EDGE_CURVE('',#1555,#1560,#162,.T.);
#1965=EDGE_CURVE('',#1559,#1549,#163,.T.);
#1966=EDGE_CURVE('',#1561,#1557,#164,.T.);
#1967=EDGE_CURVE('',#1561,#1562,#165,.T.);
#1968=EDGE_CURVE('',#1562,#1563,#166,.T.);
#1969=EDGE_CURVE('',#1563,#1564,#167,.T.);
#1970=EDGE_CURVE('',#1565,#1564,#168,.T.);
#1971=EDGE_CURVE('',#1565,#1566,#169,.T.);
#1972=EDGE_CURVE('',#1566,#1567,#1448,.F.);
#1973=EDGE_CURVE('',#1567,#1568,#63,.F.);
#1974=EDGE_CURVE('',#1569,#1568,#170,.F.);
#1975=EDGE_CURVE('',#1570,#1569,#171,.T.);
#1976=EDGE_CURVE('',#1571,#1570,#172,.T.);
#1977=EDGE_CURVE('',#1551,#1571,#173,.T.);
#1978=EDGE_CURVE('',#1558,#1572,#174,.T.);
#1979=EDGE_CURVE('',#1572,#1561,#175,.T.);
#1980=EDGE_CURVE('',#1550,#1560,#176,.T.);
#1981=EDGE_CURVE('',#1562,#1573,#177,.T.);
#1982=EDGE_CURVE('',#1574,#1573,#178,.T.);
#1983=EDGE_CURVE('',#1563,#1574,#179,.T.);
#1984=EDGE_CURVE('',#1575,#1574,#180,.T.);
#1985=EDGE_CURVE('',#1564,#1575,#181,.T.);
#1986=EDGE_CURVE('',#1573,#1572,#182,.T.);
#1987=EDGE_CURVE('',#1575,#1576,#183,.T.);
#1988=EDGE_CURVE('',#1576,#1577,#184,.T.);
#1989=EDGE_CURVE('',#1577,#1565,#41,.T.);
#1990=EDGE_CURVE('',#1578,#1579,#185,.T.);
#1991=EDGE_CURVE('',#1580,#1578,#186,.T.);
#1992=EDGE_CURVE('',#1581,#1580,#187,.T.);
#1993=EDGE_CURVE('',#1582,#1581,#39,.T.);
#1994=EDGE_CURVE('',#1579,#1582,#188,.T.);
#1995=EDGE_CURVE('',#1583,#1584,#189,.T.);
#1996=EDGE_CURVE('',#1585,#1583,#190,.T.);
#1997=EDGE_CURVE('',#1586,#1585,#191,.T.);
#1998=EDGE_CURVE('',#1587,#1586,#192,.T.);
#1999=EDGE_CURVE('',#1584,#1587,#40,.T.);
#2000=EDGE_CURVE('',#1581,#1588,#193,.T.);
#2001=EDGE_CURVE('',#1589,#1588,#42,.T.);
#2002=EDGE_CURVE('',#1589,#1582,#194,.T.);
#2003=EDGE_CURVE('',#1583,#1580,#195,.T.);
#2004=EDGE_CURVE('',#1584,#1590,#196,.T.);
#2005=EDGE_CURVE('',#1591,#1590,#1449,.T.);
#2006=EDGE_CURVE('',#1588,#1591,#197,.T.);
#2007=EDGE_CURVE('',#1587,#1592,#198,.T.);
#2008=EDGE_CURVE('',#1590,#1592,#43,.T.);
#2009=EDGE_CURVE('',#1586,#1593,#199,.T.);
#2010=EDGE_CURVE('',#1594,#1593,#200,.T.);
#2011=EDGE_CURVE('',#1594,#1595,#201,.T.);
#2012=EDGE_CURVE('',#1595,#1592,#202,.T.);
#2013=EDGE_CURVE('',#1596,#1597,#203,.T.);
#2014=EDGE_CURVE('',#1598,#1596,#204,.T.);
#2015=EDGE_CURVE('',#1597,#1598,#205,.T.);
#2016=EDGE_CURVE('',#1598,#1599,#206,.T.);
#2017=EDGE_CURVE('',#1596,#1600,#207,.T.);
#2018=EDGE_CURVE('',#1600,#1599,#208,.T.);
#2019=EDGE_CURVE('',#1601,#1597,#209,.T.);
#2020=EDGE_CURVE('',#1601,#1600,#210,.T.);
#2021=EDGE_CURVE('',#1599,#1601,#211,.T.);
#2022=EDGE_CURVE('',#1591,#1602,#212,.T.);
#2023=EDGE_CURVE('',#1602,#1603,#213,.T.);
#2024=EDGE_CURVE('',#1603,#1588,#214,.T.);
#2025=EDGE_CURVE('',#1589,#1604,#215,.T.);
#2026=EDGE_CURVE('',#1603,#1604,#44,.T.);
#2027=EDGE_CURVE('',#1566,#1602,#1450,.T.);
#2028=EDGE_CURVE('',#1590,#1567,#216,.T.);
#2029=EDGE_CURVE('',#1568,#1595,#45,.F.);
#2030=EDGE_CURVE('',#1602,#1605,#46,.T.);
#2031=EDGE_CURVE('',#1604,#1605,#217,.T.);
#2032=EDGE_CURVE('',#1569,#1570,#47,.T.);
#2033=EDGE_CURVE('',#1605,#1577,#218,.T.);
#2034=EDGE_CURVE('',#1571,#1594,#48,.T.);
#2035=EDGE_CURVE('',#1578,#1585,#219,.T.);
#2036=EDGE_CURVE('',#1579,#1576,#220,.T.);
#2037=EDGE_CURVE('',#1593,#1552,#221,.T.);
#2038=EDGE_CURVE('',#1606,#1607,#222,.T.);
#2039=EDGE_CURVE('',#1606,#1608,#223,.T.);
#2040=EDGE_CURVE('',#1609,#1608,#224,.T.);
#2041=EDGE_CURVE('',#1607,#1609,#225,.T.);
#2042=EDGE_CURVE('',#1607,#1610,#49,.T.);
#2043=EDGE_CURVE('',#1611,#1609,#50,.T.);
#2044=EDGE_CURVE('',#1610,#1611,#226,.T.);
#2045=EDGE_CURVE('',#1610,#1612,#227,.T.);
#2046=EDGE_CURVE('',#1613,#1611,#228,.T.);
#2047=EDGE_CURVE('',#1612,#1613,#229,.T.);
#2048=EDGE_CURVE('',#1612,#1614,#51,.T.);
#2049=EDGE_CURVE('',#1615,#1613,#52,.T.);
#2050=EDGE_CURVE('',#1614,#1615,#230,.T.);
#2051=EDGE_CURVE('',#1614,#1616,#231,.T.);
#2052=EDGE_CURVE('',#1617,#1615,#232,.T.);
#2053=EDGE_CURVE('',#1616,#1617,#233,.T.);
#2054=EDGE_CURVE('',#1618,#1606,#53,.T.);
#2055=EDGE_CURVE('',#1618,#1619,#234,.T.);
#2056=EDGE_CURVE('',#1608,#1619,#54,.T.);
#2057=EDGE_CURVE('',#1620,#1618,#235,.T.);
#2058=EDGE_CURVE('',#1620,#1621,#236,.T.);
#2059=EDGE_CURVE('',#1619,#1621,#237,.T.);
#2060=EDGE_CURVE('',#1616,#1620,#55,.T.);
#2061=EDGE_CURVE('',#1621,#1617,#56,.T.);
#2062=EDGE_CURVE('',#1622,#1623,#238,.T.);
#2063=EDGE_CURVE('',#1624,#1623,#239,.T.);
#2064=EDGE_CURVE('',#1624,#1625,#240,.T.);
#2065=EDGE_CURVE('',#1625,#1622,#241,.T.);
#2066=EDGE_CURVE('',#1625,#1626,#242,.T.);
#2067=EDGE_CURVE('',#1627,#1626,#243,.T.);
#2068=EDGE_CURVE('',#1627,#1628,#244,.T.);
#2069=EDGE_CURVE('',#1628,#1629,#245,.T.);
#2070=EDGE_CURVE('',#1629,#1622,#246,.T.);
#2071=EDGE_CURVE('',#1630,#1624,#247,.T.);
#2072=EDGE_CURVE('',#1631,#1630,#248,.T.);
#2073=EDGE_CURVE('',#1631,#1632,#249,.T.);
#2074=EDGE_CURVE('',#1632,#1625,#250,.T.);
#2075=EDGE_CURVE('',#1633,#1627,#251,.T.);
#2076=EDGE_CURVE('',#1626,#1634,#252,.T.);
#2077=EDGE_CURVE('',#1633,#1634,#253,.T.);
#2078=EDGE_CURVE('',#1635,#1633,#254,.T.);
#2079=EDGE_CURVE('',#1635,#1636,#255,.T.);
#2080=EDGE_CURVE('',#1636,#1637,#256,.T.);
#2081=EDGE_CURVE('',#1637,#1628,#257,.T.);
#2082=EDGE_CURVE('',#1638,#1626,#258,.T.);
#2083=EDGE_CURVE('',#1634,#1638,#259,.T.);
#2084=EDGE_CURVE('',#1639,#1640,#260,.T.);
#2085=EDGE_CURVE('',#1640,#1641,#261,.T.);
#2086=EDGE_CURVE('',#1641,#1642,#262,.T.);
#2087=EDGE_CURVE('',#1642,#1639,#263,.T.);
#2088=EDGE_CURVE('',#1643,#1644,#264,.T.);
#2089=EDGE_CURVE('',#1644,#1645,#265,.T.);
#2090=EDGE_CURVE('',#1645,#1646,#266,.T.);
#2091=EDGE_CURVE('',#1646,#1643,#267,.T.);
#2092=EDGE_CURVE('',#1638,#1647,#268,.T.);
#2093=EDGE_CURVE('',#1648,#1647,#269,.T.);
#2094=EDGE_CURVE('',#1648,#1649,#270,.T.);
#2095=EDGE_CURVE('',#1649,#1650,#271,.T.);
#2096=EDGE_CURVE('',#1650,#1651,#272,.T.);
#2097=EDGE_CURVE('',#1651,#1652,#273,.T.);
#2098=EDGE_CURVE('',#1652,#1653,#274,.T.);
#2099=EDGE_CURVE('',#1653,#1654,#275,.T.);
#2100=EDGE_CURVE('',#1654,#1655,#276,.T.);
#2101=EDGE_CURVE('',#1655,#1656,#277,.T.);
#2102=EDGE_CURVE('',#1656,#1657,#278,.T.);
#2103=EDGE_CURVE('',#1657,#1658,#279,.T.);
#2104=EDGE_CURVE('',#1658,#1659,#280,.T.);
#2105=EDGE_CURVE('',#1659,#1660,#281,.T.);
#2106=EDGE_CURVE('',#1660,#1635,#282,.T.);
#2107=EDGE_CURVE('',#1661,#1662,#283,.T.);
#2108=EDGE_CURVE('',#1662,#1663,#284,.T.);
#2109=EDGE_CURVE('',#1663,#1664,#285,.T.);
#2110=EDGE_CURVE('',#1664,#1661,#286,.T.);
#2111=EDGE_CURVE('',#1665,#1666,#287,.T.);
#2112=EDGE_CURVE('',#1665,#1667,#288,.T.);
#2113=EDGE_CURVE('',#1668,#1667,#289,.T.);
#2114=EDGE_CURVE('',#1669,#1668,#290,.T.);
#2115=EDGE_CURVE('',#1670,#1669,#291,.T.);
#2116=EDGE_CURVE('',#1671,#1670,#292,.T.);
#2117=EDGE_CURVE('',#1672,#1671,#293,.T.);
#2118=EDGE_CURVE('',#1673,#1672,#294,.T.);
#2119=EDGE_CURVE('',#1674,#1673,#295,.T.);
#2120=EDGE_CURVE('',#1675,#1674,#296,.T.);
#2121=EDGE_CURVE('',#1676,#1675,#297,.T.);
#2122=EDGE_CURVE('',#1677,#1676,#298,.T.);
#2123=EDGE_CURVE('',#1678,#1677,#299,.T.);
#2124=EDGE_CURVE('',#1679,#1678,#300,.T.);
#2125=EDGE_CURVE('',#1680,#1679,#301,.T.);
#2126=EDGE_CURVE('',#1681,#1680,#302,.T.);
#2127=EDGE_CURVE('',#1682,#1681,#303,.T.);
#2128=EDGE_CURVE('',#1683,#1682,#304,.T.);
#2129=EDGE_CURVE('',#1684,#1683,#305,.T.);
#2130=EDGE_CURVE('',#1685,#1684,#306,.T.);
#2131=EDGE_CURVE('',#1686,#1685,#307,.T.);
#2132=EDGE_CURVE('',#1687,#1686,#308,.T.);
#2133=EDGE_CURVE('',#1688,#1687,#309,.T.);
#2134=EDGE_CURVE('',#1689,#1688,#310,.T.);
#2135=EDGE_CURVE('',#1690,#1689,#311,.T.);
#2136=EDGE_CURVE('',#1691,#1690,#312,.T.);
#2137=EDGE_CURVE('',#1692,#1691,#313,.T.);
#2138=EDGE_CURVE('',#1666,#1692,#314,.T.);
#2139=EDGE_CURVE('',#1693,#1647,#315,.T.);
#2140=EDGE_CURVE('',#1694,#1693,#316,.T.);
#2141=EDGE_CURVE('',#1648,#1694,#317,.T.);
#2142=EDGE_CURVE('',#1693,#1695,#57,.T.);
#2143=EDGE_CURVE('',#1695,#1696,#318,.T.);
#2144=EDGE_CURVE('',#1697,#1696,#319,.T.);
#2145=EDGE_CURVE('',#1697,#1698,#320,.T.);
#2146=EDGE_CURVE('',#1699,#1698,#321,.T.);
#2147=EDGE_CURVE('',#1699,#1700,#322,.T.);
#2148=EDGE_CURVE('',#1701,#1700,#323,.T.);
#2149=EDGE_CURVE('',#1701,#1702,#324,.T.);
#2150=EDGE_CURVE('',#1667,#1702,#58,.T.);
#2151=EDGE_CURVE('',#1694,#1665,#59,.T.);
#2152=EDGE_CURVE('',#1666,#1703,#325,.T.);
#2153=EDGE_CURVE('',#1703,#1704,#326,.T.);
#2154=EDGE_CURVE('',#1704,#1649,#327,.T.);
#2155=EDGE_CURVE('',#1705,#1692,#328,.T.);
#2156=EDGE_CURVE('',#1703,#1705,#329,.T.);
#2157=EDGE_CURVE('',#1706,#1691,#330,.T.);
#2158=EDGE_CURVE('',#1705,#1706,#331,.T.);
#2159=EDGE_CURVE('',#1707,#1690,#332,.T.);
#2160=EDGE_CURVE('',#1706,#1707,#333,.T.);
#2161=EDGE_CURVE('',#1689,#1708,#334,.T.);
#2162=EDGE_CURVE('',#1708,#1707,#335,.T.);
#2163=EDGE_CURVE('',#1709,#1688,#336,.T.);
#2164=EDGE_CURVE('',#1708,#1709,#337,.T.);
#2165=EDGE_CURVE('',#1710,#1687,#338,.T.);
#2166=EDGE_CURVE('',#1709,#1710,#339,.T.);
#2167=EDGE_CURVE('',#1711,#1686,#340,.T.);
#2168=EDGE_CURVE('',#1710,#1711,#341,.T.);
#2169=EDGE_CURVE('',#1685,#1712,#342,.T.);
#2170=EDGE_CURVE('',#1712,#1711,#343,.T.);
#2171=EDGE_CURVE('',#1713,#1684,#344,.T.);
#2172=EDGE_CURVE('',#1712,#1713,#345,.T.);
#2173=EDGE_CURVE('',#1714,#1683,#346,.T.);
#2174=EDGE_CURVE('',#1713,#1714,#347,.T.);
#2175=EDGE_CURVE('',#1715,#1682,#348,.T.);
#2176=EDGE_CURVE('',#1714,#1715,#349,.T.);
#2177=EDGE_CURVE('',#1716,#1717,#350,.T.);
#2178=EDGE_CURVE('',#1716,#1632,#60,.T.);
#2179=EDGE_CURVE('',#1681,#1631,#61,.T.);
#2180=EDGE_CURVE('',#1717,#1680,#62,.T.);
#2181=EDGE_CURVE('',#1718,#1696,#351,.T.);
#2182=EDGE_CURVE('',#1719,#1718,#352,.T.);
#2183=EDGE_CURVE('',#1719,#1697,#353,.T.);
#2184=EDGE_CURVE('',#1720,#1700,#354,.T.);
#2185=EDGE_CURVE('',#1721,#1720,#355,.T.);
#2186=EDGE_CURVE('',#1721,#1701,#356,.T.);
#2187=EDGE_CURVE('',#1722,#1716,#357,.T.);
#2188=EDGE_CURVE('',#1722,#1723,#358,.T.);
#2189=EDGE_CURVE('',#1723,#1724,#359,.T.);
#2190=EDGE_CURVE('',#1724,#1695,#360,.T.);
#2191=EDGE_CURVE('',#1725,#1717,#361,.T.);
#2192=EDGE_CURVE('',#1725,#1722,#362,.T.);
#2193=EDGE_CURVE('',#1726,#1654,#363,.T.);
#2194=EDGE_CURVE('',#1653,#1727,#364,.T.);
#2195=EDGE_CURVE('',#1727,#1726,#365,.T.);
#2196=EDGE_CURVE('',#1728,#1658,#366,.T.);
#2197=EDGE_CURVE('',#1657,#1729,#367,.T.);
#2198=EDGE_CURVE('',#1729,#1728,#368,.T.);
#2199=EDGE_CURVE('',#1636,#1730,#369,.T.);
#2200=EDGE_CURVE('',#1730,#1731,#370,.T.);
#2201=EDGE_CURVE('',#1731,#1728,#371,.T.);
#2202=EDGE_CURVE('',#1729,#1732,#372,.T.);
#2203=EDGE_CURVE('',#1732,#1733,#373,.T.);
#2204=EDGE_CURVE('',#1733,#1726,#374,.T.);
#2205=EDGE_CURVE('',#1727,#1734,#375,.T.);
#2206=EDGE_CURVE('',#1734,#1735,#376,.T.);
#2207=EDGE_CURVE('',#1735,#1736,#377,.T.);
#2208=EDGE_CURVE('',#1704,#1736,#378,.T.);
#2209=EDGE_CURVE('',#1737,#1715,#379,.T.);
#2210=EDGE_CURVE('',#1738,#1737,#380,.T.);
#2211=EDGE_CURVE('',#1739,#1738,#381,.T.);
#2212=EDGE_CURVE('',#1740,#1739,#382,.T.);
#2213=EDGE_CURVE('',#1741,#1740,#383,.T.);
#2214=EDGE_CURVE('',#1742,#1741,#384,.T.);
#2215=EDGE_CURVE('',#1743,#1742,#385,.T.);
#2216=EDGE_CURVE('',#1744,#1743,#386,.T.);
#2217=EDGE_CURVE('',#1745,#1744,#387,.T.);
#2218=EDGE_CURVE('',#1746,#1745,#388,.T.);
#2219=EDGE_CURVE('',#1747,#1746,#389,.T.);
#2220=EDGE_CURVE('',#1748,#1747,#390,.T.);
#2221=EDGE_CURVE('',#1749,#1748,#391,.T.);
#2222=EDGE_CURVE('',#1750,#1749,#392,.T.);
#2223=EDGE_CURVE('',#1751,#1750,#393,.T.);
#2224=EDGE_CURVE('',#1751,#1752,#394,.T.);
#2225=EDGE_CURVE('',#1752,#1753,#395,.T.);
#2226=EDGE_CURVE('',#1753,#1754,#396,.T.);
#2227=EDGE_CURVE('',#1755,#1754,#397,.T.);
#2228=EDGE_CURVE('',#1755,#1756,#398,.T.);
#2229=EDGE_CURVE('',#1756,#1757,#399,.T.);
#2230=EDGE_CURVE('',#1757,#1758,#400,.T.);
#2231=EDGE_CURVE('',#1759,#1758,#401,.T.);
#2232=EDGE_CURVE('',#1759,#1760,#402,.T.);
#2233=EDGE_CURVE('',#1760,#1761,#403,.T.);
#2234=EDGE_CURVE('',#1761,#1762,#404,.T.);
#2235=EDGE_CURVE('',#1637,#1762,#405,.T.);
#2236=EDGE_CURVE('',#1763,#1719,#406,.T.);
#2237=EDGE_CURVE('',#1764,#1763,#407,.T.);
#2238=EDGE_CURVE('',#1697,#1764,#408,.T.);
#2239=EDGE_CURVE('',#1718,#1765,#409,.T.);
#2240=EDGE_CURVE('',#1766,#1696,#410,.T.);
#2241=EDGE_CURVE('',#1765,#1766,#411,.T.);
#2242=EDGE_CURVE('',#1767,#1768,#412,.T.);
#2243=EDGE_CURVE('',#1769,#1767,#413,.T.);
#2244=EDGE_CURVE('',#1699,#1769,#414,.T.);
#2245=EDGE_CURVE('',#1768,#1699,#415,.T.);
#2246=EDGE_CURVE('',#1770,#1771,#416,.T.);
#2247=EDGE_CURVE('',#1770,#1698,#417,.T.);
#2248=EDGE_CURVE('',#1772,#1698,#418,.T.);
#2249=EDGE_CURVE('',#1771,#1772,#419,.T.);
#2250=EDGE_CURVE('',#1623,#1773,#420,.T.);
#2251=EDGE_CURVE('',#1773,#1774,#421,.T.);
#2252=EDGE_CURVE('',#1774,#1775,#422,.T.);
#2253=EDGE_CURVE('',#1775,#1776,#423,.T.);
#2254=EDGE_CURVE('',#1776,#1777,#424,.T.);
#2255=EDGE_CURVE('',#1777,#1778,#425,.T.);
#2256=EDGE_CURVE('',#1778,#1779,#426,.T.);
#2257=EDGE_CURVE('',#1779,#1780,#427,.T.);
#2258=EDGE_CURVE('',#1780,#1781,#428,.T.);
#2259=EDGE_CURVE('',#1781,#1782,#429,.T.);
#2260=EDGE_CURVE('',#1782,#1783,#430,.T.);
#2261=EDGE_CURVE('',#1783,#1784,#431,.T.);
#2262=EDGE_CURVE('',#1784,#1785,#432,.T.);
#2263=EDGE_CURVE('',#1785,#1630,#433,.T.);
#2264=EDGE_CURVE('',#1786,#1769,#434,.T.);
#2265=EDGE_CURVE('',#1786,#1700,#435,.T.);
#2266=EDGE_CURVE('',#1772,#1764,#436,.T.);
#2267=EDGE_CURVE('',#1766,#1724,#437,.T.);
#2268=EDGE_CURVE('',#1767,#1787,#438,.T.);
#2269=EDGE_CURVE('',#1787,#1786,#439,.T.);
#2270=EDGE_CURVE('',#1763,#1771,#440,.T.);
#2271=EDGE_CURVE('',#1723,#1765,#441,.T.);
#2272=EDGE_CURVE('',#1776,#1746,#442,.T.);
#2273=EDGE_CURVE('',#1747,#1775,#443,.T.);
#2274=EDGE_CURVE('',#1748,#1774,#444,.T.);
#2275=EDGE_CURVE('',#1749,#1773,#445,.T.);
#2276=EDGE_CURVE('',#1780,#1742,#446,.T.);
#2277=EDGE_CURVE('',#1743,#1779,#447,.T.);
#2278=EDGE_CURVE('',#1744,#1778,#448,.T.);
#2279=EDGE_CURVE('',#1745,#1777,#449,.T.);
#2280=EDGE_CURVE('',#1741,#1781,#450,.T.);
#2281=EDGE_CURVE('',#1750,#1629,#451,.T.);
#2282=EDGE_CURVE('',#1761,#1645,#452,.T.);
#2283=EDGE_CURVE('',#1762,#1644,#453,.T.);
#2284=EDGE_CURVE('',#1643,#1759,#454,.T.);
#2285=EDGE_CURVE('',#1760,#1646,#455,.T.);
#2286=EDGE_CURVE('',#1757,#1641,#456,.T.);
#2287=EDGE_CURVE('',#1758,#1640,#457,.T.);
#2288=EDGE_CURVE('',#1639,#1755,#458,.T.);
#2289=EDGE_CURVE('',#1756,#1642,#459,.T.);
#2290=EDGE_CURVE('',#1788,#1670,#460,.T.);
#2291=EDGE_CURVE('',#1789,#1788,#461,.T.);
#2292=EDGE_CURVE('',#1671,#1789,#462,.T.);
#2293=EDGE_CURVE('',#1790,#1669,#463,.T.);
#2294=EDGE_CURVE('',#1788,#1790,#464,.T.);
#2295=EDGE_CURVE('',#1791,#1668,#465,.T.);
#2296=EDGE_CURVE('',#1790,#1791,#466,.T.);
#2297=EDGE_CURVE('',#1792,#1674,#467,.T.);
#2298=EDGE_CURVE('',#1793,#1792,#468,.T.);
#2299=EDGE_CURVE('',#1675,#1793,#469,.T.);
#2300=EDGE_CURVE('',#1794,#1673,#470,.T.);
#2301=EDGE_CURVE('',#1792,#1794,#471,.T.);
#2302=EDGE_CURVE('',#1795,#1672,#472,.T.);
#2303=EDGE_CURVE('',#1794,#1795,#473,.T.);
#2304=EDGE_CURVE('',#1796,#1725,#474,.T.);
#2305=EDGE_CURVE('',#1796,#1797,#475,.T.);
#2306=EDGE_CURVE('',#1797,#1798,#476,.T.);
#2307=EDGE_CURVE('',#1798,#1799,#477,.T.);
#2308=EDGE_CURVE('',#1793,#1799,#478,.T.);
#2309=EDGE_CURVE('',#1789,#1795,#479,.T.);
#2310=EDGE_CURVE('',#1800,#1791,#480,.T.);
#2311=EDGE_CURVE('',#1801,#1800,#481,.T.);
#2312=EDGE_CURVE('',#1801,#1721,#482,.T.);
#2313=EDGE_CURVE('',#1720,#1787,#483,.T.);
#2314=EDGE_CURVE('',#1768,#1770,#484,.T.);
#2315=EDGE_CURVE('',#1702,#1802,#485,.T.);
#2316=EDGE_CURVE('',#1800,#1802,#486,.T.);
#2317=EDGE_CURVE('',#1799,#1676,#487,.T.);
#2318=EDGE_CURVE('',#1736,#1650,#488,.T.);
#2319=EDGE_CURVE('',#1803,#1801,#489,.T.);
#2320=EDGE_CURVE('',#1701,#1803,#490,.T.);
#2321=EDGE_CURVE('',#1802,#1803,#491,.T.);
#2322=EDGE_CURVE('',#1784,#1738,#492,.T.);
#2323=EDGE_CURVE('',#1739,#1783,#493,.T.);
#2324=EDGE_CURVE('',#1740,#1782,#494,.T.);
#2325=EDGE_CURVE('',#1737,#1785,#495,.T.);
#2326=EDGE_CURVE('',#1753,#1663,#496,.T.);
#2327=EDGE_CURVE('',#1754,#1662,#497,.T.);
#2328=EDGE_CURVE('',#1661,#1751,#498,.T.);
#2329=EDGE_CURVE('',#1752,#1664,#499,.T.);
#2330=EDGE_CURVE('',#1797,#1678,#500,.T.);
#2331=EDGE_CURVE('',#1679,#1796,#501,.T.);
#2332=EDGE_CURVE('',#1798,#1677,#502,.T.);
#2333=EDGE_CURVE('',#1735,#1651,#503,.T.);
#2334=EDGE_CURVE('',#1734,#1652,#504,.T.);
#2335=EDGE_CURVE('',#1731,#1659,#505,.T.);
#2336=EDGE_CURVE('',#1730,#1660,#506,.T.);
#2337=EDGE_CURVE('',#1732,#1656,#507,.T.);
#2338=EDGE_CURVE('',#1733,#1655,#508,.T.);
#2339=ORIENTED_EDGE('',*,*,#1804,.F.);
#2340=ORIENTED_EDGE('',*,*,#1805,.F.);
#2341=ORIENTED_EDGE('',*,*,#1806,.F.);
#2342=ORIENTED_EDGE('',*,*,#1807,.F.);
#2343=ORIENTED_EDGE('',*,*,#1808,.F.);
#2344=ORIENTED_EDGE('',*,*,#1809,.F.);
#2345=ORIENTED_EDGE('',*,*,#1810,.F.);
#2346=ORIENTED_EDGE('',*,*,#1811,.F.);
#2347=ORIENTED_EDGE('',*,*,#1812,.F.);
#2348=ORIENTED_EDGE('',*,*,#1813,.F.);
#2349=ORIENTED_EDGE('',*,*,#1814,.F.);
#2350=ORIENTED_EDGE('',*,*,#1815,.F.);
#2351=ORIENTED_EDGE('',*,*,#1816,.F.);
#2352=ORIENTED_EDGE('',*,*,#1817,.F.);
#2353=ORIENTED_EDGE('',*,*,#1818,.F.);
#2354=ORIENTED_EDGE('',*,*,#1819,.F.);
#2355=ORIENTED_EDGE('',*,*,#1820,.F.);
#2356=ORIENTED_EDGE('',*,*,#1821,.F.);
#2357=ORIENTED_EDGE('',*,*,#1822,.F.);
#2358=ORIENTED_EDGE('',*,*,#1823,.F.);
#2359=ORIENTED_EDGE('',*,*,#1804,.T.);
#2360=ORIENTED_EDGE('',*,*,#1824,.T.);
#2361=ORIENTED_EDGE('',*,*,#1825,.F.);
#2362=ORIENTED_EDGE('',*,*,#1826,.F.);
#2363=ORIENTED_EDGE('',*,*,#1805,.T.);
#2364=ORIENTED_EDGE('',*,*,#1826,.T.);
#2365=ORIENTED_EDGE('',*,*,#1827,.F.);
#2366=ORIENTED_EDGE('',*,*,#1828,.F.);
#2367=ORIENTED_EDGE('',*,*,#1806,.T.);
#2368=ORIENTED_EDGE('',*,*,#1828,.T.);
#2369=ORIENTED_EDGE('',*,*,#1829,.F.);
#2370=ORIENTED_EDGE('',*,*,#1830,.F.);
#2371=ORIENTED_EDGE('',*,*,#1807,.T.);
#2372=ORIENTED_EDGE('',*,*,#1830,.T.);
#2373=ORIENTED_EDGE('',*,*,#1831,.F.);
#2374=ORIENTED_EDGE('',*,*,#1832,.F.);
#2375=ORIENTED_EDGE('',*,*,#1808,.T.);
#2376=ORIENTED_EDGE('',*,*,#1832,.T.);
#2377=ORIENTED_EDGE('',*,*,#1833,.F.);
#2378=ORIENTED_EDGE('',*,*,#1834,.F.);
#2379=ORIENTED_EDGE('',*,*,#1809,.T.);
#2380=ORIENTED_EDGE('',*,*,#1834,.T.);
#2381=ORIENTED_EDGE('',*,*,#1835,.F.);
#2382=ORIENTED_EDGE('',*,*,#1836,.F.);
#2383=ORIENTED_EDGE('',*,*,#1810,.T.);
#2384=ORIENTED_EDGE('',*,*,#1836,.T.);
#2385=ORIENTED_EDGE('',*,*,#1837,.F.);
#2386=ORIENTED_EDGE('',*,*,#1838,.F.);
#2387=ORIENTED_EDGE('',*,*,#1811,.T.);
#2388=ORIENTED_EDGE('',*,*,#1838,.T.);
#2389=ORIENTED_EDGE('',*,*,#1839,.F.);
#2390=ORIENTED_EDGE('',*,*,#1840,.F.);
#2391=ORIENTED_EDGE('',*,*,#1812,.T.);
#2392=ORIENTED_EDGE('',*,*,#1840,.T.);
#2393=ORIENTED_EDGE('',*,*,#1841,.F.);
#2394=ORIENTED_EDGE('',*,*,#1842,.F.);
#2395=ORIENTED_EDGE('',*,*,#1813,.T.);
#2396=ORIENTED_EDGE('',*,*,#1842,.T.);
#2397=ORIENTED_EDGE('',*,*,#1843,.F.);
#2398=ORIENTED_EDGE('',*,*,#1844,.F.);
#2399=ORIENTED_EDGE('',*,*,#1814,.T.);
#2400=ORIENTED_EDGE('',*,*,#1844,.T.);
#2401=ORIENTED_EDGE('',*,*,#1845,.F.);
#2402=ORIENTED_EDGE('',*,*,#1824,.F.);
#2403=ORIENTED_EDGE('',*,*,#1815,.T.);
#2404=ORIENTED_EDGE('',*,*,#1846,.T.);
#2405=ORIENTED_EDGE('',*,*,#1847,.F.);
#2406=ORIENTED_EDGE('',*,*,#1848,.F.);
#2407=ORIENTED_EDGE('',*,*,#1816,.T.);
#2408=ORIENTED_EDGE('',*,*,#1848,.T.);
#2409=ORIENTED_EDGE('',*,*,#1849,.F.);
#2410=ORIENTED_EDGE('',*,*,#1850,.F.);
#2411=ORIENTED_EDGE('',*,*,#1817,.T.);
#2412=ORIENTED_EDGE('',*,*,#1850,.T.);
#2413=ORIENTED_EDGE('',*,*,#1851,.F.);
#2414=ORIENTED_EDGE('',*,*,#1852,.F.);
#2415=ORIENTED_EDGE('',*,*,#1818,.T.);
#2416=ORIENTED_EDGE('',*,*,#1852,.T.);
#2417=ORIENTED_EDGE('',*,*,#1853,.F.);
#2418=ORIENTED_EDGE('',*,*,#1854,.F.);
#2419=ORIENTED_EDGE('',*,*,#1819,.T.);
#2420=ORIENTED_EDGE('',*,*,#1854,.T.);
#2421=ORIENTED_EDGE('',*,*,#1855,.F.);
#2422=ORIENTED_EDGE('',*,*,#1856,.F.);
#2423=ORIENTED_EDGE('',*,*,#1820,.T.);
#2424=ORIENTED_EDGE('',*,*,#1856,.T.);
#2425=ORIENTED_EDGE('',*,*,#1857,.F.);
#2426=ORIENTED_EDGE('',*,*,#1858,.F.);
#2427=ORIENTED_EDGE('',*,*,#1821,.T.);
#2428=ORIENTED_EDGE('',*,*,#1858,.T.);
#2429=ORIENTED_EDGE('',*,*,#1859,.F.);
#2430=ORIENTED_EDGE('',*,*,#1860,.F.);
#2431=ORIENTED_EDGE('',*,*,#1822,.T.);
#2432=ORIENTED_EDGE('',*,*,#1860,.T.);
#2433=ORIENTED_EDGE('',*,*,#1861,.F.);
#2434=ORIENTED_EDGE('',*,*,#1862,.F.);
#2435=ORIENTED_EDGE('',*,*,#1823,.T.);
#2436=ORIENTED_EDGE('',*,*,#1862,.T.);
#2437=ORIENTED_EDGE('',*,*,#1863,.F.);
#2438=ORIENTED_EDGE('',*,*,#1846,.F.);
#2439=ORIENTED_EDGE('',*,*,#1864,.F.);
#2440=ORIENTED_EDGE('',*,*,#1865,.F.);
#2441=ORIENTED_EDGE('',*,*,#1866,.F.);
#2442=ORIENTED_EDGE('',*,*,#1867,.F.);
#2443=ORIENTED_EDGE('',*,*,#1868,.F.);
#2444=ORIENTED_EDGE('',*,*,#1869,.F.);
#2445=ORIENTED_EDGE('',*,*,#1870,.F.);
#2446=ORIENTED_EDGE('',*,*,#1871,.F.);
#2447=ORIENTED_EDGE('',*,*,#1864,.T.);
#2448=ORIENTED_EDGE('',*,*,#1872,.T.);
#2449=ORIENTED_EDGE('',*,*,#1873,.F.);
#2450=ORIENTED_EDGE('',*,*,#1874,.F.);
#2451=ORIENTED_EDGE('',*,*,#1865,.T.);
#2452=ORIENTED_EDGE('',*,*,#1874,.T.);
#2453=ORIENTED_EDGE('',*,*,#1875,.F.);
#2454=ORIENTED_EDGE('',*,*,#1876,.F.);
#2455=ORIENTED_EDGE('',*,*,#1866,.T.);
#2456=ORIENTED_EDGE('',*,*,#1876,.T.);
#2457=ORIENTED_EDGE('',*,*,#1877,.F.);
#2458=ORIENTED_EDGE('',*,*,#1878,.F.);
#2459=ORIENTED_EDGE('',*,*,#1867,.T.);
#2460=ORIENTED_EDGE('',*,*,#1878,.T.);
#2461=ORIENTED_EDGE('',*,*,#1879,.F.);
#2462=ORIENTED_EDGE('',*,*,#1880,.F.);
#2463=ORIENTED_EDGE('',*,*,#1868,.T.);
#2464=ORIENTED_EDGE('',*,*,#1880,.T.);
#2465=ORIENTED_EDGE('',*,*,#1881,.F.);
#2466=ORIENTED_EDGE('',*,*,#1882,.F.);
#2467=ORIENTED_EDGE('',*,*,#1869,.T.);
#2468=ORIENTED_EDGE('',*,*,#1882,.T.);
#2469=ORIENTED_EDGE('',*,*,#1883,.F.);
#2470=ORIENTED_EDGE('',*,*,#1884,.F.);
#2471=ORIENTED_EDGE('',*,*,#1870,.T.);
#2472=ORIENTED_EDGE('',*,*,#1884,.T.);
#2473=ORIENTED_EDGE('',*,*,#1885,.F.);
#2474=ORIENTED_EDGE('',*,*,#1886,.F.);
#2475=ORIENTED_EDGE('',*,*,#1871,.T.);
#2476=ORIENTED_EDGE('',*,*,#1886,.T.);
#2477=ORIENTED_EDGE('',*,*,#1887,.F.);
#2478=ORIENTED_EDGE('',*,*,#1872,.F.);
#2479=ORIENTED_EDGE('',*,*,#1888,.F.);
#2480=ORIENTED_EDGE('',*,*,#1889,.F.);
#2481=ORIENTED_EDGE('',*,*,#1890,.F.);
#2482=ORIENTED_EDGE('',*,*,#1891,.F.);
#2483=ORIENTED_EDGE('',*,*,#1892,.F.);
#2484=ORIENTED_EDGE('',*,*,#1893,.F.);
#2485=ORIENTED_EDGE('',*,*,#1894,.F.);
#2486=ORIENTED_EDGE('',*,*,#1895,.F.);
#2487=ORIENTED_EDGE('',*,*,#1896,.F.);
#2488=ORIENTED_EDGE('',*,*,#1897,.F.);
#2489=ORIENTED_EDGE('',*,*,#1898,.F.);
#2490=ORIENTED_EDGE('',*,*,#1899,.F.);
#2491=ORIENTED_EDGE('',*,*,#1900,.F.);
#2492=ORIENTED_EDGE('',*,*,#1901,.F.);
#2493=ORIENTED_EDGE('',*,*,#1902,.F.);
#2494=ORIENTED_EDGE('',*,*,#1903,.F.);
#2495=ORIENTED_EDGE('',*,*,#1904,.F.);
#2496=ORIENTED_EDGE('',*,*,#1905,.F.);
#2497=ORIENTED_EDGE('',*,*,#1906,.F.);
#2498=ORIENTED_EDGE('',*,*,#1888,.T.);
#2499=ORIENTED_EDGE('',*,*,#1907,.T.);
#2500=ORIENTED_EDGE('',*,*,#1908,.F.);
#2501=ORIENTED_EDGE('',*,*,#1909,.F.);
#2502=ORIENTED_EDGE('',*,*,#1889,.T.);
#2503=ORIENTED_EDGE('',*,*,#1909,.T.);
#2504=ORIENTED_EDGE('',*,*,#1910,.F.);
#2505=ORIENTED_EDGE('',*,*,#1911,.F.);
#2506=ORIENTED_EDGE('',*,*,#1890,.T.);
#2507=ORIENTED_EDGE('',*,*,#1911,.T.);
#2508=ORIENTED_EDGE('',*,*,#1912,.F.);
#2509=ORIENTED_EDGE('',*,*,#1913,.F.);
#2510=ORIENTED_EDGE('',*,*,#1891,.T.);
#2511=ORIENTED_EDGE('',*,*,#1913,.T.);
#2512=ORIENTED_EDGE('',*,*,#1914,.F.);
#2513=ORIENTED_EDGE('',*,*,#1915,.F.);
#2514=ORIENTED_EDGE('',*,*,#1892,.T.);
#2515=ORIENTED_EDGE('',*,*,#1915,.T.);
#2516=ORIENTED_EDGE('',*,*,#1916,.F.);
#2517=ORIENTED_EDGE('',*,*,#1917,.F.);
#2518=ORIENTED_EDGE('',*,*,#1893,.T.);
#2519=ORIENTED_EDGE('',*,*,#1917,.T.);
#2520=ORIENTED_EDGE('',*,*,#1918,.F.);
#2521=ORIENTED_EDGE('',*,*,#1919,.F.);
#2522=ORIENTED_EDGE('',*,*,#1894,.T.);
#2523=ORIENTED_EDGE('',*,*,#1919,.T.);
#2524=ORIENTED_EDGE('',*,*,#1920,.F.);
#2525=ORIENTED_EDGE('',*,*,#1921,.F.);
#2526=ORIENTED_EDGE('',*,*,#1895,.T.);
#2527=ORIENTED_EDGE('',*,*,#1921,.T.);
#2528=ORIENTED_EDGE('',*,*,#1922,.F.);
#2529=ORIENTED_EDGE('',*,*,#1923,.F.);
#2530=ORIENTED_EDGE('',*,*,#1896,.T.);
#2531=ORIENTED_EDGE('',*,*,#1923,.T.);
#2532=ORIENTED_EDGE('',*,*,#1924,.F.);
#2533=ORIENTED_EDGE('',*,*,#1925,.F.);
#2534=ORIENTED_EDGE('',*,*,#1897,.T.);
#2535=ORIENTED_EDGE('',*,*,#1925,.T.);
#2536=ORIENTED_EDGE('',*,*,#1926,.F.);
#2537=ORIENTED_EDGE('',*,*,#1927,.F.);
#2538=ORIENTED_EDGE('',*,*,#1898,.T.);
#2539=ORIENTED_EDGE('',*,*,#1927,.T.);
#2540=ORIENTED_EDGE('',*,*,#1928,.F.);
#2541=ORIENTED_EDGE('',*,*,#1907,.F.);
#2542=ORIENTED_EDGE('',*,*,#1899,.T.);
#2543=ORIENTED_EDGE('',*,*,#1929,.T.);
#2544=ORIENTED_EDGE('',*,*,#1930,.F.);
#2545=ORIENTED_EDGE('',*,*,#1931,.F.);
#2546=ORIENTED_EDGE('',*,*,#1900,.T.);
#2547=ORIENTED_EDGE('',*,*,#1931,.T.);
#2548=ORIENTED_EDGE('',*,*,#1932,.F.);
#2549=ORIENTED_EDGE('',*,*,#1933,.F.);
#2550=ORIENTED_EDGE('',*,*,#1901,.T.);
#2551=ORIENTED_EDGE('',*,*,#1933,.T.);
#2552=ORIENTED_EDGE('',*,*,#1934,.F.);
#2553=ORIENTED_EDGE('',*,*,#1935,.F.);
#2554=ORIENTED_EDGE('',*,*,#1902,.T.);
#2555=ORIENTED_EDGE('',*,*,#1935,.T.);
#2556=ORIENTED_EDGE('',*,*,#1936,.F.);
#2557=ORIENTED_EDGE('',*,*,#1937,.F.);
#2558=ORIENTED_EDGE('',*,*,#1903,.T.);
#2559=ORIENTED_EDGE('',*,*,#1937,.T.);
#2560=ORIENTED_EDGE('',*,*,#1938,.F.);
#2561=ORIENTED_EDGE('',*,*,#1939,.F.);
#2562=ORIENTED_EDGE('',*,*,#1904,.T.);
#2563=ORIENTED_EDGE('',*,*,#1939,.T.);
#2564=ORIENTED_EDGE('',*,*,#1940,.F.);
#2565=ORIENTED_EDGE('',*,*,#1941,.F.);
#2566=ORIENTED_EDGE('',*,*,#1905,.T.);
#2567=ORIENTED_EDGE('',*,*,#1941,.T.);
#2568=ORIENTED_EDGE('',*,*,#1942,.F.);
#2569=ORIENTED_EDGE('',*,*,#1943,.F.);
#2570=ORIENTED_EDGE('',*,*,#1906,.T.);
#2571=ORIENTED_EDGE('',*,*,#1943,.T.);
#2572=ORIENTED_EDGE('',*,*,#1944,.F.);
#2573=ORIENTED_EDGE('',*,*,#1929,.F.);
#2574=ORIENTED_EDGE('',*,*,#1930,.T.);
#2575=ORIENTED_EDGE('',*,*,#1944,.T.);
#2576=ORIENTED_EDGE('',*,*,#1942,.T.);
#2577=ORIENTED_EDGE('',*,*,#1940,.T.);
#2578=ORIENTED_EDGE('',*,*,#1938,.T.);
#2579=ORIENTED_EDGE('',*,*,#1936,.T.);
#2580=ORIENTED_EDGE('',*,*,#1934,.T.);
#2581=ORIENTED_EDGE('',*,*,#1932,.T.);
#2582=ORIENTED_EDGE('',*,*,#1847,.T.);
#2583=ORIENTED_EDGE('',*,*,#1863,.T.);
#2584=ORIENTED_EDGE('',*,*,#1861,.T.);
#2585=ORIENTED_EDGE('',*,*,#1859,.T.);
#2586=ORIENTED_EDGE('',*,*,#1857,.T.);
#2587=ORIENTED_EDGE('',*,*,#1855,.T.);
#2588=ORIENTED_EDGE('',*,*,#1853,.T.);
#2589=ORIENTED_EDGE('',*,*,#1851,.T.);
#2590=ORIENTED_EDGE('',*,*,#1849,.T.);
#2591=ORIENTED_EDGE('',*,*,#1945,.F.);
#2592=ORIENTED_EDGE('',*,*,#1946,.T.);
#2593=ORIENTED_EDGE('',*,*,#1947,.F.);
#2594=ORIENTED_EDGE('',*,*,#1948,.F.);
#2595=ORIENTED_EDGE('',*,*,#1949,.F.);
#2596=ORIENTED_EDGE('',*,*,#1948,.T.);
#2597=ORIENTED_EDGE('',*,*,#1950,.F.);
#2598=ORIENTED_EDGE('',*,*,#1951,.F.);
#2599=ORIENTED_EDGE('',*,*,#1952,.F.);
#2600=ORIENTED_EDGE('',*,*,#1953,.F.);
#2601=ORIENTED_EDGE('',*,*,#1954,.F.);
#2602=ORIENTED_EDGE('',*,*,#1946,.F.);
#2603=ORIENTED_EDGE('',*,*,#1955,.F.);
#2604=ORIENTED_EDGE('',*,*,#1956,.T.);
#2605=ORIENTED_EDGE('',*,*,#1957,.F.);
#2606=ORIENTED_EDGE('',*,*,#1958,.F.);
#2607=ORIENTED_EDGE('',*,*,#1959,.F.);
#2608=ORIENTED_EDGE('',*,*,#1958,.T.);
#2609=ORIENTED_EDGE('',*,*,#1960,.F.);
#2610=ORIENTED_EDGE('',*,*,#1961,.F.);
#2611=ORIENTED_EDGE('',*,*,#1962,.F.);
#2612=ORIENTED_EDGE('',*,*,#1963,.F.);
#2613=ORIENTED_EDGE('',*,*,#1964,.F.);
#2614=ORIENTED_EDGE('',*,*,#1956,.F.);
#2615=ORIENTED_EDGE('',*,*,#1952,.T.);
#2616=ORIENTED_EDGE('',*,*,#1945,.T.);
#2617=ORIENTED_EDGE('',*,*,#1949,.T.);
#2618=ORIENTED_EDGE('',*,*,#1965,.F.);
#2619=ORIENTED_EDGE('',*,*,#1962,.T.);
#2620=ORIENTED_EDGE('',*,*,#1955,.T.);
#2621=ORIENTED_EDGE('',*,*,#1959,.T.);
#2622=ORIENTED_EDGE('',*,*,#1966,.F.);
#2623=ORIENTED_EDGE('',*,*,#1967,.T.);
#2624=ORIENTED_EDGE('',*,*,#1968,.T.);
#2625=ORIENTED_EDGE('',*,*,#1969,.T.);
#2626=ORIENTED_EDGE('',*,*,#1970,.F.);
#2627=ORIENTED_EDGE('',*,*,#1971,.T.);
#2628=ORIENTED_EDGE('',*,*,#1972,.T.);
#2629=ORIENTED_EDGE('',*,*,#1973,.T.);
#2630=ORIENTED_EDGE('',*,*,#1974,.F.);
#2631=ORIENTED_EDGE('',*,*,#1975,.F.);
#2632=ORIENTED_EDGE('',*,*,#1976,.F.);
#2633=ORIENTED_EDGE('',*,*,#1977,.F.);
#2634=ORIENTED_EDGE('',*,*,#1961,.T.);
#2635=ORIENTED_EDGE('',*,*,#1978,.T.);
#2636=ORIENTED_EDGE('',*,*,#1979,.T.);
#2637=ORIENTED_EDGE('',*,*,#1966,.T.);
#2638=ORIENTED_EDGE('',*,*,#1951,.T.);
#2639=ORIENTED_EDGE('',*,*,#1980,.T.);
#2640=ORIENTED_EDGE('',*,*,#1963,.T.);
#2641=ORIENTED_EDGE('',*,*,#1965,.T.);
#2642=ORIENTED_EDGE('',*,*,#1968,.F.);
#2643=ORIENTED_EDGE('',*,*,#1981,.T.);
#2644=ORIENTED_EDGE('',*,*,#1982,.F.);
#2645=ORIENTED_EDGE('',*,*,#1983,.F.);
#2646=ORIENTED_EDGE('',*,*,#1969,.F.);
#2647=ORIENTED_EDGE('',*,*,#1983,.T.);
#2648=ORIENTED_EDGE('',*,*,#1984,.F.);
#2649=ORIENTED_EDGE('',*,*,#1985,.F.);
#2650=ORIENTED_EDGE('',*,*,#1967,.F.);
#2651=ORIENTED_EDGE('',*,*,#1979,.F.);
#2652=ORIENTED_EDGE('',*,*,#1986,.F.);
#2653=ORIENTED_EDGE('',*,*,#1981,.F.);
#2654=ORIENTED_EDGE('',*,*,#1985,.T.);
#2655=ORIENTED_EDGE('',*,*,#1987,.T.);
#2656=ORIENTED_EDGE('',*,*,#1988,.T.);
#2657=ORIENTED_EDGE('',*,*,#1989,.T.);
#2658=ORIENTED_EDGE('',*,*,#1970,.T.);
#2659=ORIENTED_EDGE('',*,*,#1990,.F.);
#2660=ORIENTED_EDGE('',*,*,#1991,.F.);
#2661=ORIENTED_EDGE('',*,*,#1992,.F.);
#2662=ORIENTED_EDGE('',*,*,#1993,.F.);
#2663=ORIENTED_EDGE('',*,*,#1994,.F.);
#2664=ORIENTED_EDGE('',*,*,#1995,.F.);
#2665=ORIENTED_EDGE('',*,*,#1996,.F.);
#2666=ORIENTED_EDGE('',*,*,#1997,.F.);
#2667=ORIENTED_EDGE('',*,*,#1998,.F.);
#2668=ORIENTED_EDGE('',*,*,#1999,.F.);
#2669=ORIENTED_EDGE('',*,*,#1993,.T.);
#2670=ORIENTED_EDGE('',*,*,#2000,.T.);
#2671=ORIENTED_EDGE('',*,*,#2001,.F.);
#2672=ORIENTED_EDGE('',*,*,#2002,.T.);
#2673=ORIENTED_EDGE('',*,*,#1992,.T.);
#2674=ORIENTED_EDGE('',*,*,#2003,.F.);
#2675=ORIENTED_EDGE('',*,*,#1995,.T.);
#2676=ORIENTED_EDGE('',*,*,#2004,.T.);
#2677=ORIENTED_EDGE('',*,*,#2005,.F.);
#2678=ORIENTED_EDGE('',*,*,#2006,.F.);
#2679=ORIENTED_EDGE('',*,*,#2000,.F.);
#2680=ORIENTED_EDGE('',*,*,#1999,.T.);
#2681=ORIENTED_EDGE('',*,*,#2007,.T.);
#2682=ORIENTED_EDGE('',*,*,#2008,.F.);
#2683=ORIENTED_EDGE('',*,*,#2004,.F.);
#2684=ORIENTED_EDGE('',*,*,#1998,.T.);
#2685=ORIENTED_EDGE('',*,*,#2009,.T.);
#2686=ORIENTED_EDGE('',*,*,#2010,.F.);
#2687=ORIENTED_EDGE('',*,*,#2011,.T.);
#2688=ORIENTED_EDGE('',*,*,#2012,.T.);
#2689=ORIENTED_EDGE('',*,*,#2007,.F.);
#2690=ORIENTED_EDGE('',*,*,#2013,.F.);
#2691=ORIENTED_EDGE('',*,*,#2014,.F.);
#2692=ORIENTED_EDGE('',*,*,#2015,.F.);
#2693=ORIENTED_EDGE('',*,*,#2016,.F.);
#2694=ORIENTED_EDGE('',*,*,#2014,.T.);
#2695=ORIENTED_EDGE('',*,*,#2017,.T.);
#2696=ORIENTED_EDGE('',*,*,#2018,.T.);
#2697=ORIENTED_EDGE('',*,*,#2017,.F.);
#2698=ORIENTED_EDGE('',*,*,#2013,.T.);
#2699=ORIENTED_EDGE('',*,*,#2019,.F.);
#2700=ORIENTED_EDGE('',*,*,#2020,.T.);
#2701=ORIENTED_EDGE('',*,*,#2020,.F.);
#2702=ORIENTED_EDGE('',*,*,#2021,.F.);
#2703=ORIENTED_EDGE('',*,*,#2018,.F.);
#2704=ORIENTED_EDGE('',*,*,#2022,.T.);
#2705=ORIENTED_EDGE('',*,*,#2023,.T.);
#2706=ORIENTED_EDGE('',*,*,#2024,.T.);
#2707=ORIENTED_EDGE('',*,*,#2006,.T.);
#2708=ORIENTED_EDGE('',*,*,#2025,.F.);
#2709=ORIENTED_EDGE('',*,*,#2001,.T.);
#2710=ORIENTED_EDGE('',*,*,#2024,.F.);
#2711=ORIENTED_EDGE('',*,*,#2026,.T.);
#2712=ORIENTED_EDGE('',*,*,#2027,.T.);
#2713=ORIENTED_EDGE('',*,*,#2022,.F.);
#2714=ORIENTED_EDGE('',*,*,#2005,.T.);
#2715=ORIENTED_EDGE('',*,*,#2028,.T.);
#2716=ORIENTED_EDGE('',*,*,#1972,.F.);
#2717=ORIENTED_EDGE('',*,*,#1973,.F.);
#2718=ORIENTED_EDGE('',*,*,#2028,.F.);
#2719=ORIENTED_EDGE('',*,*,#2008,.T.);
#2720=ORIENTED_EDGE('',*,*,#2012,.F.);
#2721=ORIENTED_EDGE('',*,*,#2029,.F.);
#2722=ORIENTED_EDGE('',*,*,#2023,.F.);
#2723=ORIENTED_EDGE('',*,*,#2030,.T.);
#2724=ORIENTED_EDGE('',*,*,#2031,.F.);
#2725=ORIENTED_EDGE('',*,*,#2026,.F.);
#2726=ORIENTED_EDGE('',*,*,#1975,.T.);
#2727=ORIENTED_EDGE('',*,*,#2032,.T.);
#2728=ORIENTED_EDGE('',*,*,#1989,.F.);
#2729=ORIENTED_EDGE('',*,*,#2033,.F.);
#2730=ORIENTED_EDGE('',*,*,#2030,.F.);
#2731=ORIENTED_EDGE('',*,*,#2027,.F.);
#2732=ORIENTED_EDGE('',*,*,#1971,.F.);
#2733=ORIENTED_EDGE('',*,*,#2034,.F.);
#2734=ORIENTED_EDGE('',*,*,#1976,.T.);
#2735=ORIENTED_EDGE('',*,*,#2032,.F.);
#2736=ORIENTED_EDGE('',*,*,#1974,.T.);
#2737=ORIENTED_EDGE('',*,*,#2029,.T.);
#2738=ORIENTED_EDGE('',*,*,#2011,.F.);
#2739=ORIENTED_EDGE('',*,*,#1991,.T.);
#2740=ORIENTED_EDGE('',*,*,#2035,.T.);
#2741=ORIENTED_EDGE('',*,*,#1996,.T.);
#2742=ORIENTED_EDGE('',*,*,#2003,.T.);
#2743=ORIENTED_EDGE('',*,*,#1994,.T.);
#2744=ORIENTED_EDGE('',*,*,#2002,.F.);
#2745=ORIENTED_EDGE('',*,*,#2025,.T.);
#2746=ORIENTED_EDGE('',*,*,#2031,.T.);
#2747=ORIENTED_EDGE('',*,*,#2033,.T.);
#2748=ORIENTED_EDGE('',*,*,#1988,.F.);
#2749=ORIENTED_EDGE('',*,*,#2036,.F.);
#2750=ORIENTED_EDGE('',*,*,#1954,.T.);
#2751=ORIENTED_EDGE('',*,*,#2037,.F.);
#2752=ORIENTED_EDGE('',*,*,#2009,.F.);
#2753=ORIENTED_EDGE('',*,*,#1997,.T.);
#2754=ORIENTED_EDGE('',*,*,#2035,.F.);
#2755=ORIENTED_EDGE('',*,*,#1990,.T.);
#2756=ORIENTED_EDGE('',*,*,#2036,.T.);
#2757=ORIENTED_EDGE('',*,*,#1987,.F.);
#2758=ORIENTED_EDGE('',*,*,#1984,.T.);
#2759=ORIENTED_EDGE('',*,*,#1982,.T.);
#2760=ORIENTED_EDGE('',*,*,#1986,.T.);
#2761=ORIENTED_EDGE('',*,*,#1978,.F.);
#2762=ORIENTED_EDGE('',*,*,#1960,.T.);
#2763=ORIENTED_EDGE('',*,*,#1957,.T.);
#2764=ORIENTED_EDGE('',*,*,#1964,.T.);
#2765=ORIENTED_EDGE('',*,*,#1980,.F.);
#2766=ORIENTED_EDGE('',*,*,#1950,.T.);
#2767=ORIENTED_EDGE('',*,*,#1947,.T.);
#2768=ORIENTED_EDGE('',*,*,#2015,.T.);
#2769=ORIENTED_EDGE('',*,*,#2016,.T.);
#2770=ORIENTED_EDGE('',*,*,#2021,.T.);
#2771=ORIENTED_EDGE('',*,*,#2019,.T.);
#2772=ORIENTED_EDGE('',*,*,#1908,.T.);
#2773=ORIENTED_EDGE('',*,*,#1928,.T.);
#2774=ORIENTED_EDGE('',*,*,#1926,.T.);
#2775=ORIENTED_EDGE('',*,*,#1924,.T.);
#2776=ORIENTED_EDGE('',*,*,#1922,.T.);
#2777=ORIENTED_EDGE('',*,*,#1920,.T.);
#2778=ORIENTED_EDGE('',*,*,#1918,.T.);
#2779=ORIENTED_EDGE('',*,*,#1916,.T.);
#2780=ORIENTED_EDGE('',*,*,#1914,.T.);
#2781=ORIENTED_EDGE('',*,*,#1912,.T.);
#2782=ORIENTED_EDGE('',*,*,#1910,.T.);
#2783=ORIENTED_EDGE('',*,*,#1873,.T.);
#2784=ORIENTED_EDGE('',*,*,#1887,.T.);
#2785=ORIENTED_EDGE('',*,*,#1885,.T.);
#2786=ORIENTED_EDGE('',*,*,#1883,.T.);
#2787=ORIENTED_EDGE('',*,*,#1881,.T.);
#2788=ORIENTED_EDGE('',*,*,#1879,.T.);
#2789=ORIENTED_EDGE('',*,*,#1877,.T.);
#2790=ORIENTED_EDGE('',*,*,#1875,.T.);
#2791=ORIENTED_EDGE('',*,*,#1825,.T.);
#2792=ORIENTED_EDGE('',*,*,#1845,.T.);
#2793=ORIENTED_EDGE('',*,*,#1843,.T.);
#2794=ORIENTED_EDGE('',*,*,#1841,.T.);
#2795=ORIENTED_EDGE('',*,*,#1839,.T.);
#2796=ORIENTED_EDGE('',*,*,#1837,.T.);
#2797=ORIENTED_EDGE('',*,*,#1835,.T.);
#2798=ORIENTED_EDGE('',*,*,#1833,.T.);
#2799=ORIENTED_EDGE('',*,*,#1831,.T.);
#2800=ORIENTED_EDGE('',*,*,#1829,.T.);
#2801=ORIENTED_EDGE('',*,*,#1827,.T.);
#2802=ORIENTED_EDGE('',*,*,#1953,.T.);
#2803=ORIENTED_EDGE('',*,*,#1977,.T.);
#2804=ORIENTED_EDGE('',*,*,#2034,.T.);
#2805=ORIENTED_EDGE('',*,*,#2010,.T.);
#2806=ORIENTED_EDGE('',*,*,#2037,.T.);
#2807=ORIENTED_EDGE('',*,*,#2038,.F.);
#2808=ORIENTED_EDGE('',*,*,#2039,.T.);
#2809=ORIENTED_EDGE('',*,*,#2040,.F.);
#2810=ORIENTED_EDGE('',*,*,#2041,.F.);
#2811=ORIENTED_EDGE('',*,*,#2042,.F.);
#2812=ORIENTED_EDGE('',*,*,#2041,.T.);
#2813=ORIENTED_EDGE('',*,*,#2043,.F.);
#2814=ORIENTED_EDGE('',*,*,#2044,.F.);
#2815=ORIENTED_EDGE('',*,*,#2045,.F.);
#2816=ORIENTED_EDGE('',*,*,#2044,.T.);
#2817=ORIENTED_EDGE('',*,*,#2046,.F.);
#2818=ORIENTED_EDGE('',*,*,#2047,.F.);
#2819=ORIENTED_EDGE('',*,*,#2048,.F.);
#2820=ORIENTED_EDGE('',*,*,#2047,.T.);
#2821=ORIENTED_EDGE('',*,*,#2049,.F.);
#2822=ORIENTED_EDGE('',*,*,#2050,.F.);
#2823=ORIENTED_EDGE('',*,*,#2051,.F.);
#2824=ORIENTED_EDGE('',*,*,#2050,.T.);
#2825=ORIENTED_EDGE('',*,*,#2052,.F.);
#2826=ORIENTED_EDGE('',*,*,#2053,.F.);
#2827=ORIENTED_EDGE('',*,*,#2054,.F.);
#2828=ORIENTED_EDGE('',*,*,#2055,.T.);
#2829=ORIENTED_EDGE('',*,*,#2056,.F.);
#2830=ORIENTED_EDGE('',*,*,#2039,.F.);
#2831=ORIENTED_EDGE('',*,*,#2057,.F.);
#2832=ORIENTED_EDGE('',*,*,#2058,.T.);
#2833=ORIENTED_EDGE('',*,*,#2059,.F.);
#2834=ORIENTED_EDGE('',*,*,#2055,.F.);
#2835=ORIENTED_EDGE('',*,*,#2060,.F.);
#2836=ORIENTED_EDGE('',*,*,#2053,.T.);
#2837=ORIENTED_EDGE('',*,*,#2061,.F.);
#2838=ORIENTED_EDGE('',*,*,#2058,.F.);
#2839=ORIENTED_EDGE('',*,*,#2062,.T.);
#2840=ORIENTED_EDGE('',*,*,#2063,.F.);
#2841=ORIENTED_EDGE('',*,*,#2064,.T.);
#2842=ORIENTED_EDGE('',*,*,#2065,.T.);
#2843=ORIENTED_EDGE('',*,*,#2065,.F.);
#2844=ORIENTED_EDGE('',*,*,#2066,.T.);
#2845=ORIENTED_EDGE('',*,*,#2067,.F.);
#2846=ORIENTED_EDGE('',*,*,#2068,.T.);
#2847=ORIENTED_EDGE('',*,*,#2069,.T.);
#2848=ORIENTED_EDGE('',*,*,#2070,.T.);
#2849=ORIENTED_EDGE('',*,*,#2064,.F.);
#2850=ORIENTED_EDGE('',*,*,#2071,.F.);
#2851=ORIENTED_EDGE('',*,*,#2072,.F.);
#2852=ORIENTED_EDGE('',*,*,#2073,.T.);
#2853=ORIENTED_EDGE('',*,*,#2074,.T.);
#2854=ORIENTED_EDGE('',*,*,#2075,.T.);
#2855=ORIENTED_EDGE('',*,*,#2067,.T.);
#2856=ORIENTED_EDGE('',*,*,#2076,.T.);
#2857=ORIENTED_EDGE('',*,*,#2077,.F.);
#2858=ORIENTED_EDGE('',*,*,#2075,.F.);
#2859=ORIENTED_EDGE('',*,*,#2078,.F.);
#2860=ORIENTED_EDGE('',*,*,#2079,.T.);
#2861=ORIENTED_EDGE('',*,*,#2080,.T.);
#2862=ORIENTED_EDGE('',*,*,#2081,.T.);
#2863=ORIENTED_EDGE('',*,*,#2068,.F.);
#2864=ORIENTED_EDGE('',*,*,#2076,.F.);
#2865=ORIENTED_EDGE('',*,*,#2082,.F.);
#2866=ORIENTED_EDGE('',*,*,#2083,.F.);
#2867=ORIENTED_EDGE('',*,*,#2084,.T.);
#2868=ORIENTED_EDGE('',*,*,#2085,.T.);
#2869=ORIENTED_EDGE('',*,*,#2086,.T.);
#2870=ORIENTED_EDGE('',*,*,#2087,.T.);
#2871=ORIENTED_EDGE('',*,*,#2088,.T.);
#2872=ORIENTED_EDGE('',*,*,#2089,.T.);
#2873=ORIENTED_EDGE('',*,*,#2090,.T.);
#2874=ORIENTED_EDGE('',*,*,#2091,.T.);
#2875=ORIENTED_EDGE('',*,*,#2092,.T.);
#2876=ORIENTED_EDGE('',*,*,#2093,.F.);
#2877=ORIENTED_EDGE('',*,*,#2094,.T.);
#2878=ORIENTED_EDGE('',*,*,#2095,.T.);
#2879=ORIENTED_EDGE('',*,*,#2096,.T.);
#2880=ORIENTED_EDGE('',*,*,#2097,.T.);
#2881=ORIENTED_EDGE('',*,*,#2098,.T.);
#2882=ORIENTED_EDGE('',*,*,#2099,.T.);
#2883=ORIENTED_EDGE('',*,*,#2100,.T.);
#2884=ORIENTED_EDGE('',*,*,#2101,.T.);
#2885=ORIENTED_EDGE('',*,*,#2102,.T.);
#2886=ORIENTED_EDGE('',*,*,#2103,.T.);
#2887=ORIENTED_EDGE('',*,*,#2104,.T.);
#2888=ORIENTED_EDGE('',*,*,#2105,.T.);
#2889=ORIENTED_EDGE('',*,*,#2106,.T.);
#2890=ORIENTED_EDGE('',*,*,#2078,.T.);
#2891=ORIENTED_EDGE('',*,*,#2077,.T.);
#2892=ORIENTED_EDGE('',*,*,#2083,.T.);
#2893=ORIENTED_EDGE('',*,*,#2107,.T.);
#2894=ORIENTED_EDGE('',*,*,#2108,.T.);
#2895=ORIENTED_EDGE('',*,*,#2109,.T.);
#2896=ORIENTED_EDGE('',*,*,#2110,.T.);
#2897=ORIENTED_EDGE('',*,*,#2111,.F.);
#2898=ORIENTED_EDGE('',*,*,#2112,.T.);
#2899=ORIENTED_EDGE('',*,*,#2113,.F.);
#2900=ORIENTED_EDGE('',*,*,#2114,.F.);
#2901=ORIENTED_EDGE('',*,*,#2115,.F.);
#2902=ORIENTED_EDGE('',*,*,#2116,.F.);
#2903=ORIENTED_EDGE('',*,*,#2117,.F.);
#2904=ORIENTED_EDGE('',*,*,#2118,.F.);
#2905=ORIENTED_EDGE('',*,*,#2119,.F.);
#2906=ORIENTED_EDGE('',*,*,#2120,.F.);
#2907=ORIENTED_EDGE('',*,*,#2121,.F.);
#2908=ORIENTED_EDGE('',*,*,#2122,.F.);
#2909=ORIENTED_EDGE('',*,*,#2123,.F.);
#2910=ORIENTED_EDGE('',*,*,#2124,.F.);
#2911=ORIENTED_EDGE('',*,*,#2125,.F.);
#2912=ORIENTED_EDGE('',*,*,#2126,.F.);
#2913=ORIENTED_EDGE('',*,*,#2127,.F.);
#2914=ORIENTED_EDGE('',*,*,#2128,.F.);
#2915=ORIENTED_EDGE('',*,*,#2129,.F.);
#2916=ORIENTED_EDGE('',*,*,#2130,.F.);
#2917=ORIENTED_EDGE('',*,*,#2131,.F.);
#2918=ORIENTED_EDGE('',*,*,#2132,.F.);
#2919=ORIENTED_EDGE('',*,*,#2133,.F.);
#2920=ORIENTED_EDGE('',*,*,#2134,.F.);
#2921=ORIENTED_EDGE('',*,*,#2135,.F.);
#2922=ORIENTED_EDGE('',*,*,#2136,.F.);
#2923=ORIENTED_EDGE('',*,*,#2137,.F.);
#2924=ORIENTED_EDGE('',*,*,#2138,.F.);
#2925=ORIENTED_EDGE('',*,*,#2093,.T.);
#2926=ORIENTED_EDGE('',*,*,#2139,.F.);
#2927=ORIENTED_EDGE('',*,*,#2140,.F.);
#2928=ORIENTED_EDGE('',*,*,#2141,.F.);
#2929=ORIENTED_EDGE('',*,*,#2140,.T.);
#2930=ORIENTED_EDGE('',*,*,#2142,.T.);
#2931=ORIENTED_EDGE('',*,*,#2143,.T.);
#2932=ORIENTED_EDGE('',*,*,#2144,.F.);
#2933=ORIENTED_EDGE('',*,*,#2145,.T.);
#2934=ORIENTED_EDGE('',*,*,#2146,.F.);
#2935=ORIENTED_EDGE('',*,*,#2147,.T.);
#2936=ORIENTED_EDGE('',*,*,#2148,.F.);
#2937=ORIENTED_EDGE('',*,*,#2149,.T.);
#2938=ORIENTED_EDGE('',*,*,#2150,.F.);
#2939=ORIENTED_EDGE('',*,*,#2112,.F.);
#2940=ORIENTED_EDGE('',*,*,#2151,.F.);
#2941=ORIENTED_EDGE('',*,*,#2141,.T.);
#2942=ORIENTED_EDGE('',*,*,#2151,.T.);
#2943=ORIENTED_EDGE('',*,*,#2111,.T.);
#2944=ORIENTED_EDGE('',*,*,#2152,.T.);
#2945=ORIENTED_EDGE('',*,*,#2153,.T.);
#2946=ORIENTED_EDGE('',*,*,#2154,.T.);
#2947=ORIENTED_EDGE('',*,*,#2094,.F.);
#2948=ORIENTED_EDGE('',*,*,#2138,.T.);
#2949=ORIENTED_EDGE('',*,*,#2155,.F.);
#2950=ORIENTED_EDGE('',*,*,#2156,.F.);
#2951=ORIENTED_EDGE('',*,*,#2152,.F.);
#2952=ORIENTED_EDGE('',*,*,#2137,.T.);
#2953=ORIENTED_EDGE('',*,*,#2157,.F.);
#2954=ORIENTED_EDGE('',*,*,#2158,.F.);
#2955=ORIENTED_EDGE('',*,*,#2155,.T.);
#2956=ORIENTED_EDGE('',*,*,#2136,.T.);
#2957=ORIENTED_EDGE('',*,*,#2159,.F.);
#2958=ORIENTED_EDGE('',*,*,#2160,.F.);
#2959=ORIENTED_EDGE('',*,*,#2157,.T.);
#2960=ORIENTED_EDGE('',*,*,#2135,.T.);
#2961=ORIENTED_EDGE('',*,*,#2161,.T.);
#2962=ORIENTED_EDGE('',*,*,#2162,.T.);
#2963=ORIENTED_EDGE('',*,*,#2159,.T.);
#2964=ORIENTED_EDGE('',*,*,#2134,.T.);
#2965=ORIENTED_EDGE('',*,*,#2163,.F.);
#2966=ORIENTED_EDGE('',*,*,#2164,.F.);
#2967=ORIENTED_EDGE('',*,*,#2161,.F.);
#2968=ORIENTED_EDGE('',*,*,#2133,.T.);
#2969=ORIENTED_EDGE('',*,*,#2165,.F.);
#2970=ORIENTED_EDGE('',*,*,#2166,.F.);
#2971=ORIENTED_EDGE('',*,*,#2163,.T.);
#2972=ORIENTED_EDGE('',*,*,#2132,.T.);
#2973=ORIENTED_EDGE('',*,*,#2167,.F.);
#2974=ORIENTED_EDGE('',*,*,#2168,.F.);
#2975=ORIENTED_EDGE('',*,*,#2165,.T.);
#2976=ORIENTED_EDGE('',*,*,#2131,.T.);
#2977=ORIENTED_EDGE('',*,*,#2169,.T.);
#2978=ORIENTED_EDGE('',*,*,#2170,.T.);
#2979=ORIENTED_EDGE('',*,*,#2167,.T.);
#2980=ORIENTED_EDGE('',*,*,#2130,.T.);
#2981=ORIENTED_EDGE('',*,*,#2171,.F.);
#2982=ORIENTED_EDGE('',*,*,#2172,.F.);
#2983=ORIENTED_EDGE('',*,*,#2169,.F.);
#2984=ORIENTED_EDGE('',*,*,#2129,.T.);
#2985=ORIENTED_EDGE('',*,*,#2173,.F.);
#2986=ORIENTED_EDGE('',*,*,#2174,.F.);
#2987=ORIENTED_EDGE('',*,*,#2171,.T.);
#2988=ORIENTED_EDGE('',*,*,#2128,.T.);
#2989=ORIENTED_EDGE('',*,*,#2175,.F.);
#2990=ORIENTED_EDGE('',*,*,#2176,.F.);
#2991=ORIENTED_EDGE('',*,*,#2173,.T.);
#2992=ORIENTED_EDGE('',*,*,#2177,.F.);
#2993=ORIENTED_EDGE('',*,*,#2178,.T.);
#2994=ORIENTED_EDGE('',*,*,#2073,.F.);
#2995=ORIENTED_EDGE('',*,*,#2179,.F.);
#2996=ORIENTED_EDGE('',*,*,#2126,.T.);
#2997=ORIENTED_EDGE('',*,*,#2180,.F.);
#2998=ORIENTED_EDGE('',*,*,#2144,.T.);
#2999=ORIENTED_EDGE('',*,*,#2181,.F.);
#3000=ORIENTED_EDGE('',*,*,#2182,.F.);
#3001=ORIENTED_EDGE('',*,*,#2183,.T.);
#3002=ORIENTED_EDGE('',*,*,#2148,.T.);
#3003=ORIENTED_EDGE('',*,*,#2184,.F.);
#3004=ORIENTED_EDGE('',*,*,#2185,.F.);
#3005=ORIENTED_EDGE('',*,*,#2186,.T.);
#3006=ORIENTED_EDGE('',*,*,#2139,.T.);
#3007=ORIENTED_EDGE('',*,*,#2092,.F.);
#3008=ORIENTED_EDGE('',*,*,#2082,.T.);
#3009=ORIENTED_EDGE('',*,*,#2066,.F.);
#3010=ORIENTED_EDGE('',*,*,#2074,.F.);
#3011=ORIENTED_EDGE('',*,*,#2178,.F.);
#3012=ORIENTED_EDGE('',*,*,#2187,.F.);
#3013=ORIENTED_EDGE('',*,*,#2188,.T.);
#3014=ORIENTED_EDGE('',*,*,#2189,.T.);
#3015=ORIENTED_EDGE('',*,*,#2190,.T.);
#3016=ORIENTED_EDGE('',*,*,#2142,.F.);
#3017=ORIENTED_EDGE('',*,*,#2051,.T.);
#3018=ORIENTED_EDGE('',*,*,#2060,.T.);
#3019=ORIENTED_EDGE('',*,*,#2057,.T.);
#3020=ORIENTED_EDGE('',*,*,#2054,.T.);
#3021=ORIENTED_EDGE('',*,*,#2038,.T.);
#3022=ORIENTED_EDGE('',*,*,#2042,.T.);
#3023=ORIENTED_EDGE('',*,*,#2045,.T.);
#3024=ORIENTED_EDGE('',*,*,#2048,.T.);
#3025=ORIENTED_EDGE('',*,*,#2177,.T.);
#3026=ORIENTED_EDGE('',*,*,#2191,.F.);
#3027=ORIENTED_EDGE('',*,*,#2192,.T.);
#3028=ORIENTED_EDGE('',*,*,#2187,.T.);
#3029=ORIENTED_EDGE('',*,*,#2193,.T.);
#3030=ORIENTED_EDGE('',*,*,#2099,.F.);
#3031=ORIENTED_EDGE('',*,*,#2194,.T.);
#3032=ORIENTED_EDGE('',*,*,#2195,.T.);
#3033=ORIENTED_EDGE('',*,*,#2196,.T.);
#3034=ORIENTED_EDGE('',*,*,#2103,.F.);
#3035=ORIENTED_EDGE('',*,*,#2197,.T.);
#3036=ORIENTED_EDGE('',*,*,#2198,.T.);
#3037=ORIENTED_EDGE('',*,*,#2199,.T.);
#3038=ORIENTED_EDGE('',*,*,#2200,.T.);
#3039=ORIENTED_EDGE('',*,*,#2201,.T.);
#3040=ORIENTED_EDGE('',*,*,#2198,.F.);
#3041=ORIENTED_EDGE('',*,*,#2202,.T.);
#3042=ORIENTED_EDGE('',*,*,#2203,.T.);
#3043=ORIENTED_EDGE('',*,*,#2204,.T.);
#3044=ORIENTED_EDGE('',*,*,#2195,.F.);
#3045=ORIENTED_EDGE('',*,*,#2205,.T.);
#3046=ORIENTED_EDGE('',*,*,#2206,.T.);
#3047=ORIENTED_EDGE('',*,*,#2207,.T.);
#3048=ORIENTED_EDGE('',*,*,#2208,.F.);
#3049=ORIENTED_EDGE('',*,*,#2153,.F.);
#3050=ORIENTED_EDGE('',*,*,#2156,.T.);
#3051=ORIENTED_EDGE('',*,*,#2158,.T.);
#3052=ORIENTED_EDGE('',*,*,#2160,.T.);
#3053=ORIENTED_EDGE('',*,*,#2162,.F.);
#3054=ORIENTED_EDGE('',*,*,#2164,.T.);
#3055=ORIENTED_EDGE('',*,*,#2166,.T.);
#3056=ORIENTED_EDGE('',*,*,#2168,.T.);
#3057=ORIENTED_EDGE('',*,*,#2170,.F.);
#3058=ORIENTED_EDGE('',*,*,#2172,.T.);
#3059=ORIENTED_EDGE('',*,*,#2174,.T.);
#3060=ORIENTED_EDGE('',*,*,#2176,.T.);
#3061=ORIENTED_EDGE('',*,*,#2209,.F.);
#3062=ORIENTED_EDGE('',*,*,#2210,.F.);
#3063=ORIENTED_EDGE('',*,*,#2211,.F.);
#3064=ORIENTED_EDGE('',*,*,#2212,.F.);
#3065=ORIENTED_EDGE('',*,*,#2213,.F.);
#3066=ORIENTED_EDGE('',*,*,#2214,.F.);
#3067=ORIENTED_EDGE('',*,*,#2215,.F.);
#3068=ORIENTED_EDGE('',*,*,#2216,.F.);
#3069=ORIENTED_EDGE('',*,*,#2217,.F.);
#3070=ORIENTED_EDGE('',*,*,#2218,.F.);
#3071=ORIENTED_EDGE('',*,*,#2219,.F.);
#3072=ORIENTED_EDGE('',*,*,#2220,.F.);
#3073=ORIENTED_EDGE('',*,*,#2221,.F.);
#3074=ORIENTED_EDGE('',*,*,#2222,.F.);
#3075=ORIENTED_EDGE('',*,*,#2223,.F.);
#3076=ORIENTED_EDGE('',*,*,#2224,.T.);
#3077=ORIENTED_EDGE('',*,*,#2225,.T.);
#3078=ORIENTED_EDGE('',*,*,#2226,.T.);
#3079=ORIENTED_EDGE('',*,*,#2227,.F.);
#3080=ORIENTED_EDGE('',*,*,#2228,.T.);
#3081=ORIENTED_EDGE('',*,*,#2229,.T.);
#3082=ORIENTED_EDGE('',*,*,#2230,.T.);
#3083=ORIENTED_EDGE('',*,*,#2231,.F.);
#3084=ORIENTED_EDGE('',*,*,#2232,.T.);
#3085=ORIENTED_EDGE('',*,*,#2233,.T.);
#3086=ORIENTED_EDGE('',*,*,#2234,.T.);
#3087=ORIENTED_EDGE('',*,*,#2235,.F.);
#3088=ORIENTED_EDGE('',*,*,#2080,.F.);
#3089=ORIENTED_EDGE('',*,*,#2236,.F.);
#3090=ORIENTED_EDGE('',*,*,#2237,.F.);
#3091=ORIENTED_EDGE('',*,*,#2238,.F.);
#3092=ORIENTED_EDGE('',*,*,#2183,.F.);
#3093=ORIENTED_EDGE('',*,*,#2239,.F.);
#3094=ORIENTED_EDGE('',*,*,#2181,.T.);
#3095=ORIENTED_EDGE('',*,*,#2240,.F.);
#3096=ORIENTED_EDGE('',*,*,#2241,.F.);
#3097=ORIENTED_EDGE('',*,*,#2242,.F.);
#3098=ORIENTED_EDGE('',*,*,#2243,.F.);
#3099=ORIENTED_EDGE('',*,*,#2244,.F.);
#3100=ORIENTED_EDGE('',*,*,#2245,.F.);
#3101=ORIENTED_EDGE('',*,*,#2246,.F.);
#3102=ORIENTED_EDGE('',*,*,#2247,.T.);
#3103=ORIENTED_EDGE('',*,*,#2248,.F.);
#3104=ORIENTED_EDGE('',*,*,#2249,.F.);
#3105=ORIENTED_EDGE('',*,*,#2063,.T.);
#3106=ORIENTED_EDGE('',*,*,#2250,.T.);
#3107=ORIENTED_EDGE('',*,*,#2251,.T.);
#3108=ORIENTED_EDGE('',*,*,#2252,.T.);
#3109=ORIENTED_EDGE('',*,*,#2253,.T.);
#3110=ORIENTED_EDGE('',*,*,#2254,.T.);
#3111=ORIENTED_EDGE('',*,*,#2255,.T.);
#3112=ORIENTED_EDGE('',*,*,#2256,.T.);
#3113=ORIENTED_EDGE('',*,*,#2257,.T.);
#3114=ORIENTED_EDGE('',*,*,#2258,.T.);
#3115=ORIENTED_EDGE('',*,*,#2259,.T.);
#3116=ORIENTED_EDGE('',*,*,#2260,.T.);
#3117=ORIENTED_EDGE('',*,*,#2261,.T.);
#3118=ORIENTED_EDGE('',*,*,#2262,.T.);
#3119=ORIENTED_EDGE('',*,*,#2263,.T.);
#3120=ORIENTED_EDGE('',*,*,#2071,.T.);
#3121=ORIENTED_EDGE('',*,*,#2244,.T.);
#3122=ORIENTED_EDGE('',*,*,#2264,.F.);
#3123=ORIENTED_EDGE('',*,*,#2265,.T.);
#3124=ORIENTED_EDGE('',*,*,#2147,.F.);
#3125=ORIENTED_EDGE('',*,*,#2238,.T.);
#3126=ORIENTED_EDGE('',*,*,#2266,.F.);
#3127=ORIENTED_EDGE('',*,*,#2248,.T.);
#3128=ORIENTED_EDGE('',*,*,#2145,.F.);
#3129=ORIENTED_EDGE('',*,*,#2240,.T.);
#3130=ORIENTED_EDGE('',*,*,#2143,.F.);
#3131=ORIENTED_EDGE('',*,*,#2190,.F.);
#3132=ORIENTED_EDGE('',*,*,#2267,.F.);
#3133=ORIENTED_EDGE('',*,*,#2243,.T.);
#3134=ORIENTED_EDGE('',*,*,#2268,.T.);
#3135=ORIENTED_EDGE('',*,*,#2269,.T.);
#3136=ORIENTED_EDGE('',*,*,#2264,.T.);
#3137=ORIENTED_EDGE('',*,*,#2237,.T.);
#3138=ORIENTED_EDGE('',*,*,#2270,.T.);
#3139=ORIENTED_EDGE('',*,*,#2249,.T.);
#3140=ORIENTED_EDGE('',*,*,#2266,.T.);
#3141=ORIENTED_EDGE('',*,*,#2241,.T.);
#3142=ORIENTED_EDGE('',*,*,#2267,.T.);
#3143=ORIENTED_EDGE('',*,*,#2189,.F.);
#3144=ORIENTED_EDGE('',*,*,#2271,.T.);
#3145=ORIENTED_EDGE('',*,*,#2219,.T.);
#3146=ORIENTED_EDGE('',*,*,#2272,.F.);
#3147=ORIENTED_EDGE('',*,*,#2253,.F.);
#3148=ORIENTED_EDGE('',*,*,#2273,.F.);
#3149=ORIENTED_EDGE('',*,*,#2220,.T.);
#3150=ORIENTED_EDGE('',*,*,#2273,.T.);
#3151=ORIENTED_EDGE('',*,*,#2252,.F.);
#3152=ORIENTED_EDGE('',*,*,#2274,.F.);
#3153=ORIENTED_EDGE('',*,*,#2221,.T.);
#3154=ORIENTED_EDGE('',*,*,#2274,.T.);
#3155=ORIENTED_EDGE('',*,*,#2251,.F.);
#3156=ORIENTED_EDGE('',*,*,#2275,.F.);
#3157=ORIENTED_EDGE('',*,*,#2215,.T.);
#3158=ORIENTED_EDGE('',*,*,#2276,.F.);
#3159=ORIENTED_EDGE('',*,*,#2257,.F.);
#3160=ORIENTED_EDGE('',*,*,#2277,.F.);
#3161=ORIENTED_EDGE('',*,*,#2216,.T.);
#3162=ORIENTED_EDGE('',*,*,#2277,.T.);
#3163=ORIENTED_EDGE('',*,*,#2256,.F.);
#3164=ORIENTED_EDGE('',*,*,#2278,.F.);
#3165=ORIENTED_EDGE('',*,*,#2217,.T.);
#3166=ORIENTED_EDGE('',*,*,#2278,.T.);
#3167=ORIENTED_EDGE('',*,*,#2255,.F.);
#3168=ORIENTED_EDGE('',*,*,#2279,.F.);
#3169=ORIENTED_EDGE('',*,*,#2276,.T.);
#3170=ORIENTED_EDGE('',*,*,#2214,.T.);
#3171=ORIENTED_EDGE('',*,*,#2280,.T.);
#3172=ORIENTED_EDGE('',*,*,#2258,.F.);
#3173=ORIENTED_EDGE('',*,*,#2062,.F.);
#3174=ORIENTED_EDGE('',*,*,#2070,.F.);
#3175=ORIENTED_EDGE('',*,*,#2281,.F.);
#3176=ORIENTED_EDGE('',*,*,#2222,.T.);
#3177=ORIENTED_EDGE('',*,*,#2275,.T.);
#3178=ORIENTED_EDGE('',*,*,#2250,.F.);
#3179=ORIENTED_EDGE('',*,*,#2272,.T.);
#3180=ORIENTED_EDGE('',*,*,#2218,.T.);
#3181=ORIENTED_EDGE('',*,*,#2279,.T.);
#3182=ORIENTED_EDGE('',*,*,#2254,.F.);
#3183=ORIENTED_EDGE('',*,*,#2234,.F.);
#3184=ORIENTED_EDGE('',*,*,#2282,.T.);
#3185=ORIENTED_EDGE('',*,*,#2089,.F.);
#3186=ORIENTED_EDGE('',*,*,#2283,.F.);
#3187=ORIENTED_EDGE('',*,*,#2232,.F.);
#3188=ORIENTED_EDGE('',*,*,#2284,.F.);
#3189=ORIENTED_EDGE('',*,*,#2091,.F.);
#3190=ORIENTED_EDGE('',*,*,#2285,.F.);
#3191=ORIENTED_EDGE('',*,*,#2233,.F.);
#3192=ORIENTED_EDGE('',*,*,#2285,.T.);
#3193=ORIENTED_EDGE('',*,*,#2090,.F.);
#3194=ORIENTED_EDGE('',*,*,#2282,.F.);
#3195=ORIENTED_EDGE('',*,*,#2230,.F.);
#3196=ORIENTED_EDGE('',*,*,#2286,.T.);
#3197=ORIENTED_EDGE('',*,*,#2085,.F.);
#3198=ORIENTED_EDGE('',*,*,#2287,.F.);
#3199=ORIENTED_EDGE('',*,*,#2228,.F.);
#3200=ORIENTED_EDGE('',*,*,#2288,.F.);
#3201=ORIENTED_EDGE('',*,*,#2087,.F.);
#3202=ORIENTED_EDGE('',*,*,#2289,.F.);
#3203=ORIENTED_EDGE('',*,*,#2229,.F.);
#3204=ORIENTED_EDGE('',*,*,#2289,.T.);
#3205=ORIENTED_EDGE('',*,*,#2086,.F.);
#3206=ORIENTED_EDGE('',*,*,#2286,.F.);
#3207=ORIENTED_EDGE('',*,*,#2116,.T.);
#3208=ORIENTED_EDGE('',*,*,#2290,.F.);
#3209=ORIENTED_EDGE('',*,*,#2291,.F.);
#3210=ORIENTED_EDGE('',*,*,#2292,.F.);
#3211=ORIENTED_EDGE('',*,*,#2115,.T.);
#3212=ORIENTED_EDGE('',*,*,#2293,.F.);
#3213=ORIENTED_EDGE('',*,*,#2294,.F.);
#3214=ORIENTED_EDGE('',*,*,#2290,.T.);
#3215=ORIENTED_EDGE('',*,*,#2114,.T.);
#3216=ORIENTED_EDGE('',*,*,#2295,.F.);
#3217=ORIENTED_EDGE('',*,*,#2296,.F.);
#3218=ORIENTED_EDGE('',*,*,#2293,.T.);
#3219=ORIENTED_EDGE('',*,*,#2120,.T.);
#3220=ORIENTED_EDGE('',*,*,#2297,.F.);
#3221=ORIENTED_EDGE('',*,*,#2298,.F.);
#3222=ORIENTED_EDGE('',*,*,#2299,.F.);
#3223=ORIENTED_EDGE('',*,*,#2119,.T.);
#3224=ORIENTED_EDGE('',*,*,#2300,.F.);
#3225=ORIENTED_EDGE('',*,*,#2301,.F.);
#3226=ORIENTED_EDGE('',*,*,#2297,.T.);
#3227=ORIENTED_EDGE('',*,*,#2118,.T.);
#3228=ORIENTED_EDGE('',*,*,#2302,.F.);
#3229=ORIENTED_EDGE('',*,*,#2303,.F.);
#3230=ORIENTED_EDGE('',*,*,#2300,.T.);
#3231=ORIENTED_EDGE('',*,*,#2239,.T.);
#3232=ORIENTED_EDGE('',*,*,#2271,.F.);
#3233=ORIENTED_EDGE('',*,*,#2188,.F.);
#3234=ORIENTED_EDGE('',*,*,#2192,.F.);
#3235=ORIENTED_EDGE('',*,*,#2304,.F.);
#3236=ORIENTED_EDGE('',*,*,#2305,.T.);
#3237=ORIENTED_EDGE('',*,*,#2306,.T.);
#3238=ORIENTED_EDGE('',*,*,#2307,.T.);
#3239=ORIENTED_EDGE('',*,*,#2308,.F.);
#3240=ORIENTED_EDGE('',*,*,#2298,.T.);
#3241=ORIENTED_EDGE('',*,*,#2301,.T.);
#3242=ORIENTED_EDGE('',*,*,#2303,.T.);
#3243=ORIENTED_EDGE('',*,*,#2309,.F.);
#3244=ORIENTED_EDGE('',*,*,#2291,.T.);
#3245=ORIENTED_EDGE('',*,*,#2294,.T.);
#3246=ORIENTED_EDGE('',*,*,#2296,.T.);
#3247=ORIENTED_EDGE('',*,*,#2310,.F.);
#3248=ORIENTED_EDGE('',*,*,#2311,.F.);
#3249=ORIENTED_EDGE('',*,*,#2312,.T.);
#3250=ORIENTED_EDGE('',*,*,#2185,.T.);
#3251=ORIENTED_EDGE('',*,*,#2313,.T.);
#3252=ORIENTED_EDGE('',*,*,#2268,.F.);
#3253=ORIENTED_EDGE('',*,*,#2242,.T.);
#3254=ORIENTED_EDGE('',*,*,#2314,.T.);
#3255=ORIENTED_EDGE('',*,*,#2246,.T.);
#3256=ORIENTED_EDGE('',*,*,#2270,.F.);
#3257=ORIENTED_EDGE('',*,*,#2236,.T.);
#3258=ORIENTED_EDGE('',*,*,#2182,.T.);
#3259=ORIENTED_EDGE('',*,*,#2113,.T.);
#3260=ORIENTED_EDGE('',*,*,#2150,.T.);
#3261=ORIENTED_EDGE('',*,*,#2315,.T.);
#3262=ORIENTED_EDGE('',*,*,#2316,.F.);
#3263=ORIENTED_EDGE('',*,*,#2310,.T.);
#3264=ORIENTED_EDGE('',*,*,#2295,.T.);
#3265=ORIENTED_EDGE('',*,*,#2121,.T.);
#3266=ORIENTED_EDGE('',*,*,#2299,.T.);
#3267=ORIENTED_EDGE('',*,*,#2308,.T.);
#3268=ORIENTED_EDGE('',*,*,#2317,.T.);
#3269=ORIENTED_EDGE('',*,*,#2117,.T.);
#3270=ORIENTED_EDGE('',*,*,#2292,.T.);
#3271=ORIENTED_EDGE('',*,*,#2309,.T.);
#3272=ORIENTED_EDGE('',*,*,#2302,.T.);
#3273=ORIENTED_EDGE('',*,*,#2318,.T.);
#3274=ORIENTED_EDGE('',*,*,#2095,.F.);
#3275=ORIENTED_EDGE('',*,*,#2154,.F.);
#3276=ORIENTED_EDGE('',*,*,#2208,.T.);
#3277=ORIENTED_EDGE('',*,*,#2312,.F.);
#3278=ORIENTED_EDGE('',*,*,#2319,.F.);
#3279=ORIENTED_EDGE('',*,*,#2320,.F.);
#3280=ORIENTED_EDGE('',*,*,#2186,.F.);
#3281=ORIENTED_EDGE('',*,*,#2313,.F.);
#3282=ORIENTED_EDGE('',*,*,#2184,.T.);
#3283=ORIENTED_EDGE('',*,*,#2265,.F.);
#3284=ORIENTED_EDGE('',*,*,#2269,.F.);
#3285=ORIENTED_EDGE('',*,*,#2320,.T.);
#3286=ORIENTED_EDGE('',*,*,#2321,.F.);
#3287=ORIENTED_EDGE('',*,*,#2315,.F.);
#3288=ORIENTED_EDGE('',*,*,#2149,.F.);
#3289=ORIENTED_EDGE('',*,*,#2319,.T.);
#3290=ORIENTED_EDGE('',*,*,#2311,.T.);
#3291=ORIENTED_EDGE('',*,*,#2316,.T.);
#3292=ORIENTED_EDGE('',*,*,#2321,.T.);
#3293=ORIENTED_EDGE('',*,*,#2211,.T.);
#3294=ORIENTED_EDGE('',*,*,#2322,.F.);
#3295=ORIENTED_EDGE('',*,*,#2261,.F.);
#3296=ORIENTED_EDGE('',*,*,#2323,.F.);
#3297=ORIENTED_EDGE('',*,*,#2212,.T.);
#3298=ORIENTED_EDGE('',*,*,#2323,.T.);
#3299=ORIENTED_EDGE('',*,*,#2260,.F.);
#3300=ORIENTED_EDGE('',*,*,#2324,.F.);
#3301=ORIENTED_EDGE('',*,*,#2213,.T.);
#3302=ORIENTED_EDGE('',*,*,#2324,.T.);
#3303=ORIENTED_EDGE('',*,*,#2259,.F.);
#3304=ORIENTED_EDGE('',*,*,#2280,.F.);
#3305=ORIENTED_EDGE('',*,*,#2322,.T.);
#3306=ORIENTED_EDGE('',*,*,#2210,.T.);
#3307=ORIENTED_EDGE('',*,*,#2325,.T.);
#3308=ORIENTED_EDGE('',*,*,#2262,.F.);
#3309=ORIENTED_EDGE('',*,*,#2226,.F.);
#3310=ORIENTED_EDGE('',*,*,#2326,.T.);
#3311=ORIENTED_EDGE('',*,*,#2108,.F.);
#3312=ORIENTED_EDGE('',*,*,#2327,.F.);
#3313=ORIENTED_EDGE('',*,*,#2224,.F.);
#3314=ORIENTED_EDGE('',*,*,#2328,.F.);
#3315=ORIENTED_EDGE('',*,*,#2110,.F.);
#3316=ORIENTED_EDGE('',*,*,#2329,.F.);
#3317=ORIENTED_EDGE('',*,*,#2225,.F.);
#3318=ORIENTED_EDGE('',*,*,#2329,.T.);
#3319=ORIENTED_EDGE('',*,*,#2109,.F.);
#3320=ORIENTED_EDGE('',*,*,#2326,.F.);
#3321=ORIENTED_EDGE('',*,*,#2328,.T.);
#3322=ORIENTED_EDGE('',*,*,#2223,.T.);
#3323=ORIENTED_EDGE('',*,*,#2281,.T.);
#3324=ORIENTED_EDGE('',*,*,#2069,.F.);
#3325=ORIENTED_EDGE('',*,*,#2081,.F.);
#3326=ORIENTED_EDGE('',*,*,#2235,.T.);
#3327=ORIENTED_EDGE('',*,*,#2283,.T.);
#3328=ORIENTED_EDGE('',*,*,#2088,.F.);
#3329=ORIENTED_EDGE('',*,*,#2284,.T.);
#3330=ORIENTED_EDGE('',*,*,#2231,.T.);
#3331=ORIENTED_EDGE('',*,*,#2287,.T.);
#3332=ORIENTED_EDGE('',*,*,#2084,.F.);
#3333=ORIENTED_EDGE('',*,*,#2288,.T.);
#3334=ORIENTED_EDGE('',*,*,#2227,.T.);
#3335=ORIENTED_EDGE('',*,*,#2327,.T.);
#3336=ORIENTED_EDGE('',*,*,#2107,.F.);
#3337=ORIENTED_EDGE('',*,*,#2052,.T.);
#3338=ORIENTED_EDGE('',*,*,#2049,.T.);
#3339=ORIENTED_EDGE('',*,*,#2046,.T.);
#3340=ORIENTED_EDGE('',*,*,#2043,.T.);
#3341=ORIENTED_EDGE('',*,*,#2040,.T.);
#3342=ORIENTED_EDGE('',*,*,#2056,.T.);
#3343=ORIENTED_EDGE('',*,*,#2059,.T.);
#3344=ORIENTED_EDGE('',*,*,#2061,.T.);
#3345=ORIENTED_EDGE('',*,*,#2124,.T.);
#3346=ORIENTED_EDGE('',*,*,#2330,.F.);
#3347=ORIENTED_EDGE('',*,*,#2305,.F.);
#3348=ORIENTED_EDGE('',*,*,#2331,.F.);
#3349=ORIENTED_EDGE('',*,*,#2123,.T.);
#3350=ORIENTED_EDGE('',*,*,#2332,.F.);
#3351=ORIENTED_EDGE('',*,*,#2306,.F.);
#3352=ORIENTED_EDGE('',*,*,#2330,.T.);
#3353=ORIENTED_EDGE('',*,*,#2122,.T.);
#3354=ORIENTED_EDGE('',*,*,#2317,.F.);
#3355=ORIENTED_EDGE('',*,*,#2307,.F.);
#3356=ORIENTED_EDGE('',*,*,#2332,.T.);
#3357=ORIENTED_EDGE('',*,*,#2072,.T.);
#3358=ORIENTED_EDGE('',*,*,#2263,.F.);
#3359=ORIENTED_EDGE('',*,*,#2325,.F.);
#3360=ORIENTED_EDGE('',*,*,#2209,.T.);
#3361=ORIENTED_EDGE('',*,*,#2175,.T.);
#3362=ORIENTED_EDGE('',*,*,#2127,.T.);
#3363=ORIENTED_EDGE('',*,*,#2179,.T.);
#3364=ORIENTED_EDGE('',*,*,#2125,.T.);
#3365=ORIENTED_EDGE('',*,*,#2331,.T.);
#3366=ORIENTED_EDGE('',*,*,#2304,.T.);
#3367=ORIENTED_EDGE('',*,*,#2191,.T.);
#3368=ORIENTED_EDGE('',*,*,#2180,.T.);
#3369=ORIENTED_EDGE('',*,*,#2146,.T.);
#3370=ORIENTED_EDGE('',*,*,#2247,.F.);
#3371=ORIENTED_EDGE('',*,*,#2314,.F.);
#3372=ORIENTED_EDGE('',*,*,#2245,.T.);
#3373=ORIENTED_EDGE('',*,*,#2333,.T.);
#3374=ORIENTED_EDGE('',*,*,#2096,.F.);
#3375=ORIENTED_EDGE('',*,*,#2318,.F.);
#3376=ORIENTED_EDGE('',*,*,#2207,.F.);
#3377=ORIENTED_EDGE('',*,*,#2334,.T.);
#3378=ORIENTED_EDGE('',*,*,#2097,.F.);
#3379=ORIENTED_EDGE('',*,*,#2333,.F.);
#3380=ORIENTED_EDGE('',*,*,#2206,.F.);
#3381=ORIENTED_EDGE('',*,*,#2334,.F.);
#3382=ORIENTED_EDGE('',*,*,#2205,.F.);
#3383=ORIENTED_EDGE('',*,*,#2194,.F.);
#3384=ORIENTED_EDGE('',*,*,#2098,.F.);
#3385=ORIENTED_EDGE('',*,*,#2335,.T.);
#3386=ORIENTED_EDGE('',*,*,#2104,.F.);
#3387=ORIENTED_EDGE('',*,*,#2196,.F.);
#3388=ORIENTED_EDGE('',*,*,#2201,.F.);
#3389=ORIENTED_EDGE('',*,*,#2336,.T.);
#3390=ORIENTED_EDGE('',*,*,#2105,.F.);
#3391=ORIENTED_EDGE('',*,*,#2335,.F.);
#3392=ORIENTED_EDGE('',*,*,#2200,.F.);
#3393=ORIENTED_EDGE('',*,*,#2336,.F.);
#3394=ORIENTED_EDGE('',*,*,#2199,.F.);
#3395=ORIENTED_EDGE('',*,*,#2079,.F.);
#3396=ORIENTED_EDGE('',*,*,#2106,.F.);
#3397=ORIENTED_EDGE('',*,*,#2337,.F.);
#3398=ORIENTED_EDGE('',*,*,#2202,.F.);
#3399=ORIENTED_EDGE('',*,*,#2197,.F.);
#3400=ORIENTED_EDGE('',*,*,#2102,.F.);
#3401=ORIENTED_EDGE('',*,*,#2337,.T.);
#3402=ORIENTED_EDGE('',*,*,#2101,.F.);
#3403=ORIENTED_EDGE('',*,*,#2338,.F.);
#3404=ORIENTED_EDGE('',*,*,#2203,.F.);
#3405=ORIENTED_EDGE('',*,*,#2338,.T.);
#3406=ORIENTED_EDGE('',*,*,#2100,.F.);
#3407=ORIENTED_EDGE('',*,*,#2193,.F.);
#3408=ORIENTED_EDGE('',*,*,#2204,.F.);
#3409=PLANE('',#3776);
#3410=PLANE('',#3777);
#3411=PLANE('',#3778);
#3412=PLANE('',#3779);
#3413=PLANE('',#3780);
#3414=PLANE('',#3781);
#3415=PLANE('',#3782);
#3416=PLANE('',#3783);
#3417=PLANE('',#3784);
#3418=PLANE('',#3785);
#3419=PLANE('',#3786);
#3420=PLANE('',#3787);
#3421=PLANE('',#3788);
#3422=PLANE('',#3789);
#3423=PLANE('',#3790);
#3424=PLANE('',#3791);
#3425=PLANE('',#3792);
#3426=PLANE('',#3793);
#3427=PLANE('',#3794);
#3428=PLANE('',#3795);
#3429=PLANE('',#3796);
#3430=PLANE('',#3797);
#3431=PLANE('',#3798);
#3432=PLANE('',#3799);
#3433=PLANE('',#3800);
#3434=PLANE('',#3801);
#3435=PLANE('',#3802);
#3436=PLANE('',#3803);
#3437=PLANE('',#3804);
#3438=PLANE('',#3805);
#3439=PLANE('',#3806);
#3440=PLANE('',#3807);
#3441=PLANE('',#3808);
#3442=PLANE('',#3809);
#3443=PLANE('',#3811);
#3444=PLANE('',#3813);
#3445=PLANE('',#3817);
#3446=PLANE('',#3820);
#3447=PLANE('',#3821);
#3448=PLANE('',#3822);
#3449=PLANE('',#3823);
#3450=PLANE('',#3824);
#3451=PLANE('',#3825);
#3452=PLANE('',#3830);
#3453=PLANE('',#3832);
#3454=PLANE('',#3837);
#3455=PLANE('',#3838);
#3456=PLANE('',#3839);
#3457=PLANE('',#3840);
#3458=PLANE('',#3842);
#3459=PLANE('',#3846);
#3460=PLANE('',#3850);
#3461=PLANE('',#3854);
#3462=PLANE('',#3858);
#3463=PLANE('',#3859);
#3464=PLANE('',#3860);
#3465=PLANE('',#3861);
#3466=PLANE('',#3862);
#3467=PLANE('',#3863);
#3468=PLANE('',#3864);
#3469=PLANE('',#3865);
#3470=PLANE('',#3866);
#3471=PLANE('',#3867);
#3472=PLANE('',#3868);
#3473=PLANE('',#3869);
#3474=PLANE('',#3874);
#3475=PLANE('',#3875);
#3476=PLANE('',#3876);
#3477=PLANE('',#3877);
#3478=PLANE('',#3878);
#3479=PLANE('',#3879);
#3480=PLANE('',#3880);
#3481=PLANE('',#3881);
#3482=PLANE('',#3882);
#3483=PLANE('',#3883);
#3484=PLANE('',#3884);
#3485=PLANE('',#3885);
#3486=PLANE('',#3890);
#3487=PLANE('',#3891);
#3488=PLANE('',#3892);
#3489=PLANE('',#3893);
#3490=PLANE('',#3894);
#3491=PLANE('',#3895);
#3492=PLANE('',#3896);
#3493=PLANE('',#3897);
#3494=PLANE('',#3898);
#3495=PLANE('',#3899);
#3496=PLANE('',#3900);
#3497=PLANE('',#3901);
#3498=PLANE('',#3902);
#3499=PLANE('',#3903);
#3500=PLANE('',#3904);
#3501=PLANE('',#3905);
#3502=PLANE('',#3906);
#3503=PLANE('',#3907);
#3504=PLANE('',#3908);
#3505=PLANE('',#3909);
#3506=PLANE('',#3910);
#3507=PLANE('',#3911);
#3508=PLANE('',#3912);
#3509=PLANE('',#3913);
#3510=PLANE('',#3914);
#3511=PLANE('',#3915);
#3512=PLANE('',#3916);
#3513=PLANE('',#3917);
#3514=PLANE('',#3918);
#3515=PLANE('',#3919);
#3516=PLANE('',#3920);
#3517=PLANE('',#3921);
#3518=PLANE('',#3922);
#3519=PLANE('',#3923);
#3520=PLANE('',#3924);
#3521=PLANE('',#3925);
#3522=PLANE('',#3926);
#3523=PLANE('',#3927);
#3524=PLANE('',#3928);
#3525=PLANE('',#3929);
#3526=PLANE('',#3930);
#3527=PLANE('',#3931);
#3528=PLANE('',#3932);
#3529=PLANE('',#3933);
#3530=PLANE('',#3934);
#3531=PLANE('',#3935);
#3532=PLANE('',#3936);
#3533=PLANE('',#3937);
#3534=PLANE('',#3938);
#3535=PLANE('',#3939);
#3536=PLANE('',#3940);
#3537=PLANE('',#3941);
#3538=PLANE('',#3942);
#3539=PLANE('',#3943);
#3540=PLANE('',#3944);
#3541=PLANE('',#3945);
#3542=PLANE('',#3946);
#3543=PLANE('',#3947);
#3544=PLANE('',#3948);
#3545=PLANE('',#3949);
#3546=PLANE('',#3950);
#3547=PLANE('',#3951);
#3548=PLANE('',#3952);
#3549=PLANE('',#3953);
#3550=PLANE('',#3954);
#3551=PLANE('',#3955);
#3552=PLANE('',#3956);
#3553=PLANE('',#3957);
#3554=PLANE('',#3958);
#3555=PLANE('',#3959);
#3556=PLANE('',#3960);
#3557=ADVANCED_FACE('',(#994,#986),#3409,.T.);
#3558=ADVANCED_FACE('',(#995),#954,.T.);
#3559=ADVANCED_FACE('',(#996),#955,.T.);
#3560=ADVANCED_FACE('',(#997),#956,.T.);
#3561=ADVANCED_FACE('',(#998),#957,.T.);
#3562=ADVANCED_FACE('',(#999),#958,.T.);
#3563=ADVANCED_FACE('',(#1000),#959,.T.);
#3564=ADVANCED_FACE('',(#1001),#960,.T.);
#3565=ADVANCED_FACE('',(#1002),#961,.T.);
#3566=ADVANCED_FACE('',(#1003),#962,.T.);
#3567=ADVANCED_FACE('',(#1004),#963,.T.);
#3568=ADVANCED_FACE('',(#1005),#964,.T.);
#3569=ADVANCED_FACE('',(#1006),#965,.T.);
#3570=ADVANCED_FACE('',(#1007),#966,.T.);
#3571=ADVANCED_FACE('',(#1008),#967,.T.);
#3572=ADVANCED_FACE('',(#1009),#968,.T.);
#3573=ADVANCED_FACE('',(#1010),#969,.T.);
#3574=ADVANCED_FACE('',(#1011),#970,.T.);
#3575=ADVANCED_FACE('',(#1012),#971,.T.);
#3576=ADVANCED_FACE('',(#1013),#972,.T.);
#3577=ADVANCED_FACE('',(#1014),#973,.T.);
#3578=ADVANCED_FACE('',(#1015),#3410,.T.);
#3579=ADVANCED_FACE('',(#1016),#3411,.T.);
#3580=ADVANCED_FACE('',(#1017),#3412,.T.);
#3581=ADVANCED_FACE('',(#1018),#3413,.T.);
#3582=ADVANCED_FACE('',(#1019),#3414,.T.);
#3583=ADVANCED_FACE('',(#1020),#3415,.T.);
#3584=ADVANCED_FACE('',(#1021),#3416,.T.);
#3585=ADVANCED_FACE('',(#1022),#3417,.T.);
#3586=ADVANCED_FACE('',(#1023),#3418,.T.);
#3587=ADVANCED_FACE('',(#1024,#987),#3419,.T.);
#3588=ADVANCED_FACE('',(#1025),#3420,.T.);
#3589=ADVANCED_FACE('',(#1026),#3421,.T.);
#3590=ADVANCED_FACE('',(#1027),#974,.T.);
#3591=ADVANCED_FACE('',(#1028),#975,.T.);
#3592=ADVANCED_FACE('',(#1029),#976,.T.);
#3593=ADVANCED_FACE('',(#1030),#977,.T.);
#3594=ADVANCED_FACE('',(#1031),#978,.T.);
#3595=ADVANCED_FACE('',(#1032),#979,.T.);
#3596=ADVANCED_FACE('',(#1033),#3422,.T.);
#3597=ADVANCED_FACE('',(#1034),#3423,.T.);
#3598=ADVANCED_FACE('',(#1035),#3424,.T.);
#3599=ADVANCED_FACE('',(#1036),#3425,.T.);
#3600=ADVANCED_FACE('',(#1037),#980,.T.);
#3601=ADVANCED_FACE('',(#1038),#981,.T.);
#3602=ADVANCED_FACE('',(#1039),#982,.T.);
#3603=ADVANCED_FACE('',(#1040),#983,.T.);
#3604=ADVANCED_FACE('',(#1041),#984,.T.);
#3605=ADVANCED_FACE('',(#1042),#3426,.T.);
#3606=ADVANCED_FACE('',(#1043),#3427,.T.);
#3607=ADVANCED_FACE('',(#1044),#3428,.T.);
#3608=ADVANCED_FACE('',(#1045),#3429,.T.);
#3609=ADVANCED_FACE('',(#1046),#3430,.F.);
#3610=ADVANCED_FACE('',(#1047),#3431,.F.);
#3611=ADVANCED_FACE('',(#1048),#3432,.F.);
#3612=ADVANCED_FACE('',(#1049),#3433,.F.);
#3613=ADVANCED_FACE('',(#1050),#3434,.F.);
#3614=ADVANCED_FACE('',(#1051),#3435,.F.);
#3615=ADVANCED_FACE('',(#1052),#3436,.T.);
#3616=ADVANCED_FACE('',(#1053),#3437,.T.);
#3617=ADVANCED_FACE('',(#1054),#3438,.T.);
#3618=ADVANCED_FACE('',(#1055),#3439,.F.);
#3619=ADVANCED_FACE('',(#1056),#3440,.F.);
#3620=ADVANCED_FACE('',(#1057),#3441,.F.);
#3621=ADVANCED_FACE('',(#1058),#3442,.T.);
#3622=ADVANCED_FACE('',(#1059),#3443,.F.);
#3623=ADVANCED_FACE('',(#1060),#3444,.F.);
#3624=ADVANCED_FACE('',(#1061),#29,.T.);
#3625=ADVANCED_FACE('',(#1062),#3445,.T.);
#3626=ADVANCED_FACE('',(#1063),#30,.T.);
#3627=ADVANCED_FACE('',(#1064),#3446,.T.);
#3628=ADVANCED_FACE('',(#1065),#3447,.F.);
#3629=ADVANCED_FACE('',(#1066),#3448,.F.);
#3630=ADVANCED_FACE('',(#1067),#3449,.F.);
#3631=ADVANCED_FACE('',(#1068),#3450,.F.);
#3632=ADVANCED_FACE('',(#1069),#3451,.T.);
#3633=ADVANCED_FACE('',(#1070),#27,.T.);
#3634=ADVANCED_FACE('',(#1071),#985,.T.);
#3635=ADVANCED_FACE('',(#1072),#28,.T.);
#3636=ADVANCED_FACE('',(#1073),#3452,.F.);
#3637=ADVANCED_FACE('',(#1074),#3453,.F.);
#3638=ADVANCED_FACE('',(#1075),#31,.T.);
#3639=ADVANCED_FACE('',(#1076),#32,.T.);
#3640=ADVANCED_FACE('',(#1077),#3454,.F.);
#3641=ADVANCED_FACE('',(#1078),#3455,.T.);
#3642=ADVANCED_FACE('',(#1079,#988,#989,#990,#991),#3456,.T.);
#3643=ADVANCED_FACE('',(#1080),#3457,.T.);
#3644=ADVANCED_FACE('',(#1081),#3458,.F.);
#3645=ADVANCED_FACE('',(#1082),#33,.F.);
#3646=ADVANCED_FACE('',(#1083),#3459,.F.);
#3647=ADVANCED_FACE('',(#1084),#34,.F.);
#3648=ADVANCED_FACE('',(#1085),#3460,.F.);
#3649=ADVANCED_FACE('',(#1086),#35,.F.);
#3650=ADVANCED_FACE('',(#1087),#3461,.F.);
#3651=ADVANCED_FACE('',(#1088),#36,.F.);
#3652=ADVANCED_FACE('',(#1089),#3462,.T.);
#3653=ADVANCED_FACE('',(#1090),#3463,.T.);
#3654=ADVANCED_FACE('',(#1091),#3464,.T.);
#3655=ADVANCED_FACE('',(#1092),#3465,.T.);
#3656=ADVANCED_FACE('',(#1093),#3466,.T.);
#3657=ADVANCED_FACE('',(#1094),#3467,.T.);
#3658=ADVANCED_FACE('',(#1095),#3468,.T.);
#3659=ADVANCED_FACE('',(#1096),#3469,.T.);
#3660=ADVANCED_FACE('',(#1097),#3470,.T.);
#3661=ADVANCED_FACE('',(#1098),#3471,.T.);
#3662=ADVANCED_FACE('',(#1099),#3472,.F.);
#3663=ADVANCED_FACE('',(#1100),#3473,.T.);
#3664=ADVANCED_FACE('',(#1101),#37,.F.);
#3665=ADVANCED_FACE('',(#1102),#3474,.T.);
#3666=ADVANCED_FACE('',(#1103),#3475,.T.);
#3667=ADVANCED_FACE('',(#1104),#3476,.T.);
#3668=ADVANCED_FACE('',(#1105),#3477,.T.);
#3669=ADVANCED_FACE('',(#1106),#3478,.T.);
#3670=ADVANCED_FACE('',(#1107),#3479,.T.);
#3671=ADVANCED_FACE('',(#1108),#3480,.T.);
#3672=ADVANCED_FACE('',(#1109),#3481,.T.);
#3673=ADVANCED_FACE('',(#1110),#3482,.T.);
#3674=ADVANCED_FACE('',(#1111),#3483,.T.);
#3675=ADVANCED_FACE('',(#1112),#3484,.T.);
#3676=ADVANCED_FACE('',(#1113),#3485,.T.);
#3677=ADVANCED_FACE('',(#1114),#38,.F.);
#3678=ADVANCED_FACE('',(#1115),#3486,.T.);
#3679=ADVANCED_FACE('',(#1116),#3487,.T.);
#3680=ADVANCED_FACE('',(#1117,#992),#3488,.T.);
#3681=ADVANCED_FACE('',(#1118),#3489,.T.);
#3682=ADVANCED_FACE('',(#1119),#3490,.T.);
#3683=ADVANCED_FACE('',(#1120),#3491,.T.);
#3684=ADVANCED_FACE('',(#1121),#3492,.F.);
#3685=ADVANCED_FACE('',(#1122),#3493,.T.);
#3686=ADVANCED_FACE('',(#1123),#3494,.T.);
#3687=ADVANCED_FACE('',(#1124),#3495,.T.);
#3688=ADVANCED_FACE('',(#1125),#3496,.T.);
#3689=ADVANCED_FACE('',(#1126),#3497,.T.);
#3690=ADVANCED_FACE('',(#1127),#3498,.T.);
#3691=ADVANCED_FACE('',(#1128),#3499,.T.);
#3692=ADVANCED_FACE('',(#1129),#3500,.T.);
#3693=ADVANCED_FACE('',(#1130),#3501,.T.);
#3694=ADVANCED_FACE('',(#1131),#3502,.T.);
#3695=ADVANCED_FACE('',(#1132),#3503,.T.);
#3696=ADVANCED_FACE('',(#1133),#3504,.T.);
#3697=ADVANCED_FACE('',(#1134),#3505,.T.);
#3698=ADVANCED_FACE('',(#1135),#3506,.T.);
#3699=ADVANCED_FACE('',(#1136),#3507,.T.);
#3700=ADVANCED_FACE('',(#1137),#3508,.T.);
#3701=ADVANCED_FACE('',(#1138),#3509,.T.);
#3702=ADVANCED_FACE('',(#1139),#3510,.T.);
#3703=ADVANCED_FACE('',(#1140),#3511,.T.);
#3704=ADVANCED_FACE('',(#1141),#3512,.T.);
#3705=ADVANCED_FACE('',(#1142),#3513,.T.);
#3706=ADVANCED_FACE('',(#1143),#3514,.T.);
#3707=ADVANCED_FACE('',(#1144),#3515,.T.);
#3708=ADVANCED_FACE('',(#1145),#3516,.T.);
#3709=ADVANCED_FACE('',(#1146),#3517,.T.);
#3710=ADVANCED_FACE('',(#1147),#3518,.T.);
#3711=ADVANCED_FACE('',(#1148),#3519,.T.);
#3712=ADVANCED_FACE('',(#1149),#3520,.T.);
#3713=ADVANCED_FACE('',(#1150),#3521,.T.);
#3714=ADVANCED_FACE('',(#1151),#3522,.T.);
#3715=ADVANCED_FACE('',(#1152),#3523,.T.);
#3716=ADVANCED_FACE('',(#1153),#3524,.T.);
#3717=ADVANCED_FACE('',(#1154),#3525,.T.);
#3718=ADVANCED_FACE('',(#1155),#3526,.T.);
#3719=ADVANCED_FACE('',(#1156),#3527,.T.);
#3720=ADVANCED_FACE('',(#1157),#3528,.T.);
#3721=ADVANCED_FACE('',(#1158),#3529,.T.);
#3722=ADVANCED_FACE('',(#1159),#3530,.T.);
#3723=ADVANCED_FACE('',(#1160),#3531,.T.);
#3724=ADVANCED_FACE('',(#1161),#3532,.T.);
#3725=ADVANCED_FACE('',(#1162),#3533,.T.);
#3726=ADVANCED_FACE('',(#1163),#3534,.T.);
#3727=ADVANCED_FACE('',(#1164),#3535,.T.);
#3728=ADVANCED_FACE('',(#1165),#3536,.T.);
#3729=ADVANCED_FACE('',(#1166),#3537,.T.);
#3730=ADVANCED_FACE('',(#1167),#3538,.T.);
#3731=ADVANCED_FACE('',(#1168),#3539,.T.);
#3732=ADVANCED_FACE('',(#1169),#3540,.T.);
#3733=ADVANCED_FACE('',(#1170,#993),#3541,.T.);
#3734=ADVANCED_FACE('',(#1171),#3542,.T.);
#3735=ADVANCED_FACE('',(#1172),#3543,.T.);
#3736=ADVANCED_FACE('',(#1173),#3544,.T.);
#3737=ADVANCED_FACE('',(#1174),#3545,.T.);
#3738=ADVANCED_FACE('',(#1175),#3546,.T.);
#3739=ADVANCED_FACE('',(#1176),#3547,.T.);
#3740=ADVANCED_FACE('',(#1177),#3548,.T.);
#3741=ADVANCED_FACE('',(#1178),#3549,.T.);
#3742=ADVANCED_FACE('',(#1179),#3550,.T.);
#3743=ADVANCED_FACE('',(#1180),#3551,.T.);
#3744=ADVANCED_FACE('',(#1181),#3552,.T.);
#3745=ADVANCED_FACE('',(#1182),#3553,.T.);
#3746=ADVANCED_FACE('',(#1183),#3554,.T.);
#3747=ADVANCED_FACE('',(#1184),#3555,.T.);
#3748=ADVANCED_FACE('',(#1185),#3556,.T.);
#3749=CLOSED_SHELL('',(#3557,#3558,#3559,#3560,#3561,#3562,#3563,#3564,
#3565,#3566,#3567,#3568,#3569,#3570,#3571,#3572,#3573,#3574,#3575,#3576,
#3577,#3578,#3579,#3580,#3581,#3582,#3583,#3584,#3585,#3586,#3587,#3588,
#3589,#3590,#3591,#3592,#3593,#3594,#3595,#3596,#3597,#3598,#3599,#3600,
#3601,#3602,#3603,#3604,#3605,#3606,#3607,#3608,#3609,#3610,#3611,#3612,
#3613,#3614,#3615,#3616,#3617,#3618,#3619,#3620,#3621,#3622,#3623,#3624,
#3625,#3626,#3627,#3628,#3629,#3630,#3631,#3632,#3633,#3634,#3635,#3636,
#3637,#3638,#3639,#3640,#3641,#3642,#3643));
#3750=CLOSED_SHELL('',(#3644,#3645,#3646,#3647,#3648,#3649,#3650,#3651,
#3652,#3653,#3654,#3655,#3656,#3657,#3658,#3659,#3660,#3661,#3662,#3663,
#3664,#3665,#3666,#3667,#3668,#3669,#3670,#3671,#3672,#3673,#3674,#3675,
#3676,#3677,#3678,#3679,#3680,#3681,#3682,#3683,#3684,#3685,#3686,#3687,
#3688,#3689,#3690,#3691,#3692,#3693,#3694,#3695,#3696,#3697,#3698,#3699,
#3700,#3701,#3702,#3703,#3704,#3705,#3706,#3707,#3708,#3709,#3710,#3711,
#3712,#3713,#3714,#3715,#3716,#3717,#3718,#3719,#3720,#3721,#3722,#3723,
#3724,#3725,#3726,#3727,#3728,#3729,#3730,#3731,#3732,#3733,#3734,#3735,
#3736,#3737,#3738,#3739,#3740,#3741,#3742,#3743,#3744,#3745,#3746,#3747,
#3748));
#3751=DERIVED_UNIT_ELEMENT(#3755,1.);
#3752=DERIVED_UNIT_ELEMENT(#6444,-3.);
#3753=DERIVED_UNIT_ELEMENT(#3755,1.);
#3754=DERIVED_UNIT_ELEMENT(#6444,-3.);
#3755=(
MASS_UNIT()
NAMED_UNIT(*)
SI_UNIT(.KILO.,.GRAM.)
);
#3756=DERIVED_UNIT((#3751,#3752));
#3757=DERIVED_UNIT((#3753,#3754));
#3758=MEASURE_REPRESENTATION_ITEM('density measure',
POSITIVE_RATIO_MEASURE(7850.),#3756);
#3759=MEASURE_REPRESENTATION_ITEM('density measure',
POSITIVE_RATIO_MEASURE(7850.),#3757);
#3760=PROPERTY_DEFINITION_REPRESENTATION(#3770,#3764);
#3761=PROPERTY_DEFINITION_REPRESENTATION(#3771,#3765);
#3762=PROPERTY_DEFINITION_REPRESENTATION(#3772,#3766);
#3763=PROPERTY_DEFINITION_REPRESENTATION(#3773,#3767);
#3764=REPRESENTATION('material name',(#3768),#6440);
#3765=REPRESENTATION('density',(#3758),#6440);
#3766=REPRESENTATION('material name',(#3769),#6441);
#3767=REPRESENTATION('density',(#3759),#6441);
#3768=DESCRIPTIVE_REPRESENTATION_ITEM('Steel','Steel');
#3769=DESCRIPTIVE_REPRESENTATION_ITEM('Steel','Steel');
#3770=PROPERTY_DEFINITION('material property','material name',#6460);
#3771=PROPERTY_DEFINITION('material property','density of part',#6460);
#3772=PROPERTY_DEFINITION('material property','material name',#6461);
#3773=PROPERTY_DEFINITION('material property','density of part',#6461);
#3774=AXIS2_PLACEMENT_3D('',#4786,#3963,#3964);
#3775=AXIS2_PLACEMENT_3D('',#4787,#3965,#3966);
#3776=AXIS2_PLACEMENT_3D('',#4788,#3967,#3968);
#3777=AXIS2_PLACEMENT_3D('',#5249,#3989,#3990);
#3778=AXIS2_PLACEMENT_3D('',#5266,#3999,#4000);
#3779=AXIS2_PLACEMENT_3D('',#5272,#4004,#4005);
#3780=AXIS2_PLACEMENT_3D('',#5276,#4008,#4009);
#3781=AXIS2_PLACEMENT_3D('',#5280,#4012,#4013);
#3782=AXIS2_PLACEMENT_3D('',#5284,#4016,#4017);
#3783=AXIS2_PLACEMENT_3D('',#5288,#4020,#4021);
#3784=AXIS2_PLACEMENT_3D('',#5292,#4024,#4025);
#3785=AXIS2_PLACEMENT_3D('',#5296,#4028,#4029);
#3786=AXIS2_PLACEMENT_3D('',#5298,#4031,#4032);
#3787=AXIS2_PLACEMENT_3D('',#5381,#4041,#4042);
#3788=AXIS2_PLACEMENT_3D('',#5387,#4046,#4047);
#3789=AXIS2_PLACEMENT_3D('',#5493,#4056,#4057);
#3790=AXIS2_PLACEMENT_3D('',#5497,#4060,#4061);
#3791=AXIS2_PLACEMENT_3D('',#5501,#4064,#4065);
#3792=AXIS2_PLACEMENT_3D('',#5503,#4067,#4068);
#3793=AXIS2_PLACEMENT_3D('',#5594,#4077,#4078);
#3794=AXIS2_PLACEMENT_3D('',#5598,#4081,#4082);
#3795=AXIS2_PLACEMENT_3D('',#5600,#4084,#4085);
#3796=AXIS2_PLACEMENT_3D('',#5601,#4086,#4087);
#3797=AXIS2_PLACEMENT_3D('',#5602,#4088,#4089);
#3798=AXIS2_PLACEMENT_3D('',#5611,#4094,#4095);
#3799=AXIS2_PLACEMENT_3D('',#5617,#4099,#4100);
#3800=AXIS2_PLACEMENT_3D('',#5623,#4104,#4105);
#3801=AXIS2_PLACEMENT_3D('',#5632,#4110,#4111);
#3802=AXIS2_PLACEMENT_3D('',#5638,#4115,#4116);
#3803=AXIS2_PLACEMENT_3D('',#5644,#4120,#4121);
#3804=AXIS2_PLACEMENT_3D('',#5676,#4133,#4134);
#3805=AXIS2_PLACEMENT_3D('',#5680,#4137,#4138);
#3806=AXIS2_PLACEMENT_3D('',#5682,#4140,#4141);
#3807=AXIS2_PLACEMENT_3D('',#5688,#4145,#4146);
#3808=AXIS2_PLACEMENT_3D('',#5692,#4149,#4150);
#3809=AXIS2_PLACEMENT_3D('',#5694,#4152,#4153);
#3810=AXIS2_PLACEMENT_3D('',#5699,#4156,#4157);
#3811=AXIS2_PLACEMENT_3D('',#5700,#4158,#4159);
#3812=AXIS2_PLACEMENT_3D('',#5709,#4163,#4164);
#3813=AXIS2_PLACEMENT_3D('',#5711,#4166,#4167);
#3814=AXIS2_PLACEMENT_3D('',#5721,#4172,#4173);
#3815=AXIS2_PLACEMENT_3D('',#5722,#4174,#4175);
#3816=AXIS2_PLACEMENT_3D('',#5726,#4177,#4178);
#3817=AXIS2_PLACEMENT_3D('',#5728,#4180,#4181);
#3818=AXIS2_PLACEMENT_3D('',#5738,#4185,#4186);
#3819=AXIS2_PLACEMENT_3D('',#5741,#4188,#4189);
#3820=AXIS2_PLACEMENT_3D('',#5742,#4190,#4191);
#3821=AXIS2_PLACEMENT_3D('',#5750,#4196,#4197);
#3822=AXIS2_PLACEMENT_3D('',#5757,#4201,#4202);
#3823=AXIS2_PLACEMENT_3D('',#5763,#4206,#4207);
#3824=AXIS2_PLACEMENT_3D('',#5767,#4210,#4211);
#3825=AXIS2_PLACEMENT_3D('',#5769,#4213,#4214);
#3826=AXIS2_PLACEMENT_3D('',#5775,#4218,#4219);
#3827=AXIS2_PLACEMENT_3D('',#5778,#4221,#4222);
#3828=AXIS2_PLACEMENT_3D('',#5809,#4224,#4225);
#3829=AXIS2_PLACEMENT_3D('',#5810,#4226,#4227);
#3830=AXIS2_PLACEMENT_3D('',#5811,#4228,#4229);
#3831=AXIS2_PLACEMENT_3D('',#5813,#4230,#4231);
#3832=AXIS2_PLACEMENT_3D('',#5815,#4233,#4234);
#3833=AXIS2_PLACEMENT_3D('',#5816,#4235,#4236);
#3834=AXIS2_PLACEMENT_3D('',#5817,#4237,#4238);
#3835=AXIS2_PLACEMENT_3D('',#5819,#4240,#4241);
#3836=AXIS2_PLACEMENT_3D('',#5820,#4242,#4243);
#3837=AXIS2_PLACEMENT_3D('',#5821,#4244,#4245);
#3838=AXIS2_PLACEMENT_3D('',#5823,#4247,#4248);
#3839=AXIS2_PLACEMENT_3D('',#5825,#4250,#4251);
#3840=AXIS2_PLACEMENT_3D('',#5827,#4253,#4254);
#3841=AXIS2_PLACEMENT_3D('',#5828,#4255,#4256);
#3842=AXIS2_PLACEMENT_3D('',#5829,#4257,#4258);
#3843=AXIS2_PLACEMENT_3D('',#5838,#4263,#4264);
#3844=AXIS2_PLACEMENT_3D('',#5840,#4265,#4266);
#3845=AXIS2_PLACEMENT_3D('',#5842,#4267,#4268);
#3846=AXIS2_PLACEMENT_3D('',#5844,#4270,#4271);
#3847=AXIS2_PLACEMENT_3D('',#5850,#4275,#4276);
#3848=AXIS2_PLACEMENT_3D('',#5852,#4277,#4278);
#3849=AXIS2_PLACEMENT_3D('',#5854,#4279,#4280);
#3850=AXIS2_PLACEMENT_3D('',#5856,#4282,#4283);
#3851=AXIS2_PLACEMENT_3D('',#5862,#4287,#4288);
#3852=AXIS2_PLACEMENT_3D('',#5864,#4289,#4290);
#3853=AXIS2_PLACEMENT_3D('',#5867,#4292,#4293);
#3854=AXIS2_PLACEMENT_3D('',#5868,#4294,#4295);
#3855=AXIS2_PLACEMENT_3D('',#5874,#4299,#4300);
#3856=AXIS2_PLACEMENT_3D('',#5875,#4301,#4302);
#3857=AXIS2_PLACEMENT_3D('',#5876,#4303,#4304);
#3858=AXIS2_PLACEMENT_3D('',#5877,#4305,#4306);
#3859=AXIS2_PLACEMENT_3D('',#5886,#4311,#4312);
#3860=AXIS2_PLACEMENT_3D('',#5896,#4318,#4319);
#3861=AXIS2_PLACEMENT_3D('',#5904,#4324,#4325);
#3862=AXIS2_PLACEMENT_3D('',#5910,#4329,#4330);
#3863=AXIS2_PLACEMENT_3D('',#5918,#4335,#4336);
#3864=AXIS2_PLACEMENT_3D('',#5922,#4339,#4340);
#3865=AXIS2_PLACEMENT_3D('',#5931,#4345,#4346);
#3866=AXIS2_PLACEMENT_3D('',#5940,#4351,#4352);
#3867=AXIS2_PLACEMENT_3D('',#5970,#4368,#4369);
#3868=AXIS2_PLACEMENT_3D('',#5979,#4374,#4375);
#3869=AXIS2_PLACEMENT_3D('',#6036,#4404,#4405);
#3870=AXIS2_PLACEMENT_3D('',#6042,#4409,#4410);
#3871=AXIS2_PLACEMENT_3D('',#6044,#4411,#4412);
#3872=AXIS2_PLACEMENT_3D('',#6059,#4420,#4421);
#3873=AXIS2_PLACEMENT_3D('',#6060,#4422,#4423);
#3874=AXIS2_PLACEMENT_3D('',#6061,#4424,#4425);
#3875=AXIS2_PLACEMENT_3D('',#6067,#4429,#4430);
#3876=AXIS2_PLACEMENT_3D('',#6071,#4433,#4434);
#3877=AXIS2_PLACEMENT_3D('',#6075,#4437,#4438);
#3878=AXIS2_PLACEMENT_3D('',#6079,#4441,#4442);
#3879=AXIS2_PLACEMENT_3D('',#6083,#4445,#4446);
#3880=AXIS2_PLACEMENT_3D('',#6087,#4449,#4450);
#3881=AXIS2_PLACEMENT_3D('',#6091,#4453,#4454);
#3882=AXIS2_PLACEMENT_3D('',#6095,#4457,#4458);
#3883=AXIS2_PLACEMENT_3D('',#6099,#4461,#4462);
#3884=AXIS2_PLACEMENT_3D('',#6103,#4465,#4466);
#3885=AXIS2_PLACEMENT_3D('',#6107,#4469,#4470);
#3886=AXIS2_PLACEMENT_3D('',#6111,#4473,#4474);
#3887=AXIS2_PLACEMENT_3D('',#6115,#4476,#4477);
#3888=AXIS2_PLACEMENT_3D('',#6116,#4478,#4479);
#3889=AXIS2_PLACEMENT_3D('',#6117,#4480,#4481);
#3890=AXIS2_PLACEMENT_3D('',#6118,#4482,#4483);
#3891=AXIS2_PLACEMENT_3D('',#6124,#4487,#4488);
#3892=AXIS2_PLACEMENT_3D('',#6130,#4492,#4493);
#3893=AXIS2_PLACEMENT_3D('',#6138,#4498,#4499);
#3894=AXIS2_PLACEMENT_3D('',#6142,#4502,#4503);
#3895=AXIS2_PLACEMENT_3D('',#6148,#4507,#4508);
#3896=AXIS2_PLACEMENT_3D('',#6154,#4512,#4513);
#3897=AXIS2_PLACEMENT_3D('',#6225,#4551,#4552);
#3898=AXIS2_PLACEMENT_3D('',#6231,#4556,#4557);
#3899=AXIS2_PLACEMENT_3D('',#6237,#4561,#4562);
#3900=AXIS2_PLACEMENT_3D('',#6245,#4567,#4568);
#3901=AXIS2_PLACEMENT_3D('',#6253,#4573,#4574);
#3902=AXIS2_PLACEMENT_3D('',#6281,#4589,#4590);
#3903=AXIS2_PLACEMENT_3D('',#6285,#4593,#4594);
#3904=AXIS2_PLACEMENT_3D('',#6287,#4596,#4597);
#3905=AXIS2_PLACEMENT_3D('',#6289,#4599,#4600);
#3906=AXIS2_PLACEMENT_3D('',#6293,#4603,#4604);
#3907=AXIS2_PLACEMENT_3D('',#6295,#4606,#4607);
#3908=AXIS2_PLACEMENT_3D('',#6297,#4609,#4610);
#3909=AXIS2_PLACEMENT_3D('',#6300,#4613,#4614);
#3910=AXIS2_PLACEMENT_3D('',#6302,#4616,#4617);
#3911=AXIS2_PLACEMENT_3D('',#6304,#4619,#4620);
#3912=AXIS2_PLACEMENT_3D('',#6307,#4623,#4624);
#3913=AXIS2_PLACEMENT_3D('',#6309,#4626,#4627);
#3914=AXIS2_PLACEMENT_3D('',#6311,#4629,#4630);
#3915=AXIS2_PLACEMENT_3D('',#6313,#4632,#4633);
#3916=AXIS2_PLACEMENT_3D('',#6315,#4635,#4636);
#3917=AXIS2_PLACEMENT_3D('',#6316,#4637,#4638);
#3918=AXIS2_PLACEMENT_3D('',#6319,#4641,#4642);
#3919=AXIS2_PLACEMENT_3D('',#6322,#4645,#4646);
#3920=AXIS2_PLACEMENT_3D('',#6323,#4647,#4648);
#3921=AXIS2_PLACEMENT_3D('',#6326,#4651,#4652);
#3922=AXIS2_PLACEMENT_3D('',#6329,#4655,#4656);
#3923=AXIS2_PLACEMENT_3D('',#6330,#4657,#4658);
#3924=AXIS2_PLACEMENT_3D('',#6336,#4662,#4663);
#3925=AXIS2_PLACEMENT_3D('',#6340,#4666,#4667);
#3926=AXIS2_PLACEMENT_3D('',#6344,#4670,#4671);
#3927=AXIS2_PLACEMENT_3D('',#6350,#4675,#4676);
#3928=AXIS2_PLACEMENT_3D('',#6354,#4679,#4680);
#3929=AXIS2_PLACEMENT_3D('',#6358,#4683,#4684);
#3930=AXIS2_PLACEMENT_3D('',#6376,#4696,#4697);
#3931=AXIS2_PLACEMENT_3D('',#6380,#4700,#4701);
#3932=AXIS2_PLACEMENT_3D('',#6382,#4703,#4704);
#3933=AXIS2_PLACEMENT_3D('',#6383,#4705,#4706);
#3934=AXIS2_PLACEMENT_3D('',#6385,#4708,#4709);
#3935=AXIS2_PLACEMENT_3D('',#6389,#4712,#4713);
#3936=AXIS2_PLACEMENT_3D('',#6390,#4714,#4715);
#3937=AXIS2_PLACEMENT_3D('',#6392,#4717,#4718);
#3938=AXIS2_PLACEMENT_3D('',#6393,#4719,#4720);
#3939=AXIS2_PLACEMENT_3D('',#6396,#4723,#4724);
#3940=AXIS2_PLACEMENT_3D('',#6398,#4726,#4727);
#3941=AXIS2_PLACEMENT_3D('',#6399,#4728,#4729);
#3942=AXIS2_PLACEMENT_3D('',#6401,#4731,#4732);
#3943=AXIS2_PLACEMENT_3D('',#6404,#4735,#4736);
#3944=AXIS2_PLACEMENT_3D('',#6407,#4739,#4740);
#3945=AXIS2_PLACEMENT_3D('',#6408,#4741,#4742);
#3946=AXIS2_PLACEMENT_3D('',#6409,#4743,#4744);
#3947=AXIS2_PLACEMENT_3D('',#6412,#4747,#4748);
#3948=AXIS2_PLACEMENT_3D('',#6414,#4750,#4751);
#3949=AXIS2_PLACEMENT_3D('',#6415,#4752,#4753);
#3950=AXIS2_PLACEMENT_3D('',#6416,#4754,#4755);
#3951=AXIS2_PLACEMENT_3D('',#6417,#4756,#4757);
#3952=AXIS2_PLACEMENT_3D('',#6418,#4758,#4759);
#3953=AXIS2_PLACEMENT_3D('',#6420,#4761,#4762);
#3954=AXIS2_PLACEMENT_3D('',#6422,#4764,#4765);
#3955=AXIS2_PLACEMENT_3D('',#6423,#4766,#4767);
#3956=AXIS2_PLACEMENT_3D('',#6425,#4769,#4770);
#3957=AXIS2_PLACEMENT_3D('',#6427,#4772,#4773);
#3958=AXIS2_PLACEMENT_3D('',#6428,#4774,#4775);
#3959=AXIS2_PLACEMENT_3D('',#6430,#4777,#4778);
#3960=AXIS2_PLACEMENT_3D('',#6432,#4780,#4781);
#3961=AXIS2_PLACEMENT_3D('',#6433,#4782,#4783);
#3962=AXIS2_PLACEMENT_3D('',#6434,#4784,#4785);
#3963=DIRECTION('axis',(0.,0.,1.));
#3964=DIRECTION('refdir',(1.,0.,0.));
#3965=DIRECTION('axis',(0.,0.,1.));
#3966=DIRECTION('refdir',(1.,0.,0.));
#3967=DIRECTION('center_axis',(0.,1.,0.));
#3968=DIRECTION('ref_axis',(-1.,0.,0.));
#3969=DIRECTION('',(0.,1.,0.));
#3970=DIRECTION('',(0.,1.,0.));
#3971=DIRECTION('',(0.,1.,0.));
#3972=DIRECTION('',(0.,1.,0.));
#3973=DIRECTION('',(0.,1.,0.));
#3974=DIRECTION('',(0.,1.,0.));
#3975=DIRECTION('',(0.,1.,0.));
#3976=DIRECTION('',(0.,1.,0.));
#3977=DIRECTION('',(0.,1.,0.));
#3978=DIRECTION('',(0.,1.,0.));
#3979=DIRECTION('',(0.,1.,0.));
#3980=DIRECTION('',(0.,1.,0.));
#3981=DIRECTION('',(0.,1.,0.));
#3982=DIRECTION('',(0.,1.,0.));
#3983=DIRECTION('',(0.,1.,0.));
#3984=DIRECTION('',(0.,1.,0.));
#3985=DIRECTION('',(0.,1.,0.));
#3986=DIRECTION('',(0.,1.,0.));
#3987=DIRECTION('',(0.,1.,0.));
#3988=DIRECTION('',(0.,1.,0.));
#3989=DIRECTION('center_axis',(0.,1.,0.));
#3990=DIRECTION('ref_axis',(-1.,0.,0.));
#3991=DIRECTION('',(0.,0.,1.));
#3992=DIRECTION('',(-1.,0.,0.));
#3993=DIRECTION('',(0.,0.,1.));
#3994=DIRECTION('',(1.,0.,0.));
#3995=DIRECTION('',(0.,0.,-1.));
#3996=DIRECTION('',(-1.,0.,0.));
#3997=DIRECTION('',(0.,0.,-1.));
#3998=DIRECTION('',(-1.,0.,0.));
#3999=DIRECTION('center_axis',(-1.,0.,0.));
#4000=DIRECTION('ref_axis',(0.,0.,1.));
#4001=DIRECTION('',(0.,1.,0.));
#4002=DIRECTION('',(0.,0.,1.));
#4003=DIRECTION('',(0.,1.,0.));
#4004=DIRECTION('center_axis',(0.,0.,-1.));
#4005=DIRECTION('ref_axis',(-1.,0.,0.));
#4006=DIRECTION('',(-1.,0.,0.));
#4007=DIRECTION('',(0.,1.,0.));
#4008=DIRECTION('center_axis',(-1.,0.,0.));
#4009=DIRECTION('ref_axis',(0.,0.,1.));
#4010=DIRECTION('',(0.,0.,1.));
#4011=DIRECTION('',(0.,1.,0.));
#4012=DIRECTION('center_axis',(0.,0.,1.));
#4013=DIRECTION('ref_axis',(1.,0.,0.));
#4014=DIRECTION('',(1.,0.,0.));
#4015=DIRECTION('',(0.,1.,0.));
#4016=DIRECTION('center_axis',(1.,0.,0.));
#4017=DIRECTION('ref_axis',(0.,0.,-1.));
#4018=DIRECTION('',(0.,0.,-1.));
#4019=DIRECTION('',(0.,1.,0.));
#4020=DIRECTION('center_axis',(0.,0.,-1.));
#4021=DIRECTION('ref_axis',(-1.,0.,0.));
#4022=DIRECTION('',(-1.,0.,0.));
#4023=DIRECTION('',(0.,1.,0.));
#4024=DIRECTION('center_axis',(1.,0.,0.));
#4025=DIRECTION('ref_axis',(0.,0.,-1.));
#4026=DIRECTION('',(0.,0.,-1.));
#4027=DIRECTION('',(0.,1.,0.));
#4028=DIRECTION('center_axis',(0.,0.,-1.));
#4029=DIRECTION('ref_axis',(-1.,0.,0.));
#4030=DIRECTION('',(-1.,0.,0.));
#4031=DIRECTION('center_axis',(0.,1.,0.));
#4032=DIRECTION('ref_axis',(-1.,0.,0.));
#4033=DIRECTION('',(0.,0.,1.));
#4034=DIRECTION('',(-1.,0.,0.));
#4035=DIRECTION('',(1.,0.,0.));
#4036=DIRECTION('',(0.,0.,-1.));
#4037=DIRECTION('',(-1.,0.,0.));
#4038=DIRECTION('',(-1.,0.,0.));
#4039=DIRECTION('',(1.,0.,0.));
#4040=DIRECTION('',(0.,0.,1.));
#4041=DIRECTION('center_axis',(-1.,0.,0.));
#4042=DIRECTION('ref_axis',(0.,0.,1.));
#4043=DIRECTION('',(0.,1.,0.));
#4044=DIRECTION('',(0.,0.,1.));
#4045=DIRECTION('',(0.,1.,0.));
#4046=DIRECTION('center_axis',(0.,0.,-1.));
#4047=DIRECTION('ref_axis',(-1.,0.,0.));
#4048=DIRECTION('',(-1.,0.,0.));
#4049=DIRECTION('',(0.,1.,0.));
#4050=DIRECTION('',(0.,1.,0.));
#4051=DIRECTION('',(0.,1.,0.));
#4052=DIRECTION('',(0.,1.,0.));
#4053=DIRECTION('',(0.,1.,0.));
#4054=DIRECTION('',(0.,1.,0.));
#4055=DIRECTION('',(0.,1.,0.));
#4056=DIRECTION('center_axis',(0.,0.,1.));
#4057=DIRECTION('ref_axis',(1.,0.,0.));
#4058=DIRECTION('',(1.,0.,0.));
#4059=DIRECTION('',(0.,1.,0.));
#4060=DIRECTION('center_axis',(1.,0.,0.));
#4061=DIRECTION('ref_axis',(0.,0.,-1.));
#4062=DIRECTION('',(0.,0.,-1.));
#4063=DIRECTION('',(0.,1.,0.));
#4064=DIRECTION('center_axis',(0.,0.,-1.));
#4065=DIRECTION('ref_axis',(-1.,0.,0.));
#4066=DIRECTION('',(-1.,0.,0.));
#4067=DIRECTION('center_axis',(0.,0.,-1.));
#4068=DIRECTION('ref_axis',(-1.,0.,0.));
#4069=DIRECTION('',(0.,1.,0.));
#4070=DIRECTION('',(-1.,0.,0.));
#4071=DIRECTION('',(0.,1.,0.));
#4072=DIRECTION('',(0.,1.,0.));
#4073=DIRECTION('',(0.,1.,0.));
#4074=DIRECTION('',(0.,1.,0.));
#4075=DIRECTION('',(0.,1.,0.));
#4076=DIRECTION('',(0.,1.,0.));
#4077=DIRECTION('center_axis',(0.,0.,1.));
#4078=DIRECTION('ref_axis',(1.,0.,0.));
#4079=DIRECTION('',(1.,0.,0.));
#4080=DIRECTION('',(0.,1.,0.));
#4081=DIRECTION('center_axis',(-1.,0.,0.));
#4082=DIRECTION('ref_axis',(0.,0.,1.));
#4083=DIRECTION('',(0.,0.,1.));
#4084=DIRECTION('center_axis',(0.,1.,0.));
#4085=DIRECTION('ref_axis',(-1.,0.,0.));
#4086=DIRECTION('center_axis',(0.,1.,0.));
#4087=DIRECTION('ref_axis',(-1.,0.,0.));
#4088=DIRECTION('center_axis',(0.,0.,-1.));
#4089=DIRECTION('ref_axis',(-1.,0.,0.));
#4090=DIRECTION('',(-1.,1.70270301923E-13,0.));
#4091=DIRECTION('',(0.,1.,0.));
#4092=DIRECTION('',(1.,0.,0.));
#4093=DIRECTION('',(0.,1.,0.));
#4094=DIRECTION('center_axis',(-1.,0.,5.75539615961933E-12));
#4095=DIRECTION('ref_axis',(5.75539615961933E-12,0.,1.));
#4096=DIRECTION('',(5.75539615961933E-12,-9.79973041784856E-25,1.));
#4097=DIRECTION('',(-5.75539615961933E-12,0.,-1.));
#4098=DIRECTION('',(0.,1.,0.));
#4099=DIRECTION('center_axis',(1.,0.,1.77635683937784E-14));
#4100=DIRECTION('ref_axis',(1.77635683937784E-14,0.,-1.));
#4101=DIRECTION('',(1.77635683937784E-14,-3.02460815363851E-27,-1.));
#4102=DIRECTION('',(0.,-1.,0.));
#4103=DIRECTION('',(-1.77635683937784E-14,0.,1.));
#4104=DIRECTION('center_axis',(0.,0.,-1.));
#4105=DIRECTION('ref_axis',(-1.,0.,0.));
#4106=DIRECTION('',(-1.,1.70270301923E-13,0.));
#4107=DIRECTION('',(0.,1.,0.));
#4108=DIRECTION('',(1.,0.,0.));
#4109=DIRECTION('',(0.,1.,0.));
#4110=DIRECTION('center_axis',(-1.,0.,5.75539615961933E-12));
#4111=DIRECTION('ref_axis',(5.75539615961933E-12,0.,1.));
#4112=DIRECTION('',(5.75539615961933E-12,-9.79973041784856E-25,1.));
#4113=DIRECTION('',(-5.75539615961933E-12,0.,-1.));
#4114=DIRECTION('',(0.,1.,0.));
#4115=DIRECTION('center_axis',(1.,0.,1.77635683937784E-14));
#4116=DIRECTION('ref_axis',(1.77635683937784E-14,0.,-1.));
#4117=DIRECTION('',(1.77635683937784E-14,-3.02460815363851E-27,-1.));
#4118=DIRECTION('',(0.,-1.,0.));
#4119=DIRECTION('',(-1.77635683937784E-14,0.,1.));
#4120=DIRECTION('center_axis',(-1.70270301923E-13,-1.,0.));
#4121=DIRECTION('ref_axis',(-1.,1.70270301923E-13,0.));
#4122=DIRECTION('',(1.,-1.70270301923E-13,0.));
#4123=DIRECTION('',(1.,-1.70270301923E-13,0.));
#4124=DIRECTION('',(1.77635683937784E-14,-3.02460815363851E-27,-1.));
#4125=DIRECTION('',(-1.,1.70270301923E-13,0.));
#4126=DIRECTION('',(5.75539615961933E-12,-9.79973041784856E-25,1.));
#4127=DIRECTION('',(1.,-1.70270301923E-13,0.));
#4128=DIRECTION('',(0.,0.,-1.));
#4129=DIRECTION('',(0.,0.,1.));
#4130=DIRECTION('',(1.,-1.70270301923E-13,0.));
#4131=DIRECTION('',(0.,0.,-1.));
#4132=DIRECTION('',(1.,-1.70270301923E-13,0.));
#4133=DIRECTION('center_axis',(0.,0.,1.));
#4134=DIRECTION('ref_axis',(1.,0.,0.));
#4135=DIRECTION('',(-1.,0.,0.));
#4136=DIRECTION('',(0.,-1.,0.));
#4137=DIRECTION('center_axis',(0.,0.,1.));
#4138=DIRECTION('ref_axis',(1.,0.,0.));
#4139=DIRECTION('',(-1.,0.,0.));
#4140=DIRECTION('center_axis',(0.,0.,-1.));
#4141=DIRECTION('ref_axis',(-1.,0.,0.));
#4142=DIRECTION('',(0.,1.,0.));
#4143=DIRECTION('',(1.,0.,0.));
#4144=DIRECTION('',(0.,1.,0.));
#4145=DIRECTION('center_axis',(-1.,0.,5.75539615961933E-12));
#4146=DIRECTION('ref_axis',(5.75539615961933E-12,0.,1.));
#4147=DIRECTION('',(-5.75539615961933E-12,0.,-1.));
#4148=DIRECTION('',(0.,1.,0.));
#4149=DIRECTION('center_axis',(1.,0.,1.77635683937784E-14));
#4150=DIRECTION('ref_axis',(1.77635683937784E-14,0.,-1.));
#4151=DIRECTION('',(-1.77635683937784E-14,0.,1.));
#4152=DIRECTION('center_axis',(0.,0.,1.));
#4153=DIRECTION('ref_axis',(1.,0.,0.));
#4154=DIRECTION('',(-1.,0.,0.));
#4155=DIRECTION('',(0.,-1.,0.));
#4156=DIRECTION('center_axis',(0.,0.,1.));
#4157=DIRECTION('ref_axis',(1.,0.,0.));
#4158=DIRECTION('center_axis',(0.672672793996096,0.,0.73994007339614));
#4159=DIRECTION('ref_axis',(0.73994007339614,0.,-0.672672793996096));
#4160=DIRECTION('',(-0.73994007339614,0.,0.672672793996096));
#4161=DIRECTION('',(0.,1.,0.));
#4162=DIRECTION('',(0.73994007339614,-1.25989819702087E-13,-0.672672793996096));
#4163=DIRECTION('center_axis',(0.672672793996096,0.,0.73994007339614));
#4164=DIRECTION('ref_axis',(0.73994007339614,0.,-0.672672793996096));
#4165=DIRECTION('',(0.,-1.,0.));
#4166=DIRECTION('center_axis',(-0.67267279399905,0.,0.739940073393456));
#4167=DIRECTION('ref_axis',(0.739940073393455,0.,0.672672793999049));
#4168=DIRECTION('',(0.739940073393455,-1.2598981970163E-13,0.672672793999049));
#4169=DIRECTION('',(0.,-1.,0.));
#4170=DIRECTION('',(-0.739940073393455,0.,-0.672672793999049));
#4171=DIRECTION('',(0.,1.,0.));
#4172=DIRECTION('center_axis',(-0.67267279399905,0.,0.739940073393456));
#4173=DIRECTION('ref_axis',(0.739940073393455,0.,0.672672793999049));
#4174=DIRECTION('center_axis',(0.,0.,1.));
#4175=DIRECTION('ref_axis',(-1.,-1.45324792451373E-14,0.));
#4176=DIRECTION('',(0.,0.,1.));
#4177=DIRECTION('center_axis',(0.,0.,1.));
#4178=DIRECTION('ref_axis',(-1.,0.,0.));
#4179=DIRECTION('',(0.,0.,-1.));
#4180=DIRECTION('center_axis',(-1.70270301923E-13,-1.,0.));
#4181=DIRECTION('ref_axis',(1.,-1.70270301923E-13,0.));
#4182=DIRECTION('',(-1.,1.70270301923E-13,0.));
#4183=DIRECTION('',(0.,0.,1.));
#4184=DIRECTION('',(1.,-1.70270301923E-13,0.));
#4185=DIRECTION('center_axis',(0.,0.,1.));
#4186=DIRECTION('ref_axis',(1.,0.,0.));
#4187=DIRECTION('',(0.,0.,1.));
#4188=DIRECTION('center_axis',(0.,0.,1.));
#4189=DIRECTION('ref_axis',(1.,0.,0.));
#4190=DIRECTION('center_axis',(1.,0.,0.));
#4191=DIRECTION('ref_axis',(0.,1.,0.));
#4192=DIRECTION('',(0.,0.,1.));
#4193=DIRECTION('',(0.,1.,0.));
#4194=DIRECTION('',(0.,0.,-1.));
#4195=DIRECTION('',(0.,-0.707106781186545,-0.70710678118655));
#4196=DIRECTION('center_axis',(-1.,0.,0.));
#4197=DIRECTION('ref_axis',(0.,0.,1.));
#4198=DIRECTION('',(0.,1.,0.));
#4199=DIRECTION('',(0.,-0.124034734589208,0.992277876713668));
#4200=DIRECTION('',(0.,0.,-1.));
#4201=DIRECTION('center_axis',(0.,-0.992277876713668,-0.124034734589208));
#4202=DIRECTION('ref_axis',(0.,0.124034734589208,-0.992277876713668));
#4203=DIRECTION('',(1.,0.,0.));
#4204=DIRECTION('',(1.,0.,0.));
#4205=DIRECTION('',(0.,0.124034734589208,-0.992277876713668));
#4206=DIRECTION('center_axis',(0.,0.,1.));
#4207=DIRECTION('ref_axis',(0.,-1.,0.));
#4208=DIRECTION('',(-1.,0.,0.));
#4209=DIRECTION('',(0.,-1.,0.));
#4210=DIRECTION('center_axis',(1.,0.,0.));
#4211=DIRECTION('ref_axis',(0.,0.,-1.));
#4212=DIRECTION('',(0.,0.,1.));
#4213=DIRECTION('center_axis',(-1.20399285124434E-13,-0.707106781186548,
-0.707106781186548));
#4214=DIRECTION('ref_axis',(-1.,0.,1.70270301923E-13));
#4215=DIRECTION('',(-1.1630314508769E-13,-0.707106781186526,0.707106781186569));
#4216=DIRECTION('',(-1.,1.70270301923E-13,0.));
#4217=DIRECTION('',(1.26876158277477E-13,0.707106781186548,-0.707106781186548));
#4218=DIRECTION('center_axis',(0.,0.,1.));
#4219=DIRECTION('ref_axis',(-1.,0.,0.));
#4220=DIRECTION('',(0.,0.707106781186545,0.70710678118655));
#4221=DIRECTION('center_axis',(0.,0.,-1.));
#4222=DIRECTION('ref_axis',(-1.,0.,0.));
#4223=DIRECTION('',(-1.21589651682582E-13,-0.707106781186548,0.707106781186548));
#4224=DIRECTION('center_axis',(0.,0.,1.));
#4225=DIRECTION('ref_axis',(1.,0.,0.));
#4226=DIRECTION('center_axis',(0.,0.,-1.));
#4227=DIRECTION('ref_axis',(1.,0.,0.));
#4228=DIRECTION('center_axis',(0.,0.,1.));
#4229=DIRECTION('ref_axis',(1.,0.,0.));
#4230=DIRECTION('center_axis',(0.,0.,-1.));
#4231=DIRECTION('ref_axis',(1.,0.,0.));
#4232=DIRECTION('',(0.,1.,0.));
#4233=DIRECTION('center_axis',(0.,0.,1.));
#4234=DIRECTION('ref_axis',(1.,0.,0.));
#4235=DIRECTION('center_axis',(0.,0.,-1.));
#4236=DIRECTION('ref_axis',(1.,0.,0.));
#4237=DIRECTION('center_axis',(0.,0.,-1.));
#4238=DIRECTION('ref_axis',(-0.942809041579808,-0.333333333339711,0.));
#4239=DIRECTION('',(0.,0.,1.));
#4240=DIRECTION('center_axis',(0.,0.,-1.));
#4241=DIRECTION('ref_axis',(1.,0.,0.));
#4242=DIRECTION('center_axis',(0.,0.,1.));
#4243=DIRECTION('ref_axis',(1.,0.,0.));
#4244=DIRECTION('center_axis',(0.,0.,1.));
#4245=DIRECTION('ref_axis',(1.,0.,0.));
#4246=DIRECTION('',(1.,0.,0.));
#4247=DIRECTION('center_axis',(-1.,0.,0.));
#4248=DIRECTION('ref_axis',(0.,-1.,0.));
#4249=DIRECTION('',(0.,0.,1.));
#4250=DIRECTION('center_axis',(0.,1.,0.));
#4251=DIRECTION('ref_axis',(-1.,0.,0.));
#4252=DIRECTION('',(-1.,0.,0.));
#4253=DIRECTION('center_axis',(0.,0.,1.));
#4254=DIRECTION('ref_axis',(1.,0.,0.));
#4255=DIRECTION('axis',(0.,0.,1.));
#4256=DIRECTION('refdir',(1.,0.,0.));
#4257=DIRECTION('center_axis',(-1.,2.13504427812517E-14,0.));
#4258=DIRECTION('ref_axis',(2.13504427812517E-14,1.,0.));
#4259=DIRECTION('',(2.13504427812517E-14,1.,-2.94731572331119E-26));
#4260=DIRECTION('',(0.,0.,-1.));
#4261=DIRECTION('',(-2.13504427812517E-14,-1.,8.34922376989569E-27));
#4262=DIRECTION('',(0.,0.,-1.));
#4263=DIRECTION('center_axis',(0.,0.,-1.));
#4264=DIRECTION('ref_axis',(0.,1.,0.));
#4265=DIRECTION('center_axis',(-1.38044711929782E-12,0.,-1.));
#4266=DIRECTION('ref_axis',(0.,1.,0.));
#4267=DIRECTION('center_axis',(3.91056235012949E-13,0.,1.));
#4268=DIRECTION('ref_axis',(0.,1.,0.));
#4269=DIRECTION('',(0.,0.,-1.));
#4270=DIRECTION('center_axis',(0.,1.,0.));
#4271=DIRECTION('ref_axis',(1.,0.,0.));
#4272=DIRECTION('',(1.,0.,-1.38044711929782E-12));
#4273=DIRECTION('',(-1.,0.,3.91056235012949E-13));
#4274=DIRECTION('',(0.,0.,-1.));
#4275=DIRECTION('center_axis',(0.,0.,-1.));
#4276=DIRECTION('ref_axis',(1.,0.,0.));
#4277=DIRECTION('center_axis',(-1.38044711929782E-12,0.,-1.));
#4278=DIRECTION('ref_axis',(1.,0.,0.));
#4279=DIRECTION('center_axis',(3.91056235012949E-13,0.,1.));
#4280=DIRECTION('ref_axis',(1.,0.,0.));
#4281=DIRECTION('',(0.,0.,-1.));
#4282=DIRECTION('center_axis',(1.,2.13504427812517E-14,0.));
#4283=DIRECTION('ref_axis',(2.13504427812517E-14,-1.,0.));
#4284=DIRECTION('',(2.13504427812517E-14,-1.,-2.94731572331119E-26));
#4285=DIRECTION('',(-2.13504427812517E-14,1.,8.34922376989569E-27));
#4286=DIRECTION('',(0.,0.,-1.));
#4287=DIRECTION('center_axis',(0.,0.,-1.));
#4288=DIRECTION('ref_axis',(-1.,0.,0.));
#4289=DIRECTION('center_axis',(-1.38044711929782E-12,0.,-1.));
#4290=DIRECTION('ref_axis',(-1.,0.,0.));
#4291=DIRECTION('',(0.,0.,-1.));
#4292=DIRECTION('center_axis',(3.91056235012949E-13,0.,1.));
#4293=DIRECTION('ref_axis',(-1.,0.,0.));
#4294=DIRECTION('center_axis',(0.,-1.,0.));
#4295=DIRECTION('ref_axis',(-1.,0.,0.));
#4296=DIRECTION('',(-1.,0.,1.38044711929782E-12));
#4297=DIRECTION('',(0.,0.,-1.));
#4298=DIRECTION('',(1.,0.,-3.91056235012949E-13));
#4299=DIRECTION('center_axis',(0.,0.,-1.));
#4300=DIRECTION('ref_axis',(0.,-1.,0.));
#4301=DIRECTION('center_axis',(-1.38044711929782E-12,0.,-1.));
#4302=DIRECTION('ref_axis',(0.,-1.,0.));
#4303=DIRECTION('center_axis',(3.91056235012949E-13,0.,1.));
#4304=DIRECTION('ref_axis',(0.,-1.,0.));
#4305=DIRECTION('center_axis',(3.13107277363307E-13,0.707106781186548,0.707106781186548));
#4306=DIRECTION('ref_axis',(1.,0.,-4.42800558124903E-13));
#4307=DIRECTION('',(-9.28737726676179E-14,-0.707106781186548,0.707106781186548));
#4308=DIRECTION('',(-1.,0.,4.42800558124903E-13));
#4309=DIRECTION('',(4.59548288025992E-13,0.707106781186548,-0.707106781186548));
#4310=DIRECTION('',(-1.,0.,4.42800558124903E-13));
#4311=DIRECTION('center_axis',(0.,1.,0.));
#4312=DIRECTION('ref_axis',(0.,0.,1.));
#4313=DIRECTION('',(1.,0.,-1.38044711929782E-12));
#4314=DIRECTION('',(-1.,0.,4.42800558124903E-13));
#4315=DIRECTION('',(-3.13241496233254E-13,0.,-1.));
#4316=DIRECTION('',(-1.,0.,3.91056235012949E-13));
#4317=DIRECTION('',(-1.31343348895301E-13,0.,1.));
#4318=DIRECTION('center_axis',(1.,0.,6.49899421491695E-13));
#4319=DIRECTION('ref_axis',(6.49899421491695E-13,0.,-1.));
#4320=DIRECTION('',(0.,0.,-1.));
#4321=DIRECTION('',(0.,1.,0.));
#4322=DIRECTION('',(0.,0.,-1.));
#4323=DIRECTION('',(0.,1.,0.));
#4324=DIRECTION('center_axis',(3.13107277363307E-13,0.707106781186547,0.707106781186548));
#4325=DIRECTION('ref_axis',(1.,0.,-4.42800558124903E-13));
#4326=DIRECTION('',(-2.21495186135554E-13,0.707106781186548,-0.707106781186547));
#4327=DIRECTION('',(2.86689995640032E-13,-0.707106781186548,0.707106781186547));
#4328=DIRECTION('',(-1.,0.,4.42800558124903E-13));
#4329=DIRECTION('center_axis',(1.,0.,-3.13241496233254E-13));
#4330=DIRECTION('ref_axis',(-3.13241496233254E-13,0.,-1.));
#4331=DIRECTION('',(-3.13241496233254E-13,0.,-1.));
#4332=DIRECTION('',(0.,-1.,0.));
#4333=DIRECTION('',(-3.13241496233254E-13,0.,-1.));
#4334=DIRECTION('',(0.,1.,0.));
#4335=DIRECTION('center_axis',(-1.,0.,4.05440880030816E-13));
#4336=DIRECTION('ref_axis',(4.05440880030816E-13,0.,1.));
#4337=DIRECTION('',(0.,1.,0.));
#4338=DIRECTION('',(-4.05440880030816E-13,0.,-1.));
#4339=DIRECTION('center_axis',(0.,1.,0.));
#4340=DIRECTION('ref_axis',(0.,0.,1.));
#4341=DIRECTION('',(1.,0.,-3.91056235012949E-13));
#4342=DIRECTION('',(-4.76951811378966E-12,0.,-1.));
#4343=DIRECTION('',(-1.,0.,7.40148683093788E-15));
#4344=DIRECTION('',(5.75539615961093E-12,0.,1.));
#4345=DIRECTION('center_axis',(0.,1.,0.));
#4346=DIRECTION('ref_axis',(0.,0.,1.));
#4347=DIRECTION('',(1.,0.,-3.91056235012949E-13));
#4348=DIRECTION('',(-4.76951811378966E-12,0.,-1.));
#4349=DIRECTION('',(-1.,0.,7.40148683093788E-15));
#4350=DIRECTION('',(5.75539615961093E-12,0.,1.));
#4351=DIRECTION('center_axis',(0.,1.,0.));
#4352=DIRECTION('ref_axis',(0.,0.,1.));
#4353=DIRECTION('',(-1.,0.,1.38044711929782E-12));
#4354=DIRECTION('',(0.,0.,-1.));
#4355=DIRECTION('',(1.,0.,-1.75554015768726E-13));
#4356=DIRECTION('',(-3.13241496233254E-13,0.,-1.));
#4357=DIRECTION('',(-1.,0.,7.41925039928134E-12));
#4358=DIRECTION('',(1.26882631383285E-14,0.,-1.));
#4359=DIRECTION('',(1.,0.,1.00660220900144E-12));
#4360=DIRECTION('',(-3.13241496233254E-13,0.,-1.));
#4361=DIRECTION('',(-1.,0.,7.41925039928134E-12));
#4362=DIRECTION('',(1.26882631383285E-14,0.,-1.));
#4363=DIRECTION('',(1.,0.,1.00660220900144E-12));
#4364=DIRECTION('',(-3.13241496233254E-13,0.,-1.));
#4365=DIRECTION('',(-1.,0.,7.41925039928134E-12));
#4366=DIRECTION('',(1.26882631383285E-14,0.,-1.));
#4367=DIRECTION('',(1.,0.,1.00660220900144E-12));
#4368=DIRECTION('center_axis',(0.,1.,0.));
#4369=DIRECTION('ref_axis',(0.,0.,1.));
#4370=DIRECTION('',(1.,0.,-3.91056235012949E-13));
#4371=DIRECTION('',(-4.76951811378966E-12,0.,-1.));
#4372=DIRECTION('',(-1.,0.,7.40148683093788E-15));
#4373=DIRECTION('',(5.75539615961093E-12,0.,1.));
#4374=DIRECTION('center_axis',(-1.70270301923E-13,-1.,0.));
#4375=DIRECTION('ref_axis',(1.,-1.70270301923E-13,0.));
#4376=DIRECTION('',(-1.,1.70270301923E-13,1.75554015768726E-13));
#4377=DIRECTION('',(0.,0.,-1.));
#4378=DIRECTION('',(1.,-1.70270301923E-13,-1.33959929103191E-13));
#4379=DIRECTION('',(-2.79611724718654E-14,4.76095727890558E-27,1.));
#4380=DIRECTION('',(1.,-1.70270301923E-13,-2.47170704954858E-13));
#4381=DIRECTION('',(-4.27641461333801E-14,7.2814640736099E-27,-1.));
#4382=DIRECTION('',(1.,-1.70270301923E-13,-1.33959929103191E-13));
#4383=DIRECTION('',(-2.79611724718654E-14,4.76095727890558E-27,1.));
#4384=DIRECTION('',(1.,-1.70270301923E-13,-2.47170704954858E-13));
#4385=DIRECTION('',(-4.27641461333801E-14,7.2814640736099E-27,-1.));
#4386=DIRECTION('',(1.,-1.70270301923E-13,-1.33959929103191E-13));
#4387=DIRECTION('',(-2.79611724718654E-14,4.76095727890558E-27,1.));
#4388=DIRECTION('',(1.,-1.70270301923E-13,-2.47170704954858E-13));
#4389=DIRECTION('',(-4.27641461333801E-14,7.2814640736099E-27,-1.));
#4390=DIRECTION('',(1.,-1.70270301923E-13,-1.33959929103191E-13));
#4391=DIRECTION('',(0.,0.,-1.));
#4392=DIRECTION('',(-1.,1.70270301923E-13,1.75554015768726E-13));
#4393=DIRECTION('',(5.75539615961933E-12,-9.79973041784856E-25,1.));
#4394=DIRECTION('',(-1.,1.70270301923E-13,0.));
#4395=DIRECTION('',(1.77635683937784E-14,-3.02460815363851E-27,-1.));
#4396=DIRECTION('',(-1.,1.70270301923E-13,1.75554015768726E-13));
#4397=DIRECTION('',(5.75539615961933E-12,-9.79973041784856E-25,1.));
#4398=DIRECTION('',(-1.,1.70270301923E-13,0.));
#4399=DIRECTION('',(1.77635683937784E-14,-3.02460815363851E-27,-1.));
#4400=DIRECTION('',(-1.,1.70270301923E-13,1.75554015768726E-13));
#4401=DIRECTION('',(5.75539615961933E-12,-9.79973041784856E-25,1.));
#4402=DIRECTION('',(-1.,1.70270301923E-13,0.));
#4403=DIRECTION('',(1.77635683937784E-14,-3.02460815363851E-27,-1.));
#4404=DIRECTION('center_axis',(-1.,0.,0.));
#4405=DIRECTION('ref_axis',(0.,-1.,0.));
#4406=DIRECTION('',(0.,1.,0.));
#4407=DIRECTION('',(0.,0.,-1.));
#4408=DIRECTION('',(0.,-1.,0.));
#4409=DIRECTION('center_axis',(0.,0.,1.));
#4410=DIRECTION('ref_axis',(1.,0.,0.));
#4411=DIRECTION('center_axis',(0.,0.,-1.));
#4412=DIRECTION('ref_axis',(1.,0.,0.));
#4413=DIRECTION('',(0.,0.,1.));
#4414=DIRECTION('',(0.,0.,-1.));
#4415=DIRECTION('',(0.,0.,1.));
#4416=DIRECTION('',(0.,0.,-1.));
#4417=DIRECTION('',(0.,0.,1.));
#4418=DIRECTION('',(0.,0.,-1.));
#4419=DIRECTION('',(0.,0.,1.));
#4420=DIRECTION('center_axis',(1.33959929103191E-13,0.,1.));
#4421=DIRECTION('ref_axis',(1.,0.,0.));
#4422=DIRECTION('center_axis',(-1.75554015768726E-13,0.,-1.));
#4423=DIRECTION('ref_axis',(1.,0.,0.));
#4424=DIRECTION('center_axis',(1.75554015768726E-13,0.,1.));
#4425=DIRECTION('ref_axis',(1.,0.,-1.75554015768726E-13));
#4426=DIRECTION('',(0.,-1.,0.));
#4427=DIRECTION('',(1.,0.,-1.75554015768726E-13));
#4428=DIRECTION('',(0.,1.,0.));
#4429=DIRECTION('center_axis',(-1.,0.,-1.77635683937784E-14));
#4430=DIRECTION('ref_axis',(-1.77635683937784E-14,0.,1.));
#4431=DIRECTION('',(0.,1.,0.));
#4432=DIRECTION('',(1.77635683937784E-14,0.,-1.));
#4433=DIRECTION('center_axis',(0.,0.,1.));
#4434=DIRECTION('ref_axis',(1.,0.,0.));
#4435=DIRECTION('',(0.,1.,0.));
#4436=DIRECTION('',(-1.,0.,0.));
#4437=DIRECTION('center_axis',(1.,0.,-5.75539615961933E-12));
#4438=DIRECTION('ref_axis',(-5.75539615961933E-12,0.,-1.));
#4439=DIRECTION('',(0.,1.,0.));
#4440=DIRECTION('',(5.75539615961933E-12,0.,1.));
#4441=DIRECTION('center_axis',(1.75554015768726E-13,0.,1.));
#4442=DIRECTION('ref_axis',(1.,0.,-1.75554015768726E-13));
#4443=DIRECTION('',(0.,-1.,0.));
#4444=DIRECTION('',(1.,0.,-1.75554015768726E-13));
#4445=DIRECTION('center_axis',(-1.,0.,-1.77635683937784E-14));
#4446=DIRECTION('ref_axis',(-1.77635683937784E-14,0.,1.));
#4447=DIRECTION('',(0.,1.,0.));
#4448=DIRECTION('',(1.77635683937784E-14,0.,-1.));
#4449=DIRECTION('center_axis',(0.,0.,1.));
#4450=DIRECTION('ref_axis',(1.,0.,0.));
#4451=DIRECTION('',(0.,1.,0.));
#4452=DIRECTION('',(-1.,0.,0.));
#4453=DIRECTION('center_axis',(1.,0.,-5.75539615961933E-12));
#4454=DIRECTION('ref_axis',(-5.75539615961933E-12,0.,-1.));
#4455=DIRECTION('',(0.,1.,0.));
#4456=DIRECTION('',(5.75539615961933E-12,0.,1.));
#4457=DIRECTION('center_axis',(1.75554015768726E-13,0.,1.));
#4458=DIRECTION('ref_axis',(1.,0.,-1.75554015768726E-13));
#4459=DIRECTION('',(0.,-1.,0.));
#4460=DIRECTION('',(1.,0.,-1.75554015768726E-13));
#4461=DIRECTION('center_axis',(-1.,0.,-1.77635683937784E-14));
#4462=DIRECTION('ref_axis',(-1.77635683937784E-14,0.,1.));
#4463=DIRECTION('',(0.,1.,0.));
#4464=DIRECTION('',(1.77635683937784E-14,0.,-1.));
#4465=DIRECTION('center_axis',(0.,0.,1.));
#4466=DIRECTION('ref_axis',(1.,0.,0.));
#4467=DIRECTION('',(0.,1.,0.));
#4468=DIRECTION('',(-1.,0.,0.));
#4469=DIRECTION('center_axis',(1.,0.,-5.75539615961933E-12));
#4470=DIRECTION('ref_axis',(-5.75539615961933E-12,0.,-1.));
#4471=DIRECTION('',(0.,1.,0.));
#4472=DIRECTION('',(5.75539615961933E-12,0.,1.));
#4473=DIRECTION('center_axis',(0.,0.,1.));
#4474=DIRECTION('ref_axis',(-0.99743253371113,-0.0716124339384955,0.));
#4475=DIRECTION('',(0.,0.,1.));
#4476=DIRECTION('center_axis',(0.,0.,-1.));
#4477=DIRECTION('ref_axis',(1.,0.,0.));
#4478=DIRECTION('center_axis',(-1.75554015768726E-13,0.,-1.));
#4479=DIRECTION('ref_axis',(1.,0.,0.));
#4480=DIRECTION('center_axis',(1.33959929103191E-13,0.,1.));
#4481=DIRECTION('ref_axis',(1.,0.,0.));
#4482=DIRECTION('center_axis',(-1.,0.,0.));
#4483=DIRECTION('ref_axis',(0.,-1.,0.));
#4484=DIRECTION('',(0.,1.,0.));
#4485=DIRECTION('',(-2.33731163102298E-15,0.,-1.));
#4486=DIRECTION('',(0.,1.,0.));
#4487=DIRECTION('center_axis',(-1.,0.,0.));
#4488=DIRECTION('ref_axis',(0.,-1.,0.));
#4489=DIRECTION('',(0.,1.,0.));
#4490=DIRECTION('',(-2.33731163102298E-15,0.,-1.));
#4491=DIRECTION('',(0.,1.,0.));
#4492=DIRECTION('center_axis',(1.38044711929782E-12,0.,1.));
#4493=DIRECTION('ref_axis',(1.,0.,-1.38044711929782E-12));
#4494=DIRECTION('',(0.,1.,0.));
#4495=DIRECTION('',(1.,0.,-1.38044711929782E-12));
#4496=DIRECTION('',(0.,1.,0.));
#4497=DIRECTION('',(-0.707106781186622,0.707106781186473,9.76123519125029E-13));
#4498=DIRECTION('center_axis',(1.,0.,6.49899421491695E-13));
#4499=DIRECTION('ref_axis',(6.49899421491695E-13,0.,-1.));
#4500=DIRECTION('',(0.,1.,0.));
#4501=DIRECTION('',(6.49899421491695E-13,0.,-1.));
#4502=DIRECTION('center_axis',(1.,0.,-3.13241496233254E-13));
#4503=DIRECTION('ref_axis',(-3.13241496233254E-13,0.,-1.));
#4504=DIRECTION('',(0.,1.,0.));
#4505=DIRECTION('',(0.,-1.,0.));
#4506=DIRECTION('',(-3.13241496233254E-13,0.,-1.));
#4507=DIRECTION('center_axis',(1.,0.,-3.13241496233254E-13));
#4508=DIRECTION('ref_axis',(-3.13241496233254E-13,0.,-1.));
#4509=DIRECTION('',(0.,1.,0.));
#4510=DIRECTION('',(0.,-1.,0.));
#4511=DIRECTION('',(-3.13241496233254E-13,0.,-1.));
#4512=DIRECTION('center_axis',(0.,1.,0.));
#4513=DIRECTION('ref_axis',(1.,0.,0.));
#4514=DIRECTION('',(-1.,0.,-1.00660220900144E-12));
#4515=DIRECTION('',(-1.26882631383285E-14,0.,1.));
#4516=DIRECTION('',(1.,0.,-7.41925039928134E-12));
#4517=DIRECTION('',(-1.,0.,-1.00660220900144E-12));
#4518=DIRECTION('',(-1.26882631383285E-14,0.,1.));
#4519=DIRECTION('',(1.,0.,-7.41925039928134E-12));
#4520=DIRECTION('',(-1.,0.,-1.00660220900144E-12));
#4521=DIRECTION('',(-1.26882631383285E-14,0.,1.));
#4522=DIRECTION('',(1.,0.,-7.41925039928134E-12));
#4523=DIRECTION('',(-3.13241496233254E-13,0.,-1.));
#4524=DIRECTION('',(1.,0.,-1.75554015768726E-13));
#4525=DIRECTION('',(-1.31343348895301E-13,0.,1.));
#4526=DIRECTION('',(1.,0.,5.92118946464173E-15));
#4527=DIRECTION('',(3.70074341544549E-14,0.,1.));
#4528=DIRECTION('',(-1.,0.,-2.68377912486115E-12));
#4529=DIRECTION('',(-1.31343348895301E-13,0.,1.));
#4530=DIRECTION('',(1.,0.,5.92118946464173E-15));
#4531=DIRECTION('',(3.70074341544549E-14,0.,1.));
#4532=DIRECTION('',(-1.,0.,-2.68377912486115E-12));
#4533=DIRECTION('',(-1.31343348895301E-13,0.,1.));
#4534=DIRECTION('',(1.,0.,5.92118946464173E-15));
#4535=DIRECTION('',(3.70074341544549E-14,0.,1.));
#4536=DIRECTION('',(-1.,0.,-2.68377912486115E-12));
#4537=DIRECTION('',(-1.31343348895301E-13,0.,1.));
#4538=DIRECTION('',(-1.,0.,3.91056235012949E-13));
#4539=DIRECTION('',(-5.75539615961093E-12,0.,-1.));
#4540=DIRECTION('',(1.,0.,-7.40148683093788E-15));
#4541=DIRECTION('',(4.76951811378966E-12,0.,1.));
#4542=DIRECTION('',(-1.,0.,3.91056235012949E-13));
#4543=DIRECTION('',(-5.75539615961093E-12,0.,-1.));
#4544=DIRECTION('',(1.,0.,-7.40148683093788E-15));
#4545=DIRECTION('',(4.76951811378966E-12,0.,1.));
#4546=DIRECTION('',(-1.,0.,3.91056235012949E-13));
#4547=DIRECTION('',(-5.75539615961093E-12,0.,-1.));
#4548=DIRECTION('',(1.,0.,-7.40148683093788E-15));
#4549=DIRECTION('',(4.76951811378966E-12,0.,1.));
#4550=DIRECTION('',(-1.,0.,3.91056235012949E-13));
#4551=DIRECTION('center_axis',(-1.13242748512024E-12,0.,1.));
#4552=DIRECTION('ref_axis',(1.,0.,1.13242748512024E-12));
#4553=DIRECTION('',(-1.,0.,-1.13242748512024E-12));
#4554=DIRECTION('',(0.,-1.,0.));
#4555=DIRECTION('',(0.707106781186622,-0.707106781186473,8.00747153930637E-13));
#4556=DIRECTION('center_axis',(1.49510033982348E-12,0.,-1.));
#4557=DIRECTION('ref_axis',(-1.,0.,-1.49510033982348E-12));
#4558=DIRECTION('',(1.,0.,1.49510033982348E-12));
#4559=DIRECTION('',(-0.707106781186622,0.707106781186473,-1.0571955888436E-12));
#4560=DIRECTION('',(0.,1.,0.));
#4561=DIRECTION('center_axis',(-1.13242748512024E-12,0.,1.));
#4562=DIRECTION('ref_axis',(1.,0.,1.13242748512024E-12));
#4563=DIRECTION('',(-1.,0.,-1.13242748512024E-12));
#4564=DIRECTION('',(0.,-1.,0.));
#4565=DIRECTION('',(0.707106781186622,-0.707106781186473,8.00747153930637E-13));
#4566=DIRECTION('',(0.,1.,0.));
#4567=DIRECTION('center_axis',(1.49510033982348E-12,0.,-1.));
#4568=DIRECTION('ref_axis',(-1.,0.,-1.49510033982348E-12));
#4569=DIRECTION('',(1.,0.,1.49510033982348E-12));
#4570=DIRECTION('',(0.,1.,0.));
#4571=DIRECTION('',(-0.707106781186622,0.707106781186473,-1.0571955888436E-12));
#4572=DIRECTION('',(0.,1.,0.));
#4573=DIRECTION('center_axis',(0.,1.,0.));
#4574=DIRECTION('ref_axis',(0.,0.,1.));
#4575=DIRECTION('',(-1.31343348895301E-13,0.,1.));
#4576=DIRECTION('',(-1.,0.,-2.68377912486115E-12));
#4577=DIRECTION('',(3.70074341544549E-14,0.,1.));
#4578=DIRECTION('',(1.,0.,5.92118946464173E-15));
#4579=DIRECTION('',(-1.31343348895301E-13,0.,1.));
#4580=DIRECTION('',(-1.,0.,-2.68377912486115E-12));
#4581=DIRECTION('',(3.70074341544549E-14,0.,1.));
#4582=DIRECTION('',(1.,0.,5.92118946464173E-15));
#4583=DIRECTION('',(-1.31343348895301E-13,0.,1.));
#4584=DIRECTION('',(-1.,0.,-2.68377912486115E-12));
#4585=DIRECTION('',(3.70074341544549E-14,0.,1.));
#4586=DIRECTION('',(1.,0.,5.92118946464173E-15));
#4587=DIRECTION('',(-1.31343348895301E-13,0.,1.));
#4588=DIRECTION('',(1.,0.,-1.75554015768726E-13));
#4589=DIRECTION('center_axis',(-0.707106781186473,-0.707106781186622,0.));
#4590=DIRECTION('ref_axis',(0.707106781186622,-0.707106781186473,0.));
#4591=DIRECTION('',(-4.05440880030816E-13,4.05440880030731E-13,-1.));
#4592=DIRECTION('',(-0.707106781186622,0.707106781186473,-1.0571955888436E-12));
#4593=DIRECTION('center_axis',(-0.707106781186473,-0.707106781186622,0.));
#4594=DIRECTION('ref_axis',(0.707106781186622,-0.707106781186473,0.));
#4595=DIRECTION('',(-4.05440880030816E-13,4.05440880030731E-13,-1.));
#4596=DIRECTION('center_axis',(-0.707106781186473,-0.707106781186622,0.));
#4597=DIRECTION('ref_axis',(0.707106781186622,-0.707106781186473,0.));
#4598=DIRECTION('',(-4.05440880030816E-13,4.05440880030731E-13,-1.));
#4599=DIRECTION('center_axis',(-1.,0.,4.05440880030816E-13));
#4600=DIRECTION('ref_axis',(4.05440880030816E-13,0.,1.));
#4601=DIRECTION('',(4.05440880030816E-13,0.,1.));
#4602=DIRECTION('',(0.,1.,0.));
#4603=DIRECTION('center_axis',(-1.,0.,4.05440880030816E-13));
#4604=DIRECTION('ref_axis',(4.05440880030816E-13,0.,1.));
#4605=DIRECTION('',(4.05440880030816E-13,0.,1.));
#4606=DIRECTION('center_axis',(-1.,0.,4.05440880030816E-13));
#4607=DIRECTION('ref_axis',(4.05440880030816E-13,0.,1.));
#4608=DIRECTION('',(4.05440880030816E-13,0.,1.));
#4609=DIRECTION('center_axis',(-5.92118946464174E-15,0.,1.));
#4610=DIRECTION('ref_axis',(1.,0.,5.92118946464173E-15));
#4611=DIRECTION('',(0.,-1.,0.));
#4612=DIRECTION('',(0.,1.,0.));
#4613=DIRECTION('center_axis',(-1.,0.,3.70074341544549E-14));
#4614=DIRECTION('ref_axis',(3.70074341544549E-14,0.,1.));
#4615=DIRECTION('',(0.,1.,0.));
#4616=DIRECTION('center_axis',(2.68377912486115E-12,0.,-1.));
#4617=DIRECTION('ref_axis',(-1.,0.,-2.68377912486115E-12));
#4618=DIRECTION('',(0.,1.,0.));
#4619=DIRECTION('center_axis',(-5.92118946464174E-15,0.,1.));
#4620=DIRECTION('ref_axis',(1.,0.,5.92118946464173E-15));
#4621=DIRECTION('',(0.,-1.,0.));
#4622=DIRECTION('',(0.,1.,0.));
#4623=DIRECTION('center_axis',(-1.,0.,3.70074341544549E-14));
#4624=DIRECTION('ref_axis',(3.70074341544549E-14,0.,1.));
#4625=DIRECTION('',(0.,1.,0.));
#4626=DIRECTION('center_axis',(2.68377912486115E-12,0.,-1.));
#4627=DIRECTION('ref_axis',(-1.,0.,-2.68377912486115E-12));
#4628=DIRECTION('',(0.,1.,0.));
#4629=DIRECTION('center_axis',(-1.,0.,-1.31343348895301E-13));
#4630=DIRECTION('ref_axis',(-1.31343348895301E-13,0.,1.));
#4631=DIRECTION('',(0.,1.,0.));
#4632=DIRECTION('center_axis',(-1.,0.,-1.31343348895301E-13));
#4633=DIRECTION('ref_axis',(-1.31343348895301E-13,0.,1.));
#4634=DIRECTION('',(0.,1.,0.));
#4635=DIRECTION('center_axis',(-1.,0.,-1.31343348895301E-13));
#4636=DIRECTION('ref_axis',(-1.31343348895301E-13,0.,1.));
#4637=DIRECTION('center_axis',(1.,0.,-4.76951811378966E-12));
#4638=DIRECTION('ref_axis',(-4.76951811378966E-12,0.,-1.));
#4639=DIRECTION('',(0.,1.,0.));
#4640=DIRECTION('',(0.,1.,0.));
#4641=DIRECTION('center_axis',(-1.,0.,5.75539615961093E-12));
#4642=DIRECTION('ref_axis',(5.75539615961093E-12,0.,1.));
#4643=DIRECTION('',(0.,-1.,0.));
#4644=DIRECTION('',(0.,1.,0.));
#4645=DIRECTION('center_axis',(-7.40148683093788E-15,0.,-1.));
#4646=DIRECTION('ref_axis',(-1.,0.,7.40148683093788E-15));
#4647=DIRECTION('center_axis',(1.,0.,-4.76951811378966E-12));
#4648=DIRECTION('ref_axis',(-4.76951811378966E-12,0.,-1.));
#4649=DIRECTION('',(0.,1.,0.));
#4650=DIRECTION('',(0.,1.,0.));
#4651=DIRECTION('center_axis',(-1.,0.,5.75539615961093E-12));
#4652=DIRECTION('ref_axis',(5.75539615961093E-12,0.,1.));
#4653=DIRECTION('',(0.,-1.,0.));
#4654=DIRECTION('',(0.,1.,0.));
#4655=DIRECTION('center_axis',(-7.40148683093788E-15,0.,-1.));
#4656=DIRECTION('ref_axis',(-1.,0.,7.40148683093788E-15));
#4657=DIRECTION('center_axis',(-1.,0.,4.27641461333801E-14));
#4658=DIRECTION('ref_axis',(4.27641461333801E-14,0.,1.));
#4659=DIRECTION('',(0.,1.,0.));
#4660=DIRECTION('',(-4.27641461333801E-14,0.,-1.));
#4661=DIRECTION('',(0.,-1.,0.));
#4662=DIRECTION('center_axis',(-2.47170704954858E-13,0.,-1.));
#4663=DIRECTION('ref_axis',(-1.,0.,2.47170704954858E-13));
#4664=DIRECTION('',(0.,1.,0.));
#4665=DIRECTION('',(1.,0.,-2.47170704954858E-13));
#4666=DIRECTION('center_axis',(1.,0.,2.79611724718654E-14));
#4667=DIRECTION('ref_axis',(2.79611724718654E-14,0.,-1.));
#4668=DIRECTION('',(0.,1.,0.));
#4669=DIRECTION('',(-2.79611724718654E-14,0.,1.));
#4670=DIRECTION('center_axis',(-1.,0.,4.27641461333801E-14));
#4671=DIRECTION('ref_axis',(4.27641461333801E-14,0.,1.));
#4672=DIRECTION('',(0.,1.,0.));
#4673=DIRECTION('',(-4.27641461333801E-14,0.,-1.));
#4674=DIRECTION('',(0.,-1.,0.));
#4675=DIRECTION('center_axis',(-2.47170704954858E-13,0.,-1.));
#4676=DIRECTION('ref_axis',(-1.,0.,2.47170704954858E-13));
#4677=DIRECTION('',(0.,1.,0.));
#4678=DIRECTION('',(1.,0.,-2.47170704954858E-13));
#4679=DIRECTION('center_axis',(1.,0.,2.79611724718654E-14));
#4680=DIRECTION('ref_axis',(2.79611724718654E-14,0.,-1.));
#4681=DIRECTION('',(0.,1.,0.));
#4682=DIRECTION('',(-2.79611724718654E-14,0.,1.));
#4683=DIRECTION('center_axis',(0.,1.,0.));
#4684=DIRECTION('ref_axis',(0.,0.,1.));
#4685=DIRECTION('',(-1.,0.,1.33959929103191E-13));
#4686=DIRECTION('',(-4.27641461333801E-14,0.,-1.));
#4687=DIRECTION('',(1.,0.,-2.47170704954858E-13));
#4688=DIRECTION('',(-2.79611724718654E-14,0.,1.));
#4689=DIRECTION('',(-1.,0.,1.33959929103191E-13));
#4690=DIRECTION('',(-1.,0.,1.33959929103191E-13));
#4691=DIRECTION('',(-1.,0.,1.33959929103191E-13));
#4692=DIRECTION('',(4.05440880030816E-13,0.,1.));
#4693=DIRECTION('',(-1.,0.,-1.13242748512024E-12));
#4694=DIRECTION('',(1.,0.,1.49510033982348E-12));
#4695=DIRECTION('',(-2.33731163102298E-15,0.,-1.));
#4696=DIRECTION('center_axis',(-1.33959929103191E-13,0.,-1.));
#4697=DIRECTION('ref_axis',(-1.,0.,1.33959929103191E-13));
#4698=DIRECTION('',(0.707106781186622,-0.707106781186473,-9.47239742761452E-14));
#4699=DIRECTION('',(0.,1.,0.));
#4700=DIRECTION('center_axis',(-1.33959929103191E-13,0.,-1.));
#4701=DIRECTION('ref_axis',(-1.,0.,1.33959929103191E-13));
#4702=DIRECTION('',(0.,1.,0.));
#4703=DIRECTION('center_axis',(-1.33959929103191E-13,0.,-1.));
#4704=DIRECTION('ref_axis',(-1.,0.,1.33959929103191E-13));
#4705=DIRECTION('center_axis',(1.,0.,-3.13241496233254E-13));
#4706=DIRECTION('ref_axis',(-3.13241496233254E-13,0.,-1.));
#4707=DIRECTION('',(0.,1.,0.));
#4708=DIRECTION('center_axis',(-1.13242748512024E-12,0.,1.));
#4709=DIRECTION('ref_axis',(1.,0.,1.13242748512024E-12));
#4710=DIRECTION('',(0.,-1.,0.));
#4711=DIRECTION('',(0.707106781186622,-0.707106781186473,8.00747153930637E-13));
#4712=DIRECTION('center_axis',(1.49510033982348E-12,0.,-1.));
#4713=DIRECTION('ref_axis',(-1.,0.,-1.49510033982348E-12));
#4714=DIRECTION('center_axis',(-0.707106781186473,-0.707106781186622,0.));
#4715=DIRECTION('ref_axis',(0.707106781186622,-0.707106781186473,0.));
#4716=DIRECTION('',(-4.05440880030816E-13,4.05440880030731E-13,-1.));
#4717=DIRECTION('center_axis',(-1.,0.,4.05440880030816E-13));
#4718=DIRECTION('ref_axis',(4.05440880030816E-13,0.,1.));
#4719=DIRECTION('center_axis',(-5.92118946464174E-15,0.,1.));
#4720=DIRECTION('ref_axis',(1.,0.,5.92118946464173E-15));
#4721=DIRECTION('',(0.,-1.,0.));
#4722=DIRECTION('',(0.,1.,0.));
#4723=DIRECTION('center_axis',(-1.,0.,3.70074341544549E-14));
#4724=DIRECTION('ref_axis',(3.70074341544549E-14,0.,1.));
#4725=DIRECTION('',(0.,1.,0.));
#4726=DIRECTION('center_axis',(2.68377912486115E-12,0.,-1.));
#4727=DIRECTION('ref_axis',(-1.,0.,-2.68377912486115E-12));
#4728=DIRECTION('center_axis',(-1.,0.,-1.31343348895301E-13));
#4729=DIRECTION('ref_axis',(-1.31343348895301E-13,0.,1.));
#4730=DIRECTION('',(0.,1.,0.));
#4731=DIRECTION('center_axis',(1.,0.,-4.76951811378966E-12));
#4732=DIRECTION('ref_axis',(-4.76951811378966E-12,0.,-1.));
#4733=DIRECTION('',(0.,1.,0.));
#4734=DIRECTION('',(0.,1.,0.));
#4735=DIRECTION('center_axis',(-1.,0.,5.75539615961093E-12));
#4736=DIRECTION('ref_axis',(5.75539615961093E-12,0.,1.));
#4737=DIRECTION('',(0.,-1.,0.));
#4738=DIRECTION('',(0.,1.,0.));
#4739=DIRECTION('center_axis',(-7.40148683093788E-15,0.,-1.));
#4740=DIRECTION('ref_axis',(-1.,0.,7.40148683093788E-15));
#4741=DIRECTION('center_axis',(-3.91056235012949E-13,0.,-1.));
#4742=DIRECTION('ref_axis',(-1.,0.,3.91056235012949E-13));
#4743=DIRECTION('center_axis',(-1.,0.,4.27641461333801E-14));
#4744=DIRECTION('ref_axis',(4.27641461333801E-14,0.,1.));
#4745=DIRECTION('',(0.,1.,0.));
#4746=DIRECTION('',(0.,-1.,0.));
#4747=DIRECTION('center_axis',(-2.47170704954858E-13,0.,-1.));
#4748=DIRECTION('ref_axis',(-1.,0.,2.47170704954858E-13));
#4749=DIRECTION('',(0.,1.,0.));
#4750=DIRECTION('center_axis',(1.,0.,2.79611724718654E-14));
#4751=DIRECTION('ref_axis',(2.79611724718654E-14,0.,-1.));
#4752=DIRECTION('center_axis',(1.75554015768726E-13,0.,1.));
#4753=DIRECTION('ref_axis',(1.,0.,-1.75554015768726E-13));
#4754=DIRECTION('center_axis',(-1.33959929103191E-13,0.,-1.));
#4755=DIRECTION('ref_axis',(-1.,0.,1.33959929103191E-13));
#4756=DIRECTION('center_axis',(-1.,0.,0.));
#4757=DIRECTION('ref_axis',(0.,-1.,0.));
#4758=DIRECTION('center_axis',(-7.41925039928134E-12,0.,-1.));
#4759=DIRECTION('ref_axis',(-1.,0.,7.41925039928134E-12));
#4760=DIRECTION('',(0.,1.,0.));
#4761=DIRECTION('center_axis',(1.,0.,1.26882631383285E-14));
#4762=DIRECTION('ref_axis',(1.26882631383285E-14,0.,-1.));
#4763=DIRECTION('',(0.,1.,0.));
#4764=DIRECTION('center_axis',(-1.00660220900144E-12,0.,1.));
#4765=DIRECTION('ref_axis',(1.,0.,1.00660220900144E-12));
#4766=DIRECTION('center_axis',(-7.41925039928134E-12,0.,-1.));
#4767=DIRECTION('ref_axis',(-1.,0.,7.41925039928134E-12));
#4768=DIRECTION('',(0.,1.,0.));
#4769=DIRECTION('center_axis',(1.,0.,1.26882631383285E-14));
#4770=DIRECTION('ref_axis',(1.26882631383285E-14,0.,-1.));
#4771=DIRECTION('',(0.,1.,0.));
#4772=DIRECTION('center_axis',(-1.00660220900144E-12,0.,1.));
#4773=DIRECTION('ref_axis',(1.,0.,1.00660220900144E-12));
#4774=DIRECTION('center_axis',(-1.00660220900144E-12,0.,1.));
#4775=DIRECTION('ref_axis',(1.,0.,1.00660220900144E-12));
#4776=DIRECTION('',(0.,1.,0.));
#4777=DIRECTION('center_axis',(1.,0.,1.26882631383285E-14));
#4778=DIRECTION('ref_axis',(1.26882631383285E-14,0.,-1.));
#4779=DIRECTION('',(0.,1.,0.));
#4780=DIRECTION('center_axis',(-7.41925039928134E-12,0.,-1.));
#4781=DIRECTION('ref_axis',(-1.,0.,7.41925039928134E-12));
#4782=DIRECTION('',(0.,0.,1.));
#4783=DIRECTION('',(1.,0.,0.));
#4784=DIRECTION('',(0.,0.,1.));
#4785=DIRECTION('',(1.,0.,0.));
#4786=CARTESIAN_POINT('',(0.,0.,0.));
#4787=CARTESIAN_POINT('',(0.,0.,0.));
#4788=CARTESIAN_POINT('Origin',(19.6,109.5,0.));
#4789=CARTESIAN_POINT('',(-3.62858057618141,109.5,5.08840336799519));
#4790=CARTESIAN_POINT('',(-5.31343699097634,109.5,3.22619452476399));
#4791=CARTESIAN_POINT('Ctrl Pts',(-3.62858057618141,109.5,5.08840336799519));
#4792=CARTESIAN_POINT('Ctrl Pts',(-3.97689334912562,109.5,4.8399850103887));
#4793=CARTESIAN_POINT('Ctrl Pts',(-4.67456726549597,109.5,4.34240059226752));
#4794=CARTESIAN_POINT('Ctrl Pts',(-5.1002671876294,109.5,3.59863575716935));
#4795=CARTESIAN_POINT('Ctrl Pts',(-5.31343699097634,109.5,3.22619452476399));
#4796=CARTESIAN_POINT('',(-1.10470772385598,109.5,5.77053084373372));
#4797=CARTESIAN_POINT('Ctrl Pts',(-1.10470772385598,109.5,5.77053084373372));
#4798=CARTESIAN_POINT('Ctrl Pts',(-1.55880869062804,109.5,5.74456726047889));
#4799=CARTESIAN_POINT('Ctrl Pts',(-2.44836637072112,109.5,5.69370609396072));
#4800=CARTESIAN_POINT('Ctrl Pts',(-3.24071143190723,109.5,5.28733187543128));
#4801=CARTESIAN_POINT('Ctrl Pts',(-3.62858057618141,109.5,5.08840336799519));
#4802=CARTESIAN_POINT('',(1.32367133498192,109.5,5.153205537795));
#4803=CARTESIAN_POINT('Ctrl Pts',(1.32367133498192,109.5,5.153205537795));
#4804=CARTESIAN_POINT('Ctrl Pts',(0.940273258803725,109.5,5.33325708628674));
#4805=CARTESIAN_POINT('Ctrl Pts',(0.170485453297093,109.5,5.69476512454594));
#4806=CARTESIAN_POINT('Ctrl Pts',(-0.67854346126119,109.5,5.74521025511537));
#4807=CARTESIAN_POINT('Ctrl Pts',(-1.10470772385598,109.5,5.77053084373372));
#4808=CARTESIAN_POINT('',(3.0630969941616,109.5,3.33533301353352));
#4809=CARTESIAN_POINT('Ctrl Pts',(3.0630969941616,109.5,3.33533301353352));
#4810=CARTESIAN_POINT('Ctrl Pts',(2.83966617207829,109.5,3.70981683338552));
#4811=CARTESIAN_POINT('Ctrl Pts',(2.39860141892371,109.5,4.4490685266985));
#4812=CARTESIAN_POINT('Ctrl Pts',(1.67882804835832,109.5,4.92055879140319));
#4813=CARTESIAN_POINT('Ctrl Pts',(1.32367133498192,109.5,5.153205537795));
#4814=CARTESIAN_POINT('',(3.67701053023338,109.5,0.613641881941724));
#4815=CARTESIAN_POINT('Ctrl Pts',(3.67701053023338,109.5,0.613641881941724));
#4816=CARTESIAN_POINT('Ctrl Pts',(3.65479778027893,109.5,1.10061841219271));
#4817=CARTESIAN_POINT('Ctrl Pts',(3.6117242328302,109.5,2.0449322285911));
#4818=CARTESIAN_POINT('Ctrl Pts',(3.24210565900232,109.5,2.91429500203681));
#4819=CARTESIAN_POINT('Ctrl Pts',(3.0630969941616,109.5,3.33533301353352));
#4820=CARTESIAN_POINT('',(3.09379100203514,109.5,-2.07053170204265));
#4821=CARTESIAN_POINT('Ctrl Pts',(3.09379100203514,109.5,-2.07053170204265));
#4822=CARTESIAN_POINT('Ctrl Pts',(3.26384413860825,109.5,-1.65496946107536));
#4823=CARTESIAN_POINT('Ctrl Pts',(3.61571348444211,109.5,-0.795099323840054));
#4824=CARTESIAN_POINT('Ctrl Pts',(3.65612782805368,109.5,0.133711362144813));
#4825=CARTESIAN_POINT('Ctrl Pts',(3.67701053023338,109.5,0.613641881941724));
#4826=CARTESIAN_POINT('',(1.39870404601097,109.5,-3.91568884849651));
#4827=CARTESIAN_POINT('Ctrl Pts',(1.39870404601097,109.5,-3.91568884849651));
#4828=CARTESIAN_POINT('Ctrl Pts',(1.74779968386544,109.5,-3.67237547896402));
#4829=CARTESIAN_POINT('Ctrl Pts',(2.44964220329108,109.5,-3.18320388881711));
#4830=CARTESIAN_POINT('Ctrl Pts',(2.87833133611207,109.5,-2.4427065444265));
#4831=CARTESIAN_POINT('Ctrl Pts',(3.09379100203514,109.5,-2.07053170204265));
#4832=CARTESIAN_POINT('',(-1.09788418412209,109.5,-4.57735285759075));
#4833=CARTESIAN_POINT('Ctrl Pts',(-1.09788418412209,109.5,-4.57735285759075));
#4834=CARTESIAN_POINT('Ctrl Pts',(-0.651126371001185,109.5,-4.55181154523664));
#4835=CARTESIAN_POINT('Ctrl Pts',(0.226671443577504,109.5,-4.50162751373806));
#4836=CARTESIAN_POINT('Ctrl Pts',(1.0127181519058,109.5,-4.10865622766708));
#4837=CARTESIAN_POINT('Ctrl Pts',(1.39870404601097,109.5,-3.91568884849651));
#4838=CARTESIAN_POINT('',(-4.54945445656777,109.5,-3.16875920295818));
#4839=CARTESIAN_POINT('Ctrl Pts',(-4.54945445656777,109.5,-3.16875920295818));
#4840=CARTESIAN_POINT('Ctrl Pts',(-4.06327389010656,109.5,-3.579532291956));
#4841=CARTESIAN_POINT('Ctrl Pts',(-3.06692617855348,109.5,-4.42134468723451));
#4842=CARTESIAN_POINT('Ctrl Pts',(-1.76468181206066,109.5,-4.5245221519853));
#4843=CARTESIAN_POINT('Ctrl Pts',(-1.09788418412209,109.5,-4.57735285759075));
#4844=CARTESIAN_POINT('',(-5.88642597794533,109.5,0.729603910445142));
#4845=CARTESIAN_POINT('Ctrl Pts',(-5.88642597794533,109.5,0.729603910445142));
#4846=CARTESIAN_POINT('Ctrl Pts',(-5.84774854795612,109.5,-0.0362731323036058));
#4847=CARTESIAN_POINT('Ctrl Pts',(-5.77537310351714,109.5,-1.46942655976816));
#4848=CARTESIAN_POINT('Ctrl Pts',(-4.93891120391935,109.5,-2.62890562822706));
#4849=CARTESIAN_POINT('Ctrl Pts',(-4.54945445656777,109.5,-3.16875920295818));
#4850=CARTESIAN_POINT('Ctrl Pts',(-5.31343699097634,109.5,3.22619452476399));
#4851=CARTESIAN_POINT('Ctrl Pts',(-5.48055844032513,109.5,2.82694672990517));
#4852=CARTESIAN_POINT('Ctrl Pts',(-5.8151102668635,109.5,2.0277131214611));
#4853=CARTESIAN_POINT('Ctrl Pts',(-5.86263944464336,109.5,1.16257327314283));
#4854=CARTESIAN_POINT('Ctrl Pts',(-5.88642597794533,109.5,0.729603910445142));
#4855=CARTESIAN_POINT('',(-1.09106541275978,109.5,-3.43819842338664));
#4856=CARTESIAN_POINT('',(-3.50920796990395,109.5,-2.47298703193767));
#4857=CARTESIAN_POINT('Ctrl Pts',(-1.09106541275978,109.5,-3.43819842338664));
#4858=CARTESIAN_POINT('Ctrl Pts',(-1.54291530353645,109.5,-3.39817327204109));
#4859=CARTESIAN_POINT('Ctrl Pts',(-2.44553809852844,109.5,-3.31821836950609));
#4860=CARTESIAN_POINT('Ctrl Pts',(-3.15493349029159,109.5,-2.75450660894879));
#4861=CARTESIAN_POINT('Ctrl Pts',(-3.50920796990395,109.5,-2.47298703193767));
#4862=CARTESIAN_POINT('',(0.692701333761212,109.5,-2.93683514595134));
#4863=CARTESIAN_POINT('Ctrl Pts',(0.692701333761212,109.5,-2.93683514595134));
#4864=CARTESIAN_POINT('Ctrl Pts',(0.417521167014199,109.5,-3.08305816971374));
#4865=CARTESIAN_POINT('Ctrl Pts',(-0.140433767932109,109.5,-3.37953977547572));
#4866=CARTESIAN_POINT('Ctrl Pts',(-0.771325736615021,109.5,-3.41846891281525));
#4867=CARTESIAN_POINT('Ctrl Pts',(-1.09106541275978,109.5,-3.43819842338664));
#4868=CARTESIAN_POINT('',(1.90006732344627,109.5,-1.52482972145183));
#4869=CARTESIAN_POINT('Ctrl Pts',(1.90006732344627,109.5,-1.52482972145183));
#4870=CARTESIAN_POINT('Ctrl Pts',(1.74884340892022,109.5,-1.80988520781607));
#4871=CARTESIAN_POINT('Ctrl Pts',(1.45131452465014,109.5,-2.37072402143114));
#4872=CARTESIAN_POINT('Ctrl Pts',(0.942769864894255,109.5,-2.75022281299025));
#4873=CARTESIAN_POINT('Ctrl Pts',(0.692701333761212,109.5,-2.93683514595134));
#4874=CARTESIAN_POINT('',(2.31275557875633,109.5,0.606820726393629));
#4875=CARTESIAN_POINT('Ctrl Pts',(2.31275557875633,109.5,0.606820726393629));
#4876=CARTESIAN_POINT('Ctrl Pts',(2.29939151226337,109.5,0.221490993026121));
#4877=CARTESIAN_POINT('Ctrl Pts',(2.27397280927875,109.5,-0.511413325338799));
#4878=CARTESIAN_POINT('Ctrl Pts',(2.02034736192,109.5,-1.19882818434413));
#4879=CARTESIAN_POINT('Ctrl Pts',(1.90006732344627,109.5,-1.52482972145183));
#4880=CARTESIAN_POINT('',(1.34754657149315,109.5,3.58772053718464));
#4881=CARTESIAN_POINT('Ctrl Pts',(1.34754657149315,109.5,3.58772053718464));
#4882=CARTESIAN_POINT('Ctrl Pts',(1.62855214357741,109.5,3.17778936577985));
#4883=CARTESIAN_POINT('Ctrl Pts',(2.24151754222421,109.5,2.28359491250208));
#4884=CARTESIAN_POINT('Ctrl Pts',(2.28772908393858,109.5,1.19588497524124));
#4885=CARTESIAN_POINT('Ctrl Pts',(2.31275557875633,109.5,0.606820726393629));
#4886=CARTESIAN_POINT('',(-1.11152649521828,109.5,4.6381999492635));
#4887=CARTESIAN_POINT('Ctrl Pts',(-1.11152649521828,109.5,4.6381999492635));
#4888=CARTESIAN_POINT('Ctrl Pts',(-0.637772005308346,109.5,4.59677029673655));
#4889=CARTESIAN_POINT('Ctrl Pts',(0.297477955829732,109.5,4.51498303827034));
#4890=CARTESIAN_POINT('Ctrl Pts',(1.00059579622803,109.5,3.89409522434992));
#4891=CARTESIAN_POINT('Ctrl Pts',(1.34754657149315,109.5,3.58772053718464));
#4892=CARTESIAN_POINT('',(-3.55013609528542,109.5,3.59795346259968));
#4893=CARTESIAN_POINT('Ctrl Pts',(-3.55013609528542,109.5,3.59795346259968));
#4894=CARTESIAN_POINT('Ctrl Pts',(-3.20349325095754,109.5,3.90135230277561));
#4895=CARTESIAN_POINT('Ctrl Pts',(-2.50432334563635,109.5,4.51330013851316));
#4896=CARTESIAN_POINT('Ctrl Pts',(-1.57838966585121,109.5,4.59633374196927));
#4897=CARTESIAN_POINT('Ctrl Pts',(-1.11152649521828,109.5,4.6381999492635));
#4898=CARTESIAN_POINT('',(-4.52216864228249,109.5,0.750067377089429));
#4899=CARTESIAN_POINT('Ctrl Pts',(-4.52216864228249,109.5,0.750067377089429));
#4900=CARTESIAN_POINT('Ctrl Pts',(-4.49349395567273,109.5,1.30727992325642));
#4901=CARTESIAN_POINT('Ctrl Pts',(-4.43969554122206,109.5,2.35270203732434));
#4902=CARTESIAN_POINT('Ctrl Pts',(-3.83331453886411,109.5,3.20154559791524));
#4903=CARTESIAN_POINT('Ctrl Pts',(-3.55013609528542,109.5,3.59795346259968));
#4904=CARTESIAN_POINT('Ctrl Pts',(-3.50920796990395,109.5,-2.47298703193767));
#4905=CARTESIAN_POINT('Ctrl Pts',(-3.8033523170611,109.5,-2.05760901505913));
#4906=CARTESIAN_POINT('Ctrl Pts',(-4.4812218869786,109.5,-1.10035071526183));
#4907=CARTESIAN_POINT('Ctrl Pts',(-4.5073679830209,109.5,0.0812132157985967));
#4908=CARTESIAN_POINT('Ctrl Pts',(-4.52216864228249,109.5,0.750067377089429));
#4909=CARTESIAN_POINT('Ctrl Pts',(-3.62858057618141,109.5,5.08840336799519));
#4910=CARTESIAN_POINT('Ctrl Pts',(-3.62858057618141,110.,5.08840336799519));
#4911=CARTESIAN_POINT('Ctrl Pts',(-3.97689334912562,109.5,4.8399850103887));
#4912=CARTESIAN_POINT('Ctrl Pts',(-3.97689334912562,110.,4.8399850103887));
#4913=CARTESIAN_POINT('Ctrl Pts',(-4.67456726549597,109.5,4.34240059226752));
#4914=CARTESIAN_POINT('Ctrl Pts',(-4.67456726549597,110.,4.34240059226752));
#4915=CARTESIAN_POINT('Ctrl Pts',(-5.1002671876294,109.5,3.59863575716935));
#4916=CARTESIAN_POINT('Ctrl Pts',(-5.1002671876294,110.,3.59863575716935));
#4917=CARTESIAN_POINT('Ctrl Pts',(-5.31343699097634,109.5,3.22619452476399));
#4918=CARTESIAN_POINT('Ctrl Pts',(-5.31343699097634,110.,3.22619452476399));
#4919=CARTESIAN_POINT('',(-5.31343699097634,110.,3.22619452476399));
#4920=CARTESIAN_POINT('',(-5.31343699097634,110.,3.22619452476399));
#4921=CARTESIAN_POINT('',(-3.62858057618141,110.,5.08840336799519));
#4922=CARTESIAN_POINT('Ctrl Pts',(-3.62858057618141,110.,5.08840336799519));
#4923=CARTESIAN_POINT('Ctrl Pts',(-3.97689334912562,110.,4.8399850103887));
#4924=CARTESIAN_POINT('Ctrl Pts',(-4.67456726549597,110.,4.34240059226752));
#4925=CARTESIAN_POINT('Ctrl Pts',(-5.1002671876294,110.,3.59863575716935));
#4926=CARTESIAN_POINT('Ctrl Pts',(-5.31343699097634,110.,3.22619452476399));
#4927=CARTESIAN_POINT('',(-3.62858057618141,110.,5.08840336799519));
#4928=CARTESIAN_POINT('Ctrl Pts',(-1.10470772385598,109.5,5.77053084373372));
#4929=CARTESIAN_POINT('Ctrl Pts',(-1.10470772385598,110.,5.77053084373372));
#4930=CARTESIAN_POINT('Ctrl Pts',(-1.55880869062804,109.5,5.74456726047889));
#4931=CARTESIAN_POINT('Ctrl Pts',(-1.55880869062804,110.,5.74456726047889));
#4932=CARTESIAN_POINT('Ctrl Pts',(-2.44836637072112,109.5,5.69370609396072));
#4933=CARTESIAN_POINT('Ctrl Pts',(-2.44836637072112,110.,5.69370609396072));
#4934=CARTESIAN_POINT('Ctrl Pts',(-3.24071143190723,109.5,5.28733187543128));
#4935=CARTESIAN_POINT('Ctrl Pts',(-3.24071143190723,110.,5.28733187543128));
#4936=CARTESIAN_POINT('Ctrl Pts',(-3.62858057618141,109.5,5.08840336799519));
#4937=CARTESIAN_POINT('Ctrl Pts',(-3.62858057618141,110.,5.08840336799519));
#4938=CARTESIAN_POINT('',(-1.10470772385598,110.,5.77053084373372));
#4939=CARTESIAN_POINT('Ctrl Pts',(-1.10470772385598,110.,5.77053084373372));
#4940=CARTESIAN_POINT('Ctrl Pts',(-1.55880869062804,110.,5.74456726047889));
#4941=CARTESIAN_POINT('Ctrl Pts',(-2.44836637072112,110.,5.69370609396072));
#4942=CARTESIAN_POINT('Ctrl Pts',(-3.24071143190723,110.,5.28733187543128));
#4943=CARTESIAN_POINT('Ctrl Pts',(-3.62858057618141,110.,5.08840336799519));
#4944=CARTESIAN_POINT('',(-1.10470772385598,110.,5.77053084373372));
#4945=CARTESIAN_POINT('Ctrl Pts',(1.32367133498192,109.5,5.153205537795));
#4946=CARTESIAN_POINT('Ctrl Pts',(1.32367133498192,110.,5.153205537795));
#4947=CARTESIAN_POINT('Ctrl Pts',(0.940273258803725,109.5,5.33325708628674));
#4948=CARTESIAN_POINT('Ctrl Pts',(0.940273258803725,110.,5.33325708628674));
#4949=CARTESIAN_POINT('Ctrl Pts',(0.170485453297093,109.5,5.69476512454594));
#4950=CARTESIAN_POINT('Ctrl Pts',(0.170485453297093,110.,5.69476512454594));
#4951=CARTESIAN_POINT('Ctrl Pts',(-0.67854346126119,109.5,5.74521025511537));
#4952=CARTESIAN_POINT('Ctrl Pts',(-0.67854346126119,110.,5.74521025511537));
#4953=CARTESIAN_POINT('Ctrl Pts',(-1.10470772385598,109.5,5.77053084373372));
#4954=CARTESIAN_POINT('Ctrl Pts',(-1.10470772385598,110.,5.77053084373372));
#4955=CARTESIAN_POINT('',(1.32367133498192,110.,5.153205537795));
#4956=CARTESIAN_POINT('Ctrl Pts',(1.32367133498192,110.,5.153205537795));
#4957=CARTESIAN_POINT('Ctrl Pts',(0.940273258803725,110.,5.33325708628674));
#4958=CARTESIAN_POINT('Ctrl Pts',(0.170485453297093,110.,5.69476512454594));
#4959=CARTESIAN_POINT('Ctrl Pts',(-0.67854346126119,110.,5.74521025511537));
#4960=CARTESIAN_POINT('Ctrl Pts',(-1.10470772385598,110.,5.77053084373372));
#4961=CARTESIAN_POINT('',(1.32367133498192,110.,5.153205537795));
#4962=CARTESIAN_POINT('Ctrl Pts',(3.0630969941616,109.5,3.33533301353352));
#4963=CARTESIAN_POINT('Ctrl Pts',(3.0630969941616,110.,3.33533301353352));
#4964=CARTESIAN_POINT('Ctrl Pts',(2.83966617207829,109.5,3.70981683338552));
#4965=CARTESIAN_POINT('Ctrl Pts',(2.83966617207829,110.,3.70981683338552));
#4966=CARTESIAN_POINT('Ctrl Pts',(2.39860141892371,109.5,4.4490685266985));
#4967=CARTESIAN_POINT('Ctrl Pts',(2.39860141892371,110.,4.4490685266985));
#4968=CARTESIAN_POINT('Ctrl Pts',(1.67882804835832,109.5,4.92055879140319));
#4969=CARTESIAN_POINT('Ctrl Pts',(1.67882804835832,110.,4.92055879140319));
#4970=CARTESIAN_POINT('Ctrl Pts',(1.32367133498192,109.5,5.153205537795));
#4971=CARTESIAN_POINT('Ctrl Pts',(1.32367133498192,110.,5.153205537795));
#4972=CARTESIAN_POINT('',(3.0630969941616,110.,3.33533301353352));
#4973=CARTESIAN_POINT('Ctrl Pts',(3.0630969941616,110.,3.33533301353352));
#4974=CARTESIAN_POINT('Ctrl Pts',(2.83966617207829,110.,3.70981683338552));
#4975=CARTESIAN_POINT('Ctrl Pts',(2.39860141892371,110.,4.4490685266985));
#4976=CARTESIAN_POINT('Ctrl Pts',(1.67882804835832,110.,4.92055879140319));
#4977=CARTESIAN_POINT('Ctrl Pts',(1.32367133498192,110.,5.153205537795));
#4978=CARTESIAN_POINT('',(3.0630969941616,110.,3.33533301353352));
#4979=CARTESIAN_POINT('Ctrl Pts',(3.67701053023338,109.5,0.613641881941724));
#4980=CARTESIAN_POINT('Ctrl Pts',(3.67701053023338,110.,0.613641881941724));
#4981=CARTESIAN_POINT('Ctrl Pts',(3.65479778027893,109.5,1.10061841219271));
#4982=CARTESIAN_POINT('Ctrl Pts',(3.65479778027893,110.,1.10061841219271));
#4983=CARTESIAN_POINT('Ctrl Pts',(3.6117242328302,109.5,2.0449322285911));
#4984=CARTESIAN_POINT('Ctrl Pts',(3.6117242328302,110.,2.0449322285911));
#4985=CARTESIAN_POINT('Ctrl Pts',(3.24210565900232,109.5,2.91429500203681));
#4986=CARTESIAN_POINT('Ctrl Pts',(3.24210565900232,110.,2.91429500203681));
#4987=CARTESIAN_POINT('Ctrl Pts',(3.0630969941616,109.5,3.33533301353352));
#4988=CARTESIAN_POINT('Ctrl Pts',(3.0630969941616,110.,3.33533301353352));
#4989=CARTESIAN_POINT('',(3.67701053023338,110.,0.613641881941724));
#4990=CARTESIAN_POINT('Ctrl Pts',(3.67701053023338,110.,0.613641881941724));
#4991=CARTESIAN_POINT('Ctrl Pts',(3.65479778027893,110.,1.10061841219271));
#4992=CARTESIAN_POINT('Ctrl Pts',(3.6117242328302,110.,2.0449322285911));
#4993=CARTESIAN_POINT('Ctrl Pts',(3.24210565900232,110.,2.91429500203681));
#4994=CARTESIAN_POINT('Ctrl Pts',(3.0630969941616,110.,3.33533301353352));
#4995=CARTESIAN_POINT('',(3.67701053023338,110.,0.613641881941724));
#4996=CARTESIAN_POINT('Ctrl Pts',(3.09379100203514,109.5,-2.07053170204265));
#4997=CARTESIAN_POINT('Ctrl Pts',(3.09379100203514,110.,-2.07053170204265));
#4998=CARTESIAN_POINT('Ctrl Pts',(3.26384413860825,109.5,-1.65496946107536));
#4999=CARTESIAN_POINT('Ctrl Pts',(3.26384413860825,110.,-1.65496946107536));
#5000=CARTESIAN_POINT('Ctrl Pts',(3.61571348444211,109.5,-0.795099323840054));
#5001=CARTESIAN_POINT('Ctrl Pts',(3.61571348444211,110.,-0.795099323840054));
#5002=CARTESIAN_POINT('Ctrl Pts',(3.65612782805368,109.5,0.133711362144813));
#5003=CARTESIAN_POINT('Ctrl Pts',(3.65612782805368,110.,0.133711362144813));
#5004=CARTESIAN_POINT('Ctrl Pts',(3.67701053023338,109.5,0.613641881941724));
#5005=CARTESIAN_POINT('Ctrl Pts',(3.67701053023338,110.,0.613641881941724));
#5006=CARTESIAN_POINT('',(3.09379100203514,110.,-2.07053170204265));
#5007=CARTESIAN_POINT('Ctrl Pts',(3.09379100203514,110.,-2.07053170204265));
#5008=CARTESIAN_POINT('Ctrl Pts',(3.26384413860825,110.,-1.65496946107536));
#5009=CARTESIAN_POINT('Ctrl Pts',(3.61571348444211,110.,-0.795099323840054));
#5010=CARTESIAN_POINT('Ctrl Pts',(3.65612782805368,110.,0.133711362144813));
#5011=CARTESIAN_POINT('Ctrl Pts',(3.67701053023338,110.,0.613641881941724));
#5012=CARTESIAN_POINT('',(3.09379100203514,110.,-2.07053170204265));
#5013=CARTESIAN_POINT('Ctrl Pts',(1.39870404601097,109.5,-3.91568884849651));
#5014=CARTESIAN_POINT('Ctrl Pts',(1.39870404601097,110.,-3.91568884849651));
#5015=CARTESIAN_POINT('Ctrl Pts',(1.74779968386544,109.5,-3.67237547896402));
#5016=CARTESIAN_POINT('Ctrl Pts',(1.74779968386544,110.,-3.67237547896402));
#5017=CARTESIAN_POINT('Ctrl Pts',(2.44964220329108,109.5,-3.18320388881711));
#5018=CARTESIAN_POINT('Ctrl Pts',(2.44964220329108,110.,-3.18320388881711));
#5019=CARTESIAN_POINT('Ctrl Pts',(2.87833133611207,109.5,-2.4427065444265));
#5020=CARTESIAN_POINT('Ctrl Pts',(2.87833133611207,110.,-2.4427065444265));
#5021=CARTESIAN_POINT('Ctrl Pts',(3.09379100203514,109.5,-2.07053170204265));
#5022=CARTESIAN_POINT('Ctrl Pts',(3.09379100203514,110.,-2.07053170204265));
#5023=CARTESIAN_POINT('',(1.39870404601097,110.,-3.91568884849651));
#5024=CARTESIAN_POINT('Ctrl Pts',(1.39870404601097,110.,-3.91568884849651));
#5025=CARTESIAN_POINT('Ctrl Pts',(1.74779968386544,110.,-3.67237547896402));
#5026=CARTESIAN_POINT('Ctrl Pts',(2.44964220329108,110.,-3.18320388881711));
#5027=CARTESIAN_POINT('Ctrl Pts',(2.87833133611207,110.,-2.4427065444265));
#5028=CARTESIAN_POINT('Ctrl Pts',(3.09379100203514,110.,-2.07053170204265));
#5029=CARTESIAN_POINT('',(1.39870404601097,110.,-3.91568884849651));
#5030=CARTESIAN_POINT('Ctrl Pts',(-1.09788418412209,109.5,-4.57735285759075));
#5031=CARTESIAN_POINT('Ctrl Pts',(-1.09788418412209,110.,-4.57735285759075));
#5032=CARTESIAN_POINT('Ctrl Pts',(-0.651126371001185,109.5,-4.55181154523664));
#5033=CARTESIAN_POINT('Ctrl Pts',(-0.651126371001185,110.,-4.55181154523664));
#5034=CARTESIAN_POINT('Ctrl Pts',(0.226671443577504,109.5,-4.50162751373806));
#5035=CARTESIAN_POINT('Ctrl Pts',(0.226671443577504,110.,-4.50162751373806));
#5036=CARTESIAN_POINT('Ctrl Pts',(1.0127181519058,109.5,-4.10865622766708));
#5037=CARTESIAN_POINT('Ctrl Pts',(1.0127181519058,110.,-4.10865622766708));
#5038=CARTESIAN_POINT('Ctrl Pts',(1.39870404601097,109.5,-3.91568884849651));
#5039=CARTESIAN_POINT('Ctrl Pts',(1.39870404601097,110.,-3.91568884849651));
#5040=CARTESIAN_POINT('',(-1.09788418412209,110.,-4.57735285759075));
#5041=CARTESIAN_POINT('Ctrl Pts',(-1.09788418412209,110.,-4.57735285759075));
#5042=CARTESIAN_POINT('Ctrl Pts',(-0.651126371001185,110.,-4.55181154523664));
#5043=CARTESIAN_POINT('Ctrl Pts',(0.226671443577504,110.,-4.50162751373806));
#5044=CARTESIAN_POINT('Ctrl Pts',(1.0127181519058,110.,-4.10865622766708));
#5045=CARTESIAN_POINT('Ctrl Pts',(1.39870404601097,110.,-3.91568884849651));
#5046=CARTESIAN_POINT('',(-1.09788418412209,110.,-4.57735285759075));
#5047=CARTESIAN_POINT('Ctrl Pts',(-4.54945445656777,109.5,-3.16875920295818));
#5048=CARTESIAN_POINT('Ctrl Pts',(-4.54945445656777,110.,-3.16875920295818));
#5049=CARTESIAN_POINT('Ctrl Pts',(-4.06327389010656,109.5,-3.579532291956));
#5050=CARTESIAN_POINT('Ctrl Pts',(-4.06327389010656,110.,-3.579532291956));
#5051=CARTESIAN_POINT('Ctrl Pts',(-3.06692617855348,109.5,-4.42134468723451));
#5052=CARTESIAN_POINT('Ctrl Pts',(-3.06692617855348,110.,-4.42134468723451));
#5053=CARTESIAN_POINT('Ctrl Pts',(-1.76468181206066,109.5,-4.5245221519853));
#5054=CARTESIAN_POINT('Ctrl Pts',(-1.76468181206066,110.,-4.5245221519853));
#5055=CARTESIAN_POINT('Ctrl Pts',(-1.09788418412209,109.5,-4.57735285759075));
#5056=CARTESIAN_POINT('Ctrl Pts',(-1.09788418412209,110.,-4.57735285759075));
#5057=CARTESIAN_POINT('',(-4.54945445656777,110.,-3.16875920295818));
#5058=CARTESIAN_POINT('Ctrl Pts',(-4.54945445656777,110.,-3.16875920295818));
#5059=CARTESIAN_POINT('Ctrl Pts',(-4.06327389010656,110.,-3.579532291956));
#5060=CARTESIAN_POINT('Ctrl Pts',(-3.06692617855348,110.,-4.42134468723451));
#5061=CARTESIAN_POINT('Ctrl Pts',(-1.76468181206066,110.,-4.5245221519853));
#5062=CARTESIAN_POINT('Ctrl Pts',(-1.09788418412209,110.,-4.57735285759075));
#5063=CARTESIAN_POINT('',(-4.54945445656777,110.,-3.16875920295818));
#5064=CARTESIAN_POINT('Ctrl Pts',(-5.88642597794533,109.5,0.729603910445142));
#5065=CARTESIAN_POINT('Ctrl Pts',(-5.88642597794533,110.,0.729603910445142));
#5066=CARTESIAN_POINT('Ctrl Pts',(-5.84774854795612,109.5,-0.0362731323036058));
#5067=CARTESIAN_POINT('Ctrl Pts',(-5.84774854795612,110.,-0.0362731323036058));
#5068=CARTESIAN_POINT('Ctrl Pts',(-5.77537310351714,109.5,-1.46942655976816));
#5069=CARTESIAN_POINT('Ctrl Pts',(-5.77537310351714,110.,-1.46942655976816));
#5070=CARTESIAN_POINT('Ctrl Pts',(-4.93891120391935,109.5,-2.62890562822706));
#5071=CARTESIAN_POINT('Ctrl Pts',(-4.93891120391935,110.,-2.62890562822706));
#5072=CARTESIAN_POINT('Ctrl Pts',(-4.54945445656777,109.5,-3.16875920295818));
#5073=CARTESIAN_POINT('Ctrl Pts',(-4.54945445656777,110.,-3.16875920295818));
#5074=CARTESIAN_POINT('',(-5.88642597794533,110.,0.729603910445142));
#5075=CARTESIAN_POINT('Ctrl Pts',(-5.88642597794533,110.,0.729603910445142));
#5076=CARTESIAN_POINT('Ctrl Pts',(-5.84774854795612,110.,-0.0362731323036058));
#5077=CARTESIAN_POINT('Ctrl Pts',(-5.77537310351714,110.,-1.46942655976816));
#5078=CARTESIAN_POINT('Ctrl Pts',(-4.93891120391935,110.,-2.62890562822706));
#5079=CARTESIAN_POINT('Ctrl Pts',(-4.54945445656777,110.,-3.16875920295818));
#5080=CARTESIAN_POINT('',(-5.88642597794533,110.,0.729603910445142));
#5081=CARTESIAN_POINT('Ctrl Pts',(-5.31343699097634,109.5,3.22619452476399));
#5082=CARTESIAN_POINT('Ctrl Pts',(-5.31343699097634,110.,3.22619452476399));
#5083=CARTESIAN_POINT('Ctrl Pts',(-5.48055844032513,109.5,2.82694672990517));
#5084=CARTESIAN_POINT('Ctrl Pts',(-5.48055844032513,110.,2.82694672990517));
#5085=CARTESIAN_POINT('Ctrl Pts',(-5.8151102668635,109.5,2.0277131214611));
#5086=CARTESIAN_POINT('Ctrl Pts',(-5.8151102668635,110.,2.0277131214611));
#5087=CARTESIAN_POINT('Ctrl Pts',(-5.86263944464336,109.5,1.16257327314283));
#5088=CARTESIAN_POINT('Ctrl Pts',(-5.86263944464336,110.,1.16257327314283));
#5089=CARTESIAN_POINT('Ctrl Pts',(-5.88642597794533,109.5,0.729603910445142));
#5090=CARTESIAN_POINT('Ctrl Pts',(-5.88642597794533,110.,0.729603910445142));
#5091=CARTESIAN_POINT('Ctrl Pts',(-5.31343699097634,110.,3.22619452476399));
#5092=CARTESIAN_POINT('Ctrl Pts',(-5.48055844032513,110.,2.82694672990517));
#5093=CARTESIAN_POINT('Ctrl Pts',(-5.8151102668635,110.,2.0277131214611));
#5094=CARTESIAN_POINT('Ctrl Pts',(-5.86263944464336,110.,1.16257327314283));
#5095=CARTESIAN_POINT('Ctrl Pts',(-5.88642597794533,110.,0.729603910445142));
#5096=CARTESIAN_POINT('Ctrl Pts',(-1.09106541275978,109.5,-3.43819842338664));
#5097=CARTESIAN_POINT('Ctrl Pts',(-1.09106541275978,110.,-3.43819842338664));
#5098=CARTESIAN_POINT('Ctrl Pts',(-1.54291530353645,109.5,-3.39817327204109));
#5099=CARTESIAN_POINT('Ctrl Pts',(-1.54291530353645,110.,-3.39817327204109));
#5100=CARTESIAN_POINT('Ctrl Pts',(-2.44553809852844,109.5,-3.31821836950609));
#5101=CARTESIAN_POINT('Ctrl Pts',(-2.44553809852844,110.,-3.31821836950609));
#5102=CARTESIAN_POINT('Ctrl Pts',(-3.15493349029159,109.5,-2.75450660894879));
#5103=CARTESIAN_POINT('Ctrl Pts',(-3.15493349029159,110.,-2.75450660894879));
#5104=CARTESIAN_POINT('Ctrl Pts',(-3.50920796990395,109.5,-2.47298703193767));
#5105=CARTESIAN_POINT('Ctrl Pts',(-3.50920796990395,110.,-2.47298703193767));
#5106=CARTESIAN_POINT('',(-3.50920796990395,110.,-2.47298703193767));
#5107=CARTESIAN_POINT('',(-3.50920796990395,110.,-2.47298703193767));
#5108=CARTESIAN_POINT('',(-1.09106541275978,110.,-3.43819842338664));
#5109=CARTESIAN_POINT('Ctrl Pts',(-1.09106541275978,110.,-3.43819842338664));
#5110=CARTESIAN_POINT('Ctrl Pts',(-1.54291530353645,110.,-3.39817327204109));
#5111=CARTESIAN_POINT('Ctrl Pts',(-2.44553809852844,110.,-3.31821836950609));
#5112=CARTESIAN_POINT('Ctrl Pts',(-3.15493349029159,110.,-2.75450660894879));
#5113=CARTESIAN_POINT('Ctrl Pts',(-3.50920796990395,110.,-2.47298703193767));
#5114=CARTESIAN_POINT('',(-1.09106541275978,110.,-3.43819842338664));
#5115=CARTESIAN_POINT('Ctrl Pts',(0.692701333761212,109.5,-2.93683514595134));
#5116=CARTESIAN_POINT('Ctrl Pts',(0.692701333761212,110.,-2.93683514595134));
#5117=CARTESIAN_POINT('Ctrl Pts',(0.417521167014199,109.5,-3.08305816971374));
#5118=CARTESIAN_POINT('Ctrl Pts',(0.417521167014199,110.,-3.08305816971374));
#5119=CARTESIAN_POINT('Ctrl Pts',(-0.140433767932109,109.5,-3.37953977547572));
#5120=CARTESIAN_POINT('Ctrl Pts',(-0.140433767932109,110.,-3.37953977547572));
#5121=CARTESIAN_POINT('Ctrl Pts',(-0.771325736615021,109.5,-3.41846891281525));
#5122=CARTESIAN_POINT('Ctrl Pts',(-0.771325736615021,110.,-3.41846891281525));
#5123=CARTESIAN_POINT('Ctrl Pts',(-1.09106541275978,109.5,-3.43819842338664));
#5124=CARTESIAN_POINT('Ctrl Pts',(-1.09106541275978,110.,-3.43819842338664));
#5125=CARTESIAN_POINT('',(0.692701333761212,110.,-2.93683514595134));
#5126=CARTESIAN_POINT('Ctrl Pts',(0.692701333761212,110.,-2.93683514595134));
#5127=CARTESIAN_POINT('Ctrl Pts',(0.417521167014199,110.,-3.08305816971374));
#5128=CARTESIAN_POINT('Ctrl Pts',(-0.140433767932109,110.,-3.37953977547572));
#5129=CARTESIAN_POINT('Ctrl Pts',(-0.771325736615021,110.,-3.41846891281525));
#5130=CARTESIAN_POINT('Ctrl Pts',(-1.09106541275978,110.,-3.43819842338664));
#5131=CARTESIAN_POINT('',(0.692701333761212,110.,-2.93683514595134));
#5132=CARTESIAN_POINT('Ctrl Pts',(1.90006732344627,109.5,-1.52482972145183));
#5133=CARTESIAN_POINT('Ctrl Pts',(1.90006732344627,110.,-1.52482972145183));
#5134=CARTESIAN_POINT('Ctrl Pts',(1.74884340892022,109.5,-1.80988520781607));
#5135=CARTESIAN_POINT('Ctrl Pts',(1.74884340892022,110.,-1.80988520781607));
#5136=CARTESIAN_POINT('Ctrl Pts',(1.45131452465014,109.5,-2.37072402143114));
#5137=CARTESIAN_POINT('Ctrl Pts',(1.45131452465014,110.,-2.37072402143114));
#5138=CARTESIAN_POINT('Ctrl Pts',(0.942769864894255,109.5,-2.75022281299025));
#5139=CARTESIAN_POINT('Ctrl Pts',(0.942769864894255,110.,-2.75022281299025));
#5140=CARTESIAN_POINT('Ctrl Pts',(0.692701333761212,109.5,-2.93683514595134));
#5141=CARTESIAN_POINT('Ctrl Pts',(0.692701333761212,110.,-2.93683514595134));
#5142=CARTESIAN_POINT('',(1.90006732344627,110.,-1.52482972145183));
#5143=CARTESIAN_POINT('Ctrl Pts',(1.90006732344627,110.,-1.52482972145183));
#5144=CARTESIAN_POINT('Ctrl Pts',(1.74884340892022,110.,-1.80988520781607));
#5145=CARTESIAN_POINT('Ctrl Pts',(1.45131452465014,110.,-2.37072402143114));
#5146=CARTESIAN_POINT('Ctrl Pts',(0.942769864894255,110.,-2.75022281299025));
#5147=CARTESIAN_POINT('Ctrl Pts',(0.692701333761212,110.,-2.93683514595134));
#5148=CARTESIAN_POINT('',(1.90006732344627,110.,-1.52482972145183));
#5149=CARTESIAN_POINT('Ctrl Pts',(2.31275557875633,109.5,0.606820726393629));
#5150=CARTESIAN_POINT('Ctrl Pts',(2.31275557875633,110.,0.606820726393629));
#5151=CARTESIAN_POINT('Ctrl Pts',(2.29939151226337,109.5,0.221490993026121));
#5152=CARTESIAN_POINT('Ctrl Pts',(2.29939151226337,110.,0.221490993026121));
#5153=CARTESIAN_POINT('Ctrl Pts',(2.27397280927875,109.5,-0.511413325338799));
#5154=CARTESIAN_POINT('Ctrl Pts',(2.27397280927875,110.,-0.511413325338799));
#5155=CARTESIAN_POINT('Ctrl Pts',(2.02034736192,109.5,-1.19882818434413));
#5156=CARTESIAN_POINT('Ctrl Pts',(2.02034736192,110.,-1.19882818434413));
#5157=CARTESIAN_POINT('Ctrl Pts',(1.90006732344627,109.5,-1.52482972145183));
#5158=CARTESIAN_POINT('Ctrl Pts',(1.90006732344627,110.,-1.52482972145183));
#5159=CARTESIAN_POINT('',(2.31275557875633,110.,0.606820726393629));
#5160=CARTESIAN_POINT('Ctrl Pts',(2.31275557875633,110.,0.606820726393629));
#5161=CARTESIAN_POINT('Ctrl Pts',(2.29939151226337,110.,0.221490993026121));
#5162=CARTESIAN_POINT('Ctrl Pts',(2.27397280927875,110.,-0.511413325338799));
#5163=CARTESIAN_POINT('Ctrl Pts',(2.02034736192,110.,-1.19882818434413));
#5164=CARTESIAN_POINT('Ctrl Pts',(1.90006732344627,110.,-1.52482972145183));
#5165=CARTESIAN_POINT('',(2.31275557875633,110.,0.606820726393629));
#5166=CARTESIAN_POINT('Ctrl Pts',(1.34754657149315,109.5,3.58772053718464));
#5167=CARTESIAN_POINT('Ctrl Pts',(1.34754657149315,110.,3.58772053718464));
#5168=CARTESIAN_POINT('Ctrl Pts',(1.62855214357741,109.5,3.17778936577985));
#5169=CARTESIAN_POINT('Ctrl Pts',(1.62855214357741,110.,3.17778936577985));
#5170=CARTESIAN_POINT('Ctrl Pts',(2.24151754222421,109.5,2.28359491250208));
#5171=CARTESIAN_POINT('Ctrl Pts',(2.24151754222421,110.,2.28359491250208));
#5172=CARTESIAN_POINT('Ctrl Pts',(2.28772908393858,109.5,1.19588497524124));
#5173=CARTESIAN_POINT('Ctrl Pts',(2.28772908393858,110.,1.19588497524124));
#5174=CARTESIAN_POINT('Ctrl Pts',(2.31275557875633,109.5,0.606820726393629));
#5175=CARTESIAN_POINT('Ctrl Pts',(2.31275557875633,110.,0.606820726393629));
#5176=CARTESIAN_POINT('',(1.34754657149315,110.,3.58772053718464));
#5177=CARTESIAN_POINT('Ctrl Pts',(1.34754657149315,110.,3.58772053718464));
#5178=CARTESIAN_POINT('Ctrl Pts',(1.62855214357741,110.,3.17778936577985));
#5179=CARTESIAN_POINT('Ctrl Pts',(2.24151754222421,110.,2.28359491250208));
#5180=CARTESIAN_POINT('Ctrl Pts',(2.28772908393858,110.,1.19588497524124));
#5181=CARTESIAN_POINT('Ctrl Pts',(2.31275557875633,110.,0.606820726393629));
#5182=CARTESIAN_POINT('',(1.34754657149315,110.,3.58772053718464));
#5183=CARTESIAN_POINT('Ctrl Pts',(-1.11152649521828,109.5,4.6381999492635));
#5184=CARTESIAN_POINT('Ctrl Pts',(-1.11152649521828,110.,4.6381999492635));
#5185=CARTESIAN_POINT('Ctrl Pts',(-0.637772005308346,109.5,4.59677029673655));
#5186=CARTESIAN_POINT('Ctrl Pts',(-0.637772005308346,110.,4.59677029673655));
#5187=CARTESIAN_POINT('Ctrl Pts',(0.297477955829732,109.5,4.51498303827034));
#5188=CARTESIAN_POINT('Ctrl Pts',(0.297477955829732,110.,4.51498303827034));
#5189=CARTESIAN_POINT('Ctrl Pts',(1.00059579622803,109.5,3.89409522434992));
#5190=CARTESIAN_POINT('Ctrl Pts',(1.00059579622803,110.,3.89409522434992));
#5191=CARTESIAN_POINT('Ctrl Pts',(1.34754657149315,109.5,3.58772053718464));
#5192=CARTESIAN_POINT('Ctrl Pts',(1.34754657149315,110.,3.58772053718464));
#5193=CARTESIAN_POINT('',(-1.11152649521828,110.,4.6381999492635));
#5194=CARTESIAN_POINT('Ctrl Pts',(-1.11152649521828,110.,4.6381999492635));
#5195=CARTESIAN_POINT('Ctrl Pts',(-0.637772005308346,110.,4.59677029673655));
#5196=CARTESIAN_POINT('Ctrl Pts',(0.297477955829732,110.,4.51498303827034));
#5197=CARTESIAN_POINT('Ctrl Pts',(1.00059579622803,110.,3.89409522434992));
#5198=CARTESIAN_POINT('Ctrl Pts',(1.34754657149315,110.,3.58772053718464));
#5199=CARTESIAN_POINT('',(-1.11152649521828,110.,4.6381999492635));
#5200=CARTESIAN_POINT('Ctrl Pts',(-3.55013609528542,109.5,3.59795346259968));
#5201=CARTESIAN_POINT('Ctrl Pts',(-3.55013609528542,110.,3.59795346259968));
#5202=CARTESIAN_POINT('Ctrl Pts',(-3.20349325095754,109.5,3.90135230277561));
#5203=CARTESIAN_POINT('Ctrl Pts',(-3.20349325095754,110.,3.90135230277561));
#5204=CARTESIAN_POINT('Ctrl Pts',(-2.50432334563635,109.5,4.51330013851316));
#5205=CARTESIAN_POINT('Ctrl Pts',(-2.50432334563635,110.,4.51330013851316));
#5206=CARTESIAN_POINT('Ctrl Pts',(-1.57838966585121,109.5,4.59633374196927));
#5207=CARTESIAN_POINT('Ctrl Pts',(-1.57838966585121,110.,4.59633374196927));
#5208=CARTESIAN_POINT('Ctrl Pts',(-1.11152649521828,109.5,4.6381999492635));
#5209=CARTESIAN_POINT('Ctrl Pts',(-1.11152649521828,110.,4.6381999492635));
#5210=CARTESIAN_POINT('',(-3.55013609528542,110.,3.59795346259968));
#5211=CARTESIAN_POINT('Ctrl Pts',(-3.55013609528542,110.,3.59795346259968));
#5212=CARTESIAN_POINT('Ctrl Pts',(-3.20349325095754,110.,3.90135230277561));
#5213=CARTESIAN_POINT('Ctrl Pts',(-2.50432334563635,110.,4.51330013851316));
#5214=CARTESIAN_POINT('Ctrl Pts',(-1.57838966585121,110.,4.59633374196927));
#5215=CARTESIAN_POINT('Ctrl Pts',(-1.11152649521828,110.,4.6381999492635));
#5216=CARTESIAN_POINT('',(-3.55013609528542,110.,3.59795346259968));
#5217=CARTESIAN_POINT('Ctrl Pts',(-4.52216864228249,109.5,0.750067377089429));
#5218=CARTESIAN_POINT('Ctrl Pts',(-4.52216864228249,110.,0.750067377089429));
#5219=CARTESIAN_POINT('Ctrl Pts',(-4.49349395567273,109.5,1.30727992325642));
#5220=CARTESIAN_POINT('Ctrl Pts',(-4.49349395567273,110.,1.30727992325642));
#5221=CARTESIAN_POINT('Ctrl Pts',(-4.43969554122206,109.5,2.35270203732434));
#5222=CARTESIAN_POINT('Ctrl Pts',(-4.43969554122206,110.,2.35270203732434));
#5223=CARTESIAN_POINT('Ctrl Pts',(-3.83331453886411,109.5,3.20154559791524));
#5224=CARTESIAN_POINT('Ctrl Pts',(-3.83331453886411,110.,3.20154559791524));
#5225=CARTESIAN_POINT('Ctrl Pts',(-3.55013609528542,109.5,3.59795346259968));
#5226=CARTESIAN_POINT('Ctrl Pts',(-3.55013609528542,110.,3.59795346259968));
#5227=CARTESIAN_POINT('',(-4.52216864228249,110.,0.750067377089429));
#5228=CARTESIAN_POINT('Ctrl Pts',(-4.52216864228249,110.,0.750067377089429));
#5229=CARTESIAN_POINT('Ctrl Pts',(-4.49349395567273,110.,1.30727992325642));
#5230=CARTESIAN_POINT('Ctrl Pts',(-4.43969554122206,110.,2.35270203732434));
#5231=CARTESIAN_POINT('Ctrl Pts',(-3.83331453886411,110.,3.20154559791524));
#5232=CARTESIAN_POINT('Ctrl Pts',(-3.55013609528542,110.,3.59795346259968));
#5233=CARTESIAN_POINT('',(-4.52216864228249,110.,0.750067377089429));
#5234=CARTESIAN_POINT('Ctrl Pts',(-3.50920796990395,109.5,-2.47298703193767));
#5235=CARTESIAN_POINT('Ctrl Pts',(-3.50920796990395,110.,-2.47298703193767));
#5236=CARTESIAN_POINT('Ctrl Pts',(-3.8033523170611,109.5,-2.05760901505913));
#5237=CARTESIAN_POINT('Ctrl Pts',(-3.8033523170611,110.,-2.05760901505913));
#5238=CARTESIAN_POINT('Ctrl Pts',(-4.4812218869786,109.5,-1.10035071526183));
#5239=CARTESIAN_POINT('Ctrl Pts',(-4.4812218869786,110.,-1.10035071526183));
#5240=CARTESIAN_POINT('Ctrl Pts',(-4.5073679830209,109.5,0.0812132157985967));
#5241=CARTESIAN_POINT('Ctrl Pts',(-4.5073679830209,110.,0.0812132157985967));
#5242=CARTESIAN_POINT('Ctrl Pts',(-4.52216864228249,109.5,0.750067377089429));
#5243=CARTESIAN_POINT('Ctrl Pts',(-4.52216864228249,110.,0.750067377089429));
#5244=CARTESIAN_POINT('Ctrl Pts',(-3.50920796990395,110.,-2.47298703193767));
#5245=CARTESIAN_POINT('Ctrl Pts',(-3.8033523170611,110.,-2.05760901505913));
#5246=CARTESIAN_POINT('Ctrl Pts',(-4.4812218869786,110.,-1.10035071526183));
#5247=CARTESIAN_POINT('Ctrl Pts',(-4.5073679830209,110.,0.0812132157985967));
#5248=CARTESIAN_POINT('Ctrl Pts',(-4.52216864228249,110.,0.750067377089429));
#5249=CARTESIAN_POINT('Origin',(19.6,109.5,0.));
#5250=CARTESIAN_POINT('',(-9.89733934998513,109.5,-3.21991906166179));
#5251=CARTESIAN_POINT('',(-9.89733934998513,109.5,5.59999957084553));
#5252=CARTESIAN_POINT('',(-9.89733934998513,109.5,-3.21991906166179));
#5253=CARTESIAN_POINT('',(-6.58901692032814,109.5,-3.21991906166179));
#5254=CARTESIAN_POINT('',(-6.58901692032814,109.5,-3.21991906166179));
#5255=CARTESIAN_POINT('',(-6.58901692032814,109.5,-4.40000042915447));
#5256=CARTESIAN_POINT('',(-6.58901692032814,109.5,-4.40000042915447));
#5257=CARTESIAN_POINT('',(-14.5153474867344,109.5,-4.40000042915447));
#5258=CARTESIAN_POINT('',(-14.5153474867344,109.5,-4.40000042915447));
#5259=CARTESIAN_POINT('',(-14.5153474867344,109.5,-3.21991906166179));
#5260=CARTESIAN_POINT('',(-14.5153474867344,109.5,-3.21991906166179));
#5261=CARTESIAN_POINT('',(-11.2206673681736,109.5,-3.21991906166179));
#5262=CARTESIAN_POINT('',(-11.2206673681736,109.5,-3.21991906166179));
#5263=CARTESIAN_POINT('',(-11.2206673681736,109.5,5.59999957084553));
#5264=CARTESIAN_POINT('',(-11.2206673681736,109.5,5.59999957084553));
#5265=CARTESIAN_POINT('',(-9.89733934998513,109.5,5.59999957084553));
#5266=CARTESIAN_POINT('Origin',(-9.89733934998513,110.,1.19004025459187));
#5267=CARTESIAN_POINT('',(-9.89733934998513,110.,5.59999957084553));
#5268=CARTESIAN_POINT('',(-9.89733934998513,110.,5.59999957084553));
#5269=CARTESIAN_POINT('',(-9.89733934998513,110.,-3.21991906166179));
#5270=CARTESIAN_POINT('',(-9.89733934998513,110.,0.595020127295935));
#5271=CARTESIAN_POINT('',(-9.89733934998513,110.,-3.21991906166179));
#5272=CARTESIAN_POINT('Origin',(-8.24317813515663,110.,-3.21991906166179));
#5273=CARTESIAN_POINT('',(-6.58901692032814,110.,-3.21991906166179));
#5274=CARTESIAN_POINT('',(5.67841093242168,110.,-3.21991906166179));
#5275=CARTESIAN_POINT('',(-6.58901692032814,110.,-3.21991906166179));
#5276=CARTESIAN_POINT('Origin',(-6.58901692032814,110.,-3.80995974540813));
#5277=CARTESIAN_POINT('',(-6.58901692032814,110.,-4.40000042915447));
#5278=CARTESIAN_POINT('',(-6.58901692032814,110.,-1.90497987270406));
#5279=CARTESIAN_POINT('',(-6.58901692032814,110.,-4.40000042915447));
#5280=CARTESIAN_POINT('Origin',(-10.5521822035313,110.,-4.40000042915447));
#5281=CARTESIAN_POINT('',(-14.5153474867344,110.,-4.40000042915447));
#5282=CARTESIAN_POINT('',(4.52390889823436,110.,-4.40000042915447));
#5283=CARTESIAN_POINT('',(-14.5153474867344,110.,-4.40000042915447));
#5284=CARTESIAN_POINT('Origin',(-14.5153474867344,110.,-3.80995974540813));
#5285=CARTESIAN_POINT('',(-14.5153474867344,110.,-3.21991906166179));
#5286=CARTESIAN_POINT('',(-14.5153474867344,110.,-1.90497987270406));
#5287=CARTESIAN_POINT('',(-14.5153474867344,110.,-3.21991906166179));
#5288=CARTESIAN_POINT('Origin',(-12.868007427454,110.,-3.21991906166179));
#5289=CARTESIAN_POINT('',(-11.2206673681736,110.,-3.21991906166179));
#5290=CARTESIAN_POINT('',(3.365996286273,110.,-3.21991906166179));
#5291=CARTESIAN_POINT('',(-11.2206673681736,110.,-3.21991906166179));
#5292=CARTESIAN_POINT('Origin',(-11.2206673681736,110.,1.19004025459187));
#5293=CARTESIAN_POINT('',(-11.2206673681736,110.,5.59999957084553));
#5294=CARTESIAN_POINT('',(-11.2206673681736,110.,0.595020127295935));
#5295=CARTESIAN_POINT('',(-11.2206673681736,110.,5.59999957084553));
#5296=CARTESIAN_POINT('Origin',(-10.5590033590794,110.,5.59999957084553));
#5297=CARTESIAN_POINT('',(4.52049832046032,110.,5.59999957084553));
#5298=CARTESIAN_POINT('Origin',(19.6,109.5,0.));
#5299=CARTESIAN_POINT('',(6.70566081404686,109.5,1.53451457023518));
#5300=CARTESIAN_POINT('',(6.70566081404686,109.5,5.59999957084553));
#5301=CARTESIAN_POINT('',(6.70566081404686,109.5,1.53451457023518));
#5302=CARTESIAN_POINT('',(9.27046298384666,109.5,1.53451457023518));
#5303=CARTESIAN_POINT('',(9.27046298384666,109.5,1.53451457023518));
#5304=CARTESIAN_POINT('',(12.2036170899868,109.5,0.651159429549146));
#5305=CARTESIAN_POINT('Ctrl Pts',(12.2036170899868,109.5,0.651159429549146));
#5306=CARTESIAN_POINT('Ctrl Pts',(11.8357596414817,109.5,0.907242550951959));
#5307=CARTESIAN_POINT('Ctrl Pts',(10.963336758712,109.5,1.51457774536162));
#5308=CARTESIAN_POINT('Ctrl Pts',(9.89077731825564,109.5,1.52720918312641));
#5309=CARTESIAN_POINT('Ctrl Pts',(9.27046298384666,109.5,1.53451457023518));
#5310=CARTESIAN_POINT('',(13.0153512895107,109.5,-1.50777802467449));
#5311=CARTESIAN_POINT('Ctrl Pts',(13.0153512895107,109.5,-1.50777802467449));
#5312=CARTESIAN_POINT('Ctrl Pts',(12.9838910935596,109.5,-1.10152783542448));
#5313=CARTESIAN_POINT('Ctrl Pts',(12.9220232732211,109.5,-0.302619470072534));
#5314=CARTESIAN_POINT('Ctrl Pts',(12.440354235413,109.5,0.336859665246427));
#5315=CARTESIAN_POINT('Ctrl Pts',(12.2036170899868,109.5,0.651159429549146));
#5316=CARTESIAN_POINT('',(12.7118015229702,109.5,-2.87203297615154));
#5317=CARTESIAN_POINT('Ctrl Pts',(12.7118015229702,109.5,-2.87203297615154));
#5318=CARTESIAN_POINT('Ctrl Pts',(12.8003272855269,109.5,-2.65773062774064));
#5319=CARTESIAN_POINT('Ctrl Pts',(12.9808149990848,109.5,-2.22080763766732));
#5320=CARTESIAN_POINT('Ctrl Pts',(13.0036939998861,109.5,-1.74845218530738));
#5321=CARTESIAN_POINT('Ctrl Pts',(13.0153512895107,109.5,-1.50777802467449));
#5322=CARTESIAN_POINT('',(11.9103002488613,109.5,-3.83724436760051));
#5323=CARTESIAN_POINT('Ctrl Pts',(11.9103002488613,109.5,-3.83724436760051));
#5324=CARTESIAN_POINT('Ctrl Pts',(12.0698012694591,109.5,-3.70754029381219));
#5325=CARTESIAN_POINT('Ctrl Pts',(12.4002432778787,109.5,-3.43882931953635));
#5326=CARTESIAN_POINT('Ctrl Pts',(12.6055791847991,109.5,-3.06527592128194));
#5327=CARTESIAN_POINT('Ctrl Pts',(12.7118015229702,109.5,-2.87203297615154));
#5328=CARTESIAN_POINT('',(10.6756496369839,109.5,-4.30450186729534));
#5329=CARTESIAN_POINT('Ctrl Pts',(10.6756496369839,109.5,-4.30450186729534));
#5330=CARTESIAN_POINT('Ctrl Pts',(10.9061943171167,109.5,-4.25774736090482));
#5331=CARTESIAN_POINT('Ctrl Pts',(11.3435815046602,109.5,-4.16904515340498));
#5332=CARTESIAN_POINT('Ctrl Pts',(11.7283441438179,109.5,-3.94377548070219));
#5333=CARTESIAN_POINT('Ctrl Pts',(11.9103002488613,109.5,-3.83724436760051));
#5334=CARTESIAN_POINT('',(9.15450095534324,109.5,-4.40000042915447));
#5335=CARTESIAN_POINT('Ctrl Pts',(9.15450095534324,109.5,-4.40000042915447));
#5336=CARTESIAN_POINT('Ctrl Pts',(9.44773534514754,109.5,-4.39908764893692));
#5337=CARTESIAN_POINT('Ctrl Pts',(9.95687725716585,109.5,-4.39750279163037));
#5338=CARTESIAN_POINT('Ctrl Pts',(10.46161131596,109.5,-4.33219597777768));
#5339=CARTESIAN_POINT('Ctrl Pts',(10.6756496369839,109.5,-4.30450186729534));
#5340=CARTESIAN_POINT('',(5.38233279585838,109.5,-4.40000042915447));
#5341=CARTESIAN_POINT('',(5.38233279585838,109.5,-4.40000042915447));
#5342=CARTESIAN_POINT('',(5.38233279585838,109.5,5.59999957084553));
#5343=CARTESIAN_POINT('',(5.38233279585838,109.5,5.59999957084553));
#5344=CARTESIAN_POINT('',(6.70566081404686,109.5,5.59999957084553));
#5345=CARTESIAN_POINT('',(9.26364421248436,109.5,-3.21991906166179));
#5346=CARTESIAN_POINT('',(6.70566081404686,109.5,-3.21991906166179));
#5347=CARTESIAN_POINT('',(9.26364421248436,109.5,-3.21991906166179));
#5348=CARTESIAN_POINT('',(10.4982948243618,109.5,-3.13124165535076));
#5349=CARTESIAN_POINT('Ctrl Pts',(10.4982948243618,109.5,-3.13124165535076));
#5350=CARTESIAN_POINT('Ctrl Pts',(10.3399859548765,109.5,-3.15680128354807));
#5351=CARTESIAN_POINT('Ctrl Pts',(9.93150162044386,109.5,-3.2227527854852));
#5352=CARTESIAN_POINT('Ctrl Pts',(9.51731315920324,109.5,-3.22099538084162));
#5353=CARTESIAN_POINT('Ctrl Pts',(9.26364421248436,109.5,-3.21991906166179));
#5354=CARTESIAN_POINT('',(11.333904260397,109.5,-2.54120097160442));
#5355=CARTESIAN_POINT('Ctrl Pts',(11.333904260397,109.5,-2.54120097160442));
#5356=CARTESIAN_POINT('Ctrl Pts',(11.2202318709367,109.5,-2.67736171011455));
#5357=CARTESIAN_POINT('Ctrl Pts',(10.9940354393069,109.5,-2.94830765684195));
#5358=CARTESIAN_POINT('Ctrl Pts',(10.6629814677038,109.5,-3.07047038654743));
#5359=CARTESIAN_POINT('Ctrl Pts',(10.4982948243618,109.5,-3.13124165535076));
#5360=CARTESIAN_POINT('',(11.6510915696621,109.5,-1.46684870720012));
#5361=CARTESIAN_POINT('Ctrl Pts',(11.6510915696621,109.5,-1.46684870720012));
#5362=CARTESIAN_POINT('Ctrl Pts',(11.6399069577187,109.5,-1.66556923141346));
#5363=CARTESIAN_POINT('Ctrl Pts',(11.6183229641629,109.5,-2.04905884515663));
#5364=CARTESIAN_POINT('Ctrl Pts',(11.4263828878908,109.5,-2.38118115651089));
#5365=CARTESIAN_POINT('Ctrl Pts',(11.333904260397,109.5,-2.54120097160442));
#5366=CARTESIAN_POINT('',(11.1122131288052,109.5,-0.123057222367358));
#5367=CARTESIAN_POINT('Ctrl Pts',(11.1122131288052,109.5,-0.123057222367358));
#5368=CARTESIAN_POINT('Ctrl Pts',(11.2692667930026,109.5,-0.305358527710045));
#5369=CARTESIAN_POINT('Ctrl Pts',(11.6008615191561,109.5,-0.690259776155351));
#5370=CARTESIAN_POINT('Ctrl Pts',(11.6337697233051,109.5,-1.19904180653793));
#5371=CARTESIAN_POINT('Ctrl Pts',(11.6510915696621,109.5,-1.46684870720012));
#5372=CARTESIAN_POINT('',(9.29092883467674,109.5,0.354433202742506));
#5373=CARTESIAN_POINT('Ctrl Pts',(9.29092883467674,109.5,0.354433202742506));
#5374=CARTESIAN_POINT('Ctrl Pts',(9.66678931090622,109.5,0.350155575813451));
#5375=CARTESIAN_POINT('Ctrl Pts',(10.3181265516742,109.5,0.342742777987635));
#5376=CARTESIAN_POINT('Ctrl Pts',(10.8761869145065,109.5,0.0153924301898289));
#5377=CARTESIAN_POINT('Ctrl Pts',(11.1122131288052,109.5,-0.123057222367358));
#5378=CARTESIAN_POINT('',(6.70566081404686,109.5,0.354433202742506));
#5379=CARTESIAN_POINT('',(6.70566081404686,109.5,0.354433202742506));
#5380=CARTESIAN_POINT('',(6.70566081404686,109.5,-3.21991906166179));
#5381=CARTESIAN_POINT('Origin',(6.70566081404686,110.,3.56725707054036));
#5382=CARTESIAN_POINT('',(6.70566081404686,110.,5.59999957084553));
#5383=CARTESIAN_POINT('',(6.70566081404686,110.,5.59999957084553));
#5384=CARTESIAN_POINT('',(6.70566081404686,110.,1.53451457023518));
#5385=CARTESIAN_POINT('',(6.70566081404686,110.,1.78362853527018));
#5386=CARTESIAN_POINT('',(6.70566081404686,110.,1.53451457023518));
#5387=CARTESIAN_POINT('Origin',(7.98806189894676,110.,1.53451457023518));
#5388=CARTESIAN_POINT('',(9.27046298384666,110.,1.53451457023518));
#5389=CARTESIAN_POINT('',(13.7940309494734,110.,1.53451457023518));
#5390=CARTESIAN_POINT('',(9.27046298384666,110.,1.53451457023518));
#5391=CARTESIAN_POINT('Ctrl Pts',(12.2036170899868,109.5,0.651159429549146));
#5392=CARTESIAN_POINT('Ctrl Pts',(12.2036170899868,110.,0.651159429549146));
#5393=CARTESIAN_POINT('Ctrl Pts',(11.8357596414817,109.5,0.907242550951959));
#5394=CARTESIAN_POINT('Ctrl Pts',(11.8357596414817,110.,0.907242550951959));
#5395=CARTESIAN_POINT('Ctrl Pts',(10.963336758712,109.5,1.51457774536162));
#5396=CARTESIAN_POINT('Ctrl Pts',(10.963336758712,110.,1.51457774536162));
#5397=CARTESIAN_POINT('Ctrl Pts',(9.89077731825564,109.5,1.52720918312641));
#5398=CARTESIAN_POINT('Ctrl Pts',(9.89077731825564,110.,1.52720918312641));
#5399=CARTESIAN_POINT('Ctrl Pts',(9.27046298384666,109.5,1.53451457023518));
#5400=CARTESIAN_POINT('Ctrl Pts',(9.27046298384666,110.,1.53451457023518));
#5401=CARTESIAN_POINT('',(12.2036170899868,110.,0.651159429549146));
#5402=CARTESIAN_POINT('Ctrl Pts',(12.2036170899868,110.,0.651159429549146));
#5403=CARTESIAN_POINT('Ctrl Pts',(11.8357596414817,110.,0.907242550951959));
#5404=CARTESIAN_POINT('Ctrl Pts',(10.963336758712,110.,1.51457774536162));
#5405=CARTESIAN_POINT('Ctrl Pts',(9.89077731825564,110.,1.52720918312641));
#5406=CARTESIAN_POINT('Ctrl Pts',(9.27046298384666,110.,1.53451457023518));
#5407=CARTESIAN_POINT('',(12.2036170899868,110.,0.651159429549146));
#5408=CARTESIAN_POINT('Ctrl Pts',(13.0153512895107,109.5,-1.50777802467449));
#5409=CARTESIAN_POINT('Ctrl Pts',(13.0153512895107,110.,-1.50777802467449));
#5410=CARTESIAN_POINT('Ctrl Pts',(12.9838910935596,109.5,-1.10152783542448));
#5411=CARTESIAN_POINT('Ctrl Pts',(12.9838910935596,110.,-1.10152783542448));
#5412=CARTESIAN_POINT('Ctrl Pts',(12.9220232732211,109.5,-0.302619470072534));
#5413=CARTESIAN_POINT('Ctrl Pts',(12.9220232732211,110.,-0.302619470072534));
#5414=CARTESIAN_POINT('Ctrl Pts',(12.440354235413,109.5,0.336859665246427));
#5415=CARTESIAN_POINT('Ctrl Pts',(12.440354235413,110.,0.336859665246427));
#5416=CARTESIAN_POINT('Ctrl Pts',(12.2036170899868,109.5,0.651159429549146));
#5417=CARTESIAN_POINT('Ctrl Pts',(12.2036170899868,110.,0.651159429549146));
#5418=CARTESIAN_POINT('',(13.0153512895107,110.,-1.50777802467449));
#5419=CARTESIAN_POINT('Ctrl Pts',(13.0153512895107,110.,-1.50777802467449));
#5420=CARTESIAN_POINT('Ctrl Pts',(12.9838910935596,110.,-1.10152783542448));
#5421=CARTESIAN_POINT('Ctrl Pts',(12.9220232732211,110.,-0.302619470072534));
#5422=CARTESIAN_POINT('Ctrl Pts',(12.440354235413,110.,0.336859665246427));
#5423=CARTESIAN_POINT('Ctrl Pts',(12.2036170899868,110.,0.651159429549146));
#5424=CARTESIAN_POINT('',(13.0153512895107,110.,-1.50777802467449));
#5425=CARTESIAN_POINT('Ctrl Pts',(12.7118015229702,109.5,-2.87203297615154));
#5426=CARTESIAN_POINT('Ctrl Pts',(12.7118015229702,110.,-2.87203297615154));
#5427=CARTESIAN_POINT('Ctrl Pts',(12.8003272855269,109.5,-2.65773062774064));
#5428=CARTESIAN_POINT('Ctrl Pts',(12.8003272855269,110.,-2.65773062774064));
#5429=CARTESIAN_POINT('Ctrl Pts',(12.9808149990848,109.5,-2.22080763766732));
#5430=CARTESIAN_POINT('Ctrl Pts',(12.9808149990848,110.,-2.22080763766732));
#5431=CARTESIAN_POINT('Ctrl Pts',(13.0036939998861,109.5,-1.74845218530738));
#5432=CARTESIAN_POINT('Ctrl Pts',(13.0036939998861,110.,-1.74845218530738));
#5433=CARTESIAN_POINT('Ctrl Pts',(13.0153512895107,109.5,-1.50777802467449));
#5434=CARTESIAN_POINT('Ctrl Pts',(13.0153512895107,110.,-1.50777802467449));
#5435=CARTESIAN_POINT('',(12.7118015229702,110.,-2.87203297615154));
#5436=CARTESIAN_POINT('Ctrl Pts',(12.7118015229702,110.,-2.87203297615154));
#5437=CARTESIAN_POINT('Ctrl Pts',(12.8003272855269,110.,-2.65773062774064));
#5438=CARTESIAN_POINT('Ctrl Pts',(12.9808149990848,110.,-2.22080763766732));
#5439=CARTESIAN_POINT('Ctrl Pts',(13.0036939998861,110.,-1.74845218530738));
#5440=CARTESIAN_POINT('Ctrl Pts',(13.0153512895107,110.,-1.50777802467449));
#5441=CARTESIAN_POINT('',(12.7118015229702,110.,-2.87203297615154));
#5442=CARTESIAN_POINT('Ctrl Pts',(11.9103002488613,109.5,-3.83724436760051));
#5443=CARTESIAN_POINT('Ctrl Pts',(11.9103002488613,110.,-3.83724436760051));
#5444=CARTESIAN_POINT('Ctrl Pts',(12.0698012694591,109.5,-3.70754029381219));
#5445=CARTESIAN_POINT('Ctrl Pts',(12.0698012694591,110.,-3.70754029381219));
#5446=CARTESIAN_POINT('Ctrl Pts',(12.4002432778787,109.5,-3.43882931953635));
#5447=CARTESIAN_POINT('Ctrl Pts',(12.4002432778787,110.,-3.43882931953635));
#5448=CARTESIAN_POINT('Ctrl Pts',(12.6055791847991,109.5,-3.06527592128194));
#5449=CARTESIAN_POINT('Ctrl Pts',(12.6055791847991,110.,-3.06527592128194));
#5450=CARTESIAN_POINT('Ctrl Pts',(12.7118015229702,109.5,-2.87203297615154));
#5451=CARTESIAN_POINT('Ctrl Pts',(12.7118015229702,110.,-2.87203297615154));
#5452=CARTESIAN_POINT('',(11.9103002488613,110.,-3.83724436760051));
#5453=CARTESIAN_POINT('Ctrl Pts',(11.9103002488613,110.,-3.83724436760051));
#5454=CARTESIAN_POINT('Ctrl Pts',(12.0698012694591,110.,-3.70754029381219));
#5455=CARTESIAN_POINT('Ctrl Pts',(12.4002432778787,110.,-3.43882931953635));
#5456=CARTESIAN_POINT('Ctrl Pts',(12.6055791847991,110.,-3.06527592128194));
#5457=CARTESIAN_POINT('Ctrl Pts',(12.7118015229702,110.,-2.87203297615154));
#5458=CARTESIAN_POINT('',(11.9103002488613,110.,-3.83724436760051));
#5459=CARTESIAN_POINT('Ctrl Pts',(10.6756496369839,109.5,-4.30450186729534));
#5460=CARTESIAN_POINT('Ctrl Pts',(10.6756496369839,110.,-4.30450186729534));
#5461=CARTESIAN_POINT('Ctrl Pts',(10.9061943171167,109.5,-4.25774736090482));
#5462=CARTESIAN_POINT('Ctrl Pts',(10.9061943171167,110.,-4.25774736090482));
#5463=CARTESIAN_POINT('Ctrl Pts',(11.3435815046602,109.5,-4.16904515340498));
#5464=CARTESIAN_POINT('Ctrl Pts',(11.3435815046602,110.,-4.16904515340498));
#5465=CARTESIAN_POINT('Ctrl Pts',(11.7283441438179,109.5,-3.94377548070219));
#5466=CARTESIAN_POINT('Ctrl Pts',(11.7283441438179,110.,-3.94377548070219));
#5467=CARTESIAN_POINT('Ctrl Pts',(11.9103002488613,109.5,-3.83724436760051));
#5468=CARTESIAN_POINT('Ctrl Pts',(11.9103002488613,110.,-3.83724436760051));
#5469=CARTESIAN_POINT('',(10.6756496369839,110.,-4.30450186729534));
#5470=CARTESIAN_POINT('Ctrl Pts',(10.6756496369839,110.,-4.30450186729534));
#5471=CARTESIAN_POINT('Ctrl Pts',(10.9061943171167,110.,-4.25774736090482));
#5472=CARTESIAN_POINT('Ctrl Pts',(11.3435815046602,110.,-4.16904515340498));
#5473=CARTESIAN_POINT('Ctrl Pts',(11.7283441438179,110.,-3.94377548070219));
#5474=CARTESIAN_POINT('Ctrl Pts',(11.9103002488613,110.,-3.83724436760051));
#5475=CARTESIAN_POINT('',(10.6756496369839,110.,-4.30450186729534));
#5476=CARTESIAN_POINT('Ctrl Pts',(9.15450095534324,109.5,-4.40000042915447));
#5477=CARTESIAN_POINT('Ctrl Pts',(9.15450095534324,110.,-4.40000042915447));
#5478=CARTESIAN_POINT('Ctrl Pts',(9.44773534514754,109.5,-4.39908764893692));
#5479=CARTESIAN_POINT('Ctrl Pts',(9.44773534514754,110.,-4.39908764893692));
#5480=CARTESIAN_POINT('Ctrl Pts',(9.95687725716585,109.5,-4.39750279163037));
#5481=CARTESIAN_POINT('Ctrl Pts',(9.95687725716585,110.,-4.39750279163037));
#5482=CARTESIAN_POINT('Ctrl Pts',(10.46161131596,109.5,-4.33219597777768));
#5483=CARTESIAN_POINT('Ctrl Pts',(10.46161131596,110.,-4.33219597777768));
#5484=CARTESIAN_POINT('Ctrl Pts',(10.6756496369839,109.5,-4.30450186729534));
#5485=CARTESIAN_POINT('Ctrl Pts',(10.6756496369839,110.,-4.30450186729534));
#5486=CARTESIAN_POINT('',(9.15450095534324,110.,-4.40000042915447));
#5487=CARTESIAN_POINT('Ctrl Pts',(9.15450095534324,110.,-4.40000042915447));
#5488=CARTESIAN_POINT('Ctrl Pts',(9.44773534514754,110.,-4.39908764893692));
#5489=CARTESIAN_POINT('Ctrl Pts',(9.95687725716585,110.,-4.39750279163037));
#5490=CARTESIAN_POINT('Ctrl Pts',(10.46161131596,110.,-4.33219597777768));
#5491=CARTESIAN_POINT('Ctrl Pts',(10.6756496369839,110.,-4.30450186729534));
#5492=CARTESIAN_POINT('',(9.15450095534324,110.,-4.40000042915447));
#5493=CARTESIAN_POINT('Origin',(7.26841687560081,110.,-4.40000042915447));
#5494=CARTESIAN_POINT('',(5.38233279585838,110.,-4.40000042915447));
#5495=CARTESIAN_POINT('',(13.4342084378004,110.,-4.40000042915447));
#5496=CARTESIAN_POINT('',(5.38233279585838,110.,-4.40000042915447));
#5497=CARTESIAN_POINT('Origin',(5.38233279585838,110.,0.599999570845533));
#5498=CARTESIAN_POINT('',(5.38233279585838,110.,5.59999957084553));
#5499=CARTESIAN_POINT('',(5.38233279585838,110.,0.299999785422767));
#5500=CARTESIAN_POINT('',(5.38233279585838,110.,5.59999957084553));
#5501=CARTESIAN_POINT('Origin',(6.04399680495262,110.,5.59999957084553));
#5502=CARTESIAN_POINT('',(12.8219984024763,110.,5.59999957084553));
#5503=CARTESIAN_POINT('Origin',(7.98465251326561,110.,-3.21991906166179));
#5504=CARTESIAN_POINT('',(6.70566081404686,110.,-3.21991906166179));
#5505=CARTESIAN_POINT('',(6.70566081404686,110.,-3.21991906166179));
#5506=CARTESIAN_POINT('',(9.26364421248436,110.,-3.21991906166179));
#5507=CARTESIAN_POINT('',(13.7923262566328,110.,-3.21991906166179));
#5508=CARTESIAN_POINT('',(9.26364421248436,110.,-3.21991906166179));
#5509=CARTESIAN_POINT('Ctrl Pts',(10.4982948243618,109.5,-3.13124165535076));
#5510=CARTESIAN_POINT('Ctrl Pts',(10.4982948243618,110.,-3.13124165535076));
#5511=CARTESIAN_POINT('Ctrl Pts',(10.3399859548765,109.5,-3.15680128354807));
#5512=CARTESIAN_POINT('Ctrl Pts',(10.3399859548765,110.,-3.15680128354807));
#5513=CARTESIAN_POINT('Ctrl Pts',(9.93150162044386,109.5,-3.2227527854852));
#5514=CARTESIAN_POINT('Ctrl Pts',(9.93150162044386,110.,-3.2227527854852));
#5515=CARTESIAN_POINT('Ctrl Pts',(9.51731315920324,109.5,-3.22099538084162));
#5516=CARTESIAN_POINT('Ctrl Pts',(9.51731315920324,110.,-3.22099538084162));
#5517=CARTESIAN_POINT('Ctrl Pts',(9.26364421248436,109.5,-3.21991906166179));
#5518=CARTESIAN_POINT('Ctrl Pts',(9.26364421248436,110.,-3.21991906166179));
#5519=CARTESIAN_POINT('',(10.4982948243618,110.,-3.13124165535076));
#5520=CARTESIAN_POINT('Ctrl Pts',(10.4982948243618,110.,-3.13124165535076));
#5521=CARTESIAN_POINT('Ctrl Pts',(10.3399859548765,110.,-3.15680128354807));
#5522=CARTESIAN_POINT('Ctrl Pts',(9.93150162044386,110.,-3.2227527854852));
#5523=CARTESIAN_POINT('Ctrl Pts',(9.51731315920324,110.,-3.22099538084162));
#5524=CARTESIAN_POINT('Ctrl Pts',(9.26364421248436,110.,-3.21991906166179));
#5525=CARTESIAN_POINT('',(10.4982948243618,110.,-3.13124165535076));
#5526=CARTESIAN_POINT('Ctrl Pts',(11.333904260397,109.5,-2.54120097160442));
#5527=CARTESIAN_POINT('Ctrl Pts',(11.333904260397,110.,-2.54120097160442));
#5528=CARTESIAN_POINT('Ctrl Pts',(11.2202318709367,109.5,-2.67736171011455));
#5529=CARTESIAN_POINT('Ctrl Pts',(11.2202318709367,110.,-2.67736171011455));
#5530=CARTESIAN_POINT('Ctrl Pts',(10.9940354393069,109.5,-2.94830765684195));
#5531=CARTESIAN_POINT('Ctrl Pts',(10.9940354393069,110.,-2.94830765684195));
#5532=CARTESIAN_POINT('Ctrl Pts',(10.6629814677038,109.5,-3.07047038654743));
#5533=CARTESIAN_POINT('Ctrl Pts',(10.6629814677038,110.,-3.07047038654743));
#5534=CARTESIAN_POINT('Ctrl Pts',(10.4982948243618,109.5,-3.13124165535076));
#5535=CARTESIAN_POINT('Ctrl Pts',(10.4982948243618,110.,-3.13124165535076));
#5536=CARTESIAN_POINT('',(11.333904260397,110.,-2.54120097160442));
#5537=CARTESIAN_POINT('Ctrl Pts',(11.333904260397,110.,-2.54120097160442));
#5538=CARTESIAN_POINT('Ctrl Pts',(11.2202318709367,110.,-2.67736171011455));
#5539=CARTESIAN_POINT('Ctrl Pts',(10.9940354393069,110.,-2.94830765684195));
#5540=CARTESIAN_POINT('Ctrl Pts',(10.6629814677038,110.,-3.07047038654743));
#5541=CARTESIAN_POINT('Ctrl Pts',(10.4982948243618,110.,-3.13124165535076));
#5542=CARTESIAN_POINT('',(11.333904260397,110.,-2.54120097160442));
#5543=CARTESIAN_POINT('Ctrl Pts',(11.6510915696621,109.5,-1.46684870720012));
#5544=CARTESIAN_POINT('Ctrl Pts',(11.6510915696621,110.,-1.46684870720012));
#5545=CARTESIAN_POINT('Ctrl Pts',(11.6399069577187,109.5,-1.66556923141346));
#5546=CARTESIAN_POINT('Ctrl Pts',(11.6399069577187,110.,-1.66556923141346));
#5547=CARTESIAN_POINT('Ctrl Pts',(11.6183229641629,109.5,-2.04905884515663));
#5548=CARTESIAN_POINT('Ctrl Pts',(11.6183229641629,110.,-2.04905884515663));
#5549=CARTESIAN_POINT('Ctrl Pts',(11.4263828878908,109.5,-2.38118115651089));
#5550=CARTESIAN_POINT('Ctrl Pts',(11.4263828878908,110.,-2.38118115651089));
#5551=CARTESIAN_POINT('Ctrl Pts',(11.333904260397,109.5,-2.54120097160442));
#5552=CARTESIAN_POINT('Ctrl Pts',(11.333904260397,110.,-2.54120097160442));
#5553=CARTESIAN_POINT('',(11.6510915696621,110.,-1.46684870720012));
#5554=CARTESIAN_POINT('Ctrl Pts',(11.6510915696621,110.,-1.46684870720012));
#5555=CARTESIAN_POINT('Ctrl Pts',(11.6399069577187,110.,-1.66556923141346));
#5556=CARTESIAN_POINT('Ctrl Pts',(11.6183229641629,110.,-2.04905884515663));
#5557=CARTESIAN_POINT('Ctrl Pts',(11.4263828878908,110.,-2.38118115651089));
#5558=CARTESIAN_POINT('Ctrl Pts',(11.333904260397,110.,-2.54120097160442));
#5559=CARTESIAN_POINT('',(11.6510915696621,110.,-1.46684870720012));
#5560=CARTESIAN_POINT('Ctrl Pts',(11.1122131288052,109.5,-0.123057222367358));
#5561=CARTESIAN_POINT('Ctrl Pts',(11.1122131288052,110.,-0.123057222367358));
#5562=CARTESIAN_POINT('Ctrl Pts',(11.2692667930026,109.5,-0.305358527710045));
#5563=CARTESIAN_POINT('Ctrl Pts',(11.2692667930026,110.,-0.305358527710045));
#5564=CARTESIAN_POINT('Ctrl Pts',(11.6008615191561,109.5,-0.690259776155351));
#5565=CARTESIAN_POINT('Ctrl Pts',(11.6008615191561,110.,-0.690259776155351));
#5566=CARTESIAN_POINT('Ctrl Pts',(11.6337697233051,109.5,-1.19904180653793));
#5567=CARTESIAN_POINT('Ctrl Pts',(11.6337697233051,110.,-1.19904180653793));
#5568=CARTESIAN_POINT('Ctrl Pts',(11.6510915696621,109.5,-1.46684870720012));
#5569=CARTESIAN_POINT('Ctrl Pts',(11.6510915696621,110.,-1.46684870720012));
#5570=CARTESIAN_POINT('',(11.1122131288052,110.,-0.123057222367358));
#5571=CARTESIAN_POINT('Ctrl Pts',(11.1122131288052,110.,-0.123057222367358));
#5572=CARTESIAN_POINT('Ctrl Pts',(11.2692667930026,110.,-0.305358527710045));
#5573=CARTESIAN_POINT('Ctrl Pts',(11.6008615191561,110.,-0.690259776155351));
#5574=CARTESIAN_POINT('Ctrl Pts',(11.6337697233051,110.,-1.19904180653793));
#5575=CARTESIAN_POINT('Ctrl Pts',(11.6510915696621,110.,-1.46684870720012));
#5576=CARTESIAN_POINT('',(11.1122131288052,110.,-0.123057222367358));
#5577=CARTESIAN_POINT('Ctrl Pts',(9.29092883467674,109.5,0.354433202742506));
#5578=CARTESIAN_POINT('Ctrl Pts',(9.29092883467674,110.,0.354433202742506));
#5579=CARTESIAN_POINT('Ctrl Pts',(9.66678931090622,109.5,0.350155575813451));
#5580=CARTESIAN_POINT('Ctrl Pts',(9.66678931090622,110.,0.350155575813451));
#5581=CARTESIAN_POINT('Ctrl Pts',(10.3181265516742,109.5,0.342742777987635));
#5582=CARTESIAN_POINT('Ctrl Pts',(10.3181265516742,110.,0.342742777987635));
#5583=CARTESIAN_POINT('Ctrl Pts',(10.8761869145065,109.5,0.0153924301898289));
#5584=CARTESIAN_POINT('Ctrl Pts',(10.8761869145065,110.,0.0153924301898289));
#5585=CARTESIAN_POINT('Ctrl Pts',(11.1122131288052,109.5,-0.123057222367358));
#5586=CARTESIAN_POINT('Ctrl Pts',(11.1122131288052,110.,-0.123057222367358));
#5587=CARTESIAN_POINT('',(9.29092883467674,110.,0.354433202742506));
#5588=CARTESIAN_POINT('Ctrl Pts',(9.29092883467674,110.,0.354433202742506));
#5589=CARTESIAN_POINT('Ctrl Pts',(9.66678931090622,110.,0.350155575813451));
#5590=CARTESIAN_POINT('Ctrl Pts',(10.3181265516742,110.,0.342742777987635));
#5591=CARTESIAN_POINT('Ctrl Pts',(10.8761869145065,110.,0.0153924301898289));
#5592=CARTESIAN_POINT('Ctrl Pts',(11.1122131288052,110.,-0.123057222367358));
#5593=CARTESIAN_POINT('',(9.29092883467674,110.,0.354433202742506));
#5594=CARTESIAN_POINT('Origin',(7.9982948243618,110.,0.354433202742506));
#5595=CARTESIAN_POINT('',(6.70566081404686,110.,0.354433202742506));
#5596=CARTESIAN_POINT('',(13.7991474121809,110.,0.354433202742506));
#5597=CARTESIAN_POINT('',(6.70566081404686,110.,0.354433202742506));
#5598=CARTESIAN_POINT('Origin',(6.70566081404686,110.,-1.43274292945964));
#5599=CARTESIAN_POINT('',(6.70566081404686,110.,-0.716371464729821));
#5600=CARTESIAN_POINT('Origin',(19.6,110.,0.));
#5601=CARTESIAN_POINT('Origin',(19.6,110.,0.));
#5602=CARTESIAN_POINT('Origin',(15.699999999973,0.,20.9000000000099));
#5603=CARTESIAN_POINT('',(15.699999999973,106.900000000001,20.9000000000099));
#5604=CARTESIAN_POINT('',(14.299999999969,106.900000000001,20.9000000000099));
#5605=CARTESIAN_POINT('',(17.515370879817,106.9,20.9000000000099));
#5606=CARTESIAN_POINT('',(15.699999999973,110.,20.9000000000099));
#5607=CARTESIAN_POINT('',(15.699999999973,0.,20.9000000000099));
#5608=CARTESIAN_POINT('',(14.299999999969,110.,20.9000000000099));
#5609=CARTESIAN_POINT('',(17.6499999999865,110.,20.9000000000099));
#5610=CARTESIAN_POINT('',(14.299999999969,0.,20.9000000000099));
#5611=CARTESIAN_POINT('Origin',(14.299999999969,0.,20.9000000000099));
#5612=CARTESIAN_POINT('',(14.299999999977,106.900000000001,22.3));
#5613=CARTESIAN_POINT('',(14.299999999973,106.900000000001,21.6000000000194));
#5614=CARTESIAN_POINT('',(14.299999999977,110.,22.3));
#5615=CARTESIAN_POINT('',(14.2999999999088,110.,10.4500000000202));
#5616=CARTESIAN_POINT('',(14.299999999977,54.25,22.3));
#5617=CARTESIAN_POINT('Origin',(15.699999999973,0.,22.4000000000288));
#5618=CARTESIAN_POINT('',(15.699999999973,106.900000000001,22.3));
#5619=CARTESIAN_POINT('',(15.699999999973,106.900000000001,22.3500000000144));
#5620=CARTESIAN_POINT('',(15.699999999973,110.,22.3));
#5621=CARTESIAN_POINT('',(15.699999999973,54.25,22.3));
#5622=CARTESIAN_POINT('',(15.6999999999732,110.,11.2000000000144));
#5623=CARTESIAN_POINT('Origin',(0.699999999973007,0.,20.9000000000099));
#5624=CARTESIAN_POINT('',(0.699999999973007,106.900000000003,20.9000000000099));
#5625=CARTESIAN_POINT('',(-0.700000000031018,106.900000000004,20.9000000000099));
#5626=CARTESIAN_POINT('',(10.015370879817,106.900000000002,20.9000000000099));
#5627=CARTESIAN_POINT('',(0.699999999973007,110.,20.9000000000099));
#5628=CARTESIAN_POINT('',(0.699999999973007,0.,20.9000000000099));
#5629=CARTESIAN_POINT('',(-0.700000000031018,110.,20.9000000000099));
#5630=CARTESIAN_POINT('',(10.1499999999865,110.,20.9000000000099));
#5631=CARTESIAN_POINT('',(-0.700000000031018,0.,20.9000000000099));
#5632=CARTESIAN_POINT('Origin',(-0.700000000031018,0.,20.9000000000099));
#5633=CARTESIAN_POINT('',(-0.700000000022962,106.900000000004,22.3));
#5634=CARTESIAN_POINT('',(-0.70000000002699,106.900000000004,21.6000000000626));
#5635=CARTESIAN_POINT('',(-0.70000000002296,110.,22.3));
#5636=CARTESIAN_POINT('',(-0.700000000091161,110.,10.4500000000634));
#5637=CARTESIAN_POINT('',(-0.700000000022961,54.25,22.3));
#5638=CARTESIAN_POINT('Origin',(0.69999999997298,0.,22.4000000000288));
#5639=CARTESIAN_POINT('',(0.69999999997298,106.900000000003,22.3));
#5640=CARTESIAN_POINT('',(0.699999999972981,106.900000000003,22.3500000000142));
#5641=CARTESIAN_POINT('',(0.699999999972982,110.,22.3));
#5642=CARTESIAN_POINT('',(0.699999999972982,54.25,22.3));
#5643=CARTESIAN_POINT('',(0.699999999973179,110.,11.2000000000142));
#5644=CARTESIAN_POINT('Origin',(19.3307417596429,106.9,22.3));
#5645=CARTESIAN_POINT('',(-21.3,106.900000000007,22.3));
#5646=CARTESIAN_POINT('',(-14.300000000027,106.900000000006,22.3));
#5647=CARTESIAN_POINT('',(-21.3,106.900000000007,22.3));
#5648=CARTESIAN_POINT('',(-14.300000000027,106.900000000006,20.9000000000099));
#5649=CARTESIAN_POINT('',(-14.300000000027,106.900000000006,22.3500000000141));
#5650=CARTESIAN_POINT('',(-15.700000000031,106.900000000006,20.9000000000099));
#5651=CARTESIAN_POINT('',(2.51537087981704,106.900000000003,20.9000000000099));
#5652=CARTESIAN_POINT('',(-15.700000000023,106.900000000006,22.3));
#5653=CARTESIAN_POINT('',(-15.700000000027,106.900000000006,21.6000000001057));
#5654=CARTESIAN_POINT('',(-20.5343145750421,106.900000000007,22.3));
#5655=CARTESIAN_POINT('',(-21.3,106.900000000007,22.3));
#5656=CARTESIAN_POINT('',(-20.5343145750411,106.900000000007,14.1029999999991));
#5657=CARTESIAN_POINT('',(-20.5343145750421,106.900000000007,22.3));
#5658=CARTESIAN_POINT('',(19.5999997967566,106.9,14.103));
#5659=CARTESIAN_POINT('Ctrl Pts',(19.5999997967566,106.9,14.103));
#5660=CARTESIAN_POINT('Ctrl Pts',(12.9258857705213,106.900000000001,14.103));
#5661=CARTESIAN_POINT('Ctrl Pts',(6.251771744286,106.900000000002,14.103));
#5662=CARTESIAN_POINT('Ctrl Pts',(-7.12633304631323,106.900000000005,14.103));
#5663=CARTESIAN_POINT('Ctrl Pts',(-13.8303238106772,106.900000000006,14.103));
#5664=CARTESIAN_POINT('Ctrl Pts',(-20.5343145750411,106.900000000007,14.103));
#5665=CARTESIAN_POINT('',(19.8692582403569,106.9,14.153));
#5666=CARTESIAN_POINT('Ctrl Pts',(19.8692582403588,106.9,14.1530000000007));
#5667=CARTESIAN_POINT('Ctrl Pts',(19.729986631599,106.9,14.1029999622586));
#5668=CARTESIAN_POINT('Ctrl Pts',(19.5999997967566,106.9,14.1029999999999));
#5669=CARTESIAN_POINT('',(19.8692582403569,106.9,14.3));
#5670=CARTESIAN_POINT('',(19.8692582403569,106.9,22.3));
#5671=CARTESIAN_POINT('',(19.3307417596429,106.9,14.3));
#5672=CARTESIAN_POINT('',(9.25287087982138,106.900000000002,14.3));
#5673=CARTESIAN_POINT('',(19.3307417596429,106.9,22.3));
#5674=CARTESIAN_POINT('',(19.3307417596429,106.9,22.3));
#5675=CARTESIAN_POINT('',(-21.3,106.900000000007,22.3));
#5676=CARTESIAN_POINT('Origin',(-0.749999999999993,108.5,22.3));
#5677=CARTESIAN_POINT('',(-14.300000000027,110.,22.3));
#5678=CARTESIAN_POINT('',(0.,110.,22.3));
#5679=CARTESIAN_POINT('',(-14.300000000027,54.25,22.3));
#5680=CARTESIAN_POINT('Origin',(-0.749999999999993,108.5,22.3));
#5681=CARTESIAN_POINT('',(0.,110.,22.3));
#5682=CARTESIAN_POINT('Origin',(-14.300000000027,0.,20.9000000000099));
#5683=CARTESIAN_POINT('',(-14.300000000027,110.,20.9000000000099));
#5684=CARTESIAN_POINT('',(-14.300000000027,0.,20.9000000000099));
#5685=CARTESIAN_POINT('',(-15.700000000031,110.,20.9000000000099));
#5686=CARTESIAN_POINT('',(2.6499999999865,110.,20.9000000000099));
#5687=CARTESIAN_POINT('',(-15.700000000031,0.,20.9000000000099));
#5688=CARTESIAN_POINT('Origin',(-15.700000000031,0.,20.9000000000099));
#5689=CARTESIAN_POINT('',(-15.700000000023,110.,22.3));
#5690=CARTESIAN_POINT('',(-15.7000000000912,110.,10.4500000001065));
#5691=CARTESIAN_POINT('',(-15.700000000023,54.25,22.3));
#5692=CARTESIAN_POINT('Origin',(-14.300000000027,0.,22.4000000000288));
#5693=CARTESIAN_POINT('',(-14.3000000000268,110.,11.2000000000141));
#5694=CARTESIAN_POINT('Origin',(-0.749999999999993,108.5,22.3));
#5695=CARTESIAN_POINT('',(-21.1,110.,22.3));
#5696=CARTESIAN_POINT('',(0.,110.,22.3));
#5697=CARTESIAN_POINT('',(-21.1,108.5,22.3));
#5698=CARTESIAN_POINT('',(-21.1,108.2,22.3));
#5699=CARTESIAN_POINT('Origin',(-21.1,107.6,22.3));
#5700=CARTESIAN_POINT('Origin',(-21.6999999999985,55.,-20.1000000000014));
#5701=CARTESIAN_POINT('',(-20.5999999999983,110.,-21.100000000001));
#5702=CARTESIAN_POINT('',(-21.1,110.,-20.6454545454543));
#5703=CARTESIAN_POINT('',(-15.3961538461468,110.,-25.8307692307723));
#5704=CARTESIAN_POINT('',(-20.5999999999983,107.000000000007,-21.100000000001));
#5705=CARTESIAN_POINT('',(-20.5999999999994,81.75,-21.1));
#5706=CARTESIAN_POINT('',(-21.1,107.000000000007,-20.6454545454543));
#5707=CARTESIAN_POINT('',(-26.5380090497702,107.000000000008,-15.701809954757));
#5708=CARTESIAN_POINT('',(-21.1,108.2,-20.6454545454543));
#5709=CARTESIAN_POINT('Origin',(-21.1,107.6,-20.6454545454543));
#5710=CARTESIAN_POINT('',(-21.1,82.5,-20.6454545454543));
#5711=CARTESIAN_POINT('Origin',(19.1000000000019,55.,-21.0999999999851));
#5712=CARTESIAN_POINT('',(19.1000000000019,107.,-21.0999999999851));
#5713=CARTESIAN_POINT('',(19.5999997967566,107.,-20.6454547302047));
#5714=CARTESIAN_POINT('',(13.3461538462317,107.000000000001,-26.3307692307242));
#5715=CARTESIAN_POINT('',(19.0999999999855,110.,-21.1));
#5716=CARTESIAN_POINT('',(19.0999999999855,81.75,-21.1));
#5717=CARTESIAN_POINT('',(19.6,110.,-20.645454545438));
#5718=CARTESIAN_POINT('',(24.4880090497742,110.,-16.2018099547012));
#5719=CARTESIAN_POINT('',(19.6,108.2,-20.645454545438));
#5720=CARTESIAN_POINT('',(19.6,81.6,-20.645454545438));
#5721=CARTESIAN_POINT('Origin',(19.6,107.6,-20.645454545438));
#5722=CARTESIAN_POINT('Origin',(-21.1,107.6,0.));
#5723=CARTESIAN_POINT('',(-21.1,107.000000000007,14.003));
#5724=CARTESIAN_POINT('',(-21.1,107.000000000007,0.));
#5725=CARTESIAN_POINT('',(-21.1,108.2,14.003));
#5726=CARTESIAN_POINT('Origin',(-21.1,107.6,14.003));
#5727=CARTESIAN_POINT('',(-21.1,108.2,0.));
#5728=CARTESIAN_POINT('Origin',(-21.1,107.000000000007,0.));
#5729=CARTESIAN_POINT('',(19.7,107.,-21.1));
#5730=CARTESIAN_POINT('',(19.5999997967566,107.,14.003));
#5731=CARTESIAN_POINT('',(19.5999997967566,107.,0.));
#5732=CARTESIAN_POINT('',(-21.0265765704106,107.000000000007,14.003));
#5733=CARTESIAN_POINT('Ctrl Pts',(-21.0265765704106,107.000000000007,14.003));
#5734=CARTESIAN_POINT('Ctrl Pts',(-7.4843844480215,107.000000000005,14.003));
#5735=CARTESIAN_POINT('Ctrl Pts',(6.05780767436755,107.000000000002,14.003));
#5736=CARTESIAN_POINT('Ctrl Pts',(19.5999997967566,107.,14.003));
#5737=CARTESIAN_POINT('',(-10.9625,107.000000000005,14.003));
#5738=CARTESIAN_POINT('Origin',(19.6,107.6,0.));
#5739=CARTESIAN_POINT('',(19.6,108.2,14.003));
#5740=CARTESIAN_POINT('',(19.6,108.2,0.));
#5741=CARTESIAN_POINT('Origin',(19.6,107.6,14.003));
#5742=CARTESIAN_POINT('Origin',(19.6,108.2,0.));
#5743=CARTESIAN_POINT('',(19.6,110.,22.3));
#5744=CARTESIAN_POINT('',(19.6,110.,0.));
#5745=CARTESIAN_POINT('',(19.6,108.35,22.3));
#5746=CARTESIAN_POINT('',(19.6,108.2,22.3));
#5747=CARTESIAN_POINT('',(19.6,108.35,14.153));
#5748=CARTESIAN_POINT('',(19.6,108.35,22.3));
#5749=CARTESIAN_POINT('',(19.6,108.3485,14.1515));
#5750=CARTESIAN_POINT('Origin',(-20.1,109.5,15.4));
#5751=CARTESIAN_POINT('',(-20.1,109.,19.4));
#5752=CARTESIAN_POINT('',(-20.1,110.,19.4));
#5753=CARTESIAN_POINT('',(-20.1,109.,19.4));
#5754=CARTESIAN_POINT('',(-20.1,110.,11.4));
#5755=CARTESIAN_POINT('',(-20.1,109.,19.4));
#5756=CARTESIAN_POINT('',(-20.1,110.,7.7));
#5757=CARTESIAN_POINT('Origin',(0.,109.,19.4));
#5758=CARTESIAN_POINT('',(18.7,110.,11.4));
#5759=CARTESIAN_POINT('',(9.8,110.,11.3999999999999));
#5760=CARTESIAN_POINT('',(18.7,109.,19.4));
#5761=CARTESIAN_POINT('',(0.,109.,19.4));
#5762=CARTESIAN_POINT('',(18.7,109.,19.4));
#5763=CARTESIAN_POINT('Origin',(0.,110.,19.4));
#5764=CARTESIAN_POINT('',(18.7,110.,19.4));
#5765=CARTESIAN_POINT('',(9.8,110.,19.4));
#5766=CARTESIAN_POINT('',(18.7,109.,19.4));
#5767=CARTESIAN_POINT('Origin',(18.7,109.5,15.4));
#5768=CARTESIAN_POINT('',(18.7,110.,7.7));
#5769=CARTESIAN_POINT('Origin',(-10.9625000000001,106.851500000005,14.1515));
#5770=CARTESIAN_POINT('',(-21.0265765704106,106.703000000007,14.3));
#5771=CARTESIAN_POINT('',(-21.0265765704106,107.000000000007,14.003));
#5772=CARTESIAN_POINT('',(-21.1,106.703000000007,14.3));
#5773=CARTESIAN_POINT('',(-10.9625000000001,106.703000000005,14.3));
#5774=CARTESIAN_POINT('',(-21.1,106.703000000007,14.3));
#5775=CARTESIAN_POINT('Origin',(-21.1,107.6,14.1515));
#5776=CARTESIAN_POINT('',(-21.1,108.497,14.3));
#5777=CARTESIAN_POINT('',(-21.1,108.3485,14.1515));
#5778=CARTESIAN_POINT('Origin',(-21.1,107.6,14.3));
#5779=CARTESIAN_POINT('Ctrl Pts',(19.5999997967566,107.,14.003));
#5780=CARTESIAN_POINT('Ctrl Pts',(6.05780767436755,107.000000000002,14.003));
#5781=CARTESIAN_POINT('Ctrl Pts',(-7.4843844480215,107.000000000005,14.003));
#5782=CARTESIAN_POINT('Ctrl Pts',(-21.0265765704106,107.000000000007,14.003));
#5783=CARTESIAN_POINT('Ctrl Pts',(19.5999997967566,106.901,14.102));
#5784=CARTESIAN_POINT('Ctrl Pts',(6.05780767436755,106.901000000002,14.102));
#5785=CARTESIAN_POINT('Ctrl Pts',(-7.48438444802153,106.901000000005,14.102));
#5786=CARTESIAN_POINT('Ctrl Pts',(-21.0265765704106,106.901000000007,14.102));
#5787=CARTESIAN_POINT('Ctrl Pts',(19.5999997967566,106.802,14.201));
#5788=CARTESIAN_POINT('Ctrl Pts',(6.0578076743675,106.802000000002,14.201));
#5789=CARTESIAN_POINT('Ctrl Pts',(-7.48438444802152,106.802000000005,14.201));
#5790=CARTESIAN_POINT('Ctrl Pts',(-21.0265765704106,106.802000000007,14.201));
#5791=CARTESIAN_POINT('Ctrl Pts',(19.5999997967566,106.703,14.3));
#5792=CARTESIAN_POINT('Ctrl Pts',(6.0578076743675,106.703000000002,14.3));
#5793=CARTESIAN_POINT('Ctrl Pts',(-7.48438444802155,106.703000000005,14.3));
#5794=CARTESIAN_POINT('Ctrl Pts',(-21.0265765704106,106.703000000007,14.3));
#5795=CARTESIAN_POINT('Ctrl Pts',(-20.5343145750413,106.900000000008,14.1029999999993));
#5796=CARTESIAN_POINT('Ctrl Pts',(-20.5552186792519,106.883106385998,14.1198936140093));
#5797=CARTESIAN_POINT('Ctrl Pts',(-20.5771910152659,106.866897709339,14.1361022906679));
#5798=CARTESIAN_POINT('Ctrl Pts',(-20.6002416662806,106.851507109,14.1514928910073));
#5799=CARTESIAN_POINT('Ctrl Pts',(-20.6417813223858,106.823771656108,14.1792283438994));
#5800=CARTESIAN_POINT('Ctrl Pts',(-20.6868237105316,106.798697120988,14.2043028790186));
#5801=CARTESIAN_POINT('Ctrl Pts',(-20.7352053303117,106.777245571895,14.2257544281124));
#5802=CARTESIAN_POINT('Ctrl Pts',(-20.7669255560627,106.763181388367,14.2398186116403));
#5803=CARTESIAN_POINT('Ctrl Pts',(-20.7999908191696,106.750715857447,14.2522841425604));
#5804=CARTESIAN_POINT('Ctrl Pts',(-20.8342940040075,106.740116098712,14.2628839012946));
#5805=CARTESIAN_POINT('Ctrl Pts',(-20.8956594183445,106.721154052195,14.2818459478122));
#5806=CARTESIAN_POINT('Ctrl Pts',(-20.9600849685682,106.708442632611,14.2945573673955));
#5807=CARTESIAN_POINT('Ctrl Pts',(-21.0265765704106,106.703000000007,14.3));
#5808=CARTESIAN_POINT('',(19.5999997967566,107.,14.003));
#5809=CARTESIAN_POINT('Origin',(19.6,107.6,14.1515));
#5810=CARTESIAN_POINT('Origin',(19.6,107.6,14.153));
#5811=CARTESIAN_POINT('Origin',(-0.824999999999991,107.6,14.3));
#5812=CARTESIAN_POINT('',(-21.1,108.5,14.3));
#5813=CARTESIAN_POINT('Origin',(-21.1,107.6,14.3));
#5814=CARTESIAN_POINT('',(-21.1,108.8,14.3));
#5815=CARTESIAN_POINT('Origin',(-0.824999999999991,107.6,14.3));
#5816=CARTESIAN_POINT('Origin',(19.6,107.6,14.3));
#5817=CARTESIAN_POINT('Origin',(-21.1,107.6,22.3));
#5818=CARTESIAN_POINT('',(-21.1,108.5,22.3));
#5819=CARTESIAN_POINT('Origin',(19.6,107.6,22.3));
#5820=CARTESIAN_POINT('Origin',(19.6,107.6,22.3));
#5821=CARTESIAN_POINT('Origin',(-0.749999999999993,108.5,-21.1));
#5822=CARTESIAN_POINT('',(0.,110.,-21.1));
#5823=CARTESIAN_POINT('Origin',(-21.1,110.,0.));
#5824=CARTESIAN_POINT('',(-21.1,110.,0.));
#5825=CARTESIAN_POINT('Origin',(19.6,110.,0.));
#5826=CARTESIAN_POINT('',(0.,110.,22.3));
#5827=CARTESIAN_POINT('Origin',(-0.749999999999993,108.5,22.3));
#5828=CARTESIAN_POINT('',(0.,0.,0.));
#5829=CARTESIAN_POINT('Origin',(-6.00000000000009,112.474,0.));
#5830=CARTESIAN_POINT('',(-6.00000000000009,112.474,-21.1999999999084));
#5831=CARTESIAN_POINT('',(-6.00000000000009,112.526,-21.1999999999084));
#5832=CARTESIAN_POINT('',(-6.00000000000129,56.2369999999998,-21.1999999999084));
#5833=CARTESIAN_POINT('',(-6.00000000000009,112.474,-22.4000000000013));
#5834=CARTESIAN_POINT('',(-6.00000000000009,112.474,0.));
#5835=CARTESIAN_POINT('',(-6.00000000000009,112.526,-22.4000000000013));
#5836=CARTESIAN_POINT('',(-6.00000000000129,56.2370000000003,-22.4000000000013));
#5837=CARTESIAN_POINT('',(-6.00000000000009,112.526,0.));
#5838=CARTESIAN_POINT('Origin',(-4.72600000000009,112.526,0.));
#5839=CARTESIAN_POINT('',(-4.72600000000009,113.8,-21.1999999999102));
#5840=CARTESIAN_POINT('Origin',(-4.72600000000009,112.526,-21.1999999998875));
#5841=CARTESIAN_POINT('',(-4.72600000000009,113.8,-22.4000000000018));
#5842=CARTESIAN_POINT('Origin',(-4.72600000000009,112.526,-22.4000000000124));
#5843=CARTESIAN_POINT('',(-4.72600000000009,113.8,0.));
#5844=CARTESIAN_POINT('Origin',(-4.72600000000009,113.8,0.));
#5845=CARTESIAN_POINT('',(4.72599999999994,113.8,-21.1999999999233));
#5846=CARTESIAN_POINT('',(-12.9630000000294,113.8,-21.1999999998988));
#5847=CARTESIAN_POINT('',(4.72599999999994,113.8,-22.4000000000055));
#5848=CARTESIAN_POINT('',(8.83699999998675,113.8,-22.4000000000071));
#5849=CARTESIAN_POINT('',(4.72599999999994,113.8,0.));
#5850=CARTESIAN_POINT('Origin',(4.72599999999994,112.526,0.));
#5851=CARTESIAN_POINT('',(5.99999999999994,112.526,-21.199999999925));
#5852=CARTESIAN_POINT('Origin',(4.72599999999994,112.526,-21.1999999998875));
#5853=CARTESIAN_POINT('',(5.99999999999994,112.526,-22.400000000006));
#5854=CARTESIAN_POINT('Origin',(4.72599999999994,112.526,-22.4000000000124));
#5855=CARTESIAN_POINT('',(5.99999999999994,112.526,0.));
#5856=CARTESIAN_POINT('Origin',(5.99999999999994,112.526,0.));
#5857=CARTESIAN_POINT('',(5.99999999999994,112.474,-21.199999999925));
#5858=CARTESIAN_POINT('',(6.00000000000114,56.2630000000003,-21.199999999925));
#5859=CARTESIAN_POINT('',(5.99999999999994,112.474,-22.400000000006));
#5860=CARTESIAN_POINT('',(6.00000000000114,56.2629999999998,-22.400000000006));
#5861=CARTESIAN_POINT('',(5.99999999999994,112.474,0.));
#5862=CARTESIAN_POINT('Origin',(-4.72600000000009,112.474,0.));
#5863=CARTESIAN_POINT('',(-4.72600000000009,111.2,-21.1999999999102));
#5864=CARTESIAN_POINT('Origin',(-4.72600000000009,112.474,-21.1999999998875));
#5865=CARTESIAN_POINT('',(-4.72600000000009,111.2,-22.4000000000018));
#5866=CARTESIAN_POINT('',(-4.72600000000009,111.2,0.));
#5867=CARTESIAN_POINT('Origin',(-4.72600000000009,112.474,-22.4000000000124));
#5868=CARTESIAN_POINT('Origin',(4.72599999999994,111.2,0.));
#5869=CARTESIAN_POINT('',(4.72599999999994,111.2,-21.1999999999233));
#5870=CARTESIAN_POINT('',(-8.23700000002939,111.2,-21.1999999999054));
#5871=CARTESIAN_POINT('',(4.72599999999994,111.2,-22.4000000000055));
#5872=CARTESIAN_POINT('',(4.72599999999994,111.2,0.));
#5873=CARTESIAN_POINT('',(13.5629999999868,111.2,-22.4000000000089));
#5874=CARTESIAN_POINT('Origin',(4.72599999999994,112.474,0.));
#5875=CARTESIAN_POINT('Origin',(4.72599999999994,112.474,-21.1999999998875));
#5876=CARTESIAN_POINT('Origin',(4.72599999999994,112.474,-22.4000000000124));
#5877=CARTESIAN_POINT('Origin',(-11.2000000000275,112.5,-18.6999999999725));
#5878=CARTESIAN_POINT('',(-22.4000000000302,115.,-21.1999999999676));
#5879=CARTESIAN_POINT('',(-22.4000000000308,110.,-16.1999999999676));
#5880=CARTESIAN_POINT('',(-22.4000000000341,85.3000000000084,8.50000000002399));
#5881=CARTESIAN_POINT('',(-21.2000000000327,110.,-16.1999999999681));
#5882=CARTESIAN_POINT('',(-11.2000000000289,110.,-16.1999999999725));
#5883=CARTESIAN_POINT('',(-21.2000000000294,115.,-21.1999999998875));
#5884=CARTESIAN_POINT('',(-21.2000000000558,74.4000000000024,19.4000000000295));
#5885=CARTESIAN_POINT('',(-11.2000000000286,115.,-21.1999999999725));
#5886=CARTESIAN_POINT('Origin',(-2.32835972724388E-11,115.,-19.29999999999));
#5887=CARTESIAN_POINT('',(21.1999999999782,115.,-21.199999999946));
#5888=CARTESIAN_POINT('',(21.1999999999782,115.,-21.199999999946));
#5889=CARTESIAN_POINT('',(22.3999999999827,115.,-21.1999999999874));
#5890=CARTESIAN_POINT('',(10.5999999999769,115.,-21.1999999999822));
#5891=CARTESIAN_POINT('',(22.3999999999823,115.,-22.4000000000124));
#5892=CARTESIAN_POINT('',(22.3999999999964,115.,22.4000000000266));
#5893=CARTESIAN_POINT('',(-22.4000000000301,115.,-22.3999999999949));
#5894=CARTESIAN_POINT('',(22.3999999999823,115.,-22.4000000000124));
#5895=CARTESIAN_POINT('',(-22.40000000003,115.,-22.3999999999949));
#5896=CARTESIAN_POINT('Origin',(-21.200000000057,0.,21.2000000000333));
#5897=CARTESIAN_POINT('',(-21.2,110.,22.4000000000342));
#5898=CARTESIAN_POINT('',(-21.2,110.,5.51336754028853E-12));
#5899=CARTESIAN_POINT('',(-21.2,108.292820323028,22.4000000000345));
#5900=CARTESIAN_POINT('',(-21.2,55.,22.4000000000342));
#5901=CARTESIAN_POINT('',(-21.2000000000294,108.292820323023,-21.2));
#5902=CARTESIAN_POINT('',(-21.2000000000432,108.292820323021,0.));
#5903=CARTESIAN_POINT('',(-21.2000000000294,0.,-21.1999999998875));
#5904=CARTESIAN_POINT('Origin',(10.599999999978,112.5,-18.6999999999822));
#5905=CARTESIAN_POINT('',(22.3999999999842,110.,-16.1999999999874));
#5906=CARTESIAN_POINT('',(22.3999999999955,74.0999999999961,19.7000000000165));
#5907=CARTESIAN_POINT('',(21.1999999999802,110.,-16.1999999999869));
#5908=CARTESIAN_POINT('',(21.1999999999792,112.49999999999,-18.6999999999766));
#5909=CARTESIAN_POINT('',(10.5999999999766,110.,-16.1999999999822));
#5910=CARTESIAN_POINT('Origin',(22.3999999999964,0.,22.4000000000266));
#5911=CARTESIAN_POINT('',(22.3999999999753,110.,-15.6999999999894));
#5912=CARTESIAN_POINT('',(22.3999999999964,110.,22.4000000000266));
#5913=CARTESIAN_POINT('',(22.3999999999753,0.,-15.6999999999894));
#5914=CARTESIAN_POINT('',(22.3999999999845,0.,-15.6999999999894));
#5915=CARTESIAN_POINT('',(22.3999999999823,0.,-22.4000000000124));
#5916=CARTESIAN_POINT('',(22.3999999999964,0.,22.4000000000266));
#5917=CARTESIAN_POINT('',(22.3999999999823,0.,-22.4000000000124));
#5918=CARTESIAN_POINT('Origin',(21.1999999999782,110.,-21.199999999946));
#5919=CARTESIAN_POINT('',(21.1999999999782,110.,-21.199999999946));
#5920=CARTESIAN_POINT('',(21.1999999999782,110.,-21.199999999946));
#5921=CARTESIAN_POINT('',(21.1999999999825,110.,-10.5999999999718));
#5922=CARTESIAN_POINT('Origin',(-1.97752925146233E-11,110.,1.10267350805771E-11));
#5923=CARTESIAN_POINT('',(-0.600000000012852,110.,-22.3999999999751));
#5924=CARTESIAN_POINT('',(0.599999999968888,110.,-22.3999999999871));
#5925=CARTESIAN_POINT('',(11.1999999999769,110.,-22.400000000008));
#5926=CARTESIAN_POINT('',(0.599999999961733,110.,-23.8999999999871));
#5927=CARTESIAN_POINT('',(0.599999999961733,110.,-23.8999999999871));
#5928=CARTESIAN_POINT('',(-0.600000000021486,110.,-23.8999999999871));
#5929=CARTESIAN_POINT('',(-0.600000000021486,110.,-23.8999999999871));
#5930=CARTESIAN_POINT('',(-0.600000000012852,110.,-22.3999999999751));
#5931=CARTESIAN_POINT('Origin',(-1.97752925146233E-11,110.,1.10267350805771E-11));
#5932=CARTESIAN_POINT('',(14.3999999999871,110.,-22.3999999999751));
#5933=CARTESIAN_POINT('',(15.5999999999689,110.,-22.3999999999871));
#5934=CARTESIAN_POINT('',(11.1999999999769,110.,-22.400000000008));
#5935=CARTESIAN_POINT('',(15.5999999999617,110.,-23.8999999999871));
#5936=CARTESIAN_POINT('',(15.5999999999617,110.,-23.8999999999871));
#5937=CARTESIAN_POINT('',(14.3999999999785,110.,-23.8999999999871));
#5938=CARTESIAN_POINT('',(14.3999999999785,110.,-23.8999999999871));
#5939=CARTESIAN_POINT('',(14.3999999999871,110.,-22.3999999999751));
#5940=CARTESIAN_POINT('Origin',(-1.97752925146233E-11,110.,1.10267350805771E-11));
#5941=CARTESIAN_POINT('',(19.7,110.,-21.1999999999439));
#5942=CARTESIAN_POINT('',(-10.6000000000392,110.,-21.1999999999021));
#5943=CARTESIAN_POINT('',(19.7,110.,22.4000000000271));
#5944=CARTESIAN_POINT('',(19.7,110.,0.));
#5945=CARTESIAN_POINT('',(22.3999999999964,110.,22.4000000000266));
#5946=CARTESIAN_POINT('',(-22.4000000000359,110.,22.4000000000344));
#5947=CARTESIAN_POINT('',(22.3999999999765,110.,15.700000000025));
#5948=CARTESIAN_POINT('',(22.3999999999964,110.,22.4000000000266));
#5949=CARTESIAN_POINT('',(20.8999999999872,110.,15.7000000000361));
#5950=CARTESIAN_POINT('',(10.4500000000419,110.,15.7000000001136));
#5951=CARTESIAN_POINT('',(20.8999999999872,110.,14.3000000000091));
#5952=CARTESIAN_POINT('',(20.8999999999873,110.,7.1500000000102));
#5953=CARTESIAN_POINT('',(22.3999999999753,110.,14.3000000000106));
#5954=CARTESIAN_POINT('',(11.1999999999706,110.,14.2999999999993));
#5955=CARTESIAN_POINT('',(22.3999999999765,110.,0.700000000024981));
#5956=CARTESIAN_POINT('',(22.3999999999964,110.,22.4000000000266));
#5957=CARTESIAN_POINT('',(20.8999999999872,110.,0.70000000003611));
#5958=CARTESIAN_POINT('',(10.4499999999863,110.,0.700000000113641));
#5959=CARTESIAN_POINT('',(20.8999999999872,110.,-0.699999999990888));
#5960=CARTESIAN_POINT('',(20.8999999999872,110.,-0.349999999989798));
#5961=CARTESIAN_POINT('',(22.3999999999753,110.,-0.699999999989378));
#5962=CARTESIAN_POINT('',(11.1999999999781,110.,-0.700000000000652));
#5963=CARTESIAN_POINT('',(22.3999999999765,110.,-14.299999999975));
#5964=CARTESIAN_POINT('',(22.3999999999964,110.,22.4000000000266));
#5965=CARTESIAN_POINT('',(20.8999999999872,110.,-14.2999999999639));
#5966=CARTESIAN_POINT('',(10.4499999999306,110.,-14.2999999998864));
#5967=CARTESIAN_POINT('',(20.8999999999872,110.,-15.6999999999909));
#5968=CARTESIAN_POINT('',(20.8999999999871,110.,-7.8499999999898));
#5969=CARTESIAN_POINT('',(11.1999999999857,110.,-15.7000000000007));
#5970=CARTESIAN_POINT('Origin',(-1.97752925146233E-11,110.,1.10267350805771E-11));
#5971=CARTESIAN_POINT('',(-15.6000000000129,110.,-22.3999999999751));
#5972=CARTESIAN_POINT('',(-14.4000000000311,110.,-22.3999999999871));
#5973=CARTESIAN_POINT('',(11.1999999999769,110.,-22.400000000008));
#5974=CARTESIAN_POINT('',(-14.4000000000383,110.,-23.8999999999871));
#5975=CARTESIAN_POINT('',(-14.4000000000383,110.,-23.8999999999871));
#5976=CARTESIAN_POINT('',(-15.6000000000215,110.,-23.8999999999871));
#5977=CARTESIAN_POINT('',(-15.6000000000215,110.,-23.8999999999871));
#5978=CARTESIAN_POINT('',(-15.6000000000129,110.,-22.3999999999751));
#5979=CARTESIAN_POINT('Origin',(-21.0999981847196,106.900000000007,0.));
#5980=CARTESIAN_POINT('',(19.6000002201387,106.9,22.4000000000271));
#5981=CARTESIAN_POINT('',(15.699999999973,106.900000000001,22.4000000000278));
#5982=CARTESIAN_POINT('',(-21.7499990923667,106.900000000007,22.4000000000343));
#5983=CARTESIAN_POINT('',(19.6000002201387,106.9,21.2000000000279));
#5984=CARTESIAN_POINT('',(19.5999999999999,106.9,0.));
#5985=CARTESIAN_POINT('',(16.899999999973,106.900000000001,21.2000000000282));
#5986=CARTESIAN_POINT('',(0.0500009076484291,106.900000000003,21.2000000000305));
#5987=CARTESIAN_POINT('',(16.8999999999731,106.900000000001,19.7000000000064));
#5988=CARTESIAN_POINT('',(16.8999999999733,106.900000000001,11.2000000000122));
#5989=CARTESIAN_POINT('',(13.0999999999552,106.900000000001,19.7000000000073));
#5990=CARTESIAN_POINT('',(-2.09999909236172,106.900000000004,19.7000000000111));
#5991=CARTESIAN_POINT('',(13.0999999999552,106.900000000001,21.2000000000287));
#5992=CARTESIAN_POINT('',(13.0999999999547,106.900000000001,9.85000000000292));
#5993=CARTESIAN_POINT('',(1.89999999997301,106.900000000003,21.2000000000302));
#5994=CARTESIAN_POINT('',(0.0500009076484291,106.900000000003,21.2000000000305));
#5995=CARTESIAN_POINT('',(1.89999999997305,106.900000000003,19.7000000000064));
#5996=CARTESIAN_POINT('',(1.89999999997329,106.900000000003,11.200000000012));
#5997=CARTESIAN_POINT('',(-1.90000000004484,106.900000000004,19.7000000000073));
#5998=CARTESIAN_POINT('',(-9.59999909236172,106.900000000005,19.7000000000092));
#5999=CARTESIAN_POINT('',(-1.90000000004478,106.900000000004,21.2000000000307));
#6000=CARTESIAN_POINT('',(-1.90000000004526,106.900000000004,9.85000000000324));
#6001=CARTESIAN_POINT('',(-13.100000000027,106.900000000006,21.2000000000322));
#6002=CARTESIAN_POINT('',(0.0500009076484291,106.900000000003,21.2000000000305));
#6003=CARTESIAN_POINT('',(-13.1000000000269,106.900000000006,19.7000000000064));
#6004=CARTESIAN_POINT('',(-13.1000000000267,106.900000000006,11.2000000000118));
#6005=CARTESIAN_POINT('',(-16.9000000000448,106.900000000006,19.7000000000073));
#6006=CARTESIAN_POINT('',(-17.0999990923617,106.900000000006,19.7000000000073));
#6007=CARTESIAN_POINT('',(-16.9000000000448,106.900000000006,21.2000000000327));
#6008=CARTESIAN_POINT('',(-16.9000000000453,106.900000000006,9.85000000000356));
#6009=CARTESIAN_POINT('',(-21.1000000000001,106.900000000007,21.2000000000276));
#6010=CARTESIAN_POINT('',(0.0500009076484291,106.900000000003,21.2000000000305));
#6011=CARTESIAN_POINT('',(-21.1000000000001,106.900000000007,22.4000000000344));
#6012=CARTESIAN_POINT('',(-21.1000000000001,106.900000000007,0.));
#6013=CARTESIAN_POINT('',(-15.7000000000224,106.900000000006,22.4000000000333));
#6014=CARTESIAN_POINT('',(-21.7499990923667,106.900000000007,22.4000000000343));
#6015=CARTESIAN_POINT('',(-15.700000000031,106.900000000006,20.9000000000099));
#6016=CARTESIAN_POINT('',(-15.7000000000868,106.900000000006,11.1999999999943));
#6017=CARTESIAN_POINT('',(-14.300000000027,106.900000000006,20.9000000000099));
#6018=CARTESIAN_POINT('',(-18.3999990923662,106.900000000007,20.9000000000099));
#6019=CARTESIAN_POINT('',(-14.300000000027,106.900000000006,22.400000000033));
#6020=CARTESIAN_POINT('',(-14.3000000000268,106.900000000006,10.450000000005));
#6021=CARTESIAN_POINT('',(-0.700000000022385,106.900000000004,22.4000000000306));
#6022=CARTESIAN_POINT('',(-21.7499990923667,106.900000000007,22.4000000000343));
#6023=CARTESIAN_POINT('',(-0.700000000031018,106.900000000004,20.9000000000099));
#6024=CARTESIAN_POINT('',(-0.700000000086844,106.900000000004,11.1999999999511));
#6025=CARTESIAN_POINT('',(0.699999999973007,106.900000000003,20.9000000000099));
#6026=CARTESIAN_POINT('',(-10.8999990923662,106.900000000005,20.9000000000099));
#6027=CARTESIAN_POINT('',(0.69999999997298,106.900000000003,22.4000000000304));
#6028=CARTESIAN_POINT('',(0.699999999973193,106.900000000003,10.4500000000051));
#6029=CARTESIAN_POINT('',(14.2999999999776,106.900000000001,22.400000000028));
#6030=CARTESIAN_POINT('',(-21.7499990923667,106.900000000007,22.4000000000343));
#6031=CARTESIAN_POINT('',(14.299999999969,106.900000000001,20.9000000000099));
#6032=CARTESIAN_POINT('',(14.2999999999132,106.900000000001,11.199999999908));
#6033=CARTESIAN_POINT('',(15.699999999973,106.900000000001,20.9000000000099));
#6034=CARTESIAN_POINT('',(-3.39999909236619,106.900000000004,20.9000000000099));
#6035=CARTESIAN_POINT('',(15.6999999999732,106.900000000001,10.4500000000053));
#6036=CARTESIAN_POINT('Origin',(19.7,110.,0.));
#6037=CARTESIAN_POINT('',(19.7,108.292820323028,-21.2));
#6038=CARTESIAN_POINT('',(19.7,55.,-21.1999999999439));
#6039=CARTESIAN_POINT('',(19.7,108.292820323028,22.4000000000344));
#6040=CARTESIAN_POINT('',(19.7,108.292820323028,0.));
#6041=CARTESIAN_POINT('',(19.7,54.1464101615138,22.400000000027));
#6042=CARTESIAN_POINT('Origin',(19.6,107.6,0.));
#6043=CARTESIAN_POINT('',(19.7,106.907179676972,-21.1999999999439));
#6044=CARTESIAN_POINT('Origin',(19.6,107.6,-21.2));
#6045=CARTESIAN_POINT('',(19.6999999999842,106.907179676988,-16.9000000000031));
#6046=CARTESIAN_POINT('',(19.7,106.907179676972,0.));
#6047=CARTESIAN_POINT('',(19.6999999999842,106.907179676988,-13.1000000003822));
#6048=CARTESIAN_POINT('',(19.7,106.907179676972,0.));
#6049=CARTESIAN_POINT('',(19.6999999999842,106.907179676988,-1.90000000000313));
#6050=CARTESIAN_POINT('',(19.7,106.907179676972,0.));
#6051=CARTESIAN_POINT('',(19.6999999999842,106.907179676988,1.89999999961777));
#6052=CARTESIAN_POINT('',(19.7,106.907179676972,0.));
#6053=CARTESIAN_POINT('',(19.6999999999842,106.907179676988,13.0999999999969));
#6054=CARTESIAN_POINT('',(19.7,106.907179676972,0.));
#6055=CARTESIAN_POINT('',(19.6999999999842,106.907179676988,16.8999999996178));
#6056=CARTESIAN_POINT('',(19.7,106.907179676972,0.));
#6057=CARTESIAN_POINT('',(19.7,106.907179676972,21.2000000000278));
#6058=CARTESIAN_POINT('',(19.7,106.907179676972,0.));
#6059=CARTESIAN_POINT('Origin',(19.6,107.6,21.2000000000276));
#6060=CARTESIAN_POINT('Origin',(19.6,107.6,22.4000000000344));
#6061=CARTESIAN_POINT('Origin',(-22.4000000000359,0.,22.4000000000344));
#6062=CARTESIAN_POINT('',(15.699999999973,0.,22.4000000000288));
#6063=CARTESIAN_POINT('',(15.699999999973,0.,22.4000000000278));
#6064=CARTESIAN_POINT('',(22.3999999999964,0.,22.4000000000266));
#6065=CARTESIAN_POINT('',(-22.4000000000359,0.,22.4000000000344));
#6066=CARTESIAN_POINT('',(22.3999999999964,0.,22.4000000000266));
#6067=CARTESIAN_POINT('Origin',(15.699999999973,0.,20.9000000000099));
#6068=CARTESIAN_POINT('',(15.699999999973,0.,20.9000000000099));
#6069=CARTESIAN_POINT('',(15.699999999973,0.,20.9000000000099));
#6070=CARTESIAN_POINT('',(15.6999999999732,0.,11.20000000002));
#6071=CARTESIAN_POINT('Origin',(14.299999999969,0.,20.9000000000099));
#6072=CARTESIAN_POINT('',(14.299999999969,0.,20.9000000000099));
#6073=CARTESIAN_POINT('',(14.299999999969,0.,20.9000000000099));
#6074=CARTESIAN_POINT('',(7.84999999997662,0.,20.9000000000099));
#6075=CARTESIAN_POINT('Origin',(14.2999999999776,0.,22.4000000000196));
#6076=CARTESIAN_POINT('',(14.2999999999776,0.,22.4000000000196));
#6077=CARTESIAN_POINT('',(14.2999999999776,0.,22.400000000028));
#6078=CARTESIAN_POINT('',(14.2999999999088,0.,10.4499999999693));
#6079=CARTESIAN_POINT('Origin',(-22.4000000000359,0.,22.4000000000344));
#6080=CARTESIAN_POINT('',(0.69999999997298,0.,22.4000000000288));
#6081=CARTESIAN_POINT('',(0.69999999997298,0.,22.4000000000304));
#6082=CARTESIAN_POINT('',(-22.4000000000359,0.,22.4000000000344));
#6083=CARTESIAN_POINT('Origin',(0.699999999973007,0.,20.9000000000099));
#6084=CARTESIAN_POINT('',(0.699999999973007,0.,20.9000000000099));
#6085=CARTESIAN_POINT('',(0.699999999973007,0.,20.9000000000099));
#6086=CARTESIAN_POINT('',(0.699999999973179,0.,11.2000000000199));
#6087=CARTESIAN_POINT('Origin',(-0.700000000031018,0.,20.9000000000099));
#6088=CARTESIAN_POINT('',(-0.700000000031018,0.,20.9000000000099));
#6089=CARTESIAN_POINT('',(-0.700000000031018,0.,20.9000000000099));
#6090=CARTESIAN_POINT('',(0.349999999976616,0.,20.9000000000099));
#6091=CARTESIAN_POINT('Origin',(-0.700000000022385,0.,22.4000000000196));
#6092=CARTESIAN_POINT('',(-0.700000000022385,0.,22.4000000000196));
#6093=CARTESIAN_POINT('',(-0.700000000022385,0.,22.4000000000306));
#6094=CARTESIAN_POINT('',(-0.700000000091162,0.,10.4500000000125));
#6095=CARTESIAN_POINT('Origin',(-22.4000000000359,0.,22.4000000000344));
#6096=CARTESIAN_POINT('',(-14.300000000027,0.,22.4000000000288));
#6097=CARTESIAN_POINT('',(-14.300000000027,0.,22.400000000033));
#6098=CARTESIAN_POINT('',(-22.4000000000359,0.,22.4000000000344));
#6099=CARTESIAN_POINT('Origin',(-14.300000000027,0.,20.9000000000099));
#6100=CARTESIAN_POINT('',(-14.300000000027,0.,20.9000000000099));
#6101=CARTESIAN_POINT('',(-14.300000000027,0.,20.9000000000099));
#6102=CARTESIAN_POINT('',(-14.3000000000268,0.,11.2000000000198));
#6103=CARTESIAN_POINT('Origin',(-15.700000000031,0.,20.9000000000099));
#6104=CARTESIAN_POINT('',(-15.700000000031,0.,20.9000000000099));
#6105=CARTESIAN_POINT('',(-15.700000000031,0.,20.9000000000099));
#6106=CARTESIAN_POINT('',(-7.15000000002338,0.,20.9000000000099));
#6107=CARTESIAN_POINT('Origin',(-15.7000000000224,0.,22.4000000000196));
#6108=CARTESIAN_POINT('',(-15.7000000000224,0.,22.4000000000196));
#6109=CARTESIAN_POINT('',(-15.7000000000224,0.,22.4000000000333));
#6110=CARTESIAN_POINT('',(-15.7000000000912,0.,10.4500000000556));
#6111=CARTESIAN_POINT('Origin',(-21.1,107.6,0.));
#6112=CARTESIAN_POINT('',(-21.2000000000294,106.907179676977,-21.2));
#6113=CARTESIAN_POINT('',(-21.200000000057,106.907179676981,21.2000000000333));
#6114=CARTESIAN_POINT('',(-21.2000000000432,106.907179676979,0.));
#6115=CARTESIAN_POINT('Origin',(-21.1,107.6,-21.2));
#6116=CARTESIAN_POINT('Origin',(-21.1,107.6,22.4000000000344));
#6117=CARTESIAN_POINT('Origin',(-21.1,107.6,21.2000000000276));
#6118=CARTESIAN_POINT('Origin',(19.7,110.,0.));
#6119=CARTESIAN_POINT('',(19.6999999999842,1.,-16.9000000000031));
#6120=CARTESIAN_POINT('',(19.6999999999842,0.,-16.9000000000031));
#6121=CARTESIAN_POINT('',(19.6999999999842,1.,-13.1000000003822));
#6122=CARTESIAN_POINT('',(19.6999999999842,1.,-8.45000000000037));
#6123=CARTESIAN_POINT('',(19.6999999999842,0.,-13.1000000003822));
#6124=CARTESIAN_POINT('Origin',(19.7,110.,0.));
#6125=CARTESIAN_POINT('',(19.6999999999842,1.,13.0999999999969));
#6126=CARTESIAN_POINT('',(19.6999999999842,0.,13.0999999999969));
#6127=CARTESIAN_POINT('',(19.6999999999842,1.,16.8999999996178));
#6128=CARTESIAN_POINT('',(19.6999999999842,1.,6.54999999999963));
#6129=CARTESIAN_POINT('',(19.6999999999842,0.,16.8999999996178));
#6130=CARTESIAN_POINT('Origin',(-21.2000000000294,0.,-21.1999999998875));
#6131=CARTESIAN_POINT('',(-21.2000000000294,1.,-21.1999999998875));
#6132=CARTESIAN_POINT('',(-21.2000000000294,0.,-21.1999999998875));
#6133=CARTESIAN_POINT('',(21.1999999999782,1.,-21.199999999946));
#6134=CARTESIAN_POINT('',(-10.600000000028,1.,-21.1999999999021));
#6135=CARTESIAN_POINT('',(21.2,105.407179676973,-21.199999999946));
#6136=CARTESIAN_POINT('',(21.1999999999782,0.,-21.199999999946));
#6137=CARTESIAN_POINT('',(36.2017949192263,90.4053847577496,-21.1999999999667));
#6138=CARTESIAN_POINT('Origin',(-21.200000000057,0.,21.2000000000333));
#6139=CARTESIAN_POINT('',(-21.200000000057,1.,21.2000000000333));
#6140=CARTESIAN_POINT('',(-21.200000000057,0.,21.2000000000333));
#6141=CARTESIAN_POINT('',(-21.2000000000501,1.,10.600000000011));
#6142=CARTESIAN_POINT('Origin',(22.3999999999964,0.,22.4000000000266));
#6143=CARTESIAN_POINT('',(22.3999999999765,0.,0.700000000024981));
#6144=CARTESIAN_POINT('',(22.3999999999896,0.,0.700000000024978));
#6145=CARTESIAN_POINT('',(22.3999999999753,0.,14.3000000000106));
#6146=CARTESIAN_POINT('',(22.3999999999938,0.,14.3000000000106));
#6147=CARTESIAN_POINT('',(22.3999999999964,0.,22.4000000000266));
#6148=CARTESIAN_POINT('Origin',(22.3999999999964,0.,22.4000000000266));
#6149=CARTESIAN_POINT('',(22.3999999999765,0.,-14.299999999975));
#6150=CARTESIAN_POINT('',(22.3999999999849,0.,-14.299999999975));
#6151=CARTESIAN_POINT('',(22.3999999999753,0.,-0.699999999989378));
#6152=CARTESIAN_POINT('',(22.3999999999891,0.,-0.69999999998938));
#6153=CARTESIAN_POINT('',(22.3999999999964,0.,22.4000000000266));
#6154=CARTESIAN_POINT('Origin',(-1.97752925146233E-11,0.,1.10267350805771E-11));
#6155=CARTESIAN_POINT('',(20.8999999999872,0.,-15.6999999999909));
#6156=CARTESIAN_POINT('',(11.1999999999857,0.,-15.7000000000007));
#6157=CARTESIAN_POINT('',(20.8999999999872,0.,-14.2999999999639));
#6158=CARTESIAN_POINT('',(20.8999999999871,0.,-7.8499999999898));
#6159=CARTESIAN_POINT('',(10.4499999999306,0.,-14.2999999998864));
#6160=CARTESIAN_POINT('',(20.8999999999872,0.,-0.699999999990888));
#6161=CARTESIAN_POINT('',(11.1999999999781,0.,-0.700000000000652));
#6162=CARTESIAN_POINT('',(20.8999999999872,0.,0.70000000003611));
#6163=CARTESIAN_POINT('',(20.8999999999872,0.,-0.349999999989798));
#6164=CARTESIAN_POINT('',(10.4499999999863,0.,0.700000000113641));
#6165=CARTESIAN_POINT('',(20.8999999999872,0.,14.3000000000091));
#6166=CARTESIAN_POINT('',(11.1999999999706,0.,14.2999999999993));
#6167=CARTESIAN_POINT('',(20.8999999999872,0.,15.7000000000361));
#6168=CARTESIAN_POINT('',(20.8999999999873,0.,7.1500000000102));
#6169=CARTESIAN_POINT('',(22.3999999999765,0.,15.700000000025));
#6170=CARTESIAN_POINT('',(10.4500000000419,0.,15.7000000001136));
#6171=CARTESIAN_POINT('',(22.3999999999964,0.,22.4000000000266));
#6172=CARTESIAN_POINT('',(-22.4000000000359,0.,22.4000000000344));
#6173=CARTESIAN_POINT('',(-22.4000000000359,0.,22.4000000000344));
#6174=CARTESIAN_POINT('',(-22.4000000000163,0.,15.6000000000115));
#6175=CARTESIAN_POINT('',(-22.40000000003,0.,-22.3999999999949));
#6176=CARTESIAN_POINT('',(-23.9000000000229,0.,15.6000000000115));
#6177=CARTESIAN_POINT('',(-23.9000000000229,0.,15.6000000000115));
#6178=CARTESIAN_POINT('',(-23.9000000000229,0.,14.4000000000207));
#6179=CARTESIAN_POINT('',(-23.9000000000229,0.,14.4000000000207));
#6180=CARTESIAN_POINT('',(-22.4000000000232,0.,14.4000000000247));
#6181=CARTESIAN_POINT('',(-22.4000000000232,0.,14.4000000000247));
#6182=CARTESIAN_POINT('',(-22.4000000000163,0.,0.600000000011547));
#6183=CARTESIAN_POINT('',(-22.40000000003,0.,-22.3999999999949));
#6184=CARTESIAN_POINT('',(-23.9000000000229,0.,0.600000000011538));
#6185=CARTESIAN_POINT('',(-23.9000000000229,0.,0.600000000011538));
#6186=CARTESIAN_POINT('',(-23.9000000000229,0.,-0.599999999979286));
#6187=CARTESIAN_POINT('',(-23.9000000000229,0.,-0.599999999979286));
#6188=CARTESIAN_POINT('',(-22.4000000000232,0.,-0.59999999997526));
#6189=CARTESIAN_POINT('',(-22.4000000000232,0.,-0.59999999997526));
#6190=CARTESIAN_POINT('',(-22.4000000000163,0.,-14.3999999999885));
#6191=CARTESIAN_POINT('',(-22.40000000003,0.,-22.3999999999949));
#6192=CARTESIAN_POINT('',(-23.9000000000229,0.,-14.3999999999885));
#6193=CARTESIAN_POINT('',(-23.9000000000229,0.,-14.3999999999885));
#6194=CARTESIAN_POINT('',(-23.9000000000229,0.,-15.5999999999793));
#6195=CARTESIAN_POINT('',(-23.9000000000229,0.,-15.5999999999793));
#6196=CARTESIAN_POINT('',(-22.4000000000232,0.,-15.5999999999753));
#6197=CARTESIAN_POINT('',(-22.4000000000232,0.,-15.5999999999753));
#6198=CARTESIAN_POINT('',(-22.40000000003,0.,-22.3999999999949));
#6199=CARTESIAN_POINT('',(-22.40000000003,0.,-22.3999999999949));
#6200=CARTESIAN_POINT('',(-15.6000000000129,0.,-22.3999999999751));
#6201=CARTESIAN_POINT('',(22.3999999999823,0.,-22.4000000000124));
#6202=CARTESIAN_POINT('',(-15.6000000000215,0.,-23.8999999999871));
#6203=CARTESIAN_POINT('',(-15.6000000000129,0.,-22.3999999999751));
#6204=CARTESIAN_POINT('',(-14.4000000000383,0.,-23.8999999999871));
#6205=CARTESIAN_POINT('',(-15.6000000000215,0.,-23.8999999999871));
#6206=CARTESIAN_POINT('',(-14.4000000000311,0.,-22.3999999999871));
#6207=CARTESIAN_POINT('',(-14.4000000000383,0.,-23.8999999999871));
#6208=CARTESIAN_POINT('',(-0.600000000012852,0.,-22.3999999999751));
#6209=CARTESIAN_POINT('',(22.3999999999823,0.,-22.4000000000124));
#6210=CARTESIAN_POINT('',(-0.600000000021486,0.,-23.8999999999871));
#6211=CARTESIAN_POINT('',(-0.600000000012852,0.,-22.3999999999751));
#6212=CARTESIAN_POINT('',(0.599999999961733,0.,-23.8999999999871));
#6213=CARTESIAN_POINT('',(-0.600000000021486,0.,-23.8999999999871));
#6214=CARTESIAN_POINT('',(0.599999999968888,0.,-22.3999999999871));
#6215=CARTESIAN_POINT('',(0.599999999961733,0.,-23.8999999999871));
#6216=CARTESIAN_POINT('',(14.3999999999871,0.,-22.3999999999751));
#6217=CARTESIAN_POINT('',(22.3999999999823,0.,-22.4000000000124));
#6218=CARTESIAN_POINT('',(14.3999999999785,0.,-23.8999999999871));
#6219=CARTESIAN_POINT('',(14.3999999999871,0.,-22.3999999999751));
#6220=CARTESIAN_POINT('',(15.5999999999617,0.,-23.8999999999871));
#6221=CARTESIAN_POINT('',(14.3999999999785,0.,-23.8999999999871));
#6222=CARTESIAN_POINT('',(15.5999999999689,0.,-22.3999999999871));
#6223=CARTESIAN_POINT('',(15.5999999999617,0.,-23.8999999999871));
#6224=CARTESIAN_POINT('',(22.3999999999823,0.,-22.4000000000124));
#6225=CARTESIAN_POINT('Origin',(19.6999999999842,0.,-13.1000000003822));
#6226=CARTESIAN_POINT('',(21.1999999999815,1.,-13.1000000003805));
#6227=CARTESIAN_POINT('',(9.85000000000087,1.,-13.1000000003934));
#6228=CARTESIAN_POINT('',(21.1999999999815,105.407179676991,-13.1000000003805));
#6229=CARTESIAN_POINT('',(21.1999999999815,0.,-13.1000000003805));
#6230=CARTESIAN_POINT('',(46.4267949192429,80.1803847577352,-13.100000000352));
#6231=CARTESIAN_POINT('Origin',(22.3999999999934,0.,-16.8999999999991));
#6232=CARTESIAN_POINT('',(21.1999999999799,1.,-16.9000000000009));
#6233=CARTESIAN_POINT('',(11.2000000000107,1.,-16.9000000000158));
#6234=CARTESIAN_POINT('',(21.1999999999799,105.407179676993,-16.9000000000009));
#6235=CARTESIAN_POINT('',(47.1017949192479,79.5053847577303,-16.8999999999622));
#6236=CARTESIAN_POINT('',(21.1999999999799,0.,-16.9000000000009));
#6237=CARTESIAN_POINT('Origin',(19.6999999999842,0.,1.89999999961777));
#6238=CARTESIAN_POINT('',(21.1999999999875,1.,1.89999999961947));
#6239=CARTESIAN_POINT('',(19.6999999999842,1.,1.89999999961777));
#6240=CARTESIAN_POINT('',(9.84999999999238,1.,1.89999999960662));
#6241=CARTESIAN_POINT('',(21.1999999999875,105.407179676985,1.89999999961947));
#6242=CARTESIAN_POINT('',(21.1999999999875,0.,1.89999999961947));
#6243=CARTESIAN_POINT('',(46.4267949192386,80.1803847577394,1.89999999964804));
#6244=CARTESIAN_POINT('',(19.6999999999842,0.,1.89999999961777));
#6245=CARTESIAN_POINT('Origin',(22.3999999999934,0.,-1.89999999999909));
#6246=CARTESIAN_POINT('',(19.6999999999842,1.,-1.90000000000313));
#6247=CARTESIAN_POINT('',(21.199999999986,1.,-1.90000000000089));
#6248=CARTESIAN_POINT('',(11.1999999999994,1.,-1.90000000001584));
#6249=CARTESIAN_POINT('',(19.6999999999842,0.,-1.90000000000313));
#6250=CARTESIAN_POINT('',(21.199999999986,105.407179676987,-1.90000000000089));
#6251=CARTESIAN_POINT('',(47.1017949192423,79.5053847577359,-1.89999999996216));
#6252=CARTESIAN_POINT('',(21.199999999986,0.,-1.90000000000088));
#6253=CARTESIAN_POINT('Origin',(-1.97752925146233E-11,110.,1.10267350805771E-11));
#6254=CARTESIAN_POINT('',(-22.4000000000232,110.,-15.5999999999753));
#6255=CARTESIAN_POINT('',(-22.40000000003,110.,-22.3999999999949));
#6256=CARTESIAN_POINT('',(-23.9000000000229,110.,-15.5999999999793));
#6257=CARTESIAN_POINT('',(-22.4000000000232,110.,-15.5999999999753));
#6258=CARTESIAN_POINT('',(-23.9000000000229,110.,-14.3999999999885));
#6259=CARTESIAN_POINT('',(-23.9000000000229,110.,-15.5999999999793));
#6260=CARTESIAN_POINT('',(-22.4000000000163,110.,-14.3999999999885));
#6261=CARTESIAN_POINT('',(-23.9000000000229,110.,-14.3999999999885));
#6262=CARTESIAN_POINT('',(-22.4000000000232,110.,-0.59999999997526));
#6263=CARTESIAN_POINT('',(-22.40000000003,110.,-22.3999999999949));
#6264=CARTESIAN_POINT('',(-23.9000000000229,110.,-0.599999999979286));
#6265=CARTESIAN_POINT('',(-22.4000000000232,110.,-0.59999999997526));
#6266=CARTESIAN_POINT('',(-23.9000000000229,110.,0.600000000011538));
#6267=CARTESIAN_POINT('',(-23.9000000000229,110.,-0.599999999979286));
#6268=CARTESIAN_POINT('',(-22.4000000000163,110.,0.600000000011547));
#6269=CARTESIAN_POINT('',(-23.9000000000229,110.,0.600000000011538));
#6270=CARTESIAN_POINT('',(-22.4000000000232,110.,14.4000000000247));
#6271=CARTESIAN_POINT('',(-22.40000000003,110.,-22.3999999999949));
#6272=CARTESIAN_POINT('',(-23.9000000000229,110.,14.4000000000207));
#6273=CARTESIAN_POINT('',(-22.4000000000232,110.,14.4000000000247));
#6274=CARTESIAN_POINT('',(-23.9000000000229,110.,15.6000000000115));
#6275=CARTESIAN_POINT('',(-23.9000000000229,110.,14.4000000000207));
#6276=CARTESIAN_POINT('',(-22.4000000000163,110.,15.6000000000115));
#6277=CARTESIAN_POINT('',(-23.9000000000229,110.,15.6000000000115));
#6278=CARTESIAN_POINT('',(-22.4000000000359,110.,22.4000000000344));
#6279=CARTESIAN_POINT('',(-22.40000000003,110.,-22.3999999999949));
#6280=CARTESIAN_POINT('',(-22.4000000000359,110.,22.4000000000344));
#6281=CARTESIAN_POINT('Origin',(19.7,106.907179676972,0.));
#6282=CARTESIAN_POINT('',(21.1999999999921,105.407179676981,13.0999999999991));
#6283=CARTESIAN_POINT('',(21.1999999999825,105.40717967699,-10.5999999999522));
#6284=CARTESIAN_POINT('',(47.1017949192367,79.5053847577415,13.1000000000378));
#6285=CARTESIAN_POINT('Origin',(19.7,106.907179676972,0.));
#6286=CARTESIAN_POINT('',(21.1999999999825,105.40717967699,-10.5999999999522));
#6287=CARTESIAN_POINT('Origin',(19.7,106.907179676972,0.));
#6288=CARTESIAN_POINT('',(21.1999999999825,105.40717967699,-10.5999999999522));
#6289=CARTESIAN_POINT('Origin',(21.1999999999782,0.,-21.199999999946));
#6290=CARTESIAN_POINT('',(21.1999999999921,1.,13.0999999999991));
#6291=CARTESIAN_POINT('',(21.1999999999825,1.,-10.5999999999761));
#6292=CARTESIAN_POINT('',(21.1999999999921,0.,13.0999999999991));
#6293=CARTESIAN_POINT('Origin',(21.1999999999782,0.,-21.199999999946));
#6294=CARTESIAN_POINT('',(21.1999999999825,1.,-10.5999999999761));
#6295=CARTESIAN_POINT('Origin',(21.1999999999782,0.,-21.199999999946));
#6296=CARTESIAN_POINT('',(21.1999999999825,1.,-10.5999999999761));
#6297=CARTESIAN_POINT('Origin',(-23.9000000000229,0.,-14.3999999999885));
#6298=CARTESIAN_POINT('',(-22.4000000000311,0.,-14.3999999999885));
#6299=CARTESIAN_POINT('',(-23.9000000000229,0.,-14.3999999999885));
#6300=CARTESIAN_POINT('Origin',(-23.9000000000229,0.,-15.5999999999793));
#6301=CARTESIAN_POINT('',(-23.9000000000229,0.,-15.5999999999793));
#6302=CARTESIAN_POINT('Origin',(-22.4000000000232,0.,-15.5999999999753));
#6303=CARTESIAN_POINT('',(-22.4000000000309,0.,-15.5999999999753));
#6304=CARTESIAN_POINT('Origin',(-23.9000000000229,0.,0.600000000011538));
#6305=CARTESIAN_POINT('',(-22.4000000000331,0.,0.600000000011547));
#6306=CARTESIAN_POINT('',(-23.9000000000229,0.,0.600000000011538));
#6307=CARTESIAN_POINT('Origin',(-23.9000000000229,0.,-0.599999999979286));
#6308=CARTESIAN_POINT('',(-23.9000000000229,0.,-0.599999999979286));
#6309=CARTESIAN_POINT('Origin',(-22.4000000000232,0.,-0.59999999997526));
#6310=CARTESIAN_POINT('',(-22.4000000000329,0.,-0.59999999997526));
#6311=CARTESIAN_POINT('Origin',(-22.40000000003,0.,-22.3999999999949));
#6312=CARTESIAN_POINT('',(-22.4000000000349,0.,14.4000000000247));
#6313=CARTESIAN_POINT('Origin',(-22.40000000003,0.,-22.3999999999949));
#6314=CARTESIAN_POINT('',(-22.40000000003,0.,-22.3999999999949));
#6315=CARTESIAN_POINT('Origin',(-22.40000000003,0.,-22.3999999999949));
#6316=CARTESIAN_POINT('Origin',(15.5999999999689,0.,-22.3999999999871));
#6317=CARTESIAN_POINT('',(15.5999999999617,0.,-23.8999999999871));
#6318=CARTESIAN_POINT('',(15.5999999999689,0.,-22.4000000000097));
#6319=CARTESIAN_POINT('Origin',(14.3999999999785,0.,-23.8999999999871));
#6320=CARTESIAN_POINT('',(14.3999999999871,0.,-22.4000000000093));
#6321=CARTESIAN_POINT('',(14.3999999999785,0.,-23.8999999999871));
#6322=CARTESIAN_POINT('Origin',(15.5999999999617,0.,-23.8999999999871));
#6323=CARTESIAN_POINT('Origin',(0.599999999968888,0.,-22.3999999999871));
#6324=CARTESIAN_POINT('',(0.599999999961733,0.,-23.8999999999871));
#6325=CARTESIAN_POINT('',(0.599999999968888,0.,-22.4000000000039));
#6326=CARTESIAN_POINT('Origin',(-0.600000000021486,0.,-23.8999999999871));
#6327=CARTESIAN_POINT('',(-0.600000000012852,0.,-22.4000000000034));
#6328=CARTESIAN_POINT('',(-0.600000000021486,0.,-23.8999999999871));
#6329=CARTESIAN_POINT('Origin',(0.599999999961733,0.,-23.8999999999871));
#6330=CARTESIAN_POINT('Origin',(13.0999999999552,0.,19.7000000000073));
#6331=CARTESIAN_POINT('',(13.0999999999552,1.,19.7000000000073));
#6332=CARTESIAN_POINT('',(13.0999999999552,0.,19.7000000000073));
#6333=CARTESIAN_POINT('',(13.0999999999552,1.,21.2000000000287));
#6334=CARTESIAN_POINT('',(13.0999999999547,1.,9.85000000000459));
#6335=CARTESIAN_POINT('',(13.0999999999552,0.,21.2000000000287));
#6336=CARTESIAN_POINT('Origin',(16.8999999999731,0.,19.7000000000064));
#6337=CARTESIAN_POINT('',(16.8999999999731,1.,19.7000000000064));
#6338=CARTESIAN_POINT('',(16.8999999999731,0.,19.7000000000064));
#6339=CARTESIAN_POINT('',(8.4499999999903,1.,19.7000000000084));
#6340=CARTESIAN_POINT('Origin',(16.899999999973,0.,22.4000000000233));
#6341=CARTESIAN_POINT('',(16.899999999973,1.,21.2000000000282));
#6342=CARTESIAN_POINT('',(16.899999999973,0.,21.2000000000282));
#6343=CARTESIAN_POINT('',(16.8999999999733,1.,11.2000000000131));
#6344=CARTESIAN_POINT('Origin',(-1.90000000004484,0.,19.7000000000073));
#6345=CARTESIAN_POINT('',(-1.90000000004484,1.,19.7000000000073));
#6346=CARTESIAN_POINT('',(-1.90000000004484,0.,19.7000000000073));
#6347=CARTESIAN_POINT('',(-1.90000000004477,1.,21.2000000000307));
#6348=CARTESIAN_POINT('',(-1.90000000004526,1.,9.85000000000491));
#6349=CARTESIAN_POINT('',(-1.90000000004478,0.,21.2000000000307));
#6350=CARTESIAN_POINT('Origin',(1.89999999997305,0.,19.7000000000064));
#6351=CARTESIAN_POINT('',(1.89999999997305,1.,19.7000000000064));
#6352=CARTESIAN_POINT('',(1.89999999997305,0.,19.7000000000064));
#6353=CARTESIAN_POINT('',(0.949999999990295,1.,19.7000000000066));
#6354=CARTESIAN_POINT('Origin',(1.89999999997298,0.,22.4000000000233));
#6355=CARTESIAN_POINT('',(1.89999999997301,1.,21.2000000000302));
#6356=CARTESIAN_POINT('',(1.89999999997301,0.,21.2000000000302));
#6357=CARTESIAN_POINT('',(1.89999999997329,1.,11.2000000000129));
#6358=CARTESIAN_POINT('Origin',(2.66897615119888E-12,1.,2.43360886997834E-12));
#6359=CARTESIAN_POINT('',(-16.9000000000448,1.,21.2000000000327));
#6360=CARTESIAN_POINT('',(10.6000000000004,1.,21.2000000000291));
#6361=CARTESIAN_POINT('',(-16.9000000000448,1.,19.7000000000073));
#6362=CARTESIAN_POINT('',(-16.9000000000453,1.,9.85000000000523));
#6363=CARTESIAN_POINT('',(-13.1000000000269,1.,19.7000000000064));
#6364=CARTESIAN_POINT('',(-6.5500000000097,1.,19.7000000000047));
#6365=CARTESIAN_POINT('',(-13.100000000027,1.,21.2000000000322));
#6366=CARTESIAN_POINT('',(-13.1000000000267,1.,11.2000000000127));
#6367=CARTESIAN_POINT('',(10.6000000000004,1.,21.2000000000291));
#6368=CARTESIAN_POINT('',(10.6000000000004,1.,21.2000000000291));
#6369=CARTESIAN_POINT('',(21.1999999999954,1.,21.2000000000276));
#6370=CARTESIAN_POINT('',(10.6000000000004,1.,21.2000000000291));
#6371=CARTESIAN_POINT('',(21.1999999999936,1.,16.8999999996195));
#6372=CARTESIAN_POINT('',(21.1999999999825,1.,-10.5999999999761));
#6373=CARTESIAN_POINT('',(9.84999999998388,1.,16.8999999996066));
#6374=CARTESIAN_POINT('',(11.1999999999882,1.,13.0999999999842));
#6375=CARTESIAN_POINT('',(19.6999999999842,1.,-0.95000000000037));
#6376=CARTESIAN_POINT('Origin',(21.1999999999954,0.,21.2000000000276));
#6377=CARTESIAN_POINT('',(21.2,105.407179676973,21.2000000000276));
#6378=CARTESIAN_POINT('',(46.8017949192427,79.8053847577354,21.2000000000242));
#6379=CARTESIAN_POINT('',(21.1999999999954,0.,21.2000000000276));
#6380=CARTESIAN_POINT('Origin',(21.1999999999954,0.,21.2000000000276));
#6381=CARTESIAN_POINT('',(-13.100000000027,0.,21.2000000000322));
#6382=CARTESIAN_POINT('Origin',(21.1999999999954,0.,21.2000000000276));
#6383=CARTESIAN_POINT('Origin',(22.3999999999964,0.,22.4000000000266));
#6384=CARTESIAN_POINT('',(22.3999999999943,0.,15.700000000025));
#6385=CARTESIAN_POINT('Origin',(19.6999999999842,0.,16.8999999996178));
#6386=CARTESIAN_POINT('',(21.1999999999936,105.407179676979,16.8999999996195));
#6387=CARTESIAN_POINT('',(21.1999999999936,0.,16.8999999996195));
#6388=CARTESIAN_POINT('',(46.4267949192344,80.1803847577437,16.899999999648));
#6389=CARTESIAN_POINT('Origin',(22.3999999999934,0.,13.1000000000009));
#6390=CARTESIAN_POINT('Origin',(19.7,106.907179676972,0.));
#6391=CARTESIAN_POINT('',(21.1999999999825,105.40717967699,-10.5999999999522));
#6392=CARTESIAN_POINT('Origin',(21.1999999999782,0.,-21.199999999946));
#6393=CARTESIAN_POINT('Origin',(-23.9000000000229,0.,15.6000000000115));
#6394=CARTESIAN_POINT('',(-22.400000000035,0.,15.6000000000115));
#6395=CARTESIAN_POINT('',(-23.9000000000229,0.,15.6000000000115));
#6396=CARTESIAN_POINT('Origin',(-23.9000000000229,0.,14.4000000000207));
#6397=CARTESIAN_POINT('',(-23.9000000000229,0.,14.4000000000207));
#6398=CARTESIAN_POINT('Origin',(-22.4000000000232,0.,14.4000000000247));
#6399=CARTESIAN_POINT('Origin',(-22.40000000003,0.,-22.3999999999949));
#6400=CARTESIAN_POINT('',(-22.4000000000359,0.,22.4000000000344));
#6401=CARTESIAN_POINT('Origin',(-14.4000000000311,0.,-22.3999999999871));
#6402=CARTESIAN_POINT('',(-14.4000000000383,0.,-23.8999999999871));
#6403=CARTESIAN_POINT('',(-14.4000000000311,0.,-22.399999999998));
#6404=CARTESIAN_POINT('Origin',(-15.6000000000215,0.,-23.8999999999871));
#6405=CARTESIAN_POINT('',(-15.6000000000129,0.,-22.3999999999975));
#6406=CARTESIAN_POINT('',(-15.6000000000215,0.,-23.8999999999871));
#6407=CARTESIAN_POINT('Origin',(-14.4000000000383,0.,-23.8999999999871));
#6408=CARTESIAN_POINT('Origin',(22.3999999999823,0.,-22.4000000000124));
#6409=CARTESIAN_POINT('Origin',(-16.9000000000448,0.,19.7000000000073));
#6410=CARTESIAN_POINT('',(-16.9000000000448,0.,19.7000000000073));
#6411=CARTESIAN_POINT('',(-16.9000000000448,0.,21.2000000000327));
#6412=CARTESIAN_POINT('Origin',(-13.1000000000269,0.,19.7000000000064));
#6413=CARTESIAN_POINT('',(-13.1000000000269,0.,19.7000000000064));
#6414=CARTESIAN_POINT('Origin',(-13.100000000027,0.,22.4000000000233));
#6415=CARTESIAN_POINT('Origin',(-22.4000000000359,0.,22.4000000000344));
#6416=CARTESIAN_POINT('Origin',(21.1999999999954,0.,21.2000000000276));
#6417=CARTESIAN_POINT('Origin',(19.7,110.,0.));
#6418=CARTESIAN_POINT('Origin',(22.3999999999765,0.,15.700000000025));
#6419=CARTESIAN_POINT('',(20.8999999999872,0.,15.7000000000361));
#6420=CARTESIAN_POINT('Origin',(20.8999999999872,0.,15.7000000000361));
#6421=CARTESIAN_POINT('',(20.8999999999872,0.,14.3000000000091));
#6422=CARTESIAN_POINT('Origin',(20.8999999999872,0.,14.3000000000091));
#6423=CARTESIAN_POINT('Origin',(22.3999999999765,0.,-14.299999999975));
#6424=CARTESIAN_POINT('',(20.8999999999872,0.,-14.2999999999639));
#6425=CARTESIAN_POINT('Origin',(20.8999999999872,0.,-14.2999999999639));
#6426=CARTESIAN_POINT('',(20.8999999999872,0.,-15.6999999999909));
#6427=CARTESIAN_POINT('Origin',(20.8999999999872,0.,-15.6999999999909));
#6428=CARTESIAN_POINT('Origin',(20.8999999999872,0.,-0.699999999990888));
#6429=CARTESIAN_POINT('',(20.8999999999872,0.,-0.699999999990888));
#6430=CARTESIAN_POINT('Origin',(20.8999999999872,0.,0.70000000003611));
#6431=CARTESIAN_POINT('',(20.8999999999872,0.,0.70000000003611));
#6432=CARTESIAN_POINT('Origin',(22.3999999999765,0.,0.700000000024981));
#6433=CARTESIAN_POINT('',(0.,0.,0.));
#6434=CARTESIAN_POINT('',(0.,0.,0.));
#6435=UNCERTAINTY_MEASURE_WITH_UNIT(LENGTH_MEASURE(0.01),#6443,
'DISTANCE_ACCURACY_VALUE',
'Maximum model space distance between geometric entities at asserted c
onnectivities');
#6436=UNCERTAINTY_MEASURE_WITH_UNIT(LENGTH_MEASURE(0.01),#6443,
'DISTANCE_ACCURACY_VALUE',
'Maximum model space distance between geometric entities at asserted c
onnectivities');
#6437=UNCERTAINTY_MEASURE_WITH_UNIT(LENGTH_MEASURE(0.01),#6443,
'DISTANCE_ACCURACY_VALUE',
'Maximum model space distance between geometric entities at asserted c
onnectivities');
#6438=UNCERTAINTY_MEASURE_WITH_UNIT(LENGTH_MEASURE(0.01),#6443,
'DISTANCE_ACCURACY_VALUE',
'Maximum model space distance between geometric entities at asserted c
onnectivities');
#6439=(
GEOMETRIC_REPRESENTATION_CONTEXT(3)
GLOBAL_UNCERTAINTY_ASSIGNED_CONTEXT((#6435))
GLOBAL_UNIT_ASSIGNED_CONTEXT((#6443,#6445,#6446))
REPRESENTATION_CONTEXT('','3D')
);
#6440=(
GEOMETRIC_REPRESENTATION_CONTEXT(3)
GLOBAL_UNCERTAINTY_ASSIGNED_CONTEXT((#6436))
GLOBAL_UNIT_ASSIGNED_CONTEXT((#6443,#6445,#6446))
REPRESENTATION_CONTEXT('','3D')
);
#6441=(
GEOMETRIC_REPRESENTATION_CONTEXT(3)
GLOBAL_UNCERTAINTY_ASSIGNED_CONTEXT((#6437))
GLOBAL_UNIT_ASSIGNED_CONTEXT((#6443,#6445,#6446))
REPRESENTATION_CONTEXT('','3D')
);
#6442=(
GEOMETRIC_REPRESENTATION_CONTEXT(3)
GLOBAL_UNCERTAINTY_ASSIGNED_CONTEXT((#6438))
GLOBAL_UNIT_ASSIGNED_CONTEXT((#6443,#6445,#6446))
REPRESENTATION_CONTEXT('','3D')
);
#6443=(
LENGTH_UNIT()
NAMED_UNIT(*)
SI_UNIT(.MILLI.,.METRE.)
);
#6444=(
LENGTH_UNIT()
NAMED_UNIT(*)
SI_UNIT($,.METRE.)
);
#6445=(
NAMED_UNIT(*)
PLANE_ANGLE_UNIT()
SI_UNIT($,.RADIAN.)
);
#6446=(
NAMED_UNIT(*)
SI_UNIT($,.STERADIAN.)
SOLID_ANGLE_UNIT()
);
#6447=SHAPE_DEFINITION_REPRESENTATION(#6450,#6455);
#6448=SHAPE_DEFINITION_REPRESENTATION(#6451,#6456);
#6449=SHAPE_DEFINITION_REPRESENTATION(#6452,#6457);
#6450=PRODUCT_DEFINITION_SHAPE('',$,#6459);
#6451=PRODUCT_DEFINITION_SHAPE('',$,#6460);
#6452=PRODUCT_DEFINITION_SHAPE('',$,#6461);
#6453=PRODUCT_DEFINITION_SHAPE($,$,#17);
#6454=PRODUCT_DEFINITION_SHAPE($,$,#18);
#6455=SHAPE_REPRESENTATION('',(#3774,#3961,#3962),#6439);
#6456=SHAPE_REPRESENTATION('',(#3775),#6440);
#6457=SHAPE_REPRESENTATION('',(#3841),#6441);
#6458=PRODUCT_DEFINITION_CONTEXT('part definition',#6469,'design');
#6459=PRODUCT_DEFINITION('Hardcase_Gridfinity_Bin_with_Lid',
'Hardcase_Gridfinity_Bin_with_Lid',#6462,#6458);
#6460=PRODUCT_DEFINITION('Lid','Lid',#6463,#6458);
#6461=PRODUCT_DEFINITION('2026-06-11-11-25-00-932','Body',#6464,#6458);
#6462=PRODUCT_DEFINITION_FORMATION('',$,#6471);
#6463=PRODUCT_DEFINITION_FORMATION('',$,#6472);
#6464=PRODUCT_DEFINITION_FORMATION('',$,#6473);
#6465=PRODUCT_RELATED_PRODUCT_CATEGORY(
'Hardcase_Gridfinity_Bin_with_Lid','Hardcase_Gridfinity_Bin_with_Lid',(#6471));
#6466=PRODUCT_RELATED_PRODUCT_CATEGORY('Lid','Lid',(#6472));
#6467=PRODUCT_RELATED_PRODUCT_CATEGORY('Body','Body',(#6473));
#6468=APPLICATION_PROTOCOL_DEFINITION('international standard',
'automotive_design',2009,#6469);
#6469=APPLICATION_CONTEXT(
'Core Data for Automotive Mechanical Design Process');
#6470=PRODUCT_CONTEXT('part definition',#6469,'mechanical');
#6471=PRODUCT('Hardcase_Gridfinity_Bin_with_Lid',
'Hardcase_Gridfinity_Bin_with_Lid',$,(#6470));
#6472=PRODUCT('Lid','Lid',$,(#6470));
#6473=PRODUCT('2026-06-11-11-25-00-932','Body',$,(#6470));
#6474=PRESENTATION_STYLE_ASSIGNMENT((#6476));
#6475=PRESENTATION_STYLE_ASSIGNMENT((#6477));
#6476=SURFACE_STYLE_USAGE(.BOTH.,#6478);
#6477=SURFACE_STYLE_USAGE(.BOTH.,#6479);
#6478=SURFACE_SIDE_STYLE('',(#6480));
#6479=SURFACE_SIDE_STYLE('',(#6481));
#6480=SURFACE_STYLE_FILL_AREA(#6482);
#6481=SURFACE_STYLE_FILL_AREA(#6483);
#6482=FILL_AREA_STYLE('Steel - Satin',(#6484));
#6483=FILL_AREA_STYLE('ABS (White)',(#6485));
#6484=FILL_AREA_STYLE_COLOUR('Steel - Satin',#6486);
#6485=FILL_AREA_STYLE_COLOUR('ABS (White)',#6487);
#6486=COLOUR_RGB('Steel - Satin',0.627450980392157,0.627450980392157,0.627450980392157);
#6487=COLOUR_RGB('ABS (White)',0.964705882352941,0.964705882352941,0.952941176470588);
ENDSEC;
END-ISO-10303-21;
