ISO-10303-21;
HEADER;
/* Generated by software containing ST-Developer
 * from STEP Tools, Inc. (www.steptools.com) 
 */

FILE_DESCRIPTION(
/* description */ (''),
/* implementation_level */ '2;1');

FILE_NAME(
/* name */ 'Hardcase_Gridfinity_Smooth_Perimeter_42_Grid.stp',
/* time_stamp */ '2026-07-14T01:31:15Z',
/* author */ (''),
/* organization */ (''),
/* preprocessor_version */ 'ST-DEVELOPER v20.1',
/* originating_system */ 'Autodesk Translation Framework v15.8.0.0',
/* authorisation */ '');

FILE_SCHEMA (('AUTOMOTIVE_DESIGN { 1 0 10303 214 3 1 1 }'));
ENDSEC;

DATA;
#10=MECHANICAL_DESIGN_GEOMETRIC_PRESENTATION_REPRESENTATION('',(#35,#36,
#37,#38),#6930);
#11=ITEM_DEFINED_TRANSFORMATION($,$,#3657,#3945);
#12=ITEM_DEFINED_TRANSFORMATION($,$,#3729,#3946);
#13=ITEM_DEFINED_TRANSFORMATION($,$,#3799,#3947);
#14=ITEM_DEFINED_TRANSFORMATION($,$,#3871,#3948);
#15=(
REPRESENTATION_RELATIONSHIP($,$,#6950,#6949)
REPRESENTATION_RELATIONSHIP_WITH_TRANSFORMATION(#11)
SHAPE_REPRESENTATION_RELATIONSHIP()
);
#16=(
REPRESENTATION_RELATIONSHIP($,$,#6951,#6949)
REPRESENTATION_RELATIONSHIP_WITH_TRANSFORMATION(#12)
SHAPE_REPRESENTATION_RELATIONSHIP()
);
#17=(
REPRESENTATION_RELATIONSHIP($,$,#6952,#6949)
REPRESENTATION_RELATIONSHIP_WITH_TRANSFORMATION(#13)
SHAPE_REPRESENTATION_RELATIONSHIP()
);
#18=(
REPRESENTATION_RELATIONSHIP($,$,#6953,#6949)
REPRESENTATION_RELATIONSHIP_WITH_TRANSFORMATION(#14)
SHAPE_REPRESENTATION_RELATIONSHIP()
);
#19=CONTEXT_DEPENDENT_SHAPE_REPRESENTATION(#15,#6945);
#20=CONTEXT_DEPENDENT_SHAPE_REPRESENTATION(#16,#6946);
#21=CONTEXT_DEPENDENT_SHAPE_REPRESENTATION(#17,#6947);
#22=CONTEXT_DEPENDENT_SHAPE_REPRESENTATION(#18,#6948);
#23=NEXT_ASSEMBLY_USAGE_OCCURRENCE('LEFT BOARDER:1','LEFT BOARDER:1',
'LEFT BOARDER:1',#6955,#6956,'LEFT BOARDER:1');
#24=NEXT_ASSEMBLY_USAGE_OCCURRENCE('BACK BOARDER:1','BACK BOARDER:1',
'BACK BOARDER:1',#6955,#6957,'BACK BOARDER:1');
#25=NEXT_ASSEMBLY_USAGE_OCCURRENCE('FRONT BOARDER:1','FRONT BOARDER:1',
'FRONT BOARDER:1',#6955,#6958,'FRONT BOARDER:1');
#26=NEXT_ASSEMBLY_USAGE_OCCURRENCE('RIGHT BOARDER:1','RIGHT BOARDER:1',
'RIGHT BOARDER:1',#6955,#6959,'RIGHT BOARDER:1');
#27=SHAPE_REPRESENTATION_RELATIONSHIP('SRR','None',#6950,#31);
#28=SHAPE_REPRESENTATION_RELATIONSHIP('SRR','None',#6951,#32);
#29=SHAPE_REPRESENTATION_RELATIONSHIP('SRR','None',#6952,#33);
#30=SHAPE_REPRESENTATION_RELATIONSHIP('SRR','None',#6953,#34);
#31=ADVANCED_BREP_SHAPE_REPRESENTATION('',(#39),#6926);
#32=ADVANCED_BREP_SHAPE_REPRESENTATION('',(#40),#6927);
#33=ADVANCED_BREP_SHAPE_REPRESENTATION('',(#41),#6928);
#34=ADVANCED_BREP_SHAPE_REPRESENTATION('',(#42),#6929);
#35=STYLED_ITEM('',(#6979),#39);
#36=STYLED_ITEM('',(#6979),#40);
#37=STYLED_ITEM('',(#6979),#41);
#38=STYLED_ITEM('',(#6979),#42);
#39=MANIFOLD_SOLID_BREP('Body6',#3607);
#40=MANIFOLD_SOLID_BREP('Body5',#3608);
#41=MANIFOLD_SOLID_BREP('Body5',#3609);
#42=MANIFOLD_SOLID_BREP('Body5',#3610);
#43=FACE_BOUND('',#1250,.T.);
#44=FACE_BOUND('',#1312,.T.);
#45=FACE_BOUND('',#1352,.T.);
#46=FACE_BOUND('',#1353,.T.);
#47=FACE_BOUND('',#1354,.T.);
#48=FACE_BOUND('',#1392,.T.);
#49=FACE_BOUND('',#1393,.T.);
#50=FACE_BOUND('',#1394,.T.);
#51=PLANE('',#3661);
#52=PLANE('',#3665);
#53=PLANE('',#3679);
#54=PLANE('',#3682);
#55=PLANE('',#3693);
#56=PLANE('',#3694);
#57=PLANE('',#3695);
#58=PLANE('',#3696);
#59=PLANE('',#3697);
#60=PLANE('',#3698);
#61=PLANE('',#3699);
#62=PLANE('',#3700);
#63=PLANE('',#3701);
#64=PLANE('',#3703);
#65=PLANE('',#3704);
#66=PLANE('',#3707);
#67=PLANE('',#3708);
#68=PLANE('',#3710);
#69=PLANE('',#3711);
#70=PLANE('',#3712);
#71=PLANE('',#3713);
#72=PLANE('',#3715);
#73=PLANE('',#3716);
#74=PLANE('',#3717);
#75=PLANE('',#3718);
#76=PLANE('',#3719);
#77=PLANE('',#3720);
#78=PLANE('',#3721);
#79=PLANE('',#3722);
#80=PLANE('',#3723);
#81=PLANE('',#3724);
#82=PLANE('',#3725);
#83=PLANE('',#3726);
#84=PLANE('',#3727);
#85=PLANE('',#3728);
#86=PLANE('',#3730);
#87=PLANE('',#3732);
#88=PLANE('',#3735);
#89=PLANE('',#3738);
#90=PLANE('',#3739);
#91=PLANE('',#3741);
#92=PLANE('',#3743);
#93=PLANE('',#3745);
#94=PLANE('',#3747);
#95=PLANE('',#3748);
#96=PLANE('',#3750);
#97=PLANE('',#3760);
#98=PLANE('',#3761);
#99=PLANE('',#3762);
#100=PLANE('',#3770);
#101=PLANE('',#3772);
#102=PLANE('',#3773);
#103=PLANE('',#3779);
#104=PLANE('',#3780);
#105=PLANE('',#3781);
#106=PLANE('',#3782);
#107=PLANE('',#3783);
#108=PLANE('',#3784);
#109=PLANE('',#3785);
#110=PLANE('',#3786);
#111=PLANE('',#3787);
#112=PLANE('',#3788);
#113=PLANE('',#3789);
#114=PLANE('',#3790);
#115=PLANE('',#3791);
#116=PLANE('',#3792);
#117=PLANE('',#3793);
#118=PLANE('',#3794);
#119=PLANE('',#3795);
#120=PLANE('',#3796);
#121=PLANE('',#3797);
#122=PLANE('',#3798);
#123=PLANE('',#3800);
#124=PLANE('',#3803);
#125=PLANE('',#3805);
#126=PLANE('',#3807);
#127=PLANE('',#3810);
#128=PLANE('',#3812);
#129=PLANE('',#3814);
#130=PLANE('',#3816);
#131=PLANE('',#3818);
#132=PLANE('',#3819);
#133=PLANE('',#3820);
#134=PLANE('',#3821);
#135=PLANE('',#3822);
#136=PLANE('',#3823);
#137=PLANE('',#3831);
#138=PLANE('',#3832);
#139=PLANE('',#3834);
#140=PLANE('',#3835);
#141=PLANE('',#3836);
#142=PLANE('',#3842);
#143=PLANE('',#3852);
#144=PLANE('',#3853);
#145=PLANE('',#3854);
#146=PLANE('',#3855);
#147=PLANE('',#3856);
#148=PLANE('',#3857);
#149=PLANE('',#3858);
#150=PLANE('',#3859);
#151=PLANE('',#3860);
#152=PLANE('',#3861);
#153=PLANE('',#3862);
#154=PLANE('',#3863);
#155=PLANE('',#3864);
#156=PLANE('',#3865);
#157=PLANE('',#3866);
#158=PLANE('',#3867);
#159=PLANE('',#3868);
#160=PLANE('',#3869);
#161=PLANE('',#3870);
#162=PLANE('',#3876);
#163=PLANE('',#3877);
#164=PLANE('',#3885);
#165=PLANE('',#3898);
#166=PLANE('',#3899);
#167=PLANE('',#3904);
#168=PLANE('',#3905);
#169=PLANE('',#3906);
#170=PLANE('',#3908);
#171=PLANE('',#3910);
#172=PLANE('',#3911);
#173=PLANE('',#3912);
#174=PLANE('',#3913);
#175=PLANE('',#3917);
#176=PLANE('',#3918);
#177=PLANE('',#3919);
#178=PLANE('',#3920);
#179=PLANE('',#3921);
#180=PLANE('',#3922);
#181=PLANE('',#3923);
#182=PLANE('',#3924);
#183=PLANE('',#3925);
#184=PLANE('',#3926);
#185=PLANE('',#3931);
#186=PLANE('',#3932);
#187=PLANE('',#3933);
#188=PLANE('',#3934);
#189=PLANE('',#3935);
#190=PLANE('',#3936);
#191=PLANE('',#3937);
#192=PLANE('',#3938);
#193=PLANE('',#3939);
#194=PLANE('',#3940);
#195=PLANE('',#3941);
#196=PLANE('',#3942);
#197=PLANE('',#3943);
#198=PLANE('',#3944);
#199=LINE('',#5049,#595);
#200=LINE('',#5050,#596);
#201=LINE('',#5053,#597);
#202=LINE('',#5057,#598);
#203=LINE('',#5059,#599);
#204=LINE('',#5061,#600);
#205=LINE('',#5063,#601);
#206=LINE('',#5065,#602);
#207=LINE('',#5067,#603);
#208=LINE('',#5069,#604);
#209=LINE('',#5071,#605);
#210=LINE('',#5073,#606);
#211=LINE('',#5075,#607);
#212=LINE('',#5076,#608);
#213=LINE('',#5079,#609);
#214=LINE('',#5083,#610);
#215=LINE('',#5085,#611);
#216=LINE('',#5087,#612);
#217=LINE('',#5089,#613);
#218=LINE('',#5091,#614);
#219=LINE('',#5093,#615);
#220=LINE('',#5095,#616);
#221=LINE('',#5097,#617);
#222=LINE('',#5099,#618);
#223=LINE('',#5101,#619);
#224=LINE('',#5103,#620);
#225=LINE('',#5107,#621);
#226=LINE('',#5109,#622);
#227=LINE('',#5111,#623);
#228=LINE('',#5113,#624);
#229=LINE('',#5115,#625);
#230=LINE('',#5117,#626);
#231=LINE('',#5119,#627);
#232=LINE('',#5120,#628);
#233=LINE('',#5123,#629);
#234=LINE('',#5124,#630);
#235=LINE('',#5127,#631);
#236=LINE('',#5144,#632);
#237=LINE('',#5251,#633);
#238=LINE('',#5258,#634);
#239=LINE('',#5261,#635);
#240=LINE('',#5264,#636);
#241=LINE('',#5394,#637);
#242=LINE('',#5401,#638);
#243=LINE('',#5403,#639);
#244=LINE('',#5544,#640);
#245=LINE('',#5545,#641);
#246=LINE('',#5548,#642);
#247=LINE('',#5549,#643);
#248=LINE('',#5552,#644);
#249=LINE('',#5560,#645);
#250=LINE('',#5563,#646);
#251=LINE('',#5566,#647);
#252=LINE('',#5573,#648);
#253=LINE('',#5575,#649);
#254=LINE('',#5577,#650);
#255=LINE('',#5578,#651);
#256=LINE('',#5580,#652);
#257=LINE('',#5583,#653);
#258=LINE('',#5584,#654);
#259=LINE('',#5586,#655);
#260=LINE('',#5588,#656);
#261=LINE('',#5589,#657);
#262=LINE('',#5591,#658);
#263=LINE('',#5595,#659);
#264=LINE('',#5596,#660);
#265=LINE('',#5597,#661);
#266=LINE('',#5601,#662);
#267=LINE('',#5602,#663);
#268=LINE('',#5604,#664);
#269=LINE('',#5607,#665);
#270=LINE('',#5610,#666);
#271=LINE('',#5612,#667);
#272=LINE('',#5614,#668);
#273=LINE('',#5616,#669);
#274=LINE('',#5617,#670);
#275=LINE('',#5619,#671);
#276=LINE('',#5621,#672);
#277=LINE('',#5623,#673);
#278=LINE('',#5625,#674);
#279=LINE('',#5626,#675);
#280=LINE('',#5629,#676);
#281=LINE('',#5632,#677);
#282=LINE('',#5634,#678);
#283=LINE('',#5636,#679);
#284=LINE('',#5639,#680);
#285=LINE('',#5643,#681);
#286=LINE('',#5647,#682);
#287=LINE('',#5649,#683);
#288=LINE('',#5650,#684);
#289=LINE('',#5652,#685);
#290=LINE('',#5653,#686);
#291=LINE('',#5656,#687);
#292=LINE('',#5657,#688);
#293=LINE('',#5659,#689);
#294=LINE('',#5662,#690);
#295=LINE('',#5663,#691);
#296=LINE('',#5665,#692);
#297=LINE('',#5670,#693);
#298=LINE('',#5672,#694);
#299=LINE('',#5680,#695);
#300=LINE('',#5682,#696);
#301=LINE('',#5684,#697);
#302=LINE('',#5685,#698);
#303=LINE('',#5691,#699);
#304=LINE('',#5695,#700);
#305=LINE('',#5697,#701);
#306=LINE('',#5699,#702);
#307=LINE('',#5700,#703);
#308=LINE('',#5705,#704);
#309=LINE('',#5709,#705);
#310=LINE('',#5710,#706);
#311=LINE('',#5713,#707);
#312=LINE('',#5715,#708);
#313=LINE('',#5717,#709);
#314=LINE('',#5719,#710);
#315=LINE('',#5721,#711);
#316=LINE('',#5723,#712);
#317=LINE('',#5725,#713);
#318=LINE('',#5727,#714);
#319=LINE('',#5729,#715);
#320=LINE('',#5731,#716);
#321=LINE('',#5732,#717);
#322=LINE('',#5733,#718);
#323=LINE('',#5738,#719);
#324=LINE('',#5740,#720);
#325=LINE('',#5741,#721);
#326=LINE('',#5746,#722);
#327=LINE('',#5747,#723);
#328=LINE('',#5752,#724);
#329=LINE('',#5753,#725);
#330=LINE('',#5757,#726);
#331=LINE('',#5759,#727);
#332=LINE('',#5761,#728);
#333=LINE('',#5763,#729);
#334=LINE('',#5767,#730);
#335=LINE('',#5769,#731);
#336=LINE('',#5770,#732);
#337=LINE('',#5773,#733);
#338=LINE('',#5777,#734);
#339=LINE('',#5778,#735);
#340=LINE('',#5781,#736);
#341=LINE('',#5783,#737);
#342=LINE('',#5784,#738);
#343=LINE('',#5801,#739);
#344=LINE('',#5803,#740);
#345=LINE('',#5805,#741);
#346=LINE('',#5807,#742);
#347=LINE('',#5809,#743);
#348=LINE('',#5811,#744);
#349=LINE('',#5813,#745);
#350=LINE('',#5814,#746);
#351=LINE('',#5816,#747);
#352=LINE('',#5818,#748);
#353=LINE('',#5820,#749);
#354=LINE('',#5821,#750);
#355=LINE('',#5823,#751);
#356=LINE('',#5825,#752);
#357=LINE('',#5827,#753);
#358=LINE('',#5828,#754);
#359=LINE('',#5830,#755);
#360=LINE('',#5832,#756);
#361=LINE('',#5834,#757);
#362=LINE('',#5836,#758);
#363=LINE('',#5838,#759);
#364=LINE('',#5839,#760);
#365=LINE('',#5842,#761);
#366=LINE('',#5843,#762);
#367=LINE('',#5846,#763);
#368=LINE('',#5847,#764);
#369=LINE('',#5850,#765);
#370=LINE('',#5860,#766);
#371=LINE('',#5864,#767);
#372=LINE('',#5865,#768);
#373=LINE('',#5867,#769);
#374=LINE('',#5871,#770);
#375=LINE('',#5872,#771);
#376=LINE('',#5874,#772);
#377=LINE('',#5877,#773);
#378=LINE('',#5885,#774);
#379=LINE('',#5887,#775);
#380=LINE('',#5889,#776);
#381=LINE('',#5891,#777);
#382=LINE('',#5894,#778);
#383=LINE('',#5896,#779);
#384=LINE('',#5897,#780);
#385=LINE('',#5899,#781);
#386=LINE('',#5902,#782);
#387=LINE('',#5903,#783);
#388=LINE('',#5905,#784);
#389=LINE('',#5907,#785);
#390=LINE('',#5909,#786);
#391=LINE('',#5911,#787);
#392=LINE('',#5913,#788);
#393=LINE('',#5915,#789);
#394=LINE('',#5917,#790);
#395=LINE('',#5921,#791);
#396=LINE('',#5924,#792);
#397=LINE('',#5932,#793);
#398=LINE('',#5934,#794);
#399=LINE('',#5936,#795);
#400=LINE('',#5939,#796);
#401=LINE('',#5944,#797);
#402=LINE('',#5946,#798);
#403=LINE('',#5947,#799);
#404=LINE('',#5951,#800);
#405=LINE('',#5955,#801);
#406=LINE('',#5956,#802);
#407=LINE('',#5962,#803);
#408=LINE('',#5964,#804);
#409=LINE('',#5966,#805);
#410=LINE('',#5968,#806);
#411=LINE('',#5971,#807);
#412=LINE('',#5976,#808);
#413=LINE('',#5977,#809);
#414=LINE('',#5982,#810);
#415=LINE('',#5984,#811);
#416=LINE('',#5985,#812);
#417=LINE('',#5989,#813);
#418=LINE('',#5993,#814);
#419=LINE('',#5995,#815);
#420=LINE('',#5996,#816);
#421=LINE('',#6000,#817);
#422=LINE('',#6002,#818);
#423=LINE('',#6004,#819);
#424=LINE('',#6006,#820);
#425=LINE('',#6010,#821);
#426=LINE('',#6012,#822);
#427=LINE('',#6013,#823);
#428=LINE('',#6016,#824);
#429=LINE('',#6018,#825);
#430=LINE('',#6019,#826);
#431=LINE('',#6022,#827);
#432=LINE('',#6024,#828);
#433=LINE('',#6026,#829);
#434=LINE('',#6028,#830);
#435=LINE('',#6030,#831);
#436=LINE('',#6032,#832);
#437=LINE('',#6034,#833);
#438=LINE('',#6036,#834);
#439=LINE('',#6037,#835);
#440=LINE('',#6038,#836);
#441=LINE('',#6040,#837);
#442=LINE('',#6042,#838);
#443=LINE('',#6044,#839);
#444=LINE('',#6045,#840);
#445=LINE('',#6048,#841);
#446=LINE('',#6050,#842);
#447=LINE('',#6051,#843);
#448=LINE('',#6053,#844);
#449=LINE('',#6055,#845);
#450=LINE('',#6056,#846);
#451=LINE('',#6058,#847);
#452=LINE('',#6059,#848);
#453=LINE('',#6062,#849);
#454=LINE('',#6063,#850);
#455=LINE('',#6066,#851);
#456=LINE('',#6067,#852);
#457=LINE('',#6070,#853);
#458=LINE('',#6071,#854);
#459=LINE('',#6082,#855);
#460=LINE('',#6085,#856);
#461=LINE('',#6086,#857);
#462=LINE('',#6088,#858);
#463=LINE('',#6090,#859);
#464=LINE('',#6092,#860);
#465=LINE('',#6094,#861);
#466=LINE('',#6096,#862);
#467=LINE('',#6098,#863);
#468=LINE('',#6099,#864);
#469=LINE('',#6101,#865);
#470=LINE('',#6102,#866);
#471=LINE('',#6106,#867);
#472=LINE('',#6109,#868);
#473=LINE('',#6110,#869);
#474=LINE('',#6114,#870);
#475=LINE('',#6115,#871);
#476=LINE('',#6118,#872);
#477=LINE('',#6119,#873);
#478=LINE('',#6128,#874);
#479=LINE('',#6130,#875);
#480=LINE('',#6133,#876);
#481=LINE('',#6148,#877);
#482=LINE('',#6150,#878);
#483=LINE('',#6152,#879);
#484=LINE('',#6154,#880);
#485=LINE('',#6156,#881);
#486=LINE('',#6158,#882);
#487=LINE('',#6161,#883);
#488=LINE('',#6162,#884);
#489=LINE('',#6166,#885);
#490=LINE('',#6168,#886);
#491=LINE('',#6170,#887);
#492=LINE('',#6172,#888);
#493=LINE('',#6174,#889);
#494=LINE('',#6178,#890);
#495=LINE('',#6186,#891);
#496=LINE('',#6189,#892);
#497=LINE('',#6310,#893);
#498=LINE('',#6324,#894);
#499=LINE('',#6327,#895);
#500=LINE('',#6328,#896);
#501=LINE('',#6331,#897);
#502=LINE('',#6333,#898);
#503=LINE('',#6335,#899);
#504=LINE('',#6337,#900);
#505=LINE('',#6339,#901);
#506=LINE('',#6341,#902);
#507=LINE('',#6343,#903);
#508=LINE('',#6345,#904);
#509=LINE('',#6347,#905);
#510=LINE('',#6349,#906);
#511=LINE('',#6351,#907);
#512=LINE('',#6355,#908);
#513=LINE('',#6357,#909);
#514=LINE('',#6359,#910);
#515=LINE('',#6361,#911);
#516=LINE('',#6363,#912);
#517=LINE('',#6365,#913);
#518=LINE('',#6369,#914);
#519=LINE('',#6370,#915);
#520=LINE('',#6373,#916);
#521=LINE('',#6375,#917);
#522=LINE('',#6377,#918);
#523=LINE('',#6378,#919);
#524=LINE('',#6381,#920);
#525=LINE('',#6383,#921);
#526=LINE('',#6387,#922);
#527=LINE('',#6389,#923);
#528=LINE('',#6391,#924);
#529=LINE('',#6393,#925);
#530=LINE('',#6395,#926);
#531=LINE('',#6396,#927);
#532=LINE('',#6496,#928);
#533=LINE('',#6637,#929);
#534=LINE('',#6638,#930);
#535=LINE('',#6641,#931);
#536=LINE('',#6642,#932);
#537=LINE('',#6645,#933);
#538=LINE('',#6653,#934);
#539=LINE('',#6656,#935);
#540=LINE('',#6659,#936);
#541=LINE('',#6662,#937);
#542=LINE('',#6783,#938);
#543=LINE('',#6790,#939);
#544=LINE('',#6792,#940);
#545=LINE('',#6795,#941);
#546=LINE('',#6796,#942);
#547=LINE('',#6799,#943);
#548=LINE('',#6806,#944);
#549=LINE('',#6809,#945);
#550=LINE('',#6810,#946);
#551=LINE('',#6811,#947);
#552=LINE('',#6814,#948);
#553=LINE('',#6816,#949);
#554=LINE('',#6818,#950);
#555=LINE('',#6820,#951);
#556=LINE('',#6821,#952);
#557=LINE('',#6824,#953);
#558=LINE('',#6826,#954);
#559=LINE('',#6828,#955);
#560=LINE('',#6832,#956);
#561=LINE('',#6836,#957);
#562=LINE('',#6837,#958);
#563=LINE('',#6840,#959);
#564=LINE('',#6841,#960);
#565=LINE('',#6843,#961);
#566=LINE('',#6845,#962);
#567=LINE('',#6847,#963);
#568=LINE('',#6848,#964);
#569=LINE('',#6851,#965);
#570=LINE('',#6853,#966);
#571=LINE('',#6854,#967);
#572=LINE('',#6859,#968);
#573=LINE('',#6862,#969);
#574=LINE('',#6863,#970);
#575=LINE('',#6864,#971);
#576=LINE('',#6866,#972);
#577=LINE('',#6867,#973);
#578=LINE('',#6870,#974);
#579=LINE('',#6871,#975);
#580=LINE('',#6875,#976);
#581=LINE('',#6876,#977);
#582=LINE('',#6880,#978);
#583=LINE('',#6881,#979);
#584=LINE('',#6883,#980);
#585=LINE('',#6884,#981);
#586=LINE('',#6887,#982);
#587=LINE('',#6894,#983);
#588=LINE('',#6895,#984);
#589=LINE('',#6897,#985);
#590=LINE('',#6899,#986);
#591=LINE('',#6902,#987);
#592=LINE('',#6908,#988);
#593=LINE('',#6909,#989);
#594=LINE('',#6911,#990);
#595=VECTOR('',#3959,10.);
#596=VECTOR('',#3960,10.);
#597=VECTOR('',#3963,10.);
#598=VECTOR('',#3966,10.);
#599=VECTOR('',#3967,10.);
#600=VECTOR('',#3968,10.);
#601=VECTOR('',#3969,10.);
#602=VECTOR('',#3970,10.);
#603=VECTOR('',#3971,10.);
#604=VECTOR('',#3972,10.);
#605=VECTOR('',#3973,10.);
#606=VECTOR('',#3974,10.);
#607=VECTOR('',#3975,10.);
#608=VECTOR('',#3976,10.);
#609=VECTOR('',#3977,10.);
#610=VECTOR('',#3980,10.);
#611=VECTOR('',#3981,10.);
#612=VECTOR('',#3982,10.);
#613=VECTOR('',#3983,10.);
#614=VECTOR('',#3984,10.);
#615=VECTOR('',#3985,10.);
#616=VECTOR('',#3986,10.);
#617=VECTOR('',#3987,10.);
#618=VECTOR('',#3988,10.);
#619=VECTOR('',#3989,10.);
#620=VECTOR('',#3990,10.);
#621=VECTOR('',#3993,10.);
#622=VECTOR('',#3994,10.);
#623=VECTOR('',#3995,10.);
#624=VECTOR('',#3996,10.);
#625=VECTOR('',#3997,10.);
#626=VECTOR('',#3998,10.);
#627=VECTOR('',#3999,10.);
#628=VECTOR('',#4000,10.);
#629=VECTOR('',#4003,10.);
#630=VECTOR('',#4004,10.);
#631=VECTOR('',#4007,10.);
#632=VECTOR('',#4012,10.);
#633=VECTOR('',#4015,10.);
#634=VECTOR('',#4022,10.);
#635=VECTOR('',#4025,10.);
#636=VECTOR('',#4028,10.);
#637=VECTOR('',#4031,10.);
#638=VECTOR('',#4038,10.);
#639=VECTOR('',#4041,10.);
#640=VECTOR('',#4046,10.);
#641=VECTOR('',#4047,10.);
#642=VECTOR('',#4050,10.);
#643=VECTOR('',#4051,10.);
#644=VECTOR('',#4054,10.);
#645=VECTOR('',#4063,10.);
#646=VECTOR('',#4066,10.);
#647=VECTOR('',#4069,10.);
#648=VECTOR('',#4076,10.);
#649=VECTOR('',#4079,10.);
#650=VECTOR('',#4082,10.);
#651=VECTOR('',#4083,10.);
#652=VECTOR('',#4086,10.);
#653=VECTOR('',#4089,10.);
#654=VECTOR('',#4090,10.);
#655=VECTOR('',#4093,10.);
#656=VECTOR('',#4094,10.);
#657=VECTOR('',#4095,10.);
#658=VECTOR('',#4098,10.);
#659=VECTOR('',#4103,10.);
#660=VECTOR('',#4104,10.);
#661=VECTOR('',#4105,10.);
#662=VECTOR('',#4108,10.);
#663=VECTOR('',#4109,10.);
#664=VECTOR('',#4110,10.);
#665=VECTOR('',#4115,10.);
#666=VECTOR('',#4118,10.);
#667=VECTOR('',#4119,10.);
#668=VECTOR('',#4120,10.);
#669=VECTOR('',#4121,10.);
#670=VECTOR('',#4122,10.);
#671=VECTOR('',#4123,10.);
#672=VECTOR('',#4124,10.);
#673=VECTOR('',#4125,10.);
#674=VECTOR('',#4126,10.);
#675=VECTOR('',#4127,10.);
#676=VECTOR('',#4130,10.);
#677=VECTOR('',#4135,10.);
#678=VECTOR('',#4138,10.);
#679=VECTOR('',#4139,10.);
#680=VECTOR('',#4144,10.);
#681=VECTOR('',#4151,10.);
#682=VECTOR('',#4156,10.);
#683=VECTOR('',#4157,10.);
#684=VECTOR('',#4158,10.);
#685=VECTOR('',#4161,10.);
#686=VECTOR('',#4162,10.);
#687=VECTOR('',#4167,10.);
#688=VECTOR('',#4168,10.);
#689=VECTOR('',#4171,10.);
#690=VECTOR('',#4176,10.);
#691=VECTOR('',#4177,10.);
#692=VECTOR('',#4180,10.);
#693=VECTOR('',#4189,10.);
#694=VECTOR('',#4192,10.);
#695=VECTOR('',#4201,10.);
#696=VECTOR('',#4202,10.);
#697=VECTOR('',#4203,10.);
#698=VECTOR('',#4204,10.);
#699=VECTOR('',#4209,10.);
#700=VECTOR('',#4212,10.);
#701=VECTOR('',#4213,10.);
#702=VECTOR('',#4214,10.);
#703=VECTOR('',#4215,10.);
#704=VECTOR('',#4220,10.);
#705=VECTOR('',#4223,10.);
#706=VECTOR('',#4224,10.);
#707=VECTOR('',#4227,10.);
#708=VECTOR('',#4228,10.);
#709=VECTOR('',#4229,10.);
#710=VECTOR('',#4230,10.);
#711=VECTOR('',#4231,10.);
#712=VECTOR('',#4232,10.);
#713=VECTOR('',#4233,10.);
#714=VECTOR('',#4234,10.);
#715=VECTOR('',#4235,10.);
#716=VECTOR('',#4236,10.);
#717=VECTOR('',#4237,10.);
#718=VECTOR('',#4238,10.);
#719=VECTOR('',#4243,10.);
#720=VECTOR('',#4244,10.);
#721=VECTOR('',#4245,10.);
#722=VECTOR('',#4250,10.);
#723=VECTOR('',#4251,10.);
#724=VECTOR('',#4256,10.);
#725=VECTOR('',#4257,10.);
#726=VECTOR('',#4260,10.);
#727=VECTOR('',#4261,10.);
#728=VECTOR('',#4262,10.);
#729=VECTOR('',#4263,10.);
#730=VECTOR('',#4268,10.);
#731=VECTOR('',#4269,10.);
#732=VECTOR('',#4270,10.);
#733=VECTOR('',#4273,10.);
#734=VECTOR('',#4276,10.);
#735=VECTOR('',#4277,10.);
#736=VECTOR('',#4280,10.);
#737=VECTOR('',#4281,10.);
#738=VECTOR('',#4282,10.);
#739=VECTOR('',#4303,10.);
#740=VECTOR('',#4304,10.);
#741=VECTOR('',#4305,10.);
#742=VECTOR('',#4306,10.);
#743=VECTOR('',#4307,10.);
#744=VECTOR('',#4308,10.);
#745=VECTOR('',#4309,10.);
#746=VECTOR('',#4310,10.);
#747=VECTOR('',#4311,10.);
#748=VECTOR('',#4312,10.);
#749=VECTOR('',#4313,10.);
#750=VECTOR('',#4314,10.);
#751=VECTOR('',#4315,10.);
#752=VECTOR('',#4316,10.);
#753=VECTOR('',#4317,10.);
#754=VECTOR('',#4318,10.);
#755=VECTOR('',#4319,10.);
#756=VECTOR('',#4320,10.);
#757=VECTOR('',#4321,10.);
#758=VECTOR('',#4322,10.);
#759=VECTOR('',#4323,10.);
#760=VECTOR('',#4324,10.);
#761=VECTOR('',#4327,10.);
#762=VECTOR('',#4328,10.);
#763=VECTOR('',#4331,10.);
#764=VECTOR('',#4332,10.);
#765=VECTOR('',#4335,10.);
#766=VECTOR('',#4348,10.);
#767=VECTOR('',#4351,10.);
#768=VECTOR('',#4352,10.);
#769=VECTOR('',#4353,10.);
#770=VECTOR('',#4358,10.);
#771=VECTOR('',#4359,10.);
#772=VECTOR('',#4362,10.);
#773=VECTOR('',#4365,10.);
#774=VECTOR('',#4374,10.);
#775=VECTOR('',#4377,10.);
#776=VECTOR('',#4380,10.);
#777=VECTOR('',#4383,10.);
#778=VECTOR('',#4386,10.);
#779=VECTOR('',#4387,10.);
#780=VECTOR('',#4388,10.);
#781=VECTOR('',#4391,10.);
#782=VECTOR('',#4396,10.);
#783=VECTOR('',#4397,10.);
#784=VECTOR('',#4400,10.);
#785=VECTOR('',#4403,10.);
#786=VECTOR('',#4406,10.);
#787=VECTOR('',#4409,10.);
#788=VECTOR('',#4412,10.);
#789=VECTOR('',#4415,10.);
#790=VECTOR('',#4418,10.);
#791=VECTOR('',#4425,10.);
#792=VECTOR('',#4430,10.);
#793=VECTOR('',#4439,10.);
#794=VECTOR('',#4440,10.);
#795=VECTOR('',#4441,10.);
#796=VECTOR('',#4444,10.);
#797=VECTOR('',#4449,10.);
#798=VECTOR('',#4450,10.);
#799=VECTOR('',#4451,10.);
#800=VECTOR('',#4454,10.);
#801=VECTOR('',#4457,10.);
#802=VECTOR('',#4458,10.);
#803=VECTOR('',#4463,10.);
#804=VECTOR('',#4464,10.);
#805=VECTOR('',#4465,10.);
#806=VECTOR('',#4466,10.);
#807=VECTOR('',#4469,10.);
#808=VECTOR('',#4474,10.);
#809=VECTOR('',#4475,10.);
#810=VECTOR('',#4480,10.);
#811=VECTOR('',#4481,10.);
#812=VECTOR('',#4482,10.);
#813=VECTOR('',#4485,10.);
#814=VECTOR('',#4488,10.);
#815=VECTOR('',#4489,10.);
#816=VECTOR('',#4490,10.);
#817=VECTOR('',#4493,10.);
#818=VECTOR('',#4494,10.);
#819=VECTOR('',#4495,10.);
#820=VECTOR('',#4496,10.);
#821=VECTOR('',#4501,10.);
#822=VECTOR('',#4502,10.);
#823=VECTOR('',#4503,10.);
#824=VECTOR('',#4506,10.);
#825=VECTOR('',#4507,10.);
#826=VECTOR('',#4508,10.);
#827=VECTOR('',#4511,10.);
#828=VECTOR('',#4512,10.);
#829=VECTOR('',#4513,10.);
#830=VECTOR('',#4514,10.);
#831=VECTOR('',#4515,10.);
#832=VECTOR('',#4516,10.);
#833=VECTOR('',#4517,10.);
#834=VECTOR('',#4518,10.);
#835=VECTOR('',#4519,10.);
#836=VECTOR('',#4520,10.);
#837=VECTOR('',#4521,10.);
#838=VECTOR('',#4522,10.);
#839=VECTOR('',#4523,10.);
#840=VECTOR('',#4524,10.);
#841=VECTOR('',#4525,10.);
#842=VECTOR('',#4526,10.);
#843=VECTOR('',#4527,10.);
#844=VECTOR('',#4528,10.);
#845=VECTOR('',#4529,10.);
#846=VECTOR('',#4530,10.);
#847=VECTOR('',#4531,10.);
#848=VECTOR('',#4532,10.);
#849=VECTOR('',#4535,10.);
#850=VECTOR('',#4536,10.);
#851=VECTOR('',#4539,10.);
#852=VECTOR('',#4540,10.);
#853=VECTOR('',#4543,10.);
#854=VECTOR('',#4544,10.);
#855=VECTOR('',#4559,10.);
#856=VECTOR('',#4562,10.);
#857=VECTOR('',#4563,10.);
#858=VECTOR('',#4564,10.);
#859=VECTOR('',#4565,10.);
#860=VECTOR('',#4566,10.);
#861=VECTOR('',#4567,10.);
#862=VECTOR('',#4568,10.);
#863=VECTOR('',#4569,10.);
#864=VECTOR('',#4570,10.);
#865=VECTOR('',#4571,10.);
#866=VECTOR('',#4572,10.);
#867=VECTOR('',#4575,10.);
#868=VECTOR('',#4578,10.);
#869=VECTOR('',#4579,10.);
#870=VECTOR('',#4584,10.);
#871=VECTOR('',#4585,10.);
#872=VECTOR('',#4588,10.);
#873=VECTOR('',#4589,10.);
#874=VECTOR('',#4600,10.);
#875=VECTOR('',#4603,10.);
#876=VECTOR('',#4606,10.);
#877=VECTOR('',#4625,10.);
#878=VECTOR('',#4628,10.);
#879=VECTOR('',#4631,10.);
#880=VECTOR('',#4634,10.);
#881=VECTOR('',#4637,10.);
#882=VECTOR('',#4640,10.);
#883=VECTOR('',#4645,10.);
#884=VECTOR('',#4646,10.);
#885=VECTOR('',#4653,10.);
#886=VECTOR('',#4656,10.);
#887=VECTOR('',#4659,10.);
#888=VECTOR('',#4662,10.);
#889=VECTOR('',#4665,10.);
#890=VECTOR('',#4672,10.);
#891=VECTOR('',#4681,10.);
#892=VECTOR('',#4684,10.);
#893=VECTOR('',#4687,10.);
#894=VECTOR('',#4688,10.);
#895=VECTOR('',#4691,10.);
#896=VECTOR('',#4692,10.);
#897=VECTOR('',#4695,10.);
#898=VECTOR('',#4696,10.);
#899=VECTOR('',#4697,10.);
#900=VECTOR('',#4698,10.);
#901=VECTOR('',#4699,10.);
#902=VECTOR('',#4700,10.);
#903=VECTOR('',#4701,10.);
#904=VECTOR('',#4702,10.);
#905=VECTOR('',#4703,10.);
#906=VECTOR('',#4704,10.);
#907=VECTOR('',#4705,10.);
#908=VECTOR('',#4708,10.);
#909=VECTOR('',#4709,10.);
#910=VECTOR('',#4710,10.);
#911=VECTOR('',#4711,10.);
#912=VECTOR('',#4712,10.);
#913=VECTOR('',#4713,10.);
#914=VECTOR('',#4716,10.);
#915=VECTOR('',#4717,10.);
#916=VECTOR('',#4718,10.);
#917=VECTOR('',#4719,10.);
#918=VECTOR('',#4720,10.);
#919=VECTOR('',#4721,10.);
#920=VECTOR('',#4722,10.);
#921=VECTOR('',#4723,10.);
#922=VECTOR('',#4726,10.);
#923=VECTOR('',#4727,10.);
#924=VECTOR('',#4728,10.);
#925=VECTOR('',#4729,10.);
#926=VECTOR('',#4730,10.);
#927=VECTOR('',#4731,10.);
#928=VECTOR('',#4736,10.);
#929=VECTOR('',#4741,10.);
#930=VECTOR('',#4742,10.);
#931=VECTOR('',#4745,10.);
#932=VECTOR('',#4746,10.);
#933=VECTOR('',#4749,10.);
#934=VECTOR('',#4758,10.);
#935=VECTOR('',#4761,10.);
#936=VECTOR('',#4764,10.);
#937=VECTOR('',#4767,10.);
#938=VECTOR('',#4770,10.);
#939=VECTOR('',#4777,10.);
#940=VECTOR('',#4780,10.);
#941=VECTOR('',#4783,10.);
#942=VECTOR('',#4784,10.);
#943=VECTOR('',#4787,10.);
#944=VECTOR('',#4794,10.);
#945=VECTOR('',#4797,10.);
#946=VECTOR('',#4798,10.);
#947=VECTOR('',#4799,10.);
#948=VECTOR('',#4802,10.);
#949=VECTOR('',#4803,10.);
#950=VECTOR('',#4804,10.);
#951=VECTOR('',#4805,10.);
#952=VECTOR('',#4806,10.);
#953=VECTOR('',#4809,10.);
#954=VECTOR('',#4810,10.);
#955=VECTOR('',#4811,10.);
#956=VECTOR('',#4816,10.);
#957=VECTOR('',#4819,10.);
#958=VECTOR('',#4820,10.);
#959=VECTOR('',#4823,10.);
#960=VECTOR('',#4824,10.);
#961=VECTOR('',#4827,10.);
#962=VECTOR('',#4830,10.);
#963=VECTOR('',#4831,10.);
#964=VECTOR('',#4832,10.);
#965=VECTOR('',#4835,10.);
#966=VECTOR('',#4836,10.);
#967=VECTOR('',#4837,10.);
#968=VECTOR('',#4844,10.);
#969=VECTOR('',#4847,10.);
#970=VECTOR('',#4848,10.);
#971=VECTOR('',#4849,10.);
#972=VECTOR('',#4852,10.);
#973=VECTOR('',#4853,10.);
#974=VECTOR('',#4856,10.);
#975=VECTOR('',#4857,10.);
#976=VECTOR('',#4862,10.);
#977=VECTOR('',#4863,10.);
#978=VECTOR('',#4870,10.);
#979=VECTOR('',#4871,10.);
#980=VECTOR('',#4874,10.);
#981=VECTOR('',#4875,10.);
#982=VECTOR('',#4878,10.);
#983=VECTOR('',#4889,10.);
#984=VECTOR('',#4890,10.);
#985=VECTOR('',#4893,10.);
#986=VECTOR('',#4896,10.);
#987=VECTOR('',#4901,10.);
#988=VECTOR('',#4912,10.);
#989=VECTOR('',#4913,10.);
#990=VECTOR('',#4916,10.);
#991=ELLIPSE('',#3660,15.5188901213386,15.5);
#992=ELLIPSE('',#3662,15.5188901213386,15.5);
#993=ELLIPSE('',#3663,14.3174276603317,14.3);
#994=ELLIPSE('',#3664,14.3174276603317,14.3);
#995=ELLIPSE('',#3671,38.1000000001006,19.05);
#996=ELLIPSE('',#3677,35.7000000001842,17.85);
#997=ELLIPSE('',#3685,35.7000000000475,17.8500000000045);
#998=ELLIPSE('',#3691,38.1000000002133,19.05);
#999=ELLIPSE('',#3733,38.1000000001434,19.05);
#1000=ELLIPSE('',#3734,35.7000000001433,17.8500000000045);
#1001=ELLIPSE('',#3736,38.1000000022401,19.05);
#1002=ELLIPSE('',#3737,35.700000002108,17.8500000000045);
#1003=ELLIPSE('',#3742,38.1000000001273,19.05);
#1004=ELLIPSE('',#3752,38.1000000001434,19.05);
#1005=ELLIPSE('',#3755,38.1000000001273,19.05);
#1006=ELLIPSE('',#3758,38.1000000022401,19.05);
#1007=ELLIPSE('',#3766,35.700000002108,17.8500000000045);
#1008=ELLIPSE('',#3777,35.7000000001433,17.8500000000045);
#1009=ELLIPSE('',#3801,38.1000000021271,19.05);
#1010=ELLIPSE('',#3802,35.7000000019931,17.85);
#1011=ELLIPSE('',#3808,38.1000000002569,19.05);
#1012=ELLIPSE('',#3809,35.7000000002407,17.85);
#1013=ELLIPSE('',#3811,38.0999999999816,19.05);
#1014=ELLIPSE('',#3828,35.7000000019931,17.85);
#1015=ELLIPSE('',#3839,35.7000000002407,17.85);
#1016=ELLIPSE('',#3845,38.0999999999816,19.05);
#1017=ELLIPSE('',#3848,38.1000000002569,19.05);
#1018=ELLIPSE('',#3850,38.1000000021271,19.05);
#1019=ELLIPSE('',#3873,15.5188901213386,15.5);
#1020=ELLIPSE('',#3878,15.5188901213386,15.5);
#1021=ELLIPSE('',#3879,14.3174276603317,14.3);
#1022=ELLIPSE('',#3880,14.3174276603317,14.3);
#1023=ELLIPSE('',#3888,35.7000000000998,17.85);
#1024=ELLIPSE('',#3896,35.7000000000475,17.8500000000045);
#1025=ELLIPSE('',#3902,38.1000000002133,19.05);
#1026=ELLIPSE('',#3929,38.1000000001006,19.05);
#1027=CYLINDRICAL_SURFACE('',#3659,15.5);
#1028=CYLINDRICAL_SURFACE('',#3666,19.05);
#1029=CYLINDRICAL_SURFACE('',#3667,15.5);
#1030=CYLINDRICAL_SURFACE('',#3669,19.05);
#1031=CYLINDRICAL_SURFACE('',#3673,14.3);
#1032=CYLINDRICAL_SURFACE('',#3675,17.85);
#1033=CYLINDRICAL_SURFACE('',#3681,14.3);
#1034=CYLINDRICAL_SURFACE('',#3683,17.8500000000045);
#1035=CYLINDRICAL_SURFACE('',#3687,17.85);
#1036=CYLINDRICAL_SURFACE('',#3689,19.05);
#1037=CYLINDRICAL_SURFACE('',#3705,17.85);
#1038=CYLINDRICAL_SURFACE('',#3714,17.85);
#1039=CYLINDRICAL_SURFACE('',#3751,19.05);
#1040=CYLINDRICAL_SURFACE('',#3763,17.8500000000045);
#1041=CYLINDRICAL_SURFACE('',#3768,17.8500000000045);
#1042=CYLINDRICAL_SURFACE('',#3774,17.8500000000045);
#1043=CYLINDRICAL_SURFACE('',#3824,17.85);
#1044=CYLINDRICAL_SURFACE('',#3826,17.85);
#1045=CYLINDRICAL_SURFACE('',#3837,17.85);
#1046=CYLINDRICAL_SURFACE('',#3843,19.05);
#1047=CYLINDRICAL_SURFACE('',#3872,15.5);
#1048=CYLINDRICAL_SURFACE('',#3875,19.0500000000056);
#1049=CYLINDRICAL_SURFACE('',#3882,15.5);
#1050=CYLINDRICAL_SURFACE('',#3884,14.3);
#1051=CYLINDRICAL_SURFACE('',#3886,17.85);
#1052=CYLINDRICAL_SURFACE('',#3890,17.8500000000056);
#1053=CYLINDRICAL_SURFACE('',#3892,14.3);
#1054=CYLINDRICAL_SURFACE('',#3894,17.8500000000045);
#1055=CYLINDRICAL_SURFACE('',#3900,19.05);
#1056=CYLINDRICAL_SURFACE('',#3914,17.8500000000056);
#1057=CYLINDRICAL_SURFACE('',#3915,17.8500000000056);
#1058=CYLINDRICAL_SURFACE('',#3928,19.05);
#1059=FACE_OUTER_BOUND('',#1247,.T.);
#1060=FACE_OUTER_BOUND('',#1248,.T.);
#1061=FACE_OUTER_BOUND('',#1249,.T.);
#1062=FACE_OUTER_BOUND('',#1251,.T.);
#1063=FACE_OUTER_BOUND('',#1252,.T.);
#1064=FACE_OUTER_BOUND('',#1253,.T.);
#1065=FACE_OUTER_BOUND('',#1254,.T.);
#1066=FACE_OUTER_BOUND('',#1255,.T.);
#1067=FACE_OUTER_BOUND('',#1256,.T.);
#1068=FACE_OUTER_BOUND('',#1257,.T.);
#1069=FACE_OUTER_BOUND('',#1258,.T.);
#1070=FACE_OUTER_BOUND('',#1259,.T.);
#1071=FACE_OUTER_BOUND('',#1260,.T.);
#1072=FACE_OUTER_BOUND('',#1261,.T.);
#1073=FACE_OUTER_BOUND('',#1262,.T.);
#1074=FACE_OUTER_BOUND('',#1263,.T.);
#1075=FACE_OUTER_BOUND('',#1264,.T.);
#1076=FACE_OUTER_BOUND('',#1265,.T.);
#1077=FACE_OUTER_BOUND('',#1266,.T.);
#1078=FACE_OUTER_BOUND('',#1267,.T.);
#1079=FACE_OUTER_BOUND('',#1268,.T.);
#1080=FACE_OUTER_BOUND('',#1269,.T.);
#1081=FACE_OUTER_BOUND('',#1270,.T.);
#1082=FACE_OUTER_BOUND('',#1271,.T.);
#1083=FACE_OUTER_BOUND('',#1272,.T.);
#1084=FACE_OUTER_BOUND('',#1273,.T.);
#1085=FACE_OUTER_BOUND('',#1274,.T.);
#1086=FACE_OUTER_BOUND('',#1275,.T.);
#1087=FACE_OUTER_BOUND('',#1276,.T.);
#1088=FACE_OUTER_BOUND('',#1277,.T.);
#1089=FACE_OUTER_BOUND('',#1278,.T.);
#1090=FACE_OUTER_BOUND('',#1279,.T.);
#1091=FACE_OUTER_BOUND('',#1280,.T.);
#1092=FACE_OUTER_BOUND('',#1281,.T.);
#1093=FACE_OUTER_BOUND('',#1282,.T.);
#1094=FACE_OUTER_BOUND('',#1283,.T.);
#1095=FACE_OUTER_BOUND('',#1284,.T.);
#1096=FACE_OUTER_BOUND('',#1285,.T.);
#1097=FACE_OUTER_BOUND('',#1286,.T.);
#1098=FACE_OUTER_BOUND('',#1287,.T.);
#1099=FACE_OUTER_BOUND('',#1288,.T.);
#1100=FACE_OUTER_BOUND('',#1289,.T.);
#1101=FACE_OUTER_BOUND('',#1290,.T.);
#1102=FACE_OUTER_BOUND('',#1291,.T.);
#1103=FACE_OUTER_BOUND('',#1292,.T.);
#1104=FACE_OUTER_BOUND('',#1293,.T.);
#1105=FACE_OUTER_BOUND('',#1294,.T.);
#1106=FACE_OUTER_BOUND('',#1295,.T.);
#1107=FACE_OUTER_BOUND('',#1296,.T.);
#1108=FACE_OUTER_BOUND('',#1297,.T.);
#1109=FACE_OUTER_BOUND('',#1298,.T.);
#1110=FACE_OUTER_BOUND('',#1299,.T.);
#1111=FACE_OUTER_BOUND('',#1300,.T.);
#1112=FACE_OUTER_BOUND('',#1301,.T.);
#1113=FACE_OUTER_BOUND('',#1302,.T.);
#1114=FACE_OUTER_BOUND('',#1303,.T.);
#1115=FACE_OUTER_BOUND('',#1304,.T.);
#1116=FACE_OUTER_BOUND('',#1305,.T.);
#1117=FACE_OUTER_BOUND('',#1306,.T.);
#1118=FACE_OUTER_BOUND('',#1307,.T.);
#1119=FACE_OUTER_BOUND('',#1308,.T.);
#1120=FACE_OUTER_BOUND('',#1309,.T.);
#1121=FACE_OUTER_BOUND('',#1310,.T.);
#1122=FACE_OUTER_BOUND('',#1311,.T.);
#1123=FACE_OUTER_BOUND('',#1313,.T.);
#1124=FACE_OUTER_BOUND('',#1314,.T.);
#1125=FACE_OUTER_BOUND('',#1315,.T.);
#1126=FACE_OUTER_BOUND('',#1316,.T.);
#1127=FACE_OUTER_BOUND('',#1317,.T.);
#1128=FACE_OUTER_BOUND('',#1318,.T.);
#1129=FACE_OUTER_BOUND('',#1319,.T.);
#1130=FACE_OUTER_BOUND('',#1320,.T.);
#1131=FACE_OUTER_BOUND('',#1321,.T.);
#1132=FACE_OUTER_BOUND('',#1322,.T.);
#1133=FACE_OUTER_BOUND('',#1323,.T.);
#1134=FACE_OUTER_BOUND('',#1324,.T.);
#1135=FACE_OUTER_BOUND('',#1325,.T.);
#1136=FACE_OUTER_BOUND('',#1326,.T.);
#1137=FACE_OUTER_BOUND('',#1327,.T.);
#1138=FACE_OUTER_BOUND('',#1328,.T.);
#1139=FACE_OUTER_BOUND('',#1329,.T.);
#1140=FACE_OUTER_BOUND('',#1330,.T.);
#1141=FACE_OUTER_BOUND('',#1331,.T.);
#1142=FACE_OUTER_BOUND('',#1332,.T.);
#1143=FACE_OUTER_BOUND('',#1333,.T.);
#1144=FACE_OUTER_BOUND('',#1334,.T.);
#1145=FACE_OUTER_BOUND('',#1335,.T.);
#1146=FACE_OUTER_BOUND('',#1336,.T.);
#1147=FACE_OUTER_BOUND('',#1337,.T.);
#1148=FACE_OUTER_BOUND('',#1338,.T.);
#1149=FACE_OUTER_BOUND('',#1339,.T.);
#1150=FACE_OUTER_BOUND('',#1340,.T.);
#1151=FACE_OUTER_BOUND('',#1341,.T.);
#1152=FACE_OUTER_BOUND('',#1342,.T.);
#1153=FACE_OUTER_BOUND('',#1343,.T.);
#1154=FACE_OUTER_BOUND('',#1344,.T.);
#1155=FACE_OUTER_BOUND('',#1345,.T.);
#1156=FACE_OUTER_BOUND('',#1346,.T.);
#1157=FACE_OUTER_BOUND('',#1347,.T.);
#1158=FACE_OUTER_BOUND('',#1348,.T.);
#1159=FACE_OUTER_BOUND('',#1349,.T.);
#1160=FACE_OUTER_BOUND('',#1350,.T.);
#1161=FACE_OUTER_BOUND('',#1351,.T.);
#1162=FACE_OUTER_BOUND('',#1355,.T.);
#1163=FACE_OUTER_BOUND('',#1356,.T.);
#1164=FACE_OUTER_BOUND('',#1357,.T.);
#1165=FACE_OUTER_BOUND('',#1358,.T.);
#1166=FACE_OUTER_BOUND('',#1359,.T.);
#1167=FACE_OUTER_BOUND('',#1360,.T.);
#1168=FACE_OUTER_BOUND('',#1361,.T.);
#1169=FACE_OUTER_BOUND('',#1362,.T.);
#1170=FACE_OUTER_BOUND('',#1363,.T.);
#1171=FACE_OUTER_BOUND('',#1364,.T.);
#1172=FACE_OUTER_BOUND('',#1365,.T.);
#1173=FACE_OUTER_BOUND('',#1366,.T.);
#1174=FACE_OUTER_BOUND('',#1367,.T.);
#1175=FACE_OUTER_BOUND('',#1368,.T.);
#1176=FACE_OUTER_BOUND('',#1369,.T.);
#1177=FACE_OUTER_BOUND('',#1370,.T.);
#1178=FACE_OUTER_BOUND('',#1371,.T.);
#1179=FACE_OUTER_BOUND('',#1372,.T.);
#1180=FACE_OUTER_BOUND('',#1373,.T.);
#1181=FACE_OUTER_BOUND('',#1374,.T.);
#1182=FACE_OUTER_BOUND('',#1375,.T.);
#1183=FACE_OUTER_BOUND('',#1376,.T.);
#1184=FACE_OUTER_BOUND('',#1377,.T.);
#1185=FACE_OUTER_BOUND('',#1378,.T.);
#1186=FACE_OUTER_BOUND('',#1379,.T.);
#1187=FACE_OUTER_BOUND('',#1380,.T.);
#1188=FACE_OUTER_BOUND('',#1381,.T.);
#1189=FACE_OUTER_BOUND('',#1382,.T.);
#1190=FACE_OUTER_BOUND('',#1383,.T.);
#1191=FACE_OUTER_BOUND('',#1384,.T.);
#1192=FACE_OUTER_BOUND('',#1385,.T.);
#1193=FACE_OUTER_BOUND('',#1386,.T.);
#1194=FACE_OUTER_BOUND('',#1387,.T.);
#1195=FACE_OUTER_BOUND('',#1388,.T.);
#1196=FACE_OUTER_BOUND('',#1389,.T.);
#1197=FACE_OUTER_BOUND('',#1390,.T.);
#1198=FACE_OUTER_BOUND('',#1391,.T.);
#1199=FACE_OUTER_BOUND('',#1395,.T.);
#1200=FACE_OUTER_BOUND('',#1396,.T.);
#1201=FACE_OUTER_BOUND('',#1397,.T.);
#1202=FACE_OUTER_BOUND('',#1398,.T.);
#1203=FACE_OUTER_BOUND('',#1399,.T.);
#1204=FACE_OUTER_BOUND('',#1400,.T.);
#1205=FACE_OUTER_BOUND('',#1401,.T.);
#1206=FACE_OUTER_BOUND('',#1402,.T.);
#1207=FACE_OUTER_BOUND('',#1403,.T.);
#1208=FACE_OUTER_BOUND('',#1404,.T.);
#1209=FACE_OUTER_BOUND('',#1405,.T.);
#1210=FACE_OUTER_BOUND('',#1406,.T.);
#1211=FACE_OUTER_BOUND('',#1407,.T.);
#1212=FACE_OUTER_BOUND('',#1408,.T.);
#1213=FACE_OUTER_BOUND('',#1409,.T.);
#1214=FACE_OUTER_BOUND('',#1410,.T.);
#1215=FACE_OUTER_BOUND('',#1411,.T.);
#1216=FACE_OUTER_BOUND('',#1412,.T.);
#1217=FACE_OUTER_BOUND('',#1413,.T.);
#1218=FACE_OUTER_BOUND('',#1414,.T.);
#1219=FACE_OUTER_BOUND('',#1415,.T.);
#1220=FACE_OUTER_BOUND('',#1416,.T.);
#1221=FACE_OUTER_BOUND('',#1417,.T.);
#1222=FACE_OUTER_BOUND('',#1418,.T.);
#1223=FACE_OUTER_BOUND('',#1419,.T.);
#1224=FACE_OUTER_BOUND('',#1420,.T.);
#1225=FACE_OUTER_BOUND('',#1421,.T.);
#1226=FACE_OUTER_BOUND('',#1422,.T.);
#1227=FACE_OUTER_BOUND('',#1423,.T.);
#1228=FACE_OUTER_BOUND('',#1424,.T.);
#1229=FACE_OUTER_BOUND('',#1425,.T.);
#1230=FACE_OUTER_BOUND('',#1426,.T.);
#1231=FACE_OUTER_BOUND('',#1427,.T.);
#1232=FACE_OUTER_BOUND('',#1428,.T.);
#1233=FACE_OUTER_BOUND('',#1429,.T.);
#1234=FACE_OUTER_BOUND('',#1430,.T.);
#1235=FACE_OUTER_BOUND('',#1431,.T.);
#1236=FACE_OUTER_BOUND('',#1432,.T.);
#1237=FACE_OUTER_BOUND('',#1433,.T.);
#1238=FACE_OUTER_BOUND('',#1434,.T.);
#1239=FACE_OUTER_BOUND('',#1435,.T.);
#1240=FACE_OUTER_BOUND('',#1436,.T.);
#1241=FACE_OUTER_BOUND('',#1437,.T.);
#1242=FACE_OUTER_BOUND('',#1438,.T.);
#1243=FACE_OUTER_BOUND('',#1439,.T.);
#1244=FACE_OUTER_BOUND('',#1440,.T.);
#1245=FACE_OUTER_BOUND('',#1441,.T.);
#1246=FACE_OUTER_BOUND('',#1442,.T.);
#1247=EDGE_LOOP('',(#2379,#2380,#2381));
#1248=EDGE_LOOP('',(#2382,#2383,#2384,#2385));
#1249=EDGE_LOOP('',(#2386,#2387,#2388,#2389,#2390,#2391,#2392,#2393,#2394,
#2395,#2396,#2397,#2398,#2399));
#1250=EDGE_LOOP('',(#2400,#2401,#2402,#2403,#2404,#2405,#2406,#2407,#2408,
#2409,#2410,#2411,#2412,#2413,#2414,#2415,#2416,#2417,#2418,#2419,#2420,
#2421));
#1251=EDGE_LOOP('',(#2422,#2423,#2424,#2425));
#1252=EDGE_LOOP('',(#2426,#2427,#2428,#2429));
#1253=EDGE_LOOP('',(#2430,#2431,#2432,#2433));
#1254=EDGE_LOOP('',(#2434,#2435,#2436));
#1255=EDGE_LOOP('',(#2437,#2438,#2439,#2440,#2441,#2442));
#1256=EDGE_LOOP('',(#2443,#2444,#2445,#2446));
#1257=EDGE_LOOP('',(#2447,#2448,#2449));
#1258=EDGE_LOOP('',(#2450,#2451,#2452,#2453,#2454,#2455));
#1259=EDGE_LOOP('',(#2456,#2457,#2458,#2459));
#1260=EDGE_LOOP('',(#2460,#2461,#2462));
#1261=EDGE_LOOP('',(#2463,#2464,#2465,#2466));
#1262=EDGE_LOOP('',(#2467,#2468,#2469,#2470));
#1263=EDGE_LOOP('',(#2471,#2472,#2473,#2474,#2475,#2476));
#1264=EDGE_LOOP('',(#2477,#2478,#2479,#2480));
#1265=EDGE_LOOP('',(#2481,#2482,#2483,#2484,#2485,#2486));
#1266=EDGE_LOOP('',(#2487,#2488,#2489,#2490));
#1267=EDGE_LOOP('',(#2491,#2492,#2493,#2494));
#1268=EDGE_LOOP('',(#2495,#2496,#2497,#2498));
#1269=EDGE_LOOP('',(#2499,#2500,#2501,#2502,#2503));
#1270=EDGE_LOOP('',(#2504,#2505,#2506,#2507,#2508));
#1271=EDGE_LOOP('',(#2509,#2510,#2511,#2512));
#1272=EDGE_LOOP('',(#2513,#2514,#2515,#2516));
#1273=EDGE_LOOP('',(#2517,#2518,#2519,#2520,#2521));
#1274=EDGE_LOOP('',(#2522,#2523,#2524,#2525,#2526));
#1275=EDGE_LOOP('',(#2527,#2528,#2529,#2530));
#1276=EDGE_LOOP('',(#2531,#2532,#2533,#2534,#2535,#2536,#2537,#2538,#2539,
#2540,#2541,#2542,#2543,#2544,#2545,#2546));
#1277=EDGE_LOOP('',(#2547,#2548,#2549,#2550));
#1278=EDGE_LOOP('',(#2551,#2552,#2553,#2554));
#1279=EDGE_LOOP('',(#2555,#2556,#2557,#2558,#2559));
#1280=EDGE_LOOP('',(#2560,#2561,#2562,#2563));
#1281=EDGE_LOOP('',(#2564,#2565,#2566,#2567,#2568));
#1282=EDGE_LOOP('',(#2569,#2570,#2571,#2572));
#1283=EDGE_LOOP('',(#2573,#2574,#2575,#2576));
#1284=EDGE_LOOP('',(#2577,#2578,#2579,#2580));
#1285=EDGE_LOOP('',(#2581,#2582,#2583,#2584,#2585,#2586,#2587,#2588));
#1286=EDGE_LOOP('',(#2589,#2590,#2591,#2592));
#1287=EDGE_LOOP('',(#2593,#2594,#2595,#2596));
#1288=EDGE_LOOP('',(#2597,#2598,#2599,#2600,#2601));
#1289=EDGE_LOOP('',(#2602,#2603,#2604,#2605));
#1290=EDGE_LOOP('',(#2606,#2607,#2608,#2609));
#1291=EDGE_LOOP('',(#2610,#2611,#2612,#2613,#2614));
#1292=EDGE_LOOP('',(#2615,#2616,#2617,#2618));
#1293=EDGE_LOOP('',(#2619,#2620,#2621,#2622));
#1294=EDGE_LOOP('',(#2623,#2624,#2625,#2626));
#1295=EDGE_LOOP('',(#2627,#2628,#2629,#2630));
#1296=EDGE_LOOP('',(#2631,#2632,#2633,#2634));
#1297=EDGE_LOOP('',(#2635,#2636,#2637,#2638));
#1298=EDGE_LOOP('',(#2639,#2640,#2641,#2642));
#1299=EDGE_LOOP('',(#2643,#2644,#2645,#2646,#2647));
#1300=EDGE_LOOP('',(#2648,#2649,#2650,#2651,#2652,#2653,#2654));
#1301=EDGE_LOOP('',(#2655,#2656,#2657,#2658,#2659,#2660));
#1302=EDGE_LOOP('',(#2661,#2662,#2663,#2664,#2665,#2666,#2667,#2668,#2669,
#2670,#2671,#2672,#2673,#2674));
#1303=EDGE_LOOP('',(#2675,#2676,#2677,#2678,#2679));
#1304=EDGE_LOOP('',(#2680,#2681,#2682,#2683));
#1305=EDGE_LOOP('',(#2684,#2685,#2686,#2687));
#1306=EDGE_LOOP('',(#2688,#2689,#2690,#2691,#2692));
#1307=EDGE_LOOP('',(#2693,#2694,#2695,#2696));
#1308=EDGE_LOOP('',(#2697,#2698,#2699,#2700,#2701));
#1309=EDGE_LOOP('',(#2702,#2703,#2704,#2705));
#1310=EDGE_LOOP('',(#2706,#2707,#2708,#2709,#2710,#2711,#2712,#2713,#2714,
#2715,#2716,#2717,#2718,#2719,#2720,#2721,#2722,#2723));
#1311=EDGE_LOOP('',(#2724,#2725,#2726,#2727,#2728,#2729,#2730,#2731,#2732,
#2733,#2734,#2735));
#1312=EDGE_LOOP('',(#2736,#2737,#2738,#2739,#2740,#2741,#2742,#2743,#2744,
#2745,#2746,#2747,#2748,#2749,#2750,#2751,#2752,#2753,#2754,#2755));
#1313=EDGE_LOOP('',(#2756,#2757,#2758,#2759));
#1314=EDGE_LOOP('',(#2760,#2761,#2762,#2763));
#1315=EDGE_LOOP('',(#2764,#2765,#2766,#2767,#2768,#2769,#2770,#2771));
#1316=EDGE_LOOP('',(#2772,#2773,#2774,#2775));
#1317=EDGE_LOOP('',(#2776,#2777,#2778,#2779,#2780));
#1318=EDGE_LOOP('',(#2781,#2782,#2783,#2784));
#1319=EDGE_LOOP('',(#2785,#2786,#2787,#2788,#2789));
#1320=EDGE_LOOP('',(#2790,#2791,#2792,#2793,#2794,#2795,#2796,#2797));
#1321=EDGE_LOOP('',(#2798,#2799,#2800,#2801));
#1322=EDGE_LOOP('',(#2802,#2803,#2804,#2805));
#1323=EDGE_LOOP('',(#2806,#2807,#2808,#2809));
#1324=EDGE_LOOP('',(#2810,#2811,#2812,#2813,#2814,#2815,#2816,#2817,#2818,
#2819,#2820,#2821));
#1325=EDGE_LOOP('',(#2822,#2823,#2824,#2825));
#1326=EDGE_LOOP('',(#2826,#2827,#2828,#2829));
#1327=EDGE_LOOP('',(#2830,#2831,#2832,#2833));
#1328=EDGE_LOOP('',(#2834,#2835,#2836,#2837,#2838));
#1329=EDGE_LOOP('',(#2839,#2840,#2841,#2842));
#1330=EDGE_LOOP('',(#2843,#2844,#2845,#2846,#2847));
#1331=EDGE_LOOP('',(#2848,#2849,#2850,#2851));
#1332=EDGE_LOOP('',(#2852,#2853,#2854,#2855));
#1333=EDGE_LOOP('',(#2856,#2857,#2858,#2859));
#1334=EDGE_LOOP('',(#2860,#2861,#2862,#2863,#2864));
#1335=EDGE_LOOP('',(#2865,#2866,#2867,#2868));
#1336=EDGE_LOOP('',(#2869,#2870,#2871,#2872,#2873,#2874,#2875));
#1337=EDGE_LOOP('',(#2876,#2877,#2878,#2879,#2880));
#1338=EDGE_LOOP('',(#2881,#2882,#2883,#2884,#2885,#2886));
#1339=EDGE_LOOP('',(#2887,#2888,#2889,#2890));
#1340=EDGE_LOOP('',(#2891,#2892,#2893,#2894));
#1341=EDGE_LOOP('',(#2895,#2896,#2897,#2898,#2899,#2900));
#1342=EDGE_LOOP('',(#2901,#2902,#2903,#2904,#2905));
#1343=EDGE_LOOP('',(#2906,#2907,#2908,#2909));
#1344=EDGE_LOOP('',(#2910,#2911,#2912,#2913,#2914,#2915,#2916));
#1345=EDGE_LOOP('',(#2917,#2918,#2919,#2920));
#1346=EDGE_LOOP('',(#2921,#2922,#2923,#2924,#2925));
#1347=EDGE_LOOP('',(#2926,#2927,#2928,#2929,#2930));
#1348=EDGE_LOOP('',(#2931,#2932,#2933,#2934,#2935));
#1349=EDGE_LOOP('',(#2936,#2937,#2938,#2939));
#1350=EDGE_LOOP('',(#2940,#2941,#2942,#2943));
#1351=EDGE_LOOP('',(#2944,#2945,#2946,#2947,#2948,#2949,#2950,#2951,#2952,
#2953,#2954,#2955));
#1352=EDGE_LOOP('',(#2956,#2957,#2958,#2959,#2960,#2961,#2962,#2963));
#1353=EDGE_LOOP('',(#2964,#2965,#2966,#2967,#2968,#2969,#2970,#2971));
#1354=EDGE_LOOP('',(#2972,#2973,#2974,#2975));
#1355=EDGE_LOOP('',(#2976,#2977,#2978,#2979));
#1356=EDGE_LOOP('',(#2980,#2981,#2982,#2983));
#1357=EDGE_LOOP('',(#2984,#2985,#2986,#2987));
#1358=EDGE_LOOP('',(#2988,#2989,#2990,#2991));
#1359=EDGE_LOOP('',(#2992,#2993,#2994,#2995,#2996,#2997,#2998,#2999));
#1360=EDGE_LOOP('',(#3000,#3001,#3002,#3003,#3004,#3005,#3006,#3007,#3008,
#3009,#3010,#3011,#3012,#3013));
#1361=EDGE_LOOP('',(#3014,#3015,#3016,#3017,#3018));
#1362=EDGE_LOOP('',(#3019,#3020,#3021,#3022,#3023));
#1363=EDGE_LOOP('',(#3024,#3025,#3026,#3027));
#1364=EDGE_LOOP('',(#3028,#3029,#3030,#3031));
#1365=EDGE_LOOP('',(#3032,#3033,#3034,#3035,#3036,#3037,#3038,#3039));
#1366=EDGE_LOOP('',(#3040,#3041,#3042,#3043));
#1367=EDGE_LOOP('',(#3044,#3045,#3046,#3047,#3048,#3049,#3050,#3051,#3052,
#3053,#3054,#3055,#3056,#3057,#3058,#3059,#3060,#3061));
#1368=EDGE_LOOP('',(#3062,#3063,#3064,#3065));
#1369=EDGE_LOOP('',(#3066,#3067,#3068,#3069));
#1370=EDGE_LOOP('',(#3070,#3071,#3072,#3073));
#1371=EDGE_LOOP('',(#3074,#3075,#3076,#3077));
#1372=EDGE_LOOP('',(#3078,#3079,#3080,#3081));
#1373=EDGE_LOOP('',(#3082,#3083,#3084,#3085,#3086,#3087,#3088));
#1374=EDGE_LOOP('',(#3089,#3090,#3091,#3092,#3093));
#1375=EDGE_LOOP('',(#3094,#3095,#3096,#3097));
#1376=EDGE_LOOP('',(#3098,#3099,#3100,#3101,#3102));
#1377=EDGE_LOOP('',(#3103,#3104,#3105,#3106));
#1378=EDGE_LOOP('',(#3107,#3108,#3109,#3110));
#1379=EDGE_LOOP('',(#3111,#3112,#3113,#3114));
#1380=EDGE_LOOP('',(#3115,#3116,#3117,#3118,#3119));
#1381=EDGE_LOOP('',(#3120,#3121,#3122,#3123));
#1382=EDGE_LOOP('',(#3124,#3125,#3126,#3127));
#1383=EDGE_LOOP('',(#3128,#3129,#3130,#3131));
#1384=EDGE_LOOP('',(#3132,#3133,#3134,#3135));
#1385=EDGE_LOOP('',(#3136,#3137,#3138,#3139,#3140,#3141));
#1386=EDGE_LOOP('',(#3142,#3143,#3144,#3145,#3146));
#1387=EDGE_LOOP('',(#3147,#3148,#3149,#3150));
#1388=EDGE_LOOP('',(#3151,#3152,#3153));
#1389=EDGE_LOOP('',(#3154,#3155,#3156,#3157));
#1390=EDGE_LOOP('',(#3158,#3159,#3160,#3161));
#1391=EDGE_LOOP('',(#3162,#3163,#3164,#3165,#3166,#3167,#3168,#3169,#3170,
#3171,#3172,#3173,#3174,#3175));
#1392=EDGE_LOOP('',(#3176,#3177,#3178,#3179,#3180,#3181,#3182,#3183,#3184));
#1393=EDGE_LOOP('',(#3185,#3186,#3187,#3188));
#1394=EDGE_LOOP('',(#3189,#3190,#3191,#3192,#3193,#3194,#3195,#3196,#3197));
#1395=EDGE_LOOP('',(#3198,#3199,#3200));
#1396=EDGE_LOOP('',(#3201,#3202,#3203,#3204));
#1397=EDGE_LOOP('',(#3205,#3206,#3207));
#1398=EDGE_LOOP('',(#3208,#3209,#3210,#3211));
#1399=EDGE_LOOP('',(#3212,#3213,#3214,#3215));
#1400=EDGE_LOOP('',(#3216,#3217,#3218,#3219,#3220,#3221));
#1401=EDGE_LOOP('',(#3222,#3223,#3224,#3225));
#1402=EDGE_LOOP('',(#3226,#3227,#3228,#3229));
#1403=EDGE_LOOP('',(#3230,#3231,#3232));
#1404=EDGE_LOOP('',(#3233,#3234,#3235,#3236,#3237,#3238));
#1405=EDGE_LOOP('',(#3239,#3240,#3241,#3242));
#1406=EDGE_LOOP('',(#3243,#3244,#3245,#3246));
#1407=EDGE_LOOP('',(#3247,#3248,#3249,#3250,#3251,#3252));
#1408=EDGE_LOOP('',(#3253,#3254,#3255,#3256,#3257));
#1409=EDGE_LOOP('',(#3258,#3259,#3260,#3261,#3262,#3263,#3264,#3265));
#1410=EDGE_LOOP('',(#3266,#3267,#3268,#3269,#3270));
#1411=EDGE_LOOP('',(#3271,#3272,#3273,#3274,#3275));
#1412=EDGE_LOOP('',(#3276,#3277,#3278,#3279));
#1413=EDGE_LOOP('',(#3280,#3281,#3282,#3283));
#1414=EDGE_LOOP('',(#3284,#3285,#3286,#3287,#3288,#3289));
#1415=EDGE_LOOP('',(#3290,#3291,#3292,#3293));
#1416=EDGE_LOOP('',(#3294,#3295,#3296,#3297));
#1417=EDGE_LOOP('',(#3298,#3299,#3300,#3301));
#1418=EDGE_LOOP('',(#3302,#3303,#3304,#3305,#3306));
#1419=EDGE_LOOP('',(#3307,#3308,#3309,#3310,#3311));
#1420=EDGE_LOOP('',(#3312,#3313,#3314,#3315));
#1421=EDGE_LOOP('',(#3316,#3317,#3318,#3319));
#1422=EDGE_LOOP('',(#3320,#3321,#3322,#3323,#3324,#3325));
#1423=EDGE_LOOP('',(#3326,#3327,#3328,#3329));
#1424=EDGE_LOOP('',(#3330,#3331,#3332,#3333));
#1425=EDGE_LOOP('',(#3334,#3335,#3336,#3337));
#1426=EDGE_LOOP('',(#3338,#3339,#3340,#3341));
#1427=EDGE_LOOP('',(#3342,#3343,#3344,#3345));
#1428=EDGE_LOOP('',(#3346,#3347,#3348,#3349,#3350,#3351));
#1429=EDGE_LOOP('',(#3352,#3353,#3354,#3355,#3356));
#1430=EDGE_LOOP('',(#3357,#3358,#3359,#3360));
#1431=EDGE_LOOP('',(#3361,#3362,#3363,#3364));
#1432=EDGE_LOOP('',(#3365,#3366,#3367,#3368));
#1433=EDGE_LOOP('',(#3369,#3370,#3371,#3372,#3373));
#1434=EDGE_LOOP('',(#3374,#3375,#3376,#3377));
#1435=EDGE_LOOP('',(#3378,#3379,#3380,#3381));
#1436=EDGE_LOOP('',(#3382,#3383,#3384,#3385));
#1437=EDGE_LOOP('',(#3386,#3387,#3388,#3389));
#1438=EDGE_LOOP('',(#3390,#3391,#3392,#3393));
#1439=EDGE_LOOP('',(#3394,#3395,#3396,#3397,#3398));
#1440=EDGE_LOOP('',(#3399,#3400,#3401,#3402));
#1441=EDGE_LOOP('',(#3403,#3404,#3405,#3406));
#1442=EDGE_LOOP('',(#3407,#3408,#3409,#3410));
#1443=B_SPLINE_CURVE_WITH_KNOTS('',3,(#5021,#5022,#5023,#5024,#5025,#5026,
#5027,#5028,#5029,#5030,#5031,#5032),.UNSPECIFIED.,.F.,.F.,(4,1,1,1,1,1,
1,2,4),(-0.662026782609089,-0.59582410434818,-0.529621426087271,-0.463418747826362,
-0.397216069565453,-0.264810713043636,-0.132405356521818,0.,0.00110653215289381),
 .UNSPECIFIED.);
#1444=B_SPLINE_CURVE_WITH_KNOTS('',3,(#5033,#5034,#5035,#5036,#5037,#5038,
#5039,#5040,#5041,#5042,#5043,#5044),.UNSPECIFIED.,.F.,.F.,(4,2,1,1,1,1,
1,1,4),(-0.00110653215289381,0.,0.132405356521818,0.264810713043636,0.397216069565453,
0.463418747826362,0.529621426087271,0.59582410434818,0.662026782609089),
 .UNSPECIFIED.);
#1445=B_SPLINE_CURVE_WITH_KNOTS('',3,(#5128,#5129,#5130,#5131,#5132,#5133,
#5134,#5135,#5136,#5137,#5138,#5139,#5140),.UNSPECIFIED.,.F.,.F.,(4,1,1,
1,1,1,1,1,2,4),(0.,0.0662026809718946,0.132405361943789,0.198608042915684,
0.264810723887579,0.331013404859473,0.397216085831368,0.529621447775157,
0.662026809718946,0.663133319742747),.UNSPECIFIED.);
#1446=B_SPLINE_CURVE_WITH_KNOTS('',3,(#5236,#5237,#5238,#5239,#5240,#5241,
#5242,#5243,#5244,#5245,#5246,#5247,#5248),.UNSPECIFIED.,.F.,.F.,(4,2,1,
1,1,1,1,1,1,4),(-0.663133319742747,-0.662026809718946,-0.529621447775157,
-0.397216085831368,-0.331013404859473,-0.264810723887579,-0.198608042915684,
-0.132405361943789,-0.0662026809718946,0.),.UNSPECIFIED.);
#1447=B_SPLINE_CURVE_WITH_KNOTS('',3,(#5364,#5365,#5366,#5367,#5368,#5369,
#5370,#5371,#5372,#5373,#5374,#5375,#5376,#5377),.UNSPECIFIED.,.F.,.F.,
(4,1,1,1,1,1,1,1,1,2,4),(0.,0.0662044838259267,0.132408967651853,0.19861345147778,
0.264817935303707,0.39722690295556,0.463431386781487,0.529635870607413,
0.59584035443334,0.662044838259267,0.663136627229666),.UNSPECIFIED.);
#1448=B_SPLINE_CURVE_WITH_KNOTS('',3,(#5378,#5379,#5380,#5381,#5382,#5383,
#5384,#5385,#5386,#5387,#5388,#5389,#5390,#5391),.UNSPECIFIED.,.F.,.F.,
(4,2,1,1,1,1,1,1,1,1,4),(-0.663136627229666,-0.662044838259267,-0.59584035443334,
-0.529635870607413,-0.463431386781487,-0.39722690295556,-0.264817935303707,
-0.19861345147778,-0.132408967651853,-0.0662044838259267,0.),
 .UNSPECIFIED.);
#1449=B_SPLINE_CURVE_WITH_KNOTS('',3,(#5513,#5514,#5515,#5516,#5517,#5518,
#5519,#5520,#5521,#5522,#5523,#5524,#5525,#5526,#5527),.UNSPECIFIED.,.F.,
 .F.,(4,1,1,1,1,1,1,1,1,1,2,4),(-0.662044838115603,-0.595840354304042,-0.529635870492482,
-0.463431386680922,-0.397226902869362,-0.331022419057801,-0.264817935246241,
-0.198613451434681,-0.132408967623121,-0.0662044838115603,0.,0.00109178911537337),
 .UNSPECIFIED.);
#1450=B_SPLINE_CURVE_WITH_KNOTS('',3,(#5528,#5529,#5530,#5531,#5532,#5533,
#5534,#5535,#5536,#5537,#5538,#5539,#5540,#5541,#5542),.UNSPECIFIED.,.F.,
 .F.,(4,2,1,1,1,1,1,1,1,1,1,4),(-0.00109178911537337,0.,0.0662044838115603,
0.132408967623121,0.198613451434681,0.264817935246241,0.331022419057801,
0.397226902869362,0.463431386680922,0.529635870492482,0.595840354304042,
0.662044838115603),.UNSPECIFIED.);
#1451=B_SPLINE_CURVE_WITH_KNOTS('',3,(#6282,#6283,#6284,#6285,#6286,#6287,
#6288,#6289,#6290,#6291,#6292,#6293,#6294),.UNSPECIFIED.,.F.,.F.,(4,1,1,
1,1,1,1,1,2,4),(0.,0.066202678907096,0.132405357814192,0.198608036721288,
0.264810715628384,0.33101339453548,0.397216073442576,0.529621431256768,
0.66202678907096,0.663133315949719),.UNSPECIFIED.);
#1452=B_SPLINE_CURVE_WITH_KNOTS('',3,(#6295,#6296,#6297,#6298,#6299,#6300,
#6301,#6302,#6303,#6304,#6305,#6306,#6307),.UNSPECIFIED.,.F.,.F.,(4,2,1,
1,1,1,1,1,1,4),(-0.663133315949719,-0.66202678907096,-0.529621431256768,
-0.397216073442576,-0.33101339453548,-0.264810715628384,-0.198608036721288,
-0.132405357814192,-0.066202678907096,0.),.UNSPECIFIED.);
#1453=B_SPLINE_CURVE_WITH_KNOTS('',3,(#6312,#6313,#6314,#6315,#6316,#6317,
#6318,#6319,#6320,#6321,#6322,#6323),.UNSPECIFIED.,.F.,.F.,(4,2,1,1,1,1,
1,1,4),(-0.00110651002477993,0.,0.132405361943682,0.264810723887364,0.397216085831046,
0.463418766802887,0.529621447774727,0.595824128746568,0.662026809718409),
 .UNSPECIFIED.);
#1454=B_SPLINE_CURVE_WITH_KNOTS('',3,(#6483,#6484,#6485,#6486,#6487,#6488,
#6489,#6490,#6491,#6492,#6493,#6494),.UNSPECIFIED.,.F.,.F.,(4,1,1,1,1,1,
1,2,4),(-0.662026809718409,-0.595824128746568,-0.529621447774727,-0.463418766802887,
-0.397216085831046,-0.264810723887364,-0.132405361943682,0.,0.00110651002477993),
 .UNSPECIFIED.);
#1455=B_SPLINE_CURVE_WITH_KNOTS('',3,(#6606,#6607,#6608,#6609,#6610,#6611,
#6612,#6613,#6614,#6615,#6616,#6617,#6618,#6619,#6620),.UNSPECIFIED.,.F.,
 .F.,(4,1,1,1,1,1,1,1,1,1,2,4),(-0.662044838258059,-0.595840354432253,-0.529635870606447,
-0.463431386780641,-0.397226902954835,-0.331022419129029,-0.264817935303223,
-0.198613451477418,-0.132408967651612,-0.0662044838258059,0.,0.00109178897187195),
 .UNSPECIFIED.);
#1456=B_SPLINE_CURVE_WITH_KNOTS('',3,(#6621,#6622,#6623,#6624,#6625,#6626,
#6627,#6628,#6629,#6630,#6631,#6632,#6633,#6634,#6635),.UNSPECIFIED.,.F.,
 .F.,(4,2,1,1,1,1,1,1,1,1,1,4),(-0.00109178897187195,0.,0.0662044838258059,
0.132408967651612,0.198613451477418,0.264817935303223,0.331022419129029,
0.397226902954835,0.463431386780641,0.529635870606447,0.595840354432253,
0.662044838258059),.UNSPECIFIED.);
#1457=B_SPLINE_CURVE_WITH_KNOTS('',3,(#6755,#6756,#6757,#6758,#6759,#6760,
#6761,#6762,#6763,#6764,#6765,#6766,#6767),.UNSPECIFIED.,.F.,.F.,(4,1,1,
1,1,1,1,1,2,4),(0.,0.0662044838114393,0.132408967622879,0.198613451434318,
0.264817935245757,0.331022419057196,0.397226902868636,0.529635870491514,
0.662044838114393,0.663136627231239),.UNSPECIFIED.);
#1458=B_SPLINE_CURVE_WITH_KNOTS('',3,(#6768,#6769,#6770,#6771,#6772,#6773,
#6774,#6775,#6776,#6777,#6778,#6779,#6780),.UNSPECIFIED.,.F.,.F.,(4,2,1,
1,1,1,1,1,1,4),(-0.663136627231239,-0.662044838114393,-0.529635870491514,
-0.397226902868636,-0.331022419057196,-0.264817935245757,-0.198613451434318,
-0.132408967622879,-0.0662044838114393,0.),.UNSPECIFIED.);
#1459=CIRCLE('',#3658,15.5);
#1460=CIRCLE('',#3668,15.5);
#1461=CIRCLE('',#3670,19.05);
#1462=CIRCLE('',#3672,19.05);
#1463=CIRCLE('',#3674,14.3);
#1464=CIRCLE('',#3676,17.85);
#1465=CIRCLE('',#3678,17.85);
#1466=CIRCLE('',#3680,14.3);
#1467=CIRCLE('',#3684,17.8500000000045);
#1468=CIRCLE('',#3686,17.8500000000045);
#1469=CIRCLE('',#3688,17.85);
#1470=CIRCLE('',#3690,19.05);
#1471=CIRCLE('',#3692,19.05);
#1472=CIRCLE('',#3702,17.85);
#1473=CIRCLE('',#3706,17.85);
#1474=CIRCLE('',#3709,17.85);
#1475=CIRCLE('',#3731,19.05);
#1476=CIRCLE('',#3740,19.05);
#1477=CIRCLE('',#3744,19.05);
#1478=CIRCLE('',#3746,17.8500000000045);
#1479=CIRCLE('',#3749,17.8500000000045);
#1480=CIRCLE('',#3753,19.05);
#1481=CIRCLE('',#3754,19.05);
#1482=CIRCLE('',#3756,19.05);
#1483=CIRCLE('',#3757,19.05);
#1484=CIRCLE('',#3759,19.05);
#1485=CIRCLE('',#3764,17.8500000000045);
#1486=CIRCLE('',#3765,17.8500000000045);
#1487=CIRCLE('',#3767,17.8500000000045);
#1488=CIRCLE('',#3769,17.8500000000045);
#1489=CIRCLE('',#3771,17.8500000000045);
#1490=CIRCLE('',#3775,17.8500000000045);
#1491=CIRCLE('',#3776,17.8500000000045);
#1492=CIRCLE('',#3778,17.8500000000045);
#1493=CIRCLE('',#3804,19.05);
#1494=CIRCLE('',#3806,19.05);
#1495=CIRCLE('',#3813,19.05);
#1496=CIRCLE('',#3815,17.85);
#1497=CIRCLE('',#3817,17.85);
#1498=CIRCLE('',#3825,17.85);
#1499=CIRCLE('',#3827,17.85);
#1500=CIRCLE('',#3829,17.85);
#1501=CIRCLE('',#3830,17.85);
#1502=CIRCLE('',#3833,17.85);
#1503=CIRCLE('',#3838,17.85);
#1504=CIRCLE('',#3840,17.85);
#1505=CIRCLE('',#3841,17.85);
#1506=CIRCLE('',#3844,19.05);
#1507=CIRCLE('',#3846,19.05);
#1508=CIRCLE('',#3847,19.05);
#1509=CIRCLE('',#3849,19.05);
#1510=CIRCLE('',#3851,19.05);
#1511=CIRCLE('',#3874,15.5);
#1512=CIRCLE('',#3881,15.5);
#1513=CIRCLE('',#3883,14.3);
#1514=CIRCLE('',#3887,17.85);
#1515=CIRCLE('',#3889,17.85);
#1516=CIRCLE('',#3891,17.8500000000056);
#1517=CIRCLE('',#3893,14.3000000000001);
#1518=CIRCLE('',#3895,17.8500000000045);
#1519=CIRCLE('',#3897,17.8500000000045);
#1520=CIRCLE('',#3901,19.05);
#1521=CIRCLE('',#3903,19.05);
#1522=CIRCLE('',#3907,17.8500000000056);
#1523=CIRCLE('',#3909,17.8500000000056);
#1524=CIRCLE('',#3916,17.8500000000056);
#1525=CIRCLE('',#3927,19.05);
#1526=CIRCLE('',#3930,19.05);
#1527=VERTEX_POINT('',#5017);
#1528=VERTEX_POINT('',#5018);
#1529=VERTEX_POINT('',#5020);
#1530=VERTEX_POINT('',#5046);
#1531=VERTEX_POINT('',#5047);
#1532=VERTEX_POINT('',#5052);
#1533=VERTEX_POINT('',#5054);
#1534=VERTEX_POINT('',#5056);
#1535=VERTEX_POINT('',#5058);
#1536=VERTEX_POINT('',#5060);
#1537=VERTEX_POINT('',#5062);
#1538=VERTEX_POINT('',#5064);
#1539=VERTEX_POINT('',#5066);
#1540=VERTEX_POINT('',#5068);
#1541=VERTEX_POINT('',#5070);
#1542=VERTEX_POINT('',#5072);
#1543=VERTEX_POINT('',#5074);
#1544=VERTEX_POINT('',#5077);
#1545=VERTEX_POINT('',#5078);
#1546=VERTEX_POINT('',#5080);
#1547=VERTEX_POINT('',#5082);
#1548=VERTEX_POINT('',#5084);
#1549=VERTEX_POINT('',#5086);
#1550=VERTEX_POINT('',#5088);
#1551=VERTEX_POINT('',#5090);
#1552=VERTEX_POINT('',#5092);
#1553=VERTEX_POINT('',#5094);
#1554=VERTEX_POINT('',#5096);
#1555=VERTEX_POINT('',#5098);
#1556=VERTEX_POINT('',#5100);
#1557=VERTEX_POINT('',#5102);
#1558=VERTEX_POINT('',#5104);
#1559=VERTEX_POINT('',#5106);
#1560=VERTEX_POINT('',#5108);
#1561=VERTEX_POINT('',#5110);
#1562=VERTEX_POINT('',#5112);
#1563=VERTEX_POINT('',#5114);
#1564=VERTEX_POINT('',#5116);
#1565=VERTEX_POINT('',#5118);
#1566=VERTEX_POINT('',#5122);
#1567=VERTEX_POINT('',#5126);
#1568=VERTEX_POINT('',#5142);
#1569=VERTEX_POINT('',#5250);
#1570=VERTEX_POINT('',#5252);
#1571=VERTEX_POINT('',#5254);
#1572=VERTEX_POINT('',#5256);
#1573=VERTEX_POINT('',#5260);
#1574=VERTEX_POINT('',#5262);
#1575=VERTEX_POINT('',#5363);
#1576=VERTEX_POINT('',#5393);
#1577=VERTEX_POINT('',#5395);
#1578=VERTEX_POINT('',#5397);
#1579=VERTEX_POINT('',#5399);
#1580=VERTEX_POINT('',#5509);
#1581=VERTEX_POINT('',#5510);
#1582=VERTEX_POINT('',#5512);
#1583=VERTEX_POINT('',#5547);
#1584=VERTEX_POINT('',#5551);
#1585=VERTEX_POINT('',#5553);
#1586=VERTEX_POINT('',#5555);
#1587=VERTEX_POINT('',#5559);
#1588=VERTEX_POINT('',#5561);
#1589=VERTEX_POINT('',#5565);
#1590=VERTEX_POINT('',#5567);
#1591=VERTEX_POINT('',#5569);
#1592=VERTEX_POINT('',#5571);
#1593=VERTEX_POINT('',#5582);
#1594=VERTEX_POINT('',#5587);
#1595=VERTEX_POINT('',#5594);
#1596=VERTEX_POINT('',#5599);
#1597=VERTEX_POINT('',#5600);
#1598=VERTEX_POINT('',#5603);
#1599=VERTEX_POINT('',#5609);
#1600=VERTEX_POINT('',#5611);
#1601=VERTEX_POINT('',#5613);
#1602=VERTEX_POINT('',#5615);
#1603=VERTEX_POINT('',#5618);
#1604=VERTEX_POINT('',#5620);
#1605=VERTEX_POINT('',#5622);
#1606=VERTEX_POINT('',#5624);
#1607=VERTEX_POINT('',#5628);
#1608=VERTEX_POINT('',#5635);
#1609=VERTEX_POINT('',#5646);
#1610=VERTEX_POINT('',#5648);
#1611=VERTEX_POINT('',#5676);
#1612=VERTEX_POINT('',#5677);
#1613=VERTEX_POINT('',#5679);
#1614=VERTEX_POINT('',#5681);
#1615=VERTEX_POINT('',#5683);
#1616=VERTEX_POINT('',#5687);
#1617=VERTEX_POINT('',#5688);
#1618=VERTEX_POINT('',#5690);
#1619=VERTEX_POINT('',#5692);
#1620=VERTEX_POINT('',#5694);
#1621=VERTEX_POINT('',#5696);
#1622=VERTEX_POINT('',#5698);
#1623=VERTEX_POINT('',#5702);
#1624=VERTEX_POINT('',#5704);
#1625=VERTEX_POINT('',#5706);
#1626=VERTEX_POINT('',#5708);
#1627=VERTEX_POINT('',#5712);
#1628=VERTEX_POINT('',#5714);
#1629=VERTEX_POINT('',#5716);
#1630=VERTEX_POINT('',#5718);
#1631=VERTEX_POINT('',#5720);
#1632=VERTEX_POINT('',#5722);
#1633=VERTEX_POINT('',#5724);
#1634=VERTEX_POINT('',#5726);
#1635=VERTEX_POINT('',#5728);
#1636=VERTEX_POINT('',#5730);
#1637=VERTEX_POINT('',#5735);
#1638=VERTEX_POINT('',#5737);
#1639=VERTEX_POINT('',#5739);
#1640=VERTEX_POINT('',#5743);
#1641=VERTEX_POINT('',#5745);
#1642=VERTEX_POINT('',#5749);
#1643=VERTEX_POINT('',#5751);
#1644=VERTEX_POINT('',#5755);
#1645=VERTEX_POINT('',#5756);
#1646=VERTEX_POINT('',#5758);
#1647=VERTEX_POINT('',#5760);
#1648=VERTEX_POINT('',#5762);
#1649=VERTEX_POINT('',#5766);
#1650=VERTEX_POINT('',#5768);
#1651=VERTEX_POINT('',#5772);
#1652=VERTEX_POINT('',#5774);
#1653=VERTEX_POINT('',#5776);
#1654=VERTEX_POINT('',#5780);
#1655=VERTEX_POINT('',#5782);
#1656=VERTEX_POINT('',#5786);
#1657=VERTEX_POINT('',#5789);
#1658=VERTEX_POINT('',#5791);
#1659=VERTEX_POINT('',#5794);
#1660=VERTEX_POINT('',#5796);
#1661=VERTEX_POINT('',#5800);
#1662=VERTEX_POINT('',#5802);
#1663=VERTEX_POINT('',#5804);
#1664=VERTEX_POINT('',#5806);
#1665=VERTEX_POINT('',#5808);
#1666=VERTEX_POINT('',#5810);
#1667=VERTEX_POINT('',#5812);
#1668=VERTEX_POINT('',#5815);
#1669=VERTEX_POINT('',#5817);
#1670=VERTEX_POINT('',#5819);
#1671=VERTEX_POINT('',#5822);
#1672=VERTEX_POINT('',#5824);
#1673=VERTEX_POINT('',#5826);
#1674=VERTEX_POINT('',#5829);
#1675=VERTEX_POINT('',#5831);
#1676=VERTEX_POINT('',#5833);
#1677=VERTEX_POINT('',#5835);
#1678=VERTEX_POINT('',#5837);
#1679=VERTEX_POINT('',#5841);
#1680=VERTEX_POINT('',#5845);
#1681=VERTEX_POINT('',#5849);
#1682=VERTEX_POINT('',#5852);
#1683=VERTEX_POINT('',#5854);
#1684=VERTEX_POINT('',#5858);
#1685=VERTEX_POINT('',#5862);
#1686=VERTEX_POINT('',#5863);
#1687=VERTEX_POINT('',#5866);
#1688=VERTEX_POINT('',#5870);
#1689=VERTEX_POINT('',#5876);
#1690=VERTEX_POINT('',#5879);
#1691=VERTEX_POINT('',#5881);
#1692=VERTEX_POINT('',#5883);
#1693=VERTEX_POINT('',#5893);
#1694=VERTEX_POINT('',#5895);
#1695=VERTEX_POINT('',#5928);
#1696=VERTEX_POINT('',#5929);
#1697=VERTEX_POINT('',#5931);
#1698=VERTEX_POINT('',#5933);
#1699=VERTEX_POINT('',#5935);
#1700=VERTEX_POINT('',#5937);
#1701=VERTEX_POINT('',#5941);
#1702=VERTEX_POINT('',#5943);
#1703=VERTEX_POINT('',#5945);
#1704=VERTEX_POINT('',#5949);
#1705=VERTEX_POINT('',#5950);
#1706=VERTEX_POINT('',#5952);
#1707=VERTEX_POINT('',#5954);
#1708=VERTEX_POINT('',#5958);
#1709=VERTEX_POINT('',#5959);
#1710=VERTEX_POINT('',#5961);
#1711=VERTEX_POINT('',#5963);
#1712=VERTEX_POINT('',#5965);
#1713=VERTEX_POINT('',#5967);
#1714=VERTEX_POINT('',#5969);
#1715=VERTEX_POINT('',#5973);
#1716=VERTEX_POINT('',#5975);
#1717=VERTEX_POINT('',#5979);
#1718=VERTEX_POINT('',#5981);
#1719=VERTEX_POINT('',#5983);
#1720=VERTEX_POINT('',#5987);
#1721=VERTEX_POINT('',#5988);
#1722=VERTEX_POINT('',#5990);
#1723=VERTEX_POINT('',#5992);
#1724=VERTEX_POINT('',#5994);
#1725=VERTEX_POINT('',#5998);
#1726=VERTEX_POINT('',#5999);
#1727=VERTEX_POINT('',#6001);
#1728=VERTEX_POINT('',#6003);
#1729=VERTEX_POINT('',#6005);
#1730=VERTEX_POINT('',#6009);
#1731=VERTEX_POINT('',#6011);
#1732=VERTEX_POINT('',#6015);
#1733=VERTEX_POINT('',#6017);
#1734=VERTEX_POINT('',#6021);
#1735=VERTEX_POINT('',#6023);
#1736=VERTEX_POINT('',#6025);
#1737=VERTEX_POINT('',#6027);
#1738=VERTEX_POINT('',#6029);
#1739=VERTEX_POINT('',#6031);
#1740=VERTEX_POINT('',#6033);
#1741=VERTEX_POINT('',#6035);
#1742=VERTEX_POINT('',#6039);
#1743=VERTEX_POINT('',#6041);
#1744=VERTEX_POINT('',#6043);
#1745=VERTEX_POINT('',#6046);
#1746=VERTEX_POINT('',#6047);
#1747=VERTEX_POINT('',#6049);
#1748=VERTEX_POINT('',#6052);
#1749=VERTEX_POINT('',#6054);
#1750=VERTEX_POINT('',#6057);
#1751=VERTEX_POINT('',#6061);
#1752=VERTEX_POINT('',#6065);
#1753=VERTEX_POINT('',#6069);
#1754=VERTEX_POINT('',#6075);
#1755=VERTEX_POINT('',#6077);
#1756=VERTEX_POINT('',#6080);
#1757=VERTEX_POINT('',#6084);
#1758=VERTEX_POINT('',#6087);
#1759=VERTEX_POINT('',#6089);
#1760=VERTEX_POINT('',#6091);
#1761=VERTEX_POINT('',#6093);
#1762=VERTEX_POINT('',#6095);
#1763=VERTEX_POINT('',#6097);
#1764=VERTEX_POINT('',#6100);
#1765=VERTEX_POINT('',#6104);
#1766=VERTEX_POINT('',#6105);
#1767=VERTEX_POINT('',#6107);
#1768=VERTEX_POINT('',#6113);
#1769=VERTEX_POINT('',#6117);
#1770=VERTEX_POINT('',#6121);
#1771=VERTEX_POINT('',#6123);
#1772=VERTEX_POINT('',#6126);
#1773=VERTEX_POINT('',#6132);
#1774=VERTEX_POINT('',#6134);
#1775=VERTEX_POINT('',#6136);
#1776=VERTEX_POINT('',#6139);
#1777=VERTEX_POINT('',#6142);
#1778=VERTEX_POINT('',#6144);
#1779=VERTEX_POINT('',#6182);
#1780=VERTEX_POINT('',#6183);
#1781=VERTEX_POINT('',#6185);
#1782=VERTEX_POINT('',#6187);
#1783=VERTEX_POINT('',#6281);
#1784=VERTEX_POINT('',#6309);
#1785=VERTEX_POINT('',#6311);
#1786=VERTEX_POINT('',#6326);
#1787=VERTEX_POINT('',#6330);
#1788=VERTEX_POINT('',#6332);
#1789=VERTEX_POINT('',#6334);
#1790=VERTEX_POINT('',#6336);
#1791=VERTEX_POINT('',#6338);
#1792=VERTEX_POINT('',#6340);
#1793=VERTEX_POINT('',#6342);
#1794=VERTEX_POINT('',#6344);
#1795=VERTEX_POINT('',#6346);
#1796=VERTEX_POINT('',#6348);
#1797=VERTEX_POINT('',#6350);
#1798=VERTEX_POINT('',#6353);
#1799=VERTEX_POINT('',#6354);
#1800=VERTEX_POINT('',#6356);
#1801=VERTEX_POINT('',#6358);
#1802=VERTEX_POINT('',#6360);
#1803=VERTEX_POINT('',#6362);
#1804=VERTEX_POINT('',#6364);
#1805=VERTEX_POINT('',#6366);
#1806=VERTEX_POINT('',#6368);
#1807=VERTEX_POINT('',#6371);
#1808=VERTEX_POINT('',#6372);
#1809=VERTEX_POINT('',#6374);
#1810=VERTEX_POINT('',#6376);
#1811=VERTEX_POINT('',#6379);
#1812=VERTEX_POINT('',#6380);
#1813=VERTEX_POINT('',#6382);
#1814=VERTEX_POINT('',#6384);
#1815=VERTEX_POINT('',#6386);
#1816=VERTEX_POINT('',#6388);
#1817=VERTEX_POINT('',#6390);
#1818=VERTEX_POINT('',#6392);
#1819=VERTEX_POINT('',#6394);
#1820=VERTEX_POINT('',#6481);
#1821=VERTEX_POINT('',#6602);
#1822=VERTEX_POINT('',#6603);
#1823=VERTEX_POINT('',#6605);
#1824=VERTEX_POINT('',#6640);
#1825=VERTEX_POINT('',#6644);
#1826=VERTEX_POINT('',#6646);
#1827=VERTEX_POINT('',#6648);
#1828=VERTEX_POINT('',#6652);
#1829=VERTEX_POINT('',#6654);
#1830=VERTEX_POINT('',#6658);
#1831=VERTEX_POINT('',#6660);
#1832=VERTEX_POINT('',#6754);
#1833=VERTEX_POINT('',#6782);
#1834=VERTEX_POINT('',#6784);
#1835=VERTEX_POINT('',#6786);
#1836=VERTEX_POINT('',#6788);
#1837=VERTEX_POINT('',#6794);
#1838=VERTEX_POINT('',#6798);
#1839=VERTEX_POINT('',#6800);
#1840=VERTEX_POINT('',#6802);
#1841=VERTEX_POINT('',#6804);
#1842=VERTEX_POINT('',#6808);
#1843=VERTEX_POINT('',#6813);
#1844=VERTEX_POINT('',#6815);
#1845=VERTEX_POINT('',#6817);
#1846=VERTEX_POINT('',#6819);
#1847=VERTEX_POINT('',#6823);
#1848=VERTEX_POINT('',#6825);
#1849=VERTEX_POINT('',#6827);
#1850=VERTEX_POINT('',#6831);
#1851=VERTEX_POINT('',#6833);
#1852=VERTEX_POINT('',#6835);
#1853=VERTEX_POINT('',#6839);
#1854=VERTEX_POINT('',#6846);
#1855=VERTEX_POINT('',#6850);
#1856=VERTEX_POINT('',#6852);
#1857=VERTEX_POINT('',#6857);
#1858=VERTEX_POINT('',#6861);
#1859=VERTEX_POINT('',#6869);
#1860=VERTEX_POINT('',#6874);
#1861=VERTEX_POINT('',#6886);
#1862=VERTEX_POINT('',#6890);
#1863=EDGE_CURVE('',#1527,#1528,#1459,.T.);
#1864=EDGE_CURVE('',#1528,#1529,#1443,.T.);
#1865=EDGE_CURVE('',#1529,#1527,#1444,.T.);
#1866=EDGE_CURVE('',#1530,#1531,#991,.T.);
#1867=EDGE_CURVE('',#1531,#1528,#199,.T.);
#1868=EDGE_CURVE('',#1527,#1530,#200,.T.);
#1869=EDGE_CURVE('',#1532,#1530,#201,.T.);
#1870=EDGE_CURVE('',#1533,#1532,#992,.T.);
#1871=EDGE_CURVE('',#1533,#1534,#202,.T.);
#1872=EDGE_CURVE('',#1534,#1535,#203,.T.);
#1873=EDGE_CURVE('',#1535,#1536,#204,.T.);
#1874=EDGE_CURVE('',#1536,#1537,#205,.T.);
#1875=EDGE_CURVE('',#1537,#1538,#206,.T.);
#1876=EDGE_CURVE('',#1538,#1539,#207,.T.);
#1877=EDGE_CURVE('',#1539,#1540,#208,.T.);
#1878=EDGE_CURVE('',#1540,#1541,#209,.T.);
#1879=EDGE_CURVE('',#1541,#1542,#210,.T.);
#1880=EDGE_CURVE('',#1542,#1543,#211,.T.);
#1881=EDGE_CURVE('',#1531,#1543,#212,.T.);
#1882=EDGE_CURVE('',#1544,#1545,#213,.T.);
#1883=EDGE_CURVE('',#1546,#1545,#993,.T.);
#1884=EDGE_CURVE('',#1546,#1547,#214,.T.);
#1885=EDGE_CURVE('',#1547,#1548,#215,.T.);
#1886=EDGE_CURVE('',#1548,#1549,#216,.T.);
#1887=EDGE_CURVE('',#1549,#1550,#217,.T.);
#1888=EDGE_CURVE('',#1550,#1551,#218,.T.);
#1889=EDGE_CURVE('',#1551,#1552,#219,.T.);
#1890=EDGE_CURVE('',#1552,#1553,#220,.T.);
#1891=EDGE_CURVE('',#1553,#1554,#221,.T.);
#1892=EDGE_CURVE('',#1554,#1555,#222,.T.);
#1893=EDGE_CURVE('',#1555,#1556,#223,.T.);
#1894=EDGE_CURVE('',#1557,#1556,#224,.T.);
#1895=EDGE_CURVE('',#1558,#1557,#994,.T.);
#1896=EDGE_CURVE('',#1558,#1559,#225,.T.);
#1897=EDGE_CURVE('',#1559,#1560,#226,.T.);
#1898=EDGE_CURVE('',#1560,#1561,#227,.T.);
#1899=EDGE_CURVE('',#1561,#1562,#228,.T.);
#1900=EDGE_CURVE('',#1562,#1563,#229,.T.);
#1901=EDGE_CURVE('',#1563,#1564,#230,.T.);
#1902=EDGE_CURVE('',#1564,#1565,#231,.T.);
#1903=EDGE_CURVE('',#1565,#1544,#232,.T.);
#1904=EDGE_CURVE('',#1566,#1527,#233,.T.);
#1905=EDGE_CURVE('',#1532,#1566,#234,.T.);
#1906=EDGE_CURVE('',#1529,#1567,#235,.T.);
#1907=EDGE_CURVE('',#1566,#1567,#1445,.T.);
#1908=EDGE_CURVE('',#1566,#1568,#1460,.T.);
#1909=EDGE_CURVE('',#1568,#1533,#236,.T.);
#1910=EDGE_CURVE('',#1567,#1568,#1446,.T.);
#1911=EDGE_CURVE('',#1567,#1569,#237,.T.);
#1912=EDGE_CURVE('',#1570,#1569,#1461,.T.);
#1913=EDGE_CURVE('',#1571,#1570,#995,.T.);
#1914=EDGE_CURVE('',#1572,#1571,#1462,.T.);
#1915=EDGE_CURVE('',#1568,#1572,#238,.T.);
#1916=EDGE_CURVE('',#1557,#1573,#239,.T.);
#1917=EDGE_CURVE('',#1573,#1574,#1463,.T.);
#1918=EDGE_CURVE('',#1574,#1558,#240,.T.);
#1919=EDGE_CURVE('',#1573,#1575,#1447,.T.);
#1920=EDGE_CURVE('',#1575,#1574,#1448,.T.);
#1921=EDGE_CURVE('',#1573,#1576,#241,.T.);
#1922=EDGE_CURVE('',#1577,#1576,#1464,.T.);
#1923=EDGE_CURVE('',#1578,#1577,#996,.T.);
#1924=EDGE_CURVE('',#1579,#1578,#1465,.T.);
#1925=EDGE_CURVE('',#1579,#1575,#242,.T.);
#1926=EDGE_CURVE('',#1576,#1556,#243,.T.);
#1927=EDGE_CURVE('',#1580,#1581,#1466,.T.);
#1928=EDGE_CURVE('',#1581,#1582,#1449,.T.);
#1929=EDGE_CURVE('',#1582,#1580,#1450,.T.);
#1930=EDGE_CURVE('',#1580,#1546,#244,.T.);
#1931=EDGE_CURVE('',#1545,#1581,#245,.T.);
#1932=EDGE_CURVE('',#1580,#1583,#246,.T.);
#1933=EDGE_CURVE('',#1547,#1583,#247,.T.);
#1934=EDGE_CURVE('',#1584,#1582,#248,.T.);
#1935=EDGE_CURVE('',#1585,#1584,#1467,.T.);
#1936=EDGE_CURVE('',#1586,#1585,#997,.T.);
#1937=EDGE_CURVE('',#1583,#1586,#1468,.T.);
#1938=EDGE_CURVE('',#1587,#1581,#249,.T.);
#1939=EDGE_CURVE('',#1587,#1588,#1469,.T.);
#1940=EDGE_CURVE('',#1588,#1582,#250,.T.);
#1941=EDGE_CURVE('',#1528,#1589,#251,.T.);
#1942=EDGE_CURVE('',#1590,#1589,#1470,.T.);
#1943=EDGE_CURVE('',#1591,#1590,#998,.T.);
#1944=EDGE_CURVE('',#1592,#1591,#1471,.T.);
#1945=EDGE_CURVE('',#1592,#1529,#252,.T.);
#1946=EDGE_CURVE('',#1589,#1543,#253,.T.);
#1947=EDGE_CURVE('',#1534,#1572,#254,.T.);
#1948=EDGE_CURVE('',#1571,#1535,#255,.T.);
#1949=EDGE_CURVE('',#1570,#1536,#256,.T.);
#1950=EDGE_CURVE('',#1593,#1569,#257,.T.);
#1951=EDGE_CURVE('',#1593,#1537,#258,.T.);
#1952=EDGE_CURVE('',#1591,#1541,#259,.T.);
#1953=EDGE_CURVE('',#1594,#1540,#260,.T.);
#1954=EDGE_CURVE('',#1592,#1594,#261,.T.);
#1955=EDGE_CURVE('',#1590,#1542,#262,.T.);
#1956=EDGE_CURVE('',#1588,#1595,#263,.T.);
#1957=EDGE_CURVE('',#1544,#1587,#264,.T.);
#1958=EDGE_CURVE('',#1595,#1565,#265,.T.);
#1959=EDGE_CURVE('',#1596,#1597,#266,.T.);
#1960=EDGE_CURVE('',#1596,#1564,#267,.T.);
#1961=EDGE_CURVE('',#1598,#1563,#268,.T.);
#1962=EDGE_CURVE('',#1597,#1598,#1472,.T.);
#1963=EDGE_CURVE('',#1595,#1596,#269,.T.);
#1964=EDGE_CURVE('',#1599,#1597,#270,.T.);
#1965=EDGE_CURVE('',#1599,#1600,#271,.T.);
#1966=EDGE_CURVE('',#1600,#1601,#272,.T.);
#1967=EDGE_CURVE('',#1601,#1602,#273,.T.);
#1968=EDGE_CURVE('',#1575,#1602,#274,.T.);
#1969=EDGE_CURVE('',#1603,#1579,#275,.T.);
#1970=EDGE_CURVE('',#1604,#1603,#276,.T.);
#1971=EDGE_CURVE('',#1605,#1604,#277,.T.);
#1972=EDGE_CURVE('',#1606,#1605,#278,.T.);
#1973=EDGE_CURVE('',#1584,#1606,#279,.T.);
#1974=EDGE_CURVE('',#1607,#1598,#280,.T.);
#1975=EDGE_CURVE('',#1607,#1599,#1473,.T.);
#1976=EDGE_CURVE('',#1562,#1607,#281,.T.);
#1977=EDGE_CURVE('',#1601,#1560,#282,.T.);
#1978=EDGE_CURVE('',#1608,#1559,#283,.T.);
#1979=EDGE_CURVE('',#1602,#1608,#1474,.T.);
#1980=EDGE_CURVE('',#1600,#1561,#284,.T.);
#1981=EDGE_CURVE('',#1574,#1608,#285,.T.);
#1982=EDGE_CURVE('',#1594,#1609,#286,.T.);
#1983=EDGE_CURVE('',#1610,#1609,#287,.T.);
#1984=EDGE_CURVE('',#1610,#1593,#288,.T.);
#1985=EDGE_CURVE('',#1610,#1538,#289,.T.);
#1986=EDGE_CURVE('',#1609,#1539,#290,.T.);
#1987=EDGE_CURVE('',#1578,#1554,#291,.T.);
#1988=EDGE_CURVE('',#1603,#1553,#292,.T.);
#1989=EDGE_CURVE('',#1577,#1555,#293,.T.);
#1990=EDGE_CURVE('',#1606,#1550,#294,.T.);
#1991=EDGE_CURVE('',#1585,#1549,#295,.T.);
#1992=EDGE_CURVE('',#1586,#1548,#296,.T.);
#1993=EDGE_CURVE('',#1605,#1551,#297,.T.);
#1994=EDGE_CURVE('',#1604,#1552,#298,.T.);
#1995=EDGE_CURVE('',#1611,#1612,#1475,.T.);
#1996=EDGE_CURVE('',#1612,#1613,#299,.T.);
#1997=EDGE_CURVE('',#1614,#1613,#300,.T.);
#1998=EDGE_CURVE('',#1615,#1614,#301,.T.);
#1999=EDGE_CURVE('',#1611,#1615,#302,.T.);
#2000=EDGE_CURVE('',#1616,#1617,#999,.T.);
#2001=EDGE_CURVE('',#1617,#1618,#303,.T.);
#2002=EDGE_CURVE('',#1618,#1619,#1000,.T.);
#2003=EDGE_CURVE('',#1619,#1620,#304,.T.);
#2004=EDGE_CURVE('',#1621,#1620,#305,.T.);
#2005=EDGE_CURVE('',#1622,#1621,#306,.T.);
#2006=EDGE_CURVE('',#1622,#1616,#307,.T.);
#2007=EDGE_CURVE('',#1612,#1623,#1001,.T.);
#2008=EDGE_CURVE('',#1623,#1624,#308,.T.);
#2009=EDGE_CURVE('',#1624,#1625,#1002,.T.);
#2010=EDGE_CURVE('',#1625,#1626,#309,.T.);
#2011=EDGE_CURVE('',#1613,#1626,#310,.T.);
#2012=EDGE_CURVE('',#1616,#1627,#311,.T.);
#2013=EDGE_CURVE('',#1628,#1622,#312,.T.);
#2014=EDGE_CURVE('',#1629,#1628,#313,.T.);
#2015=EDGE_CURVE('',#1629,#1630,#314,.T.);
#2016=EDGE_CURVE('',#1630,#1631,#315,.T.);
#2017=EDGE_CURVE('',#1632,#1631,#316,.T.);
#2018=EDGE_CURVE('',#1632,#1633,#317,.T.);
#2019=EDGE_CURVE('',#1633,#1634,#318,.T.);
#2020=EDGE_CURVE('',#1635,#1634,#319,.T.);
#2021=EDGE_CURVE('',#1636,#1635,#320,.T.);
#2022=EDGE_CURVE('',#1611,#1636,#321,.T.);
#2023=EDGE_CURVE('',#1615,#1627,#322,.T.);
#2024=EDGE_CURVE('',#1629,#1637,#1476,.T.);
#2025=EDGE_CURVE('',#1637,#1638,#323,.T.);
#2026=EDGE_CURVE('',#1639,#1638,#324,.T.);
#2027=EDGE_CURVE('',#1630,#1639,#325,.T.);
#2028=EDGE_CURVE('',#1637,#1640,#1003,.T.);
#2029=EDGE_CURVE('',#1640,#1641,#326,.T.);
#2030=EDGE_CURVE('',#1638,#1641,#327,.T.);
#2031=EDGE_CURVE('',#1640,#1642,#1477,.T.);
#2032=EDGE_CURVE('',#1642,#1643,#328,.T.);
#2033=EDGE_CURVE('',#1641,#1643,#329,.T.);
#2034=EDGE_CURVE('',#1644,#1645,#330,.T.);
#2035=EDGE_CURVE('',#1644,#1646,#331,.T.);
#2036=EDGE_CURVE('',#1647,#1646,#332,.T.);
#2037=EDGE_CURVE('',#1648,#1647,#333,.T.);
#2038=EDGE_CURVE('',#1645,#1648,#1478,.T.);
#2039=EDGE_CURVE('',#1649,#1644,#334,.T.);
#2040=EDGE_CURVE('',#1649,#1650,#335,.T.);
#2041=EDGE_CURVE('',#1646,#1650,#336,.T.);
#2042=EDGE_CURVE('',#1651,#1649,#337,.T.);
#2043=EDGE_CURVE('',#1652,#1651,#1479,.T.);
#2044=EDGE_CURVE('',#1653,#1652,#338,.T.);
#2045=EDGE_CURVE('',#1650,#1653,#339,.T.);
#2046=EDGE_CURVE('',#1654,#1642,#340,.T.);
#2047=EDGE_CURVE('',#1655,#1654,#341,.T.);
#2048=EDGE_CURVE('',#1643,#1655,#342,.T.);
#2049=EDGE_CURVE('',#1656,#1627,#1004,.T.);
#2050=EDGE_CURVE('',#1656,#1623,#1480,.T.);
#2051=EDGE_CURVE('',#1657,#1636,#1481,.T.);
#2052=EDGE_CURVE('',#1658,#1657,#1005,.T.);
#2053=EDGE_CURVE('',#1654,#1658,#1482,.T.);
#2054=EDGE_CURVE('',#1659,#1628,#1483,.T.);
#2055=EDGE_CURVE('',#1660,#1659,#1006,.T.);
#2056=EDGE_CURVE('',#1617,#1660,#1484,.T.);
#2057=EDGE_CURVE('',#1655,#1661,#343,.T.);
#2058=EDGE_CURVE('',#1661,#1662,#344,.T.);
#2059=EDGE_CURVE('',#1662,#1663,#345,.T.);
#2060=EDGE_CURVE('',#1663,#1664,#346,.T.);
#2061=EDGE_CURVE('',#1664,#1665,#347,.T.);
#2062=EDGE_CURVE('',#1665,#1666,#348,.T.);
#2063=EDGE_CURVE('',#1666,#1667,#349,.T.);
#2064=EDGE_CURVE('',#1667,#1639,#350,.T.);
#2065=EDGE_CURVE('',#1653,#1668,#351,.T.);
#2066=EDGE_CURVE('',#1668,#1669,#352,.T.);
#2067=EDGE_CURVE('',#1669,#1670,#353,.T.);
#2068=EDGE_CURVE('',#1670,#1621,#354,.T.);
#2069=EDGE_CURVE('',#1620,#1671,#355,.T.);
#2070=EDGE_CURVE('',#1671,#1672,#356,.T.);
#2071=EDGE_CURVE('',#1672,#1673,#357,.T.);
#2072=EDGE_CURVE('',#1673,#1614,#358,.T.);
#2073=EDGE_CURVE('',#1626,#1674,#359,.T.);
#2074=EDGE_CURVE('',#1674,#1675,#360,.T.);
#2075=EDGE_CURVE('',#1675,#1676,#361,.T.);
#2076=EDGE_CURVE('',#1676,#1677,#362,.T.);
#2077=EDGE_CURVE('',#1677,#1678,#363,.T.);
#2078=EDGE_CURVE('',#1678,#1647,#364,.T.);
#2079=EDGE_CURVE('',#1652,#1679,#365,.T.);
#2080=EDGE_CURVE('',#1668,#1679,#366,.T.);
#2081=EDGE_CURVE('',#1678,#1680,#367,.T.);
#2082=EDGE_CURVE('',#1680,#1648,#368,.T.);
#2083=EDGE_CURVE('',#1651,#1681,#369,.T.);
#2084=EDGE_CURVE('',#1619,#1681,#1485,.T.);
#2085=EDGE_CURVE('',#1682,#1618,#1486,.T.);
#2086=EDGE_CURVE('',#1683,#1682,#1007,.T.);
#2087=EDGE_CURVE('',#1679,#1683,#1487,.T.);
#2088=EDGE_CURVE('',#1680,#1684,#1488,.T.);
#2089=EDGE_CURVE('',#1684,#1645,#370,.T.);
#2090=EDGE_CURVE('',#1685,#1686,#371,.T.);
#2091=EDGE_CURVE('',#1685,#1676,#372,.T.);
#2092=EDGE_CURVE('',#1687,#1675,#373,.T.);
#2093=EDGE_CURVE('',#1686,#1687,#1489,.T.);
#2094=EDGE_CURVE('',#1688,#1685,#374,.T.);
#2095=EDGE_CURVE('',#1688,#1677,#375,.T.);
#2096=EDGE_CURVE('',#1684,#1688,#376,.T.);
#2097=EDGE_CURVE('',#1689,#1687,#377,.T.);
#2098=EDGE_CURVE('',#1625,#1689,#1490,.T.);
#2099=EDGE_CURVE('',#1690,#1624,#1491,.T.);
#2100=EDGE_CURVE('',#1691,#1690,#1008,.T.);
#2101=EDGE_CURVE('',#1692,#1691,#1492,.T.);
#2102=EDGE_CURVE('',#1692,#1686,#378,.T.);
#2103=EDGE_CURVE('',#1689,#1674,#379,.T.);
#2104=EDGE_CURVE('',#1690,#1656,#380,.T.);
#2105=EDGE_CURVE('',#1682,#1660,#381,.T.);
#2106=EDGE_CURVE('',#1693,#1692,#382,.T.);
#2107=EDGE_CURVE('',#1694,#1693,#383,.T.);
#2108=EDGE_CURVE('',#1681,#1694,#384,.T.);
#2109=EDGE_CURVE('',#1658,#1661,#385,.T.);
#2110=EDGE_CURVE('',#1634,#1664,#386,.T.);
#2111=EDGE_CURVE('',#1633,#1665,#387,.T.);
#2112=EDGE_CURVE('',#1694,#1671,#388,.T.);
#2113=EDGE_CURVE('',#1693,#1672,#389,.T.);
#2114=EDGE_CURVE('',#1691,#1673,#390,.T.);
#2115=EDGE_CURVE('',#1683,#1669,#391,.T.);
#2116=EDGE_CURVE('',#1632,#1666,#392,.T.);
#2117=EDGE_CURVE('',#1635,#1663,#393,.T.);
#2118=EDGE_CURVE('',#1657,#1662,#394,.T.);
#2119=EDGE_CURVE('',#1659,#1670,#395,.T.);
#2120=EDGE_CURVE('',#1631,#1667,#396,.T.);
#2121=EDGE_CURVE('',#1695,#1696,#1009,.T.);
#2122=EDGE_CURVE('',#1696,#1697,#397,.T.);
#2123=EDGE_CURVE('',#1698,#1697,#398,.T.);
#2124=EDGE_CURVE('',#1699,#1698,#399,.T.);
#2125=EDGE_CURVE('',#1699,#1700,#1010,.T.);
#2126=EDGE_CURVE('',#1700,#1695,#400,.T.);
#2127=EDGE_CURVE('',#1696,#1701,#1493,.T.);
#2128=EDGE_CURVE('',#1701,#1702,#401,.T.);
#2129=EDGE_CURVE('',#1702,#1703,#402,.T.);
#2130=EDGE_CURVE('',#1697,#1703,#403,.T.);
#2131=EDGE_CURVE('',#1704,#1705,#404,.T.);
#2132=EDGE_CURVE('',#1705,#1706,#1494,.T.);
#2133=EDGE_CURVE('',#1706,#1707,#405,.T.);
#2134=EDGE_CURVE('',#1704,#1707,#406,.T.);
#2135=EDGE_CURVE('',#1708,#1709,#1011,.T.);
#2136=EDGE_CURVE('',#1710,#1709,#407,.T.);
#2137=EDGE_CURVE('',#1710,#1711,#408,.T.);
#2138=EDGE_CURVE('',#1712,#1711,#409,.T.);
#2139=EDGE_CURVE('',#1713,#1712,#410,.T.);
#2140=EDGE_CURVE('',#1713,#1714,#1012,.T.);
#2141=EDGE_CURVE('',#1714,#1708,#411,.T.);
#2142=EDGE_CURVE('',#1706,#1715,#1013,.T.);
#2143=EDGE_CURVE('',#1715,#1716,#412,.T.);
#2144=EDGE_CURVE('',#1707,#1716,#413,.T.);
#2145=EDGE_CURVE('',#1715,#1717,#1495,.T.);
#2146=EDGE_CURVE('',#1717,#1718,#414,.T.);
#2147=EDGE_CURVE('',#1718,#1719,#415,.T.);
#2148=EDGE_CURVE('',#1716,#1719,#416,.T.);
#2149=EDGE_CURVE('',#1720,#1721,#417,.T.);
#2150=EDGE_CURVE('',#1722,#1720,#1496,.T.);
#2151=EDGE_CURVE('',#1723,#1722,#418,.T.);
#2152=EDGE_CURVE('',#1724,#1723,#419,.T.);
#2153=EDGE_CURVE('',#1721,#1724,#420,.T.);
#2154=EDGE_CURVE('',#1725,#1726,#421,.T.);
#2155=EDGE_CURVE('',#1727,#1725,#422,.T.);
#2156=EDGE_CURVE('',#1728,#1727,#423,.T.);
#2157=EDGE_CURVE('',#1729,#1728,#424,.T.);
#2158=EDGE_CURVE('',#1726,#1729,#1497,.T.);
#2159=EDGE_CURVE('',#1730,#1724,#425,.T.);
#2160=EDGE_CURVE('',#1730,#1731,#426,.T.);
#2161=EDGE_CURVE('',#1731,#1721,#427,.T.);
#2162=EDGE_CURVE('',#1725,#1732,#428,.T.);
#2163=EDGE_CURVE('',#1732,#1733,#429,.T.);
#2164=EDGE_CURVE('',#1727,#1733,#430,.T.);
#2165=EDGE_CURVE('',#1734,#1704,#431,.T.);
#2166=EDGE_CURVE('',#1719,#1735,#432,.T.);
#2167=EDGE_CURVE('',#1735,#1736,#433,.T.);
#2168=EDGE_CURVE('',#1736,#1737,#434,.T.);
#2169=EDGE_CURVE('',#1737,#1738,#435,.T.);
#2170=EDGE_CURVE('',#1738,#1739,#436,.T.);
#2171=EDGE_CURVE('',#1739,#1740,#437,.T.);
#2172=EDGE_CURVE('',#1740,#1741,#438,.T.);
#2173=EDGE_CURVE('',#1741,#1734,#439,.T.);
#2174=EDGE_CURVE('',#1733,#1712,#440,.T.);
#2175=EDGE_CURVE('',#1711,#1742,#441,.T.);
#2176=EDGE_CURVE('',#1742,#1743,#442,.T.);
#2177=EDGE_CURVE('',#1743,#1744,#443,.T.);
#2178=EDGE_CURVE('',#1728,#1744,#444,.T.);
#2179=EDGE_CURVE('',#1745,#1746,#445,.T.);
#2180=EDGE_CURVE('',#1747,#1746,#446,.T.);
#2181=EDGE_CURVE('',#1747,#1698,#447,.T.);
#2182=EDGE_CURVE('',#1703,#1748,#448,.T.);
#2183=EDGE_CURVE('',#1748,#1749,#449,.T.);
#2184=EDGE_CURVE('',#1749,#1745,#450,.T.);
#2185=EDGE_CURVE('',#1750,#1723,#451,.T.);
#2186=EDGE_CURVE('',#1750,#1730,#452,.T.);
#2187=EDGE_CURVE('',#1731,#1751,#453,.T.);
#2188=EDGE_CURVE('',#1751,#1720,#454,.T.);
#2189=EDGE_CURVE('',#1752,#1722,#455,.T.);
#2190=EDGE_CURVE('',#1752,#1750,#456,.T.);
#2191=EDGE_CURVE('',#1753,#1744,#457,.T.);
#2192=EDGE_CURVE('',#1729,#1753,#458,.T.);
#2193=EDGE_CURVE('',#1751,#1752,#1498,.T.);
#2194=EDGE_CURVE('',#1754,#1753,#1499,.T.);
#2195=EDGE_CURVE('',#1755,#1754,#1014,.T.);
#2196=EDGE_CURVE('',#1714,#1755,#1500,.T.);
#2197=EDGE_CURVE('',#1756,#1713,#1501,.T.);
#2198=EDGE_CURVE('',#1726,#1756,#459,.T.);
#2199=EDGE_CURVE('',#1709,#1757,#460,.T.);
#2200=EDGE_CURVE('',#1702,#1757,#461,.T.);
#2201=EDGE_CURVE('',#1701,#1758,#462,.T.);
#2202=EDGE_CURVE('',#1758,#1759,#463,.T.);
#2203=EDGE_CURVE('',#1759,#1760,#464,.T.);
#2204=EDGE_CURVE('',#1761,#1760,#465,.T.);
#2205=EDGE_CURVE('',#1761,#1762,#466,.T.);
#2206=EDGE_CURVE('',#1762,#1763,#467,.T.);
#2207=EDGE_CURVE('',#1718,#1763,#468,.T.);
#2208=EDGE_CURVE('',#1717,#1764,#469,.T.);
#2209=EDGE_CURVE('',#1764,#1710,#470,.T.);
#2210=EDGE_CURVE('',#1765,#1766,#471,.T.);
#2211=EDGE_CURVE('',#1767,#1765,#1502,.T.);
#2212=EDGE_CURVE('',#1746,#1767,#472,.T.);
#2213=EDGE_CURVE('',#1766,#1745,#473,.T.);
#2214=EDGE_CURVE('',#1768,#1749,#474,.T.);
#2215=EDGE_CURVE('',#1768,#1766,#475,.T.);
#2216=EDGE_CURVE('',#1769,#1768,#476,.T.);
#2217=EDGE_CURVE('',#1769,#1765,#477,.T.);
#2218=EDGE_CURVE('',#1770,#1769,#1503,.T.);
#2219=EDGE_CURVE('',#1771,#1770,#1015,.T.);
#2220=EDGE_CURVE('',#1700,#1771,#1504,.T.);
#2221=EDGE_CURVE('',#1772,#1699,#1505,.T.);
#2222=EDGE_CURVE('',#1772,#1767,#478,.T.);
#2223=EDGE_CURVE('',#1747,#1772,#479,.T.);
#2224=EDGE_CURVE('',#1773,#1705,#480,.T.);
#2225=EDGE_CURVE('',#1774,#1773,#1506,.T.);
#2226=EDGE_CURVE('',#1775,#1774,#1016,.T.);
#2227=EDGE_CURVE('',#1758,#1775,#1507,.T.);
#2228=EDGE_CURVE('',#1695,#1776,#1508,.T.);
#2229=EDGE_CURVE('',#1757,#1776,#1017,.T.);
#2230=EDGE_CURVE('',#1777,#1708,#1509,.T.);
#2231=EDGE_CURVE('',#1778,#1777,#1018,.T.);
#2232=EDGE_CURVE('',#1764,#1778,#1510,.T.);
#2233=EDGE_CURVE('',#1777,#1755,#481,.T.);
#2234=EDGE_CURVE('',#1732,#1756,#482,.T.);
#2235=EDGE_CURVE('',#1773,#1734,#483,.T.);
#2236=EDGE_CURVE('',#1776,#1771,#484,.T.);
#2237=EDGE_CURVE('',#1754,#1743,#485,.T.);
#2238=EDGE_CURVE('',#1770,#1748,#486,.T.);
#2239=EDGE_CURVE('',#1763,#1735,#487,.T.);
#2240=EDGE_CURVE('',#1762,#1736,#488,.T.);
#2241=EDGE_CURVE('',#1774,#1741,#489,.T.);
#2242=EDGE_CURVE('',#1775,#1740,#490,.T.);
#2243=EDGE_CURVE('',#1759,#1739,#491,.T.);
#2244=EDGE_CURVE('',#1760,#1738,#492,.T.);
#2245=EDGE_CURVE('',#1761,#1737,#493,.T.);
#2246=EDGE_CURVE('',#1778,#1742,#494,.T.);
#2247=EDGE_CURVE('',#1779,#1780,#1019,.T.);
#2248=EDGE_CURVE('',#1780,#1781,#495,.T.);
#2249=EDGE_CURVE('',#1781,#1782,#1511,.T.);
#2250=EDGE_CURVE('',#1782,#1779,#496,.T.);
#2251=EDGE_CURVE('',#1781,#1783,#1451,.T.);
#2252=EDGE_CURVE('',#1783,#1782,#1452,.T.);
#2253=EDGE_CURVE('',#1784,#1781,#497,.T.);
#2254=EDGE_CURVE('',#1785,#1784,#1453,.T.);
#2255=EDGE_CURVE('',#1785,#1783,#498,.T.);
#2256=EDGE_CURVE('',#1786,#1780,#499,.T.);
#2257=EDGE_CURVE('',#1784,#1786,#500,.T.);
#2258=EDGE_CURVE('',#1779,#1787,#501,.T.);
#2259=EDGE_CURVE('',#1787,#1788,#502,.T.);
#2260=EDGE_CURVE('',#1788,#1789,#503,.T.);
#2261=EDGE_CURVE('',#1789,#1790,#504,.T.);
#2262=EDGE_CURVE('',#1790,#1791,#505,.T.);
#2263=EDGE_CURVE('',#1791,#1792,#506,.T.);
#2264=EDGE_CURVE('',#1792,#1793,#507,.T.);
#2265=EDGE_CURVE('',#1793,#1794,#508,.T.);
#2266=EDGE_CURVE('',#1794,#1795,#509,.T.);
#2267=EDGE_CURVE('',#1795,#1796,#510,.T.);
#2268=EDGE_CURVE('',#1797,#1796,#511,.T.);
#2269=EDGE_CURVE('',#1786,#1797,#1020,.T.);
#2270=EDGE_CURVE('',#1798,#1799,#512,.T.);
#2271=EDGE_CURVE('',#1799,#1800,#513,.T.);
#2272=EDGE_CURVE('',#1800,#1801,#514,.T.);
#2273=EDGE_CURVE('',#1801,#1802,#515,.T.);
#2274=EDGE_CURVE('',#1802,#1803,#516,.T.);
#2275=EDGE_CURVE('',#1804,#1803,#517,.T.);
#2276=EDGE_CURVE('',#1805,#1804,#1021,.T.);
#2277=EDGE_CURVE('',#1806,#1805,#518,.T.);
#2278=EDGE_CURVE('',#1806,#1798,#519,.T.);
#2279=EDGE_CURVE('',#1807,#1808,#520,.T.);
#2280=EDGE_CURVE('',#1809,#1808,#521,.T.);
#2281=EDGE_CURVE('',#1809,#1810,#522,.T.);
#2282=EDGE_CURVE('',#1810,#1807,#523,.T.);
#2283=EDGE_CURVE('',#1811,#1812,#524,.T.);
#2284=EDGE_CURVE('',#1813,#1812,#525,.T.);
#2285=EDGE_CURVE('',#1814,#1813,#1022,.T.);
#2286=EDGE_CURVE('',#1814,#1815,#526,.T.);
#2287=EDGE_CURVE('',#1815,#1816,#527,.T.);
#2288=EDGE_CURVE('',#1816,#1817,#528,.T.);
#2289=EDGE_CURVE('',#1817,#1818,#529,.T.);
#2290=EDGE_CURVE('',#1818,#1819,#530,.T.);
#2291=EDGE_CURVE('',#1819,#1811,#531,.T.);
#2292=EDGE_CURVE('',#1784,#1820,#1512,.T.);
#2293=EDGE_CURVE('',#1820,#1785,#1454,.T.);
#2294=EDGE_CURVE('',#1797,#1820,#532,.T.);
#2295=EDGE_CURVE('',#1821,#1822,#1513,.T.);
#2296=EDGE_CURVE('',#1822,#1823,#1455,.T.);
#2297=EDGE_CURVE('',#1823,#1821,#1456,.T.);
#2298=EDGE_CURVE('',#1821,#1814,#533,.T.);
#2299=EDGE_CURVE('',#1813,#1822,#534,.T.);
#2300=EDGE_CURVE('',#1821,#1824,#535,.T.);
#2301=EDGE_CURVE('',#1815,#1824,#536,.T.);
#2302=EDGE_CURVE('',#1825,#1823,#537,.T.);
#2303=EDGE_CURVE('',#1826,#1825,#1514,.T.);
#2304=EDGE_CURVE('',#1827,#1826,#1023,.T.);
#2305=EDGE_CURVE('',#1824,#1827,#1515,.T.);
#2306=EDGE_CURVE('',#1822,#1828,#538,.T.);
#2307=EDGE_CURVE('',#1828,#1829,#1516,.T.);
#2308=EDGE_CURVE('',#1823,#1829,#539,.T.);
#2309=EDGE_CURVE('',#1804,#1830,#540,.T.);
#2310=EDGE_CURVE('',#1830,#1831,#1517,.T.);
#2311=EDGE_CURVE('',#1831,#1805,#541,.T.);
#2312=EDGE_CURVE('',#1830,#1832,#1457,.T.);
#2313=EDGE_CURVE('',#1832,#1831,#1458,.T.);
#2314=EDGE_CURVE('',#1830,#1833,#542,.T.);
#2315=EDGE_CURVE('',#1834,#1833,#1518,.T.);
#2316=EDGE_CURVE('',#1835,#1834,#1024,.T.);
#2317=EDGE_CURVE('',#1836,#1835,#1519,.T.);
#2318=EDGE_CURVE('',#1836,#1832,#543,.T.);
#2319=EDGE_CURVE('',#1833,#1803,#544,.T.);
#2320=EDGE_CURVE('',#1837,#1796,#545,.T.);
#2321=EDGE_CURVE('',#1837,#1820,#546,.T.);
#2322=EDGE_CURVE('',#1783,#1838,#547,.T.);
#2323=EDGE_CURVE('',#1839,#1838,#1520,.T.);
#2324=EDGE_CURVE('',#1840,#1839,#1025,.T.);
#2325=EDGE_CURVE('',#1841,#1840,#1521,.T.);
#2326=EDGE_CURVE('',#1841,#1782,#548,.T.);
#2327=EDGE_CURVE('',#1842,#1838,#549,.T.);
#2328=EDGE_CURVE('',#1842,#1790,#550,.T.);
#2329=EDGE_CURVE('',#1839,#1789,#551,.T.);
#2330=EDGE_CURVE('',#1785,#1843,#552,.T.);
#2331=EDGE_CURVE('',#1843,#1844,#553,.T.);
#2332=EDGE_CURVE('',#1844,#1845,#554,.T.);
#2333=EDGE_CURVE('',#1846,#1845,#555,.T.);
#2334=EDGE_CURVE('',#1846,#1842,#556,.T.);
#2335=EDGE_CURVE('',#1808,#1847,#557,.T.);
#2336=EDGE_CURVE('',#1848,#1807,#558,.T.);
#2337=EDGE_CURVE('',#1849,#1848,#559,.T.);
#2338=EDGE_CURVE('',#1847,#1849,#1522,.T.);
#2339=EDGE_CURVE('',#1850,#1806,#560,.T.);
#2340=EDGE_CURVE('',#1851,#1850,#1523,.T.);
#2341=EDGE_CURVE('',#1852,#1851,#561,.T.);
#2342=EDGE_CURVE('',#1798,#1852,#562,.T.);
#2343=EDGE_CURVE('',#1852,#1853,#563,.T.);
#2344=EDGE_CURVE('',#1853,#1799,#564,.T.);
#2345=EDGE_CURVE('',#1850,#1831,#565,.T.);
#2346=EDGE_CURVE('',#1851,#1832,#566,.T.);
#2347=EDGE_CURVE('',#1854,#1836,#567,.T.);
#2348=EDGE_CURVE('',#1853,#1854,#568,.T.);
#2349=EDGE_CURVE('',#1855,#1848,#569,.T.);
#2350=EDGE_CURVE('',#1855,#1856,#570,.T.);
#2351=EDGE_CURVE('',#1856,#1849,#571,.T.);
#2352=EDGE_CURVE('',#1856,#1857,#1524,.T.);
#2353=EDGE_CURVE('',#1857,#1847,#572,.T.);
#2354=EDGE_CURVE('',#1829,#1858,#573,.T.);
#2355=EDGE_CURVE('',#1812,#1828,#574,.T.);
#2356=EDGE_CURVE('',#1858,#1811,#575,.T.);
#2357=EDGE_CURVE('',#1810,#1855,#576,.T.);
#2358=EDGE_CURVE('',#1857,#1809,#577,.T.);
#2359=EDGE_CURVE('',#1859,#1819,#578,.T.);
#2360=EDGE_CURVE('',#1859,#1858,#579,.T.);
#2361=EDGE_CURVE('',#1860,#1859,#580,.T.);
#2362=EDGE_CURVE('',#1825,#1860,#581,.T.);
#2363=EDGE_CURVE('',#1840,#1788,#582,.T.);
#2364=EDGE_CURVE('',#1787,#1841,#583,.T.);
#2365=EDGE_CURVE('',#1845,#1792,#584,.T.);
#2366=EDGE_CURVE('',#1846,#1791,#585,.T.);
#2367=EDGE_CURVE('',#1861,#1795,#586,.T.);
#2368=EDGE_CURVE('',#1861,#1837,#1525,.T.);
#2369=EDGE_CURVE('',#1862,#1861,#1026,.T.);
#2370=EDGE_CURVE('',#1843,#1862,#1526,.T.);
#2371=EDGE_CURVE('',#1860,#1818,#587,.T.);
#2372=EDGE_CURVE('',#1826,#1817,#588,.T.);
#2373=EDGE_CURVE('',#1827,#1816,#589,.T.);
#2374=EDGE_CURVE('',#1844,#1793,#590,.T.);
#2375=EDGE_CURVE('',#1862,#1794,#591,.T.);
#2376=EDGE_CURVE('',#1834,#1802,#592,.T.);
#2377=EDGE_CURVE('',#1835,#1801,#593,.T.);
#2378=EDGE_CURVE('',#1854,#1800,#594,.T.);
#2379=ORIENTED_EDGE('',*,*,#1863,.T.);
#2380=ORIENTED_EDGE('',*,*,#1864,.T.);
#2381=ORIENTED_EDGE('',*,*,#1865,.T.);
#2382=ORIENTED_EDGE('',*,*,#1866,.T.);
#2383=ORIENTED_EDGE('',*,*,#1867,.T.);
#2384=ORIENTED_EDGE('',*,*,#1863,.F.);
#2385=ORIENTED_EDGE('',*,*,#1868,.T.);
#2386=ORIENTED_EDGE('',*,*,#1866,.F.);
#2387=ORIENTED_EDGE('',*,*,#1869,.F.);
#2388=ORIENTED_EDGE('',*,*,#1870,.F.);
#2389=ORIENTED_EDGE('',*,*,#1871,.T.);
#2390=ORIENTED_EDGE('',*,*,#1872,.T.);
#2391=ORIENTED_EDGE('',*,*,#1873,.T.);
#2392=ORIENTED_EDGE('',*,*,#1874,.T.);
#2393=ORIENTED_EDGE('',*,*,#1875,.T.);
#2394=ORIENTED_EDGE('',*,*,#1876,.T.);
#2395=ORIENTED_EDGE('',*,*,#1877,.T.);
#2396=ORIENTED_EDGE('',*,*,#1878,.T.);
#2397=ORIENTED_EDGE('',*,*,#1879,.T.);
#2398=ORIENTED_EDGE('',*,*,#1880,.T.);
#2399=ORIENTED_EDGE('',*,*,#1881,.F.);
#2400=ORIENTED_EDGE('',*,*,#1882,.T.);
#2401=ORIENTED_EDGE('',*,*,#1883,.F.);
#2402=ORIENTED_EDGE('',*,*,#1884,.T.);
#2403=ORIENTED_EDGE('',*,*,#1885,.T.);
#2404=ORIENTED_EDGE('',*,*,#1886,.T.);
#2405=ORIENTED_EDGE('',*,*,#1887,.T.);
#2406=ORIENTED_EDGE('',*,*,#1888,.T.);
#2407=ORIENTED_EDGE('',*,*,#1889,.T.);
#2408=ORIENTED_EDGE('',*,*,#1890,.T.);
#2409=ORIENTED_EDGE('',*,*,#1891,.T.);
#2410=ORIENTED_EDGE('',*,*,#1892,.T.);
#2411=ORIENTED_EDGE('',*,*,#1893,.T.);
#2412=ORIENTED_EDGE('',*,*,#1894,.F.);
#2413=ORIENTED_EDGE('',*,*,#1895,.F.);
#2414=ORIENTED_EDGE('',*,*,#1896,.T.);
#2415=ORIENTED_EDGE('',*,*,#1897,.T.);
#2416=ORIENTED_EDGE('',*,*,#1898,.T.);
#2417=ORIENTED_EDGE('',*,*,#1899,.T.);
#2418=ORIENTED_EDGE('',*,*,#1900,.T.);
#2419=ORIENTED_EDGE('',*,*,#1901,.T.);
#2420=ORIENTED_EDGE('',*,*,#1902,.T.);
#2421=ORIENTED_EDGE('',*,*,#1903,.T.);
#2422=ORIENTED_EDGE('',*,*,#1868,.F.);
#2423=ORIENTED_EDGE('',*,*,#1904,.F.);
#2424=ORIENTED_EDGE('',*,*,#1905,.F.);
#2425=ORIENTED_EDGE('',*,*,#1869,.T.);
#2426=ORIENTED_EDGE('',*,*,#1865,.F.);
#2427=ORIENTED_EDGE('',*,*,#1906,.T.);
#2428=ORIENTED_EDGE('',*,*,#1907,.F.);
#2429=ORIENTED_EDGE('',*,*,#1904,.T.);
#2430=ORIENTED_EDGE('',*,*,#1870,.T.);
#2431=ORIENTED_EDGE('',*,*,#1905,.T.);
#2432=ORIENTED_EDGE('',*,*,#1908,.T.);
#2433=ORIENTED_EDGE('',*,*,#1909,.T.);
#2434=ORIENTED_EDGE('',*,*,#1907,.T.);
#2435=ORIENTED_EDGE('',*,*,#1910,.T.);
#2436=ORIENTED_EDGE('',*,*,#1908,.F.);
#2437=ORIENTED_EDGE('',*,*,#1910,.F.);
#2438=ORIENTED_EDGE('',*,*,#1911,.T.);
#2439=ORIENTED_EDGE('',*,*,#1912,.F.);
#2440=ORIENTED_EDGE('',*,*,#1913,.F.);
#2441=ORIENTED_EDGE('',*,*,#1914,.F.);
#2442=ORIENTED_EDGE('',*,*,#1915,.F.);
#2443=ORIENTED_EDGE('',*,*,#1895,.T.);
#2444=ORIENTED_EDGE('',*,*,#1916,.T.);
#2445=ORIENTED_EDGE('',*,*,#1917,.T.);
#2446=ORIENTED_EDGE('',*,*,#1918,.T.);
#2447=ORIENTED_EDGE('',*,*,#1919,.T.);
#2448=ORIENTED_EDGE('',*,*,#1920,.T.);
#2449=ORIENTED_EDGE('',*,*,#1917,.F.);
#2450=ORIENTED_EDGE('',*,*,#1919,.F.);
#2451=ORIENTED_EDGE('',*,*,#1921,.T.);
#2452=ORIENTED_EDGE('',*,*,#1922,.F.);
#2453=ORIENTED_EDGE('',*,*,#1923,.F.);
#2454=ORIENTED_EDGE('',*,*,#1924,.F.);
#2455=ORIENTED_EDGE('',*,*,#1925,.T.);
#2456=ORIENTED_EDGE('',*,*,#1916,.F.);
#2457=ORIENTED_EDGE('',*,*,#1894,.T.);
#2458=ORIENTED_EDGE('',*,*,#1926,.F.);
#2459=ORIENTED_EDGE('',*,*,#1921,.F.);
#2460=ORIENTED_EDGE('',*,*,#1927,.T.);
#2461=ORIENTED_EDGE('',*,*,#1928,.T.);
#2462=ORIENTED_EDGE('',*,*,#1929,.T.);
#2463=ORIENTED_EDGE('',*,*,#1927,.F.);
#2464=ORIENTED_EDGE('',*,*,#1930,.T.);
#2465=ORIENTED_EDGE('',*,*,#1883,.T.);
#2466=ORIENTED_EDGE('',*,*,#1931,.T.);
#2467=ORIENTED_EDGE('',*,*,#1930,.F.);
#2468=ORIENTED_EDGE('',*,*,#1932,.T.);
#2469=ORIENTED_EDGE('',*,*,#1933,.F.);
#2470=ORIENTED_EDGE('',*,*,#1884,.F.);
#2471=ORIENTED_EDGE('',*,*,#1929,.F.);
#2472=ORIENTED_EDGE('',*,*,#1934,.F.);
#2473=ORIENTED_EDGE('',*,*,#1935,.F.);
#2474=ORIENTED_EDGE('',*,*,#1936,.F.);
#2475=ORIENTED_EDGE('',*,*,#1937,.F.);
#2476=ORIENTED_EDGE('',*,*,#1932,.F.);
#2477=ORIENTED_EDGE('',*,*,#1928,.F.);
#2478=ORIENTED_EDGE('',*,*,#1938,.F.);
#2479=ORIENTED_EDGE('',*,*,#1939,.T.);
#2480=ORIENTED_EDGE('',*,*,#1940,.T.);
#2481=ORIENTED_EDGE('',*,*,#1864,.F.);
#2482=ORIENTED_EDGE('',*,*,#1941,.T.);
#2483=ORIENTED_EDGE('',*,*,#1942,.F.);
#2484=ORIENTED_EDGE('',*,*,#1943,.F.);
#2485=ORIENTED_EDGE('',*,*,#1944,.F.);
#2486=ORIENTED_EDGE('',*,*,#1945,.T.);
#2487=ORIENTED_EDGE('',*,*,#1867,.F.);
#2488=ORIENTED_EDGE('',*,*,#1881,.T.);
#2489=ORIENTED_EDGE('',*,*,#1946,.F.);
#2490=ORIENTED_EDGE('',*,*,#1941,.F.);
#2491=ORIENTED_EDGE('',*,*,#1947,.T.);
#2492=ORIENTED_EDGE('',*,*,#1914,.T.);
#2493=ORIENTED_EDGE('',*,*,#1948,.T.);
#2494=ORIENTED_EDGE('',*,*,#1872,.F.);
#2495=ORIENTED_EDGE('',*,*,#1913,.T.);
#2496=ORIENTED_EDGE('',*,*,#1949,.T.);
#2497=ORIENTED_EDGE('',*,*,#1873,.F.);
#2498=ORIENTED_EDGE('',*,*,#1948,.F.);
#2499=ORIENTED_EDGE('',*,*,#1912,.T.);
#2500=ORIENTED_EDGE('',*,*,#1950,.F.);
#2501=ORIENTED_EDGE('',*,*,#1951,.T.);
#2502=ORIENTED_EDGE('',*,*,#1874,.F.);
#2503=ORIENTED_EDGE('',*,*,#1949,.F.);
#2504=ORIENTED_EDGE('',*,*,#1944,.T.);
#2505=ORIENTED_EDGE('',*,*,#1952,.T.);
#2506=ORIENTED_EDGE('',*,*,#1878,.F.);
#2507=ORIENTED_EDGE('',*,*,#1953,.F.);
#2508=ORIENTED_EDGE('',*,*,#1954,.F.);
#2509=ORIENTED_EDGE('',*,*,#1943,.T.);
#2510=ORIENTED_EDGE('',*,*,#1955,.T.);
#2511=ORIENTED_EDGE('',*,*,#1879,.F.);
#2512=ORIENTED_EDGE('',*,*,#1952,.F.);
#2513=ORIENTED_EDGE('',*,*,#1942,.T.);
#2514=ORIENTED_EDGE('',*,*,#1946,.T.);
#2515=ORIENTED_EDGE('',*,*,#1880,.F.);
#2516=ORIENTED_EDGE('',*,*,#1955,.F.);
#2517=ORIENTED_EDGE('',*,*,#1956,.F.);
#2518=ORIENTED_EDGE('',*,*,#1939,.F.);
#2519=ORIENTED_EDGE('',*,*,#1957,.F.);
#2520=ORIENTED_EDGE('',*,*,#1903,.F.);
#2521=ORIENTED_EDGE('',*,*,#1958,.F.);
#2522=ORIENTED_EDGE('',*,*,#1959,.F.);
#2523=ORIENTED_EDGE('',*,*,#1960,.T.);
#2524=ORIENTED_EDGE('',*,*,#1901,.F.);
#2525=ORIENTED_EDGE('',*,*,#1961,.F.);
#2526=ORIENTED_EDGE('',*,*,#1962,.F.);
#2527=ORIENTED_EDGE('',*,*,#1963,.F.);
#2528=ORIENTED_EDGE('',*,*,#1958,.T.);
#2529=ORIENTED_EDGE('',*,*,#1902,.F.);
#2530=ORIENTED_EDGE('',*,*,#1960,.F.);
#2531=ORIENTED_EDGE('',*,*,#1956,.T.);
#2532=ORIENTED_EDGE('',*,*,#1963,.T.);
#2533=ORIENTED_EDGE('',*,*,#1959,.T.);
#2534=ORIENTED_EDGE('',*,*,#1964,.F.);
#2535=ORIENTED_EDGE('',*,*,#1965,.T.);
#2536=ORIENTED_EDGE('',*,*,#1966,.T.);
#2537=ORIENTED_EDGE('',*,*,#1967,.T.);
#2538=ORIENTED_EDGE('',*,*,#1968,.F.);
#2539=ORIENTED_EDGE('',*,*,#1925,.F.);
#2540=ORIENTED_EDGE('',*,*,#1969,.F.);
#2541=ORIENTED_EDGE('',*,*,#1970,.F.);
#2542=ORIENTED_EDGE('',*,*,#1971,.F.);
#2543=ORIENTED_EDGE('',*,*,#1972,.F.);
#2544=ORIENTED_EDGE('',*,*,#1973,.F.);
#2545=ORIENTED_EDGE('',*,*,#1934,.T.);
#2546=ORIENTED_EDGE('',*,*,#1940,.F.);
#2547=ORIENTED_EDGE('',*,*,#1962,.T.);
#2548=ORIENTED_EDGE('',*,*,#1974,.F.);
#2549=ORIENTED_EDGE('',*,*,#1975,.T.);
#2550=ORIENTED_EDGE('',*,*,#1964,.T.);
#2551=ORIENTED_EDGE('',*,*,#1961,.T.);
#2552=ORIENTED_EDGE('',*,*,#1900,.F.);
#2553=ORIENTED_EDGE('',*,*,#1976,.T.);
#2554=ORIENTED_EDGE('',*,*,#1974,.T.);
#2555=ORIENTED_EDGE('',*,*,#1967,.F.);
#2556=ORIENTED_EDGE('',*,*,#1977,.T.);
#2557=ORIENTED_EDGE('',*,*,#1897,.F.);
#2558=ORIENTED_EDGE('',*,*,#1978,.F.);
#2559=ORIENTED_EDGE('',*,*,#1979,.F.);
#2560=ORIENTED_EDGE('',*,*,#1966,.F.);
#2561=ORIENTED_EDGE('',*,*,#1980,.T.);
#2562=ORIENTED_EDGE('',*,*,#1898,.F.);
#2563=ORIENTED_EDGE('',*,*,#1977,.F.);
#2564=ORIENTED_EDGE('',*,*,#1965,.F.);
#2565=ORIENTED_EDGE('',*,*,#1975,.F.);
#2566=ORIENTED_EDGE('',*,*,#1976,.F.);
#2567=ORIENTED_EDGE('',*,*,#1899,.F.);
#2568=ORIENTED_EDGE('',*,*,#1980,.F.);
#2569=ORIENTED_EDGE('',*,*,#1931,.F.);
#2570=ORIENTED_EDGE('',*,*,#1882,.F.);
#2571=ORIENTED_EDGE('',*,*,#1957,.T.);
#2572=ORIENTED_EDGE('',*,*,#1938,.T.);
#2573=ORIENTED_EDGE('',*,*,#1918,.F.);
#2574=ORIENTED_EDGE('',*,*,#1981,.T.);
#2575=ORIENTED_EDGE('',*,*,#1978,.T.);
#2576=ORIENTED_EDGE('',*,*,#1896,.F.);
#2577=ORIENTED_EDGE('',*,*,#1920,.F.);
#2578=ORIENTED_EDGE('',*,*,#1968,.T.);
#2579=ORIENTED_EDGE('',*,*,#1979,.T.);
#2580=ORIENTED_EDGE('',*,*,#1981,.F.);
#2581=ORIENTED_EDGE('',*,*,#1906,.F.);
#2582=ORIENTED_EDGE('',*,*,#1945,.F.);
#2583=ORIENTED_EDGE('',*,*,#1954,.T.);
#2584=ORIENTED_EDGE('',*,*,#1982,.T.);
#2585=ORIENTED_EDGE('',*,*,#1983,.F.);
#2586=ORIENTED_EDGE('',*,*,#1984,.T.);
#2587=ORIENTED_EDGE('',*,*,#1950,.T.);
#2588=ORIENTED_EDGE('',*,*,#1911,.F.);
#2589=ORIENTED_EDGE('',*,*,#1985,.F.);
#2590=ORIENTED_EDGE('',*,*,#1983,.T.);
#2591=ORIENTED_EDGE('',*,*,#1986,.T.);
#2592=ORIENTED_EDGE('',*,*,#1876,.F.);
#2593=ORIENTED_EDGE('',*,*,#1909,.F.);
#2594=ORIENTED_EDGE('',*,*,#1915,.T.);
#2595=ORIENTED_EDGE('',*,*,#1947,.F.);
#2596=ORIENTED_EDGE('',*,*,#1871,.F.);
#2597=ORIENTED_EDGE('',*,*,#1924,.T.);
#2598=ORIENTED_EDGE('',*,*,#1987,.T.);
#2599=ORIENTED_EDGE('',*,*,#1891,.F.);
#2600=ORIENTED_EDGE('',*,*,#1988,.F.);
#2601=ORIENTED_EDGE('',*,*,#1969,.T.);
#2602=ORIENTED_EDGE('',*,*,#1923,.T.);
#2603=ORIENTED_EDGE('',*,*,#1989,.T.);
#2604=ORIENTED_EDGE('',*,*,#1892,.F.);
#2605=ORIENTED_EDGE('',*,*,#1987,.F.);
#2606=ORIENTED_EDGE('',*,*,#1922,.T.);
#2607=ORIENTED_EDGE('',*,*,#1926,.T.);
#2608=ORIENTED_EDGE('',*,*,#1893,.F.);
#2609=ORIENTED_EDGE('',*,*,#1989,.F.);
#2610=ORIENTED_EDGE('',*,*,#1935,.T.);
#2611=ORIENTED_EDGE('',*,*,#1973,.T.);
#2612=ORIENTED_EDGE('',*,*,#1990,.T.);
#2613=ORIENTED_EDGE('',*,*,#1887,.F.);
#2614=ORIENTED_EDGE('',*,*,#1991,.F.);
#2615=ORIENTED_EDGE('',*,*,#1936,.T.);
#2616=ORIENTED_EDGE('',*,*,#1991,.T.);
#2617=ORIENTED_EDGE('',*,*,#1886,.F.);
#2618=ORIENTED_EDGE('',*,*,#1992,.F.);
#2619=ORIENTED_EDGE('',*,*,#1953,.T.);
#2620=ORIENTED_EDGE('',*,*,#1877,.F.);
#2621=ORIENTED_EDGE('',*,*,#1986,.F.);
#2622=ORIENTED_EDGE('',*,*,#1982,.F.);
#2623=ORIENTED_EDGE('',*,*,#1937,.T.);
#2624=ORIENTED_EDGE('',*,*,#1992,.T.);
#2625=ORIENTED_EDGE('',*,*,#1885,.F.);
#2626=ORIENTED_EDGE('',*,*,#1933,.T.);
#2627=ORIENTED_EDGE('',*,*,#1985,.T.);
#2628=ORIENTED_EDGE('',*,*,#1875,.F.);
#2629=ORIENTED_EDGE('',*,*,#1951,.F.);
#2630=ORIENTED_EDGE('',*,*,#1984,.F.);
#2631=ORIENTED_EDGE('',*,*,#1972,.T.);
#2632=ORIENTED_EDGE('',*,*,#1993,.T.);
#2633=ORIENTED_EDGE('',*,*,#1888,.F.);
#2634=ORIENTED_EDGE('',*,*,#1990,.F.);
#2635=ORIENTED_EDGE('',*,*,#1970,.T.);
#2636=ORIENTED_EDGE('',*,*,#1988,.T.);
#2637=ORIENTED_EDGE('',*,*,#1890,.F.);
#2638=ORIENTED_EDGE('',*,*,#1994,.F.);
#2639=ORIENTED_EDGE('',*,*,#1971,.T.);
#2640=ORIENTED_EDGE('',*,*,#1994,.T.);
#2641=ORIENTED_EDGE('',*,*,#1889,.F.);
#2642=ORIENTED_EDGE('',*,*,#1993,.F.);
#2643=ORIENTED_EDGE('',*,*,#1995,.T.);
#2644=ORIENTED_EDGE('',*,*,#1996,.T.);
#2645=ORIENTED_EDGE('',*,*,#1997,.F.);
#2646=ORIENTED_EDGE('',*,*,#1998,.F.);
#2647=ORIENTED_EDGE('',*,*,#1999,.F.);
#2648=ORIENTED_EDGE('',*,*,#2000,.T.);
#2649=ORIENTED_EDGE('',*,*,#2001,.T.);
#2650=ORIENTED_EDGE('',*,*,#2002,.T.);
#2651=ORIENTED_EDGE('',*,*,#2003,.T.);
#2652=ORIENTED_EDGE('',*,*,#2004,.F.);
#2653=ORIENTED_EDGE('',*,*,#2005,.F.);
#2654=ORIENTED_EDGE('',*,*,#2006,.T.);
#2655=ORIENTED_EDGE('',*,*,#2007,.T.);
#2656=ORIENTED_EDGE('',*,*,#2008,.T.);
#2657=ORIENTED_EDGE('',*,*,#2009,.T.);
#2658=ORIENTED_EDGE('',*,*,#2010,.T.);
#2659=ORIENTED_EDGE('',*,*,#2011,.F.);
#2660=ORIENTED_EDGE('',*,*,#1996,.F.);
#2661=ORIENTED_EDGE('',*,*,#2012,.F.);
#2662=ORIENTED_EDGE('',*,*,#2006,.F.);
#2663=ORIENTED_EDGE('',*,*,#2013,.F.);
#2664=ORIENTED_EDGE('',*,*,#2014,.F.);
#2665=ORIENTED_EDGE('',*,*,#2015,.T.);
#2666=ORIENTED_EDGE('',*,*,#2016,.T.);
#2667=ORIENTED_EDGE('',*,*,#2017,.F.);
#2668=ORIENTED_EDGE('',*,*,#2018,.T.);
#2669=ORIENTED_EDGE('',*,*,#2019,.T.);
#2670=ORIENTED_EDGE('',*,*,#2020,.F.);
#2671=ORIENTED_EDGE('',*,*,#2021,.F.);
#2672=ORIENTED_EDGE('',*,*,#2022,.F.);
#2673=ORIENTED_EDGE('',*,*,#1999,.T.);
#2674=ORIENTED_EDGE('',*,*,#2023,.T.);
#2675=ORIENTED_EDGE('',*,*,#2024,.T.);
#2676=ORIENTED_EDGE('',*,*,#2025,.T.);
#2677=ORIENTED_EDGE('',*,*,#2026,.F.);
#2678=ORIENTED_EDGE('',*,*,#2027,.F.);
#2679=ORIENTED_EDGE('',*,*,#2015,.F.);
#2680=ORIENTED_EDGE('',*,*,#2028,.T.);
#2681=ORIENTED_EDGE('',*,*,#2029,.T.);
#2682=ORIENTED_EDGE('',*,*,#2030,.F.);
#2683=ORIENTED_EDGE('',*,*,#2025,.F.);
#2684=ORIENTED_EDGE('',*,*,#2031,.T.);
#2685=ORIENTED_EDGE('',*,*,#2032,.T.);
#2686=ORIENTED_EDGE('',*,*,#2033,.F.);
#2687=ORIENTED_EDGE('',*,*,#2029,.F.);
#2688=ORIENTED_EDGE('',*,*,#2034,.F.);
#2689=ORIENTED_EDGE('',*,*,#2035,.T.);
#2690=ORIENTED_EDGE('',*,*,#2036,.F.);
#2691=ORIENTED_EDGE('',*,*,#2037,.F.);
#2692=ORIENTED_EDGE('',*,*,#2038,.F.);
#2693=ORIENTED_EDGE('',*,*,#2039,.F.);
#2694=ORIENTED_EDGE('',*,*,#2040,.T.);
#2695=ORIENTED_EDGE('',*,*,#2041,.F.);
#2696=ORIENTED_EDGE('',*,*,#2035,.F.);
#2697=ORIENTED_EDGE('',*,*,#2042,.F.);
#2698=ORIENTED_EDGE('',*,*,#2043,.F.);
#2699=ORIENTED_EDGE('',*,*,#2044,.F.);
#2700=ORIENTED_EDGE('',*,*,#2045,.F.);
#2701=ORIENTED_EDGE('',*,*,#2040,.F.);
#2702=ORIENTED_EDGE('',*,*,#2046,.F.);
#2703=ORIENTED_EDGE('',*,*,#2047,.F.);
#2704=ORIENTED_EDGE('',*,*,#2048,.F.);
#2705=ORIENTED_EDGE('',*,*,#2032,.F.);
#2706=ORIENTED_EDGE('',*,*,#2012,.T.);
#2707=ORIENTED_EDGE('',*,*,#2049,.F.);
#2708=ORIENTED_EDGE('',*,*,#2050,.T.);
#2709=ORIENTED_EDGE('',*,*,#2007,.F.);
#2710=ORIENTED_EDGE('',*,*,#1995,.F.);
#2711=ORIENTED_EDGE('',*,*,#2022,.T.);
#2712=ORIENTED_EDGE('',*,*,#2051,.F.);
#2713=ORIENTED_EDGE('',*,*,#2052,.F.);
#2714=ORIENTED_EDGE('',*,*,#2053,.F.);
#2715=ORIENTED_EDGE('',*,*,#2046,.T.);
#2716=ORIENTED_EDGE('',*,*,#2031,.F.);
#2717=ORIENTED_EDGE('',*,*,#2028,.F.);
#2718=ORIENTED_EDGE('',*,*,#2024,.F.);
#2719=ORIENTED_EDGE('',*,*,#2014,.T.);
#2720=ORIENTED_EDGE('',*,*,#2054,.F.);
#2721=ORIENTED_EDGE('',*,*,#2055,.F.);
#2722=ORIENTED_EDGE('',*,*,#2056,.F.);
#2723=ORIENTED_EDGE('',*,*,#2000,.F.);
#2724=ORIENTED_EDGE('',*,*,#2048,.T.);
#2725=ORIENTED_EDGE('',*,*,#2057,.T.);
#2726=ORIENTED_EDGE('',*,*,#2058,.T.);
#2727=ORIENTED_EDGE('',*,*,#2059,.T.);
#2728=ORIENTED_EDGE('',*,*,#2060,.T.);
#2729=ORIENTED_EDGE('',*,*,#2061,.T.);
#2730=ORIENTED_EDGE('',*,*,#2062,.T.);
#2731=ORIENTED_EDGE('',*,*,#2063,.T.);
#2732=ORIENTED_EDGE('',*,*,#2064,.T.);
#2733=ORIENTED_EDGE('',*,*,#2026,.T.);
#2734=ORIENTED_EDGE('',*,*,#2030,.T.);
#2735=ORIENTED_EDGE('',*,*,#2033,.T.);
#2736=ORIENTED_EDGE('',*,*,#2065,.T.);
#2737=ORIENTED_EDGE('',*,*,#2066,.T.);
#2738=ORIENTED_EDGE('',*,*,#2067,.T.);
#2739=ORIENTED_EDGE('',*,*,#2068,.T.);
#2740=ORIENTED_EDGE('',*,*,#2004,.T.);
#2741=ORIENTED_EDGE('',*,*,#2069,.T.);
#2742=ORIENTED_EDGE('',*,*,#2070,.T.);
#2743=ORIENTED_EDGE('',*,*,#2071,.T.);
#2744=ORIENTED_EDGE('',*,*,#2072,.T.);
#2745=ORIENTED_EDGE('',*,*,#1997,.T.);
#2746=ORIENTED_EDGE('',*,*,#2011,.T.);
#2747=ORIENTED_EDGE('',*,*,#2073,.T.);
#2748=ORIENTED_EDGE('',*,*,#2074,.T.);
#2749=ORIENTED_EDGE('',*,*,#2075,.T.);
#2750=ORIENTED_EDGE('',*,*,#2076,.T.);
#2751=ORIENTED_EDGE('',*,*,#2077,.T.);
#2752=ORIENTED_EDGE('',*,*,#2078,.T.);
#2753=ORIENTED_EDGE('',*,*,#2036,.T.);
#2754=ORIENTED_EDGE('',*,*,#2041,.T.);
#2755=ORIENTED_EDGE('',*,*,#2045,.T.);
#2756=ORIENTED_EDGE('',*,*,#2044,.T.);
#2757=ORIENTED_EDGE('',*,*,#2079,.T.);
#2758=ORIENTED_EDGE('',*,*,#2080,.F.);
#2759=ORIENTED_EDGE('',*,*,#2065,.F.);
#2760=ORIENTED_EDGE('',*,*,#2037,.T.);
#2761=ORIENTED_EDGE('',*,*,#2078,.F.);
#2762=ORIENTED_EDGE('',*,*,#2081,.T.);
#2763=ORIENTED_EDGE('',*,*,#2082,.T.);
#2764=ORIENTED_EDGE('',*,*,#2043,.T.);
#2765=ORIENTED_EDGE('',*,*,#2083,.T.);
#2766=ORIENTED_EDGE('',*,*,#2084,.F.);
#2767=ORIENTED_EDGE('',*,*,#2002,.F.);
#2768=ORIENTED_EDGE('',*,*,#2085,.F.);
#2769=ORIENTED_EDGE('',*,*,#2086,.F.);
#2770=ORIENTED_EDGE('',*,*,#2087,.F.);
#2771=ORIENTED_EDGE('',*,*,#2079,.F.);
#2772=ORIENTED_EDGE('',*,*,#2038,.T.);
#2773=ORIENTED_EDGE('',*,*,#2082,.F.);
#2774=ORIENTED_EDGE('',*,*,#2088,.T.);
#2775=ORIENTED_EDGE('',*,*,#2089,.T.);
#2776=ORIENTED_EDGE('',*,*,#2090,.F.);
#2777=ORIENTED_EDGE('',*,*,#2091,.T.);
#2778=ORIENTED_EDGE('',*,*,#2075,.F.);
#2779=ORIENTED_EDGE('',*,*,#2092,.F.);
#2780=ORIENTED_EDGE('',*,*,#2093,.F.);
#2781=ORIENTED_EDGE('',*,*,#2094,.F.);
#2782=ORIENTED_EDGE('',*,*,#2095,.T.);
#2783=ORIENTED_EDGE('',*,*,#2076,.F.);
#2784=ORIENTED_EDGE('',*,*,#2091,.F.);
#2785=ORIENTED_EDGE('',*,*,#2096,.F.);
#2786=ORIENTED_EDGE('',*,*,#2088,.F.);
#2787=ORIENTED_EDGE('',*,*,#2081,.F.);
#2788=ORIENTED_EDGE('',*,*,#2077,.F.);
#2789=ORIENTED_EDGE('',*,*,#2095,.F.);
#2790=ORIENTED_EDGE('',*,*,#2093,.T.);
#2791=ORIENTED_EDGE('',*,*,#2097,.F.);
#2792=ORIENTED_EDGE('',*,*,#2098,.F.);
#2793=ORIENTED_EDGE('',*,*,#2009,.F.);
#2794=ORIENTED_EDGE('',*,*,#2099,.F.);
#2795=ORIENTED_EDGE('',*,*,#2100,.F.);
#2796=ORIENTED_EDGE('',*,*,#2101,.F.);
#2797=ORIENTED_EDGE('',*,*,#2102,.T.);
#2798=ORIENTED_EDGE('',*,*,#2092,.T.);
#2799=ORIENTED_EDGE('',*,*,#2074,.F.);
#2800=ORIENTED_EDGE('',*,*,#2103,.F.);
#2801=ORIENTED_EDGE('',*,*,#2097,.T.);
#2802=ORIENTED_EDGE('',*,*,#2008,.F.);
#2803=ORIENTED_EDGE('',*,*,#2050,.F.);
#2804=ORIENTED_EDGE('',*,*,#2104,.F.);
#2805=ORIENTED_EDGE('',*,*,#2099,.T.);
#2806=ORIENTED_EDGE('',*,*,#2001,.F.);
#2807=ORIENTED_EDGE('',*,*,#2056,.T.);
#2808=ORIENTED_EDGE('',*,*,#2105,.F.);
#2809=ORIENTED_EDGE('',*,*,#2085,.T.);
#2810=ORIENTED_EDGE('',*,*,#2034,.T.);
#2811=ORIENTED_EDGE('',*,*,#2089,.F.);
#2812=ORIENTED_EDGE('',*,*,#2096,.T.);
#2813=ORIENTED_EDGE('',*,*,#2094,.T.);
#2814=ORIENTED_EDGE('',*,*,#2090,.T.);
#2815=ORIENTED_EDGE('',*,*,#2102,.F.);
#2816=ORIENTED_EDGE('',*,*,#2106,.F.);
#2817=ORIENTED_EDGE('',*,*,#2107,.F.);
#2818=ORIENTED_EDGE('',*,*,#2108,.F.);
#2819=ORIENTED_EDGE('',*,*,#2083,.F.);
#2820=ORIENTED_EDGE('',*,*,#2042,.T.);
#2821=ORIENTED_EDGE('',*,*,#2039,.T.);
#2822=ORIENTED_EDGE('',*,*,#2053,.T.);
#2823=ORIENTED_EDGE('',*,*,#2109,.T.);
#2824=ORIENTED_EDGE('',*,*,#2057,.F.);
#2825=ORIENTED_EDGE('',*,*,#2047,.T.);
#2826=ORIENTED_EDGE('',*,*,#2103,.T.);
#2827=ORIENTED_EDGE('',*,*,#2073,.F.);
#2828=ORIENTED_EDGE('',*,*,#2010,.F.);
#2829=ORIENTED_EDGE('',*,*,#2098,.T.);
#2830=ORIENTED_EDGE('',*,*,#2110,.F.);
#2831=ORIENTED_EDGE('',*,*,#2019,.F.);
#2832=ORIENTED_EDGE('',*,*,#2111,.T.);
#2833=ORIENTED_EDGE('',*,*,#2061,.F.);
#2834=ORIENTED_EDGE('',*,*,#2084,.T.);
#2835=ORIENTED_EDGE('',*,*,#2108,.T.);
#2836=ORIENTED_EDGE('',*,*,#2112,.T.);
#2837=ORIENTED_EDGE('',*,*,#2069,.F.);
#2838=ORIENTED_EDGE('',*,*,#2003,.F.);
#2839=ORIENTED_EDGE('',*,*,#2107,.T.);
#2840=ORIENTED_EDGE('',*,*,#2113,.T.);
#2841=ORIENTED_EDGE('',*,*,#2070,.F.);
#2842=ORIENTED_EDGE('',*,*,#2112,.F.);
#2843=ORIENTED_EDGE('',*,*,#2106,.T.);
#2844=ORIENTED_EDGE('',*,*,#2101,.T.);
#2845=ORIENTED_EDGE('',*,*,#2114,.T.);
#2846=ORIENTED_EDGE('',*,*,#2071,.F.);
#2847=ORIENTED_EDGE('',*,*,#2113,.F.);
#2848=ORIENTED_EDGE('',*,*,#2087,.T.);
#2849=ORIENTED_EDGE('',*,*,#2115,.T.);
#2850=ORIENTED_EDGE('',*,*,#2066,.F.);
#2851=ORIENTED_EDGE('',*,*,#2080,.T.);
#2852=ORIENTED_EDGE('',*,*,#2018,.F.);
#2853=ORIENTED_EDGE('',*,*,#2116,.T.);
#2854=ORIENTED_EDGE('',*,*,#2062,.F.);
#2855=ORIENTED_EDGE('',*,*,#2111,.F.);
#2856=ORIENTED_EDGE('',*,*,#2020,.T.);
#2857=ORIENTED_EDGE('',*,*,#2110,.T.);
#2858=ORIENTED_EDGE('',*,*,#2060,.F.);
#2859=ORIENTED_EDGE('',*,*,#2117,.F.);
#2860=ORIENTED_EDGE('',*,*,#2051,.T.);
#2861=ORIENTED_EDGE('',*,*,#2021,.T.);
#2862=ORIENTED_EDGE('',*,*,#2117,.T.);
#2863=ORIENTED_EDGE('',*,*,#2059,.F.);
#2864=ORIENTED_EDGE('',*,*,#2118,.F.);
#2865=ORIENTED_EDGE('',*,*,#2052,.T.);
#2866=ORIENTED_EDGE('',*,*,#2118,.T.);
#2867=ORIENTED_EDGE('',*,*,#2058,.F.);
#2868=ORIENTED_EDGE('',*,*,#2109,.F.);
#2869=ORIENTED_EDGE('',*,*,#2049,.T.);
#2870=ORIENTED_EDGE('',*,*,#2023,.F.);
#2871=ORIENTED_EDGE('',*,*,#1998,.T.);
#2872=ORIENTED_EDGE('',*,*,#2072,.F.);
#2873=ORIENTED_EDGE('',*,*,#2114,.F.);
#2874=ORIENTED_EDGE('',*,*,#2100,.T.);
#2875=ORIENTED_EDGE('',*,*,#2104,.T.);
#2876=ORIENTED_EDGE('',*,*,#2054,.T.);
#2877=ORIENTED_EDGE('',*,*,#2013,.T.);
#2878=ORIENTED_EDGE('',*,*,#2005,.T.);
#2879=ORIENTED_EDGE('',*,*,#2068,.F.);
#2880=ORIENTED_EDGE('',*,*,#2119,.F.);
#2881=ORIENTED_EDGE('',*,*,#2055,.T.);
#2882=ORIENTED_EDGE('',*,*,#2119,.T.);
#2883=ORIENTED_EDGE('',*,*,#2067,.F.);
#2884=ORIENTED_EDGE('',*,*,#2115,.F.);
#2885=ORIENTED_EDGE('',*,*,#2086,.T.);
#2886=ORIENTED_EDGE('',*,*,#2105,.T.);
#2887=ORIENTED_EDGE('',*,*,#2016,.F.);
#2888=ORIENTED_EDGE('',*,*,#2027,.T.);
#2889=ORIENTED_EDGE('',*,*,#2064,.F.);
#2890=ORIENTED_EDGE('',*,*,#2120,.F.);
#2891=ORIENTED_EDGE('',*,*,#2120,.T.);
#2892=ORIENTED_EDGE('',*,*,#2063,.F.);
#2893=ORIENTED_EDGE('',*,*,#2116,.F.);
#2894=ORIENTED_EDGE('',*,*,#2017,.T.);
#2895=ORIENTED_EDGE('',*,*,#2121,.T.);
#2896=ORIENTED_EDGE('',*,*,#2122,.T.);
#2897=ORIENTED_EDGE('',*,*,#2123,.F.);
#2898=ORIENTED_EDGE('',*,*,#2124,.F.);
#2899=ORIENTED_EDGE('',*,*,#2125,.T.);
#2900=ORIENTED_EDGE('',*,*,#2126,.T.);
#2901=ORIENTED_EDGE('',*,*,#2127,.T.);
#2902=ORIENTED_EDGE('',*,*,#2128,.T.);
#2903=ORIENTED_EDGE('',*,*,#2129,.T.);
#2904=ORIENTED_EDGE('',*,*,#2130,.F.);
#2905=ORIENTED_EDGE('',*,*,#2122,.F.);
#2906=ORIENTED_EDGE('',*,*,#2131,.T.);
#2907=ORIENTED_EDGE('',*,*,#2132,.T.);
#2908=ORIENTED_EDGE('',*,*,#2133,.T.);
#2909=ORIENTED_EDGE('',*,*,#2134,.F.);
#2910=ORIENTED_EDGE('',*,*,#2135,.T.);
#2911=ORIENTED_EDGE('',*,*,#2136,.F.);
#2912=ORIENTED_EDGE('',*,*,#2137,.T.);
#2913=ORIENTED_EDGE('',*,*,#2138,.F.);
#2914=ORIENTED_EDGE('',*,*,#2139,.F.);
#2915=ORIENTED_EDGE('',*,*,#2140,.T.);
#2916=ORIENTED_EDGE('',*,*,#2141,.T.);
#2917=ORIENTED_EDGE('',*,*,#2142,.T.);
#2918=ORIENTED_EDGE('',*,*,#2143,.T.);
#2919=ORIENTED_EDGE('',*,*,#2144,.F.);
#2920=ORIENTED_EDGE('',*,*,#2133,.F.);
#2921=ORIENTED_EDGE('',*,*,#2145,.T.);
#2922=ORIENTED_EDGE('',*,*,#2146,.T.);
#2923=ORIENTED_EDGE('',*,*,#2147,.T.);
#2924=ORIENTED_EDGE('',*,*,#2148,.F.);
#2925=ORIENTED_EDGE('',*,*,#2143,.F.);
#2926=ORIENTED_EDGE('',*,*,#2149,.F.);
#2927=ORIENTED_EDGE('',*,*,#2150,.F.);
#2928=ORIENTED_EDGE('',*,*,#2151,.F.);
#2929=ORIENTED_EDGE('',*,*,#2152,.F.);
#2930=ORIENTED_EDGE('',*,*,#2153,.F.);
#2931=ORIENTED_EDGE('',*,*,#2154,.F.);
#2932=ORIENTED_EDGE('',*,*,#2155,.F.);
#2933=ORIENTED_EDGE('',*,*,#2156,.F.);
#2934=ORIENTED_EDGE('',*,*,#2157,.F.);
#2935=ORIENTED_EDGE('',*,*,#2158,.F.);
#2936=ORIENTED_EDGE('',*,*,#2153,.T.);
#2937=ORIENTED_EDGE('',*,*,#2159,.F.);
#2938=ORIENTED_EDGE('',*,*,#2160,.T.);
#2939=ORIENTED_EDGE('',*,*,#2161,.T.);
#2940=ORIENTED_EDGE('',*,*,#2155,.T.);
#2941=ORIENTED_EDGE('',*,*,#2162,.T.);
#2942=ORIENTED_EDGE('',*,*,#2163,.T.);
#2943=ORIENTED_EDGE('',*,*,#2164,.F.);
#2944=ORIENTED_EDGE('',*,*,#2165,.T.);
#2945=ORIENTED_EDGE('',*,*,#2134,.T.);
#2946=ORIENTED_EDGE('',*,*,#2144,.T.);
#2947=ORIENTED_EDGE('',*,*,#2148,.T.);
#2948=ORIENTED_EDGE('',*,*,#2166,.T.);
#2949=ORIENTED_EDGE('',*,*,#2167,.T.);
#2950=ORIENTED_EDGE('',*,*,#2168,.T.);
#2951=ORIENTED_EDGE('',*,*,#2169,.T.);
#2952=ORIENTED_EDGE('',*,*,#2170,.T.);
#2953=ORIENTED_EDGE('',*,*,#2171,.T.);
#2954=ORIENTED_EDGE('',*,*,#2172,.T.);
#2955=ORIENTED_EDGE('',*,*,#2173,.T.);
#2956=ORIENTED_EDGE('',*,*,#2164,.T.);
#2957=ORIENTED_EDGE('',*,*,#2174,.T.);
#2958=ORIENTED_EDGE('',*,*,#2138,.T.);
#2959=ORIENTED_EDGE('',*,*,#2175,.T.);
#2960=ORIENTED_EDGE('',*,*,#2176,.T.);
#2961=ORIENTED_EDGE('',*,*,#2177,.T.);
#2962=ORIENTED_EDGE('',*,*,#2178,.F.);
#2963=ORIENTED_EDGE('',*,*,#2156,.T.);
#2964=ORIENTED_EDGE('',*,*,#2179,.T.);
#2965=ORIENTED_EDGE('',*,*,#2180,.F.);
#2966=ORIENTED_EDGE('',*,*,#2181,.T.);
#2967=ORIENTED_EDGE('',*,*,#2123,.T.);
#2968=ORIENTED_EDGE('',*,*,#2130,.T.);
#2969=ORIENTED_EDGE('',*,*,#2182,.T.);
#2970=ORIENTED_EDGE('',*,*,#2183,.T.);
#2971=ORIENTED_EDGE('',*,*,#2184,.T.);
#2972=ORIENTED_EDGE('',*,*,#2152,.T.);
#2973=ORIENTED_EDGE('',*,*,#2185,.F.);
#2974=ORIENTED_EDGE('',*,*,#2186,.T.);
#2975=ORIENTED_EDGE('',*,*,#2159,.T.);
#2976=ORIENTED_EDGE('',*,*,#2149,.T.);
#2977=ORIENTED_EDGE('',*,*,#2161,.F.);
#2978=ORIENTED_EDGE('',*,*,#2187,.T.);
#2979=ORIENTED_EDGE('',*,*,#2188,.T.);
#2980=ORIENTED_EDGE('',*,*,#2151,.T.);
#2981=ORIENTED_EDGE('',*,*,#2189,.F.);
#2982=ORIENTED_EDGE('',*,*,#2190,.T.);
#2983=ORIENTED_EDGE('',*,*,#2185,.T.);
#2984=ORIENTED_EDGE('',*,*,#2157,.T.);
#2985=ORIENTED_EDGE('',*,*,#2178,.T.);
#2986=ORIENTED_EDGE('',*,*,#2191,.F.);
#2987=ORIENTED_EDGE('',*,*,#2192,.F.);
#2988=ORIENTED_EDGE('',*,*,#2150,.T.);
#2989=ORIENTED_EDGE('',*,*,#2188,.F.);
#2990=ORIENTED_EDGE('',*,*,#2193,.T.);
#2991=ORIENTED_EDGE('',*,*,#2189,.T.);
#2992=ORIENTED_EDGE('',*,*,#2158,.T.);
#2993=ORIENTED_EDGE('',*,*,#2192,.T.);
#2994=ORIENTED_EDGE('',*,*,#2194,.F.);
#2995=ORIENTED_EDGE('',*,*,#2195,.F.);
#2996=ORIENTED_EDGE('',*,*,#2196,.F.);
#2997=ORIENTED_EDGE('',*,*,#2140,.F.);
#2998=ORIENTED_EDGE('',*,*,#2197,.F.);
#2999=ORIENTED_EDGE('',*,*,#2198,.F.);
#3000=ORIENTED_EDGE('',*,*,#2199,.T.);
#3001=ORIENTED_EDGE('',*,*,#2200,.F.);
#3002=ORIENTED_EDGE('',*,*,#2128,.F.);
#3003=ORIENTED_EDGE('',*,*,#2201,.T.);
#3004=ORIENTED_EDGE('',*,*,#2202,.T.);
#3005=ORIENTED_EDGE('',*,*,#2203,.T.);
#3006=ORIENTED_EDGE('',*,*,#2204,.F.);
#3007=ORIENTED_EDGE('',*,*,#2205,.T.);
#3008=ORIENTED_EDGE('',*,*,#2206,.T.);
#3009=ORIENTED_EDGE('',*,*,#2207,.F.);
#3010=ORIENTED_EDGE('',*,*,#2146,.F.);
#3011=ORIENTED_EDGE('',*,*,#2208,.T.);
#3012=ORIENTED_EDGE('',*,*,#2209,.T.);
#3013=ORIENTED_EDGE('',*,*,#2136,.T.);
#3014=ORIENTED_EDGE('',*,*,#2210,.F.);
#3015=ORIENTED_EDGE('',*,*,#2211,.F.);
#3016=ORIENTED_EDGE('',*,*,#2212,.F.);
#3017=ORIENTED_EDGE('',*,*,#2179,.F.);
#3018=ORIENTED_EDGE('',*,*,#2213,.F.);
#3019=ORIENTED_EDGE('',*,*,#2187,.F.);
#3020=ORIENTED_EDGE('',*,*,#2160,.F.);
#3021=ORIENTED_EDGE('',*,*,#2186,.F.);
#3022=ORIENTED_EDGE('',*,*,#2190,.F.);
#3023=ORIENTED_EDGE('',*,*,#2193,.F.);
#3024=ORIENTED_EDGE('',*,*,#2213,.T.);
#3025=ORIENTED_EDGE('',*,*,#2184,.F.);
#3026=ORIENTED_EDGE('',*,*,#2214,.F.);
#3027=ORIENTED_EDGE('',*,*,#2215,.T.);
#3028=ORIENTED_EDGE('',*,*,#2210,.T.);
#3029=ORIENTED_EDGE('',*,*,#2215,.F.);
#3030=ORIENTED_EDGE('',*,*,#2216,.F.);
#3031=ORIENTED_EDGE('',*,*,#2217,.T.);
#3032=ORIENTED_EDGE('',*,*,#2211,.T.);
#3033=ORIENTED_EDGE('',*,*,#2217,.F.);
#3034=ORIENTED_EDGE('',*,*,#2218,.F.);
#3035=ORIENTED_EDGE('',*,*,#2219,.F.);
#3036=ORIENTED_EDGE('',*,*,#2220,.F.);
#3037=ORIENTED_EDGE('',*,*,#2125,.F.);
#3038=ORIENTED_EDGE('',*,*,#2221,.F.);
#3039=ORIENTED_EDGE('',*,*,#2222,.T.);
#3040=ORIENTED_EDGE('',*,*,#2212,.T.);
#3041=ORIENTED_EDGE('',*,*,#2222,.F.);
#3042=ORIENTED_EDGE('',*,*,#2223,.F.);
#3043=ORIENTED_EDGE('',*,*,#2180,.T.);
#3044=ORIENTED_EDGE('',*,*,#2224,.F.);
#3045=ORIENTED_EDGE('',*,*,#2225,.F.);
#3046=ORIENTED_EDGE('',*,*,#2226,.F.);
#3047=ORIENTED_EDGE('',*,*,#2227,.F.);
#3048=ORIENTED_EDGE('',*,*,#2201,.F.);
#3049=ORIENTED_EDGE('',*,*,#2127,.F.);
#3050=ORIENTED_EDGE('',*,*,#2121,.F.);
#3051=ORIENTED_EDGE('',*,*,#2228,.T.);
#3052=ORIENTED_EDGE('',*,*,#2229,.F.);
#3053=ORIENTED_EDGE('',*,*,#2199,.F.);
#3054=ORIENTED_EDGE('',*,*,#2135,.F.);
#3055=ORIENTED_EDGE('',*,*,#2230,.F.);
#3056=ORIENTED_EDGE('',*,*,#2231,.F.);
#3057=ORIENTED_EDGE('',*,*,#2232,.F.);
#3058=ORIENTED_EDGE('',*,*,#2208,.F.);
#3059=ORIENTED_EDGE('',*,*,#2145,.F.);
#3060=ORIENTED_EDGE('',*,*,#2142,.F.);
#3061=ORIENTED_EDGE('',*,*,#2132,.F.);
#3062=ORIENTED_EDGE('',*,*,#2233,.F.);
#3063=ORIENTED_EDGE('',*,*,#2230,.T.);
#3064=ORIENTED_EDGE('',*,*,#2141,.F.);
#3065=ORIENTED_EDGE('',*,*,#2196,.T.);
#3066=ORIENTED_EDGE('',*,*,#2154,.T.);
#3067=ORIENTED_EDGE('',*,*,#2198,.T.);
#3068=ORIENTED_EDGE('',*,*,#2234,.F.);
#3069=ORIENTED_EDGE('',*,*,#2162,.F.);
#3070=ORIENTED_EDGE('',*,*,#2224,.T.);
#3071=ORIENTED_EDGE('',*,*,#2131,.F.);
#3072=ORIENTED_EDGE('',*,*,#2165,.F.);
#3073=ORIENTED_EDGE('',*,*,#2235,.F.);
#3074=ORIENTED_EDGE('',*,*,#2126,.F.);
#3075=ORIENTED_EDGE('',*,*,#2220,.T.);
#3076=ORIENTED_EDGE('',*,*,#2236,.F.);
#3077=ORIENTED_EDGE('',*,*,#2228,.F.);
#3078=ORIENTED_EDGE('',*,*,#2194,.T.);
#3079=ORIENTED_EDGE('',*,*,#2191,.T.);
#3080=ORIENTED_EDGE('',*,*,#2177,.F.);
#3081=ORIENTED_EDGE('',*,*,#2237,.F.);
#3082=ORIENTED_EDGE('',*,*,#2229,.T.);
#3083=ORIENTED_EDGE('',*,*,#2236,.T.);
#3084=ORIENTED_EDGE('',*,*,#2219,.T.);
#3085=ORIENTED_EDGE('',*,*,#2238,.T.);
#3086=ORIENTED_EDGE('',*,*,#2182,.F.);
#3087=ORIENTED_EDGE('',*,*,#2129,.F.);
#3088=ORIENTED_EDGE('',*,*,#2200,.T.);
#3089=ORIENTED_EDGE('',*,*,#2218,.T.);
#3090=ORIENTED_EDGE('',*,*,#2216,.T.);
#3091=ORIENTED_EDGE('',*,*,#2214,.T.);
#3092=ORIENTED_EDGE('',*,*,#2183,.F.);
#3093=ORIENTED_EDGE('',*,*,#2238,.F.);
#3094=ORIENTED_EDGE('',*,*,#2239,.F.);
#3095=ORIENTED_EDGE('',*,*,#2206,.F.);
#3096=ORIENTED_EDGE('',*,*,#2240,.T.);
#3097=ORIENTED_EDGE('',*,*,#2167,.F.);
#3098=ORIENTED_EDGE('',*,*,#2234,.T.);
#3099=ORIENTED_EDGE('',*,*,#2197,.T.);
#3100=ORIENTED_EDGE('',*,*,#2139,.T.);
#3101=ORIENTED_EDGE('',*,*,#2174,.F.);
#3102=ORIENTED_EDGE('',*,*,#2163,.F.);
#3103=ORIENTED_EDGE('',*,*,#2221,.T.);
#3104=ORIENTED_EDGE('',*,*,#2124,.T.);
#3105=ORIENTED_EDGE('',*,*,#2181,.F.);
#3106=ORIENTED_EDGE('',*,*,#2223,.T.);
#3107=ORIENTED_EDGE('',*,*,#2235,.T.);
#3108=ORIENTED_EDGE('',*,*,#2173,.F.);
#3109=ORIENTED_EDGE('',*,*,#2241,.F.);
#3110=ORIENTED_EDGE('',*,*,#2225,.T.);
#3111=ORIENTED_EDGE('',*,*,#2226,.T.);
#3112=ORIENTED_EDGE('',*,*,#2241,.T.);
#3113=ORIENTED_EDGE('',*,*,#2172,.F.);
#3114=ORIENTED_EDGE('',*,*,#2242,.F.);
#3115=ORIENTED_EDGE('',*,*,#2227,.T.);
#3116=ORIENTED_EDGE('',*,*,#2242,.T.);
#3117=ORIENTED_EDGE('',*,*,#2171,.F.);
#3118=ORIENTED_EDGE('',*,*,#2243,.F.);
#3119=ORIENTED_EDGE('',*,*,#2202,.F.);
#3120=ORIENTED_EDGE('',*,*,#2203,.F.);
#3121=ORIENTED_EDGE('',*,*,#2243,.T.);
#3122=ORIENTED_EDGE('',*,*,#2170,.F.);
#3123=ORIENTED_EDGE('',*,*,#2244,.F.);
#3124=ORIENTED_EDGE('',*,*,#2244,.T.);
#3125=ORIENTED_EDGE('',*,*,#2169,.F.);
#3126=ORIENTED_EDGE('',*,*,#2245,.F.);
#3127=ORIENTED_EDGE('',*,*,#2204,.T.);
#3128=ORIENTED_EDGE('',*,*,#2205,.F.);
#3129=ORIENTED_EDGE('',*,*,#2245,.T.);
#3130=ORIENTED_EDGE('',*,*,#2168,.F.);
#3131=ORIENTED_EDGE('',*,*,#2240,.F.);
#3132=ORIENTED_EDGE('',*,*,#2207,.T.);
#3133=ORIENTED_EDGE('',*,*,#2239,.T.);
#3134=ORIENTED_EDGE('',*,*,#2166,.F.);
#3135=ORIENTED_EDGE('',*,*,#2147,.F.);
#3136=ORIENTED_EDGE('',*,*,#2231,.T.);
#3137=ORIENTED_EDGE('',*,*,#2233,.T.);
#3138=ORIENTED_EDGE('',*,*,#2195,.T.);
#3139=ORIENTED_EDGE('',*,*,#2237,.T.);
#3140=ORIENTED_EDGE('',*,*,#2176,.F.);
#3141=ORIENTED_EDGE('',*,*,#2246,.F.);
#3142=ORIENTED_EDGE('',*,*,#2232,.T.);
#3143=ORIENTED_EDGE('',*,*,#2246,.T.);
#3144=ORIENTED_EDGE('',*,*,#2175,.F.);
#3145=ORIENTED_EDGE('',*,*,#2137,.F.);
#3146=ORIENTED_EDGE('',*,*,#2209,.F.);
#3147=ORIENTED_EDGE('',*,*,#2247,.T.);
#3148=ORIENTED_EDGE('',*,*,#2248,.T.);
#3149=ORIENTED_EDGE('',*,*,#2249,.T.);
#3150=ORIENTED_EDGE('',*,*,#2250,.T.);
#3151=ORIENTED_EDGE('',*,*,#2251,.T.);
#3152=ORIENTED_EDGE('',*,*,#2252,.T.);
#3153=ORIENTED_EDGE('',*,*,#2249,.F.);
#3154=ORIENTED_EDGE('',*,*,#2251,.F.);
#3155=ORIENTED_EDGE('',*,*,#2253,.F.);
#3156=ORIENTED_EDGE('',*,*,#2254,.F.);
#3157=ORIENTED_EDGE('',*,*,#2255,.T.);
#3158=ORIENTED_EDGE('',*,*,#2248,.F.);
#3159=ORIENTED_EDGE('',*,*,#2256,.F.);
#3160=ORIENTED_EDGE('',*,*,#2257,.F.);
#3161=ORIENTED_EDGE('',*,*,#2253,.T.);
#3162=ORIENTED_EDGE('',*,*,#2247,.F.);
#3163=ORIENTED_EDGE('',*,*,#2258,.T.);
#3164=ORIENTED_EDGE('',*,*,#2259,.T.);
#3165=ORIENTED_EDGE('',*,*,#2260,.T.);
#3166=ORIENTED_EDGE('',*,*,#2261,.T.);
#3167=ORIENTED_EDGE('',*,*,#2262,.T.);
#3168=ORIENTED_EDGE('',*,*,#2263,.T.);
#3169=ORIENTED_EDGE('',*,*,#2264,.T.);
#3170=ORIENTED_EDGE('',*,*,#2265,.T.);
#3171=ORIENTED_EDGE('',*,*,#2266,.T.);
#3172=ORIENTED_EDGE('',*,*,#2267,.T.);
#3173=ORIENTED_EDGE('',*,*,#2268,.F.);
#3174=ORIENTED_EDGE('',*,*,#2269,.F.);
#3175=ORIENTED_EDGE('',*,*,#2256,.T.);
#3176=ORIENTED_EDGE('',*,*,#2270,.T.);
#3177=ORIENTED_EDGE('',*,*,#2271,.T.);
#3178=ORIENTED_EDGE('',*,*,#2272,.T.);
#3179=ORIENTED_EDGE('',*,*,#2273,.T.);
#3180=ORIENTED_EDGE('',*,*,#2274,.T.);
#3181=ORIENTED_EDGE('',*,*,#2275,.F.);
#3182=ORIENTED_EDGE('',*,*,#2276,.F.);
#3183=ORIENTED_EDGE('',*,*,#2277,.F.);
#3184=ORIENTED_EDGE('',*,*,#2278,.T.);
#3185=ORIENTED_EDGE('',*,*,#2279,.T.);
#3186=ORIENTED_EDGE('',*,*,#2280,.F.);
#3187=ORIENTED_EDGE('',*,*,#2281,.T.);
#3188=ORIENTED_EDGE('',*,*,#2282,.T.);
#3189=ORIENTED_EDGE('',*,*,#2283,.T.);
#3190=ORIENTED_EDGE('',*,*,#2284,.F.);
#3191=ORIENTED_EDGE('',*,*,#2285,.F.);
#3192=ORIENTED_EDGE('',*,*,#2286,.T.);
#3193=ORIENTED_EDGE('',*,*,#2287,.T.);
#3194=ORIENTED_EDGE('',*,*,#2288,.T.);
#3195=ORIENTED_EDGE('',*,*,#2289,.T.);
#3196=ORIENTED_EDGE('',*,*,#2290,.T.);
#3197=ORIENTED_EDGE('',*,*,#2291,.T.);
#3198=ORIENTED_EDGE('',*,*,#2292,.T.);
#3199=ORIENTED_EDGE('',*,*,#2293,.T.);
#3200=ORIENTED_EDGE('',*,*,#2254,.T.);
#3201=ORIENTED_EDGE('',*,*,#2269,.T.);
#3202=ORIENTED_EDGE('',*,*,#2294,.T.);
#3203=ORIENTED_EDGE('',*,*,#2292,.F.);
#3204=ORIENTED_EDGE('',*,*,#2257,.T.);
#3205=ORIENTED_EDGE('',*,*,#2295,.T.);
#3206=ORIENTED_EDGE('',*,*,#2296,.T.);
#3207=ORIENTED_EDGE('',*,*,#2297,.T.);
#3208=ORIENTED_EDGE('',*,*,#2295,.F.);
#3209=ORIENTED_EDGE('',*,*,#2298,.T.);
#3210=ORIENTED_EDGE('',*,*,#2285,.T.);
#3211=ORIENTED_EDGE('',*,*,#2299,.T.);
#3212=ORIENTED_EDGE('',*,*,#2298,.F.);
#3213=ORIENTED_EDGE('',*,*,#2300,.T.);
#3214=ORIENTED_EDGE('',*,*,#2301,.F.);
#3215=ORIENTED_EDGE('',*,*,#2286,.F.);
#3216=ORIENTED_EDGE('',*,*,#2297,.F.);
#3217=ORIENTED_EDGE('',*,*,#2302,.F.);
#3218=ORIENTED_EDGE('',*,*,#2303,.F.);
#3219=ORIENTED_EDGE('',*,*,#2304,.F.);
#3220=ORIENTED_EDGE('',*,*,#2305,.F.);
#3221=ORIENTED_EDGE('',*,*,#2300,.F.);
#3222=ORIENTED_EDGE('',*,*,#2296,.F.);
#3223=ORIENTED_EDGE('',*,*,#2306,.T.);
#3224=ORIENTED_EDGE('',*,*,#2307,.T.);
#3225=ORIENTED_EDGE('',*,*,#2308,.F.);
#3226=ORIENTED_EDGE('',*,*,#2276,.T.);
#3227=ORIENTED_EDGE('',*,*,#2309,.T.);
#3228=ORIENTED_EDGE('',*,*,#2310,.T.);
#3229=ORIENTED_EDGE('',*,*,#2311,.T.);
#3230=ORIENTED_EDGE('',*,*,#2312,.T.);
#3231=ORIENTED_EDGE('',*,*,#2313,.T.);
#3232=ORIENTED_EDGE('',*,*,#2310,.F.);
#3233=ORIENTED_EDGE('',*,*,#2312,.F.);
#3234=ORIENTED_EDGE('',*,*,#2314,.T.);
#3235=ORIENTED_EDGE('',*,*,#2315,.F.);
#3236=ORIENTED_EDGE('',*,*,#2316,.F.);
#3237=ORIENTED_EDGE('',*,*,#2317,.F.);
#3238=ORIENTED_EDGE('',*,*,#2318,.T.);
#3239=ORIENTED_EDGE('',*,*,#2309,.F.);
#3240=ORIENTED_EDGE('',*,*,#2275,.T.);
#3241=ORIENTED_EDGE('',*,*,#2319,.F.);
#3242=ORIENTED_EDGE('',*,*,#2314,.F.);
#3243=ORIENTED_EDGE('',*,*,#2294,.F.);
#3244=ORIENTED_EDGE('',*,*,#2268,.T.);
#3245=ORIENTED_EDGE('',*,*,#2320,.F.);
#3246=ORIENTED_EDGE('',*,*,#2321,.T.);
#3247=ORIENTED_EDGE('',*,*,#2252,.F.);
#3248=ORIENTED_EDGE('',*,*,#2322,.T.);
#3249=ORIENTED_EDGE('',*,*,#2323,.F.);
#3250=ORIENTED_EDGE('',*,*,#2324,.F.);
#3251=ORIENTED_EDGE('',*,*,#2325,.F.);
#3252=ORIENTED_EDGE('',*,*,#2326,.T.);
#3253=ORIENTED_EDGE('',*,*,#2323,.T.);
#3254=ORIENTED_EDGE('',*,*,#2327,.F.);
#3255=ORIENTED_EDGE('',*,*,#2328,.T.);
#3256=ORIENTED_EDGE('',*,*,#2261,.F.);
#3257=ORIENTED_EDGE('',*,*,#2329,.F.);
#3258=ORIENTED_EDGE('',*,*,#2255,.F.);
#3259=ORIENTED_EDGE('',*,*,#2330,.T.);
#3260=ORIENTED_EDGE('',*,*,#2331,.T.);
#3261=ORIENTED_EDGE('',*,*,#2332,.T.);
#3262=ORIENTED_EDGE('',*,*,#2333,.F.);
#3263=ORIENTED_EDGE('',*,*,#2334,.T.);
#3264=ORIENTED_EDGE('',*,*,#2327,.T.);
#3265=ORIENTED_EDGE('',*,*,#2322,.F.);
#3266=ORIENTED_EDGE('',*,*,#2335,.F.);
#3267=ORIENTED_EDGE('',*,*,#2279,.F.);
#3268=ORIENTED_EDGE('',*,*,#2336,.F.);
#3269=ORIENTED_EDGE('',*,*,#2337,.F.);
#3270=ORIENTED_EDGE('',*,*,#2338,.F.);
#3271=ORIENTED_EDGE('',*,*,#2339,.F.);
#3272=ORIENTED_EDGE('',*,*,#2340,.F.);
#3273=ORIENTED_EDGE('',*,*,#2341,.F.);
#3274=ORIENTED_EDGE('',*,*,#2342,.F.);
#3275=ORIENTED_EDGE('',*,*,#2278,.F.);
#3276=ORIENTED_EDGE('',*,*,#2342,.T.);
#3277=ORIENTED_EDGE('',*,*,#2343,.T.);
#3278=ORIENTED_EDGE('',*,*,#2344,.T.);
#3279=ORIENTED_EDGE('',*,*,#2270,.F.);
#3280=ORIENTED_EDGE('',*,*,#2311,.F.);
#3281=ORIENTED_EDGE('',*,*,#2345,.F.);
#3282=ORIENTED_EDGE('',*,*,#2339,.T.);
#3283=ORIENTED_EDGE('',*,*,#2277,.T.);
#3284=ORIENTED_EDGE('',*,*,#2341,.T.);
#3285=ORIENTED_EDGE('',*,*,#2346,.T.);
#3286=ORIENTED_EDGE('',*,*,#2318,.F.);
#3287=ORIENTED_EDGE('',*,*,#2347,.F.);
#3288=ORIENTED_EDGE('',*,*,#2348,.F.);
#3289=ORIENTED_EDGE('',*,*,#2343,.F.);
#3290=ORIENTED_EDGE('',*,*,#2337,.T.);
#3291=ORIENTED_EDGE('',*,*,#2349,.F.);
#3292=ORIENTED_EDGE('',*,*,#2350,.T.);
#3293=ORIENTED_EDGE('',*,*,#2351,.T.);
#3294=ORIENTED_EDGE('',*,*,#2313,.F.);
#3295=ORIENTED_EDGE('',*,*,#2346,.F.);
#3296=ORIENTED_EDGE('',*,*,#2340,.T.);
#3297=ORIENTED_EDGE('',*,*,#2345,.T.);
#3298=ORIENTED_EDGE('',*,*,#2338,.T.);
#3299=ORIENTED_EDGE('',*,*,#2351,.F.);
#3300=ORIENTED_EDGE('',*,*,#2352,.T.);
#3301=ORIENTED_EDGE('',*,*,#2353,.T.);
#3302=ORIENTED_EDGE('',*,*,#2354,.F.);
#3303=ORIENTED_EDGE('',*,*,#2307,.F.);
#3304=ORIENTED_EDGE('',*,*,#2355,.F.);
#3305=ORIENTED_EDGE('',*,*,#2283,.F.);
#3306=ORIENTED_EDGE('',*,*,#2356,.F.);
#3307=ORIENTED_EDGE('',*,*,#2350,.F.);
#3308=ORIENTED_EDGE('',*,*,#2357,.F.);
#3309=ORIENTED_EDGE('',*,*,#2281,.F.);
#3310=ORIENTED_EDGE('',*,*,#2358,.F.);
#3311=ORIENTED_EDGE('',*,*,#2352,.F.);
#3312=ORIENTED_EDGE('',*,*,#2356,.T.);
#3313=ORIENTED_EDGE('',*,*,#2291,.F.);
#3314=ORIENTED_EDGE('',*,*,#2359,.F.);
#3315=ORIENTED_EDGE('',*,*,#2360,.T.);
#3316=ORIENTED_EDGE('',*,*,#2336,.T.);
#3317=ORIENTED_EDGE('',*,*,#2282,.F.);
#3318=ORIENTED_EDGE('',*,*,#2357,.T.);
#3319=ORIENTED_EDGE('',*,*,#2349,.T.);
#3320=ORIENTED_EDGE('',*,*,#2354,.T.);
#3321=ORIENTED_EDGE('',*,*,#2360,.F.);
#3322=ORIENTED_EDGE('',*,*,#2361,.F.);
#3323=ORIENTED_EDGE('',*,*,#2362,.F.);
#3324=ORIENTED_EDGE('',*,*,#2302,.T.);
#3325=ORIENTED_EDGE('',*,*,#2308,.T.);
#3326=ORIENTED_EDGE('',*,*,#2299,.F.);
#3327=ORIENTED_EDGE('',*,*,#2284,.T.);
#3328=ORIENTED_EDGE('',*,*,#2355,.T.);
#3329=ORIENTED_EDGE('',*,*,#2306,.F.);
#3330=ORIENTED_EDGE('',*,*,#2335,.T.);
#3331=ORIENTED_EDGE('',*,*,#2353,.F.);
#3332=ORIENTED_EDGE('',*,*,#2358,.T.);
#3333=ORIENTED_EDGE('',*,*,#2280,.T.);
#3334=ORIENTED_EDGE('',*,*,#2325,.T.);
#3335=ORIENTED_EDGE('',*,*,#2363,.T.);
#3336=ORIENTED_EDGE('',*,*,#2259,.F.);
#3337=ORIENTED_EDGE('',*,*,#2364,.T.);
#3338=ORIENTED_EDGE('',*,*,#2365,.T.);
#3339=ORIENTED_EDGE('',*,*,#2263,.F.);
#3340=ORIENTED_EDGE('',*,*,#2366,.F.);
#3341=ORIENTED_EDGE('',*,*,#2333,.T.);
#3342=ORIENTED_EDGE('',*,*,#2320,.T.);
#3343=ORIENTED_EDGE('',*,*,#2267,.F.);
#3344=ORIENTED_EDGE('',*,*,#2367,.F.);
#3345=ORIENTED_EDGE('',*,*,#2368,.T.);
#3346=ORIENTED_EDGE('',*,*,#2293,.F.);
#3347=ORIENTED_EDGE('',*,*,#2321,.F.);
#3348=ORIENTED_EDGE('',*,*,#2368,.F.);
#3349=ORIENTED_EDGE('',*,*,#2369,.F.);
#3350=ORIENTED_EDGE('',*,*,#2370,.F.);
#3351=ORIENTED_EDGE('',*,*,#2330,.F.);
#3352=ORIENTED_EDGE('',*,*,#2303,.T.);
#3353=ORIENTED_EDGE('',*,*,#2362,.T.);
#3354=ORIENTED_EDGE('',*,*,#2371,.T.);
#3355=ORIENTED_EDGE('',*,*,#2289,.F.);
#3356=ORIENTED_EDGE('',*,*,#2372,.F.);
#3357=ORIENTED_EDGE('',*,*,#2304,.T.);
#3358=ORIENTED_EDGE('',*,*,#2372,.T.);
#3359=ORIENTED_EDGE('',*,*,#2288,.F.);
#3360=ORIENTED_EDGE('',*,*,#2373,.F.);
#3361=ORIENTED_EDGE('',*,*,#2374,.T.);
#3362=ORIENTED_EDGE('',*,*,#2264,.F.);
#3363=ORIENTED_EDGE('',*,*,#2365,.F.);
#3364=ORIENTED_EDGE('',*,*,#2332,.F.);
#3365=ORIENTED_EDGE('',*,*,#2305,.T.);
#3366=ORIENTED_EDGE('',*,*,#2373,.T.);
#3367=ORIENTED_EDGE('',*,*,#2287,.F.);
#3368=ORIENTED_EDGE('',*,*,#2301,.T.);
#3369=ORIENTED_EDGE('',*,*,#2370,.T.);
#3370=ORIENTED_EDGE('',*,*,#2375,.T.);
#3371=ORIENTED_EDGE('',*,*,#2265,.F.);
#3372=ORIENTED_EDGE('',*,*,#2374,.F.);
#3373=ORIENTED_EDGE('',*,*,#2331,.F.);
#3374=ORIENTED_EDGE('',*,*,#2369,.T.);
#3375=ORIENTED_EDGE('',*,*,#2367,.T.);
#3376=ORIENTED_EDGE('',*,*,#2266,.F.);
#3377=ORIENTED_EDGE('',*,*,#2375,.F.);
#3378=ORIENTED_EDGE('',*,*,#2250,.F.);
#3379=ORIENTED_EDGE('',*,*,#2326,.F.);
#3380=ORIENTED_EDGE('',*,*,#2364,.F.);
#3381=ORIENTED_EDGE('',*,*,#2258,.F.);
#3382=ORIENTED_EDGE('',*,*,#2366,.T.);
#3383=ORIENTED_EDGE('',*,*,#2262,.F.);
#3384=ORIENTED_EDGE('',*,*,#2328,.F.);
#3385=ORIENTED_EDGE('',*,*,#2334,.F.);
#3386=ORIENTED_EDGE('',*,*,#2361,.T.);
#3387=ORIENTED_EDGE('',*,*,#2359,.T.);
#3388=ORIENTED_EDGE('',*,*,#2290,.F.);
#3389=ORIENTED_EDGE('',*,*,#2371,.F.);
#3390=ORIENTED_EDGE('',*,*,#2316,.T.);
#3391=ORIENTED_EDGE('',*,*,#2376,.T.);
#3392=ORIENTED_EDGE('',*,*,#2273,.F.);
#3393=ORIENTED_EDGE('',*,*,#2377,.F.);
#3394=ORIENTED_EDGE('',*,*,#2317,.T.);
#3395=ORIENTED_EDGE('',*,*,#2377,.T.);
#3396=ORIENTED_EDGE('',*,*,#2272,.F.);
#3397=ORIENTED_EDGE('',*,*,#2378,.F.);
#3398=ORIENTED_EDGE('',*,*,#2347,.T.);
#3399=ORIENTED_EDGE('',*,*,#2348,.T.);
#3400=ORIENTED_EDGE('',*,*,#2378,.T.);
#3401=ORIENTED_EDGE('',*,*,#2271,.F.);
#3402=ORIENTED_EDGE('',*,*,#2344,.F.);
#3403=ORIENTED_EDGE('',*,*,#2319,.T.);
#3404=ORIENTED_EDGE('',*,*,#2274,.F.);
#3405=ORIENTED_EDGE('',*,*,#2376,.F.);
#3406=ORIENTED_EDGE('',*,*,#2315,.T.);
#3407=ORIENTED_EDGE('',*,*,#2324,.T.);
#3408=ORIENTED_EDGE('',*,*,#2329,.T.);
#3409=ORIENTED_EDGE('',*,*,#2260,.F.);
#3410=ORIENTED_EDGE('',*,*,#2363,.F.);
#3411=B_SPLINE_SURFACE_WITH_KNOTS('',3,3,((#4933,#4934,#4935,#4936,#4937,
#4938,#4939,#4940,#4941,#4942,#4943,#4944),(#4945,#4946,#4947,#4948,#4949,
#4950,#4951,#4952,#4953,#4954,#4955,#4956),(#4957,#4958,#4959,#4960,#4961,
#4962,#4963,#4964,#4965,#4966,#4967,#4968),(#4969,#4970,#4971,#4972,#4973,
#4974,#4975,#4976,#4977,#4978,#4979,#4980),(#4981,#4982,#4983,#4984,#4985,
#4986,#4987,#4988,#4989,#4990,#4991,#4992),(#4993,#4994,#4995,#4996,#4997,
#4998,#4999,#5000,#5001,#5002,#5003,#5004),(#5005,#5006,#5007,#5008,#5009,
#5010,#5011,#5012,#5013,#5014,#5015,#5016)),.UNSPECIFIED.,.F.,.F.,.F.,(4,
1,1,1,4),(4,2,1,1,1,1,1,1,4),(0.,0.285714285714286,0.571428571428571,0.714285714285714,
1.),(-0.00110653215289381,0.,0.132405356521818,0.264810713043636,0.397216069565453,
0.463418747826362,0.529621426087271,0.59582410434818,0.662026782609089),
 .UNSPECIFIED.);
#3412=B_SPLINE_SURFACE_WITH_KNOTS('',3,3,((#5145,#5146,#5147,#5148,#5149,
#5150,#5151,#5152,#5153,#5154,#5155,#5156,#5157),(#5158,#5159,#5160,#5161,
#5162,#5163,#5164,#5165,#5166,#5167,#5168,#5169,#5170),(#5171,#5172,#5173,
#5174,#5175,#5176,#5177,#5178,#5179,#5180,#5181,#5182,#5183),(#5184,#5185,
#5186,#5187,#5188,#5189,#5190,#5191,#5192,#5193,#5194,#5195,#5196),(#5197,
#5198,#5199,#5200,#5201,#5202,#5203,#5204,#5205,#5206,#5207,#5208,#5209),
(#5210,#5211,#5212,#5213,#5214,#5215,#5216,#5217,#5218,#5219,#5220,#5221,
#5222),(#5223,#5224,#5225,#5226,#5227,#5228,#5229,#5230,#5231,#5232,#5233,
#5234,#5235)),.UNSPECIFIED.,.F.,.F.,.F.,(4,1,1,1,4),(4,1,1,1,1,1,1,1,2,
4),(0.,0.285714285714286,0.571428571428571,0.785714285714286,1.),(0.,0.0662026809718946,
0.132405361943789,0.198608042915684,0.264810723887579,0.331013404859473,
0.397216085831368,0.529621447775157,0.662026809718946,0.663133319742747),
 .UNSPECIFIED.);
#3413=B_SPLINE_SURFACE_WITH_KNOTS('',3,3,((#5265,#5266,#5267,#5268,#5269,
#5270,#5271,#5272,#5273,#5274,#5275,#5276,#5277,#5278),(#5279,#5280,#5281,
#5282,#5283,#5284,#5285,#5286,#5287,#5288,#5289,#5290,#5291,#5292),(#5293,
#5294,#5295,#5296,#5297,#5298,#5299,#5300,#5301,#5302,#5303,#5304,#5305,
#5306),(#5307,#5308,#5309,#5310,#5311,#5312,#5313,#5314,#5315,#5316,#5317,
#5318,#5319,#5320),(#5321,#5322,#5323,#5324,#5325,#5326,#5327,#5328,#5329,
#5330,#5331,#5332,#5333,#5334),(#5335,#5336,#5337,#5338,#5339,#5340,#5341,
#5342,#5343,#5344,#5345,#5346,#5347,#5348),(#5349,#5350,#5351,#5352,#5353,
#5354,#5355,#5356,#5357,#5358,#5359,#5360,#5361,#5362)),.UNSPECIFIED.,.F.,
 .F.,.F.,(4,1,1,1,4),(4,1,1,1,1,1,1,1,1,2,4),(0.,0.285714285714286,0.571428571428571,
0.785714285714286,1.),(0.,0.0662044838259267,0.132408967651853,0.19861345147778,
0.264817935303707,0.39722690295556,0.463431386781487,0.529635870607413,
0.59584035443334,0.662044838259267,0.663136627229666),.UNSPECIFIED.);
#3414=B_SPLINE_SURFACE_WITH_KNOTS('',3,3,((#5404,#5405,#5406,#5407,#5408,
#5409,#5410,#5411,#5412,#5413,#5414,#5415,#5416,#5417,#5418),(#5419,#5420,
#5421,#5422,#5423,#5424,#5425,#5426,#5427,#5428,#5429,#5430,#5431,#5432,
#5433),(#5434,#5435,#5436,#5437,#5438,#5439,#5440,#5441,#5442,#5443,#5444,
#5445,#5446,#5447,#5448),(#5449,#5450,#5451,#5452,#5453,#5454,#5455,#5456,
#5457,#5458,#5459,#5460,#5461,#5462,#5463),(#5464,#5465,#5466,#5467,#5468,
#5469,#5470,#5471,#5472,#5473,#5474,#5475,#5476,#5477,#5478),(#5479,#5480,
#5481,#5482,#5483,#5484,#5485,#5486,#5487,#5488,#5489,#5490,#5491,#5492,
#5493),(#5494,#5495,#5496,#5497,#5498,#5499,#5500,#5501,#5502,#5503,#5504,
#5505,#5506,#5507,#5508)),.UNSPECIFIED.,.F.,.F.,.F.,(4,1,1,1,4),(4,2,1,
1,1,1,1,1,1,1,1,4),(0.,0.285714285714286,0.571428571428571,0.714285714285714,
1.),(-0.00109178911537337,0.,0.0662044838115603,0.132408967623121,0.198613451434681,
0.264817935246241,0.331022419057801,0.397226902869362,0.463431386680922,
0.529635870492482,0.595840354304042,0.662044838115603),.UNSPECIFIED.);
#3415=B_SPLINE_SURFACE_WITH_KNOTS('',3,3,((#6190,#6191,#6192,#6193,#6194,
#6195,#6196,#6197,#6198,#6199,#6200,#6201,#6202),(#6203,#6204,#6205,#6206,
#6207,#6208,#6209,#6210,#6211,#6212,#6213,#6214,#6215),(#6216,#6217,#6218,
#6219,#6220,#6221,#6222,#6223,#6224,#6225,#6226,#6227,#6228),(#6229,#6230,
#6231,#6232,#6233,#6234,#6235,#6236,#6237,#6238,#6239,#6240,#6241),(#6242,
#6243,#6244,#6245,#6246,#6247,#6248,#6249,#6250,#6251,#6252,#6253,#6254),
(#6255,#6256,#6257,#6258,#6259,#6260,#6261,#6262,#6263,#6264,#6265,#6266,
#6267),(#6268,#6269,#6270,#6271,#6272,#6273,#6274,#6275,#6276,#6277,#6278,
#6279,#6280)),.UNSPECIFIED.,.F.,.F.,.F.,(4,1,1,1,4),(4,1,1,1,1,1,1,1,2,
4),(0.,0.285714285714286,0.571428571428571,0.714285714285714,1.),(0.,0.066202678907096,
0.132405357814192,0.198608036721288,0.264810715628384,0.33101339453548,
0.397216073442576,0.529621431256768,0.66202678907096,0.663133315949719),
 .UNSPECIFIED.);
#3416=B_SPLINE_SURFACE_WITH_KNOTS('',3,3,((#6397,#6398,#6399,#6400,#6401,
#6402,#6403,#6404,#6405,#6406,#6407,#6408),(#6409,#6410,#6411,#6412,#6413,
#6414,#6415,#6416,#6417,#6418,#6419,#6420),(#6421,#6422,#6423,#6424,#6425,
#6426,#6427,#6428,#6429,#6430,#6431,#6432),(#6433,#6434,#6435,#6436,#6437,
#6438,#6439,#6440,#6441,#6442,#6443,#6444),(#6445,#6446,#6447,#6448,#6449,
#6450,#6451,#6452,#6453,#6454,#6455,#6456),(#6457,#6458,#6459,#6460,#6461,
#6462,#6463,#6464,#6465,#6466,#6467,#6468),(#6469,#6470,#6471,#6472,#6473,
#6474,#6475,#6476,#6477,#6478,#6479,#6480)),.UNSPECIFIED.,.F.,.F.,.F.,(4,
1,1,1,4),(4,2,1,1,1,1,1,1,4),(0.,0.285714285714286,0.571428571428571,0.714285714285714,
1.),(-0.00110651002477993,0.,0.132405361943682,0.264810723887364,0.397216085831046,
0.463418766802887,0.529621447774727,0.595824128746568,0.662026809718409),
 .UNSPECIFIED.);
#3417=B_SPLINE_SURFACE_WITH_KNOTS('',3,3,((#6497,#6498,#6499,#6500,#6501,
#6502,#6503,#6504,#6505,#6506,#6507,#6508,#6509,#6510,#6511),(#6512,#6513,
#6514,#6515,#6516,#6517,#6518,#6519,#6520,#6521,#6522,#6523,#6524,#6525,
#6526),(#6527,#6528,#6529,#6530,#6531,#6532,#6533,#6534,#6535,#6536,#6537,
#6538,#6539,#6540,#6541),(#6542,#6543,#6544,#6545,#6546,#6547,#6548,#6549,
#6550,#6551,#6552,#6553,#6554,#6555,#6556),(#6557,#6558,#6559,#6560,#6561,
#6562,#6563,#6564,#6565,#6566,#6567,#6568,#6569,#6570,#6571),(#6572,#6573,
#6574,#6575,#6576,#6577,#6578,#6579,#6580,#6581,#6582,#6583,#6584,#6585,
#6586),(#6587,#6588,#6589,#6590,#6591,#6592,#6593,#6594,#6595,#6596,#6597,
#6598,#6599,#6600,#6601)),.UNSPECIFIED.,.F.,.F.,.F.,(4,1,1,1,4),(4,2,1,
1,1,1,1,1,1,1,1,4),(0.,0.285714285714286,0.571428571428571,0.714285714285714,
1.),(-0.00109178897187195,0.,0.0662044838258059,0.132408967651612,0.198613451477418,
0.264817935303223,0.331022419129029,0.397226902954835,0.463431386780641,
0.529635870606447,0.595840354432253,0.662044838258059),.UNSPECIFIED.);
#3418=B_SPLINE_SURFACE_WITH_KNOTS('',3,3,((#6663,#6664,#6665,#6666,#6667,
#6668,#6669,#6670,#6671,#6672,#6673,#6674,#6675),(#6676,#6677,#6678,#6679,
#6680,#6681,#6682,#6683,#6684,#6685,#6686,#6687,#6688),(#6689,#6690,#6691,
#6692,#6693,#6694,#6695,#6696,#6697,#6698,#6699,#6700,#6701),(#6702,#6703,
#6704,#6705,#6706,#6707,#6708,#6709,#6710,#6711,#6712,#6713,#6714),(#6715,
#6716,#6717,#6718,#6719,#6720,#6721,#6722,#6723,#6724,#6725,#6726,#6727),
(#6728,#6729,#6730,#6731,#6732,#6733,#6734,#6735,#6736,#6737,#6738,#6739,
#6740),(#6741,#6742,#6743,#6744,#6745,#6746,#6747,#6748,#6749,#6750,#6751,
#6752,#6753)),.UNSPECIFIED.,.F.,.F.,.F.,(4,1,1,1,4),(4,1,1,1,1,1,1,1,2,
4),(0.,0.285714285714286,0.571428571428571,0.714285714285714,1.),(0.,0.0662044838114393,
0.132408967622879,0.198613451434318,0.264817935245757,0.331022419057196,
0.397226902868636,0.529635870491514,0.662044838114393,0.663136627231239),
 .UNSPECIFIED.);
#3419=ADVANCED_FACE('',(#1059),#3411,.F.);
#3420=ADVANCED_FACE('',(#1060),#1027,.T.);
#3421=ADVANCED_FACE('',(#1061,#43),#51,.T.);
#3422=ADVANCED_FACE('',(#1062),#52,.T.);
#3423=ADVANCED_FACE('',(#1063),#1028,.T.);
#3424=ADVANCED_FACE('',(#1064),#1029,.T.);
#3425=ADVANCED_FACE('',(#1065),#3412,.F.);
#3426=ADVANCED_FACE('',(#1066),#1030,.T.);
#3427=ADVANCED_FACE('',(#1067),#1031,.F.);
#3428=ADVANCED_FACE('',(#1068),#3413,.T.);
#3429=ADVANCED_FACE('',(#1069),#1032,.F.);
#3430=ADVANCED_FACE('',(#1070),#53,.T.);
#3431=ADVANCED_FACE('',(#1071),#3414,.T.);
#3432=ADVANCED_FACE('',(#1072),#1033,.F.);
#3433=ADVANCED_FACE('',(#1073),#54,.T.);
#3434=ADVANCED_FACE('',(#1074),#1034,.F.);
#3435=ADVANCED_FACE('',(#1075),#1035,.F.);
#3436=ADVANCED_FACE('',(#1076),#1036,.T.);
#3437=ADVANCED_FACE('',(#1077),#55,.T.);
#3438=ADVANCED_FACE('',(#1078),#56,.T.);
#3439=ADVANCED_FACE('',(#1079),#57,.T.);
#3440=ADVANCED_FACE('',(#1080),#58,.T.);
#3441=ADVANCED_FACE('',(#1081),#59,.T.);
#3442=ADVANCED_FACE('',(#1082),#60,.T.);
#3443=ADVANCED_FACE('',(#1083),#61,.T.);
#3444=ADVANCED_FACE('',(#1084),#62,.T.);
#3445=ADVANCED_FACE('',(#1085),#63,.T.);
#3446=ADVANCED_FACE('',(#1086),#64,.T.);
#3447=ADVANCED_FACE('',(#1087),#65,.T.);
#3448=ADVANCED_FACE('',(#1088),#1037,.F.);
#3449=ADVANCED_FACE('',(#1089),#66,.T.);
#3450=ADVANCED_FACE('',(#1090),#67,.T.);
#3451=ADVANCED_FACE('',(#1091),#68,.T.);
#3452=ADVANCED_FACE('',(#1092),#69,.T.);
#3453=ADVANCED_FACE('',(#1093),#70,.T.);
#3454=ADVANCED_FACE('',(#1094),#71,.T.);
#3455=ADVANCED_FACE('',(#1095),#1038,.F.);
#3456=ADVANCED_FACE('',(#1096),#72,.F.);
#3457=ADVANCED_FACE('',(#1097),#73,.T.);
#3458=ADVANCED_FACE('',(#1098),#74,.T.);
#3459=ADVANCED_FACE('',(#1099),#75,.T.);
#3460=ADVANCED_FACE('',(#1100),#76,.T.);
#3461=ADVANCED_FACE('',(#1101),#77,.T.);
#3462=ADVANCED_FACE('',(#1102),#78,.T.);
#3463=ADVANCED_FACE('',(#1103),#79,.T.);
#3464=ADVANCED_FACE('',(#1104),#80,.T.);
#3465=ADVANCED_FACE('',(#1105),#81,.T.);
#3466=ADVANCED_FACE('',(#1106),#82,.T.);
#3467=ADVANCED_FACE('',(#1107),#83,.T.);
#3468=ADVANCED_FACE('',(#1108),#84,.T.);
#3469=ADVANCED_FACE('',(#1109),#85,.T.);
#3470=ADVANCED_FACE('',(#1110),#86,.T.);
#3471=ADVANCED_FACE('',(#1111),#87,.T.);
#3472=ADVANCED_FACE('',(#1112),#88,.T.);
#3473=ADVANCED_FACE('',(#1113),#89,.F.);
#3474=ADVANCED_FACE('',(#1114),#90,.T.);
#3475=ADVANCED_FACE('',(#1115),#91,.T.);
#3476=ADVANCED_FACE('',(#1116),#92,.T.);
#3477=ADVANCED_FACE('',(#1117),#93,.T.);
#3478=ADVANCED_FACE('',(#1118),#94,.T.);
#3479=ADVANCED_FACE('',(#1119),#95,.T.);
#3480=ADVANCED_FACE('',(#1120),#96,.T.);
#3481=ADVANCED_FACE('',(#1121),#1039,.T.);
#3482=ADVANCED_FACE('',(#1122,#44),#97,.T.);
#3483=ADVANCED_FACE('',(#1123),#98,.T.);
#3484=ADVANCED_FACE('',(#1124),#99,.T.);
#3485=ADVANCED_FACE('',(#1125),#1040,.F.);
#3486=ADVANCED_FACE('',(#1126),#1041,.F.);
#3487=ADVANCED_FACE('',(#1127),#100,.T.);
#3488=ADVANCED_FACE('',(#1128),#101,.T.);
#3489=ADVANCED_FACE('',(#1129),#102,.T.);
#3490=ADVANCED_FACE('',(#1130),#1042,.F.);
#3491=ADVANCED_FACE('',(#1131),#103,.T.);
#3492=ADVANCED_FACE('',(#1132),#104,.F.);
#3493=ADVANCED_FACE('',(#1133),#105,.T.);
#3494=ADVANCED_FACE('',(#1134),#106,.T.);
#3495=ADVANCED_FACE('',(#1135),#107,.T.);
#3496=ADVANCED_FACE('',(#1136),#108,.T.);
#3497=ADVANCED_FACE('',(#1137),#109,.T.);
#3498=ADVANCED_FACE('',(#1138),#110,.T.);
#3499=ADVANCED_FACE('',(#1139),#111,.T.);
#3500=ADVANCED_FACE('',(#1140),#112,.T.);
#3501=ADVANCED_FACE('',(#1141),#113,.T.);
#3502=ADVANCED_FACE('',(#1142),#114,.T.);
#3503=ADVANCED_FACE('',(#1143),#115,.T.);
#3504=ADVANCED_FACE('',(#1144),#116,.T.);
#3505=ADVANCED_FACE('',(#1145),#117,.T.);
#3506=ADVANCED_FACE('',(#1146),#118,.T.);
#3507=ADVANCED_FACE('',(#1147),#119,.T.);
#3508=ADVANCED_FACE('',(#1148),#120,.T.);
#3509=ADVANCED_FACE('',(#1149),#121,.T.);
#3510=ADVANCED_FACE('',(#1150),#122,.T.);
#3511=ADVANCED_FACE('',(#1151),#123,.T.);
#3512=ADVANCED_FACE('',(#1152),#124,.T.);
#3513=ADVANCED_FACE('',(#1153),#125,.T.);
#3514=ADVANCED_FACE('',(#1154),#126,.T.);
#3515=ADVANCED_FACE('',(#1155),#127,.T.);
#3516=ADVANCED_FACE('',(#1156),#128,.T.);
#3517=ADVANCED_FACE('',(#1157),#129,.T.);
#3518=ADVANCED_FACE('',(#1158),#130,.T.);
#3519=ADVANCED_FACE('',(#1159),#131,.T.);
#3520=ADVANCED_FACE('',(#1160),#132,.T.);
#3521=ADVANCED_FACE('',(#1161,#45,#46,#47),#133,.T.);
#3522=ADVANCED_FACE('',(#1162),#134,.T.);
#3523=ADVANCED_FACE('',(#1163),#135,.T.);
#3524=ADVANCED_FACE('',(#1164),#136,.T.);
#3525=ADVANCED_FACE('',(#1165),#1043,.F.);
#3526=ADVANCED_FACE('',(#1166),#1044,.F.);
#3527=ADVANCED_FACE('',(#1167),#137,.F.);
#3528=ADVANCED_FACE('',(#1168),#138,.T.);
#3529=ADVANCED_FACE('',(#1169),#139,.T.);
#3530=ADVANCED_FACE('',(#1170),#140,.T.);
#3531=ADVANCED_FACE('',(#1171),#141,.T.);
#3532=ADVANCED_FACE('',(#1172),#1045,.F.);
#3533=ADVANCED_FACE('',(#1173),#142,.T.);
#3534=ADVANCED_FACE('',(#1174),#1046,.T.);
#3535=ADVANCED_FACE('',(#1175),#143,.T.);
#3536=ADVANCED_FACE('',(#1176),#144,.T.);
#3537=ADVANCED_FACE('',(#1177),#145,.T.);
#3538=ADVANCED_FACE('',(#1178),#146,.F.);
#3539=ADVANCED_FACE('',(#1179),#147,.T.);
#3540=ADVANCED_FACE('',(#1180),#148,.T.);
#3541=ADVANCED_FACE('',(#1181),#149,.T.);
#3542=ADVANCED_FACE('',(#1182),#150,.T.);
#3543=ADVANCED_FACE('',(#1183),#151,.T.);
#3544=ADVANCED_FACE('',(#1184),#152,.T.);
#3545=ADVANCED_FACE('',(#1185),#153,.T.);
#3546=ADVANCED_FACE('',(#1186),#154,.T.);
#3547=ADVANCED_FACE('',(#1187),#155,.T.);
#3548=ADVANCED_FACE('',(#1188),#156,.T.);
#3549=ADVANCED_FACE('',(#1189),#157,.T.);
#3550=ADVANCED_FACE('',(#1190),#158,.T.);
#3551=ADVANCED_FACE('',(#1191),#159,.T.);
#3552=ADVANCED_FACE('',(#1192),#160,.T.);
#3553=ADVANCED_FACE('',(#1193),#161,.T.);
#3554=ADVANCED_FACE('',(#1194),#1047,.T.);
#3555=ADVANCED_FACE('',(#1195),#3415,.F.);
#3556=ADVANCED_FACE('',(#1196),#1048,.T.);
#3557=ADVANCED_FACE('',(#1197),#162,.T.);
#3558=ADVANCED_FACE('',(#1198,#48,#49,#50),#163,.T.);
#3559=ADVANCED_FACE('',(#1199),#3416,.F.);
#3560=ADVANCED_FACE('',(#1200),#1049,.T.);
#3561=ADVANCED_FACE('',(#1201),#3417,.T.);
#3562=ADVANCED_FACE('',(#1202),#1050,.F.);
#3563=ADVANCED_FACE('',(#1203),#164,.T.);
#3564=ADVANCED_FACE('',(#1204),#1051,.F.);
#3565=ADVANCED_FACE('',(#1205),#1052,.F.);
#3566=ADVANCED_FACE('',(#1206),#1053,.F.);
#3567=ADVANCED_FACE('',(#1207),#3418,.T.);
#3568=ADVANCED_FACE('',(#1208),#1054,.F.);
#3569=ADVANCED_FACE('',(#1209),#165,.T.);
#3570=ADVANCED_FACE('',(#1210),#166,.T.);
#3571=ADVANCED_FACE('',(#1211),#1055,.T.);
#3572=ADVANCED_FACE('',(#1212),#167,.T.);
#3573=ADVANCED_FACE('',(#1213),#168,.F.);
#3574=ADVANCED_FACE('',(#1214),#169,.T.);
#3575=ADVANCED_FACE('',(#1215),#170,.T.);
#3576=ADVANCED_FACE('',(#1216),#171,.T.);
#3577=ADVANCED_FACE('',(#1217),#172,.T.);
#3578=ADVANCED_FACE('',(#1218),#173,.T.);
#3579=ADVANCED_FACE('',(#1219),#174,.T.);
#3580=ADVANCED_FACE('',(#1220),#1056,.F.);
#3581=ADVANCED_FACE('',(#1221),#1057,.F.);
#3582=ADVANCED_FACE('',(#1222),#175,.T.);
#3583=ADVANCED_FACE('',(#1223),#176,.T.);
#3584=ADVANCED_FACE('',(#1224),#177,.T.);
#3585=ADVANCED_FACE('',(#1225),#178,.T.);
#3586=ADVANCED_FACE('',(#1226),#179,.T.);
#3587=ADVANCED_FACE('',(#1227),#180,.T.);
#3588=ADVANCED_FACE('',(#1228),#181,.T.);
#3589=ADVANCED_FACE('',(#1229),#182,.T.);
#3590=ADVANCED_FACE('',(#1230),#183,.T.);
#3591=ADVANCED_FACE('',(#1231),#184,.T.);
#3592=ADVANCED_FACE('',(#1232),#1058,.T.);
#3593=ADVANCED_FACE('',(#1233),#185,.T.);
#3594=ADVANCED_FACE('',(#1234),#186,.T.);
#3595=ADVANCED_FACE('',(#1235),#187,.T.);
#3596=ADVANCED_FACE('',(#1236),#188,.T.);
#3597=ADVANCED_FACE('',(#1237),#189,.T.);
#3598=ADVANCED_FACE('',(#1238),#190,.T.);
#3599=ADVANCED_FACE('',(#1239),#191,.T.);
#3600=ADVANCED_FACE('',(#1240),#192,.T.);
#3601=ADVANCED_FACE('',(#1241),#193,.T.);
#3602=ADVANCED_FACE('',(#1242),#194,.T.);
#3603=ADVANCED_FACE('',(#1243),#195,.T.);
#3604=ADVANCED_FACE('',(#1244),#196,.T.);
#3605=ADVANCED_FACE('',(#1245),#197,.T.);
#3606=ADVANCED_FACE('',(#1246),#198,.T.);
#3607=CLOSED_SHELL('',(#3419,#3420,#3421,#3422,#3423,#3424,#3425,#3426,
#3427,#3428,#3429,#3430,#3431,#3432,#3433,#3434,#3435,#3436,#3437,#3438,
#3439,#3440,#3441,#3442,#3443,#3444,#3445,#3446,#3447,#3448,#3449,#3450,
#3451,#3452,#3453,#3454,#3455,#3456,#3457,#3458,#3459,#3460,#3461,#3462,
#3463,#3464,#3465,#3466,#3467,#3468,#3469));
#3608=CLOSED_SHELL('',(#3470,#3471,#3472,#3473,#3474,#3475,#3476,#3477,
#3478,#3479,#3480,#3481,#3482,#3483,#3484,#3485,#3486,#3487,#3488,#3489,
#3490,#3491,#3492,#3493,#3494,#3495,#3496,#3497,#3498,#3499,#3500,#3501,
#3502,#3503,#3504,#3505,#3506,#3507,#3508,#3509,#3510));
#3609=CLOSED_SHELL('',(#3511,#3512,#3513,#3514,#3515,#3516,#3517,#3518,
#3519,#3520,#3521,#3522,#3523,#3524,#3525,#3526,#3527,#3528,#3529,#3530,
#3531,#3532,#3533,#3534,#3535,#3536,#3537,#3538,#3539,#3540,#3541,#3542,
#3543,#3544,#3545,#3546,#3547,#3548,#3549,#3550,#3551,#3552,#3553));
#3610=CLOSED_SHELL('',(#3554,#3555,#3556,#3557,#3558,#3559,#3560,#3561,
#3562,#3563,#3564,#3565,#3566,#3567,#3568,#3569,#3570,#3571,#3572,#3573,
#3574,#3575,#3576,#3577,#3578,#3579,#3580,#3581,#3582,#3583,#3584,#3585,
#3586,#3587,#3588,#3589,#3590,#3591,#3592,#3593,#3594,#3595,#3596,#3597,
#3598,#3599,#3600,#3601,#3602,#3603,#3604,#3605,#3606));
#3611=DERIVED_UNIT_ELEMENT(#3619,1.);
#3612=DERIVED_UNIT_ELEMENT(#6932,-3.);
#3613=DERIVED_UNIT_ELEMENT(#3619,1.);
#3614=DERIVED_UNIT_ELEMENT(#6932,-3.);
#3615=DERIVED_UNIT_ELEMENT(#3619,1.);
#3616=DERIVED_UNIT_ELEMENT(#6932,-3.);
#3617=DERIVED_UNIT_ELEMENT(#3619,1.);
#3618=DERIVED_UNIT_ELEMENT(#6932,-3.);
#3619=(
MASS_UNIT()
NAMED_UNIT(*)
SI_UNIT(.KILO.,.GRAM.)
);
#3620=DERIVED_UNIT((#3611,#3612));
#3621=DERIVED_UNIT((#3613,#3614));
#3622=DERIVED_UNIT((#3615,#3616));
#3623=DERIVED_UNIT((#3617,#3618));
#3624=MEASURE_REPRESENTATION_ITEM('density measure',
POSITIVE_RATIO_MEASURE(7850.),#3620);
#3625=MEASURE_REPRESENTATION_ITEM('density measure',
POSITIVE_RATIO_MEASURE(7850.),#3621);
#3626=MEASURE_REPRESENTATION_ITEM('density measure',
POSITIVE_RATIO_MEASURE(7850.),#3622);
#3627=MEASURE_REPRESENTATION_ITEM('density measure',
POSITIVE_RATIO_MEASURE(7850.),#3623);
#3628=PROPERTY_DEFINITION_REPRESENTATION(#3648,#3636);
#3629=PROPERTY_DEFINITION_REPRESENTATION(#3649,#3637);
#3630=PROPERTY_DEFINITION_REPRESENTATION(#3650,#3638);
#3631=PROPERTY_DEFINITION_REPRESENTATION(#3651,#3639);
#3632=PROPERTY_DEFINITION_REPRESENTATION(#3652,#3640);
#3633=PROPERTY_DEFINITION_REPRESENTATION(#3653,#3641);
#3634=PROPERTY_DEFINITION_REPRESENTATION(#3654,#3642);
#3635=PROPERTY_DEFINITION_REPRESENTATION(#3655,#3643);
#3636=REPRESENTATION('material name',(#3644),#6926);
#3637=REPRESENTATION('density',(#3624),#6926);
#3638=REPRESENTATION('material name',(#3645),#6927);
#3639=REPRESENTATION('density',(#3625),#6927);
#3640=REPRESENTATION('material name',(#3646),#6928);
#3641=REPRESENTATION('density',(#3626),#6928);
#3642=REPRESENTATION('material name',(#3647),#6929);
#3643=REPRESENTATION('density',(#3627),#6929);
#3644=DESCRIPTIVE_REPRESENTATION_ITEM('Steel','Steel');
#3645=DESCRIPTIVE_REPRESENTATION_ITEM('Steel','Steel');
#3646=DESCRIPTIVE_REPRESENTATION_ITEM('Steel','Steel');
#3647=DESCRIPTIVE_REPRESENTATION_ITEM('Steel','Steel');
#3648=PROPERTY_DEFINITION('material property','material name',#6956);
#3649=PROPERTY_DEFINITION('material property','density of part',#6956);
#3650=PROPERTY_DEFINITION('material property','material name',#6957);
#3651=PROPERTY_DEFINITION('material property','density of part',#6957);
#3652=PROPERTY_DEFINITION('material property','material name',#6958);
#3653=PROPERTY_DEFINITION('material property','density of part',#6958);
#3654=PROPERTY_DEFINITION('material property','material name',#6959);
#3655=PROPERTY_DEFINITION('material property','density of part',#6959);
#3656=AXIS2_PLACEMENT_3D('',#4931,#3949,#3950);
#3657=AXIS2_PLACEMENT_3D('',#4932,#3951,#3952);
#3658=AXIS2_PLACEMENT_3D('',#5019,#3953,#3954);
#3659=AXIS2_PLACEMENT_3D('',#5045,#3955,#3956);
#3660=AXIS2_PLACEMENT_3D('',#5048,#3957,#3958);
#3661=AXIS2_PLACEMENT_3D('',#5051,#3961,#3962);
#3662=AXIS2_PLACEMENT_3D('',#5055,#3964,#3965);
#3663=AXIS2_PLACEMENT_3D('',#5081,#3978,#3979);
#3664=AXIS2_PLACEMENT_3D('',#5105,#3991,#3992);
#3665=AXIS2_PLACEMENT_3D('',#5121,#4001,#4002);
#3666=AXIS2_PLACEMENT_3D('',#5125,#4005,#4006);
#3667=AXIS2_PLACEMENT_3D('',#5141,#4008,#4009);
#3668=AXIS2_PLACEMENT_3D('',#5143,#4010,#4011);
#3669=AXIS2_PLACEMENT_3D('',#5249,#4013,#4014);
#3670=AXIS2_PLACEMENT_3D('',#5253,#4016,#4017);
#3671=AXIS2_PLACEMENT_3D('',#5255,#4018,#4019);
#3672=AXIS2_PLACEMENT_3D('',#5257,#4020,#4021);
#3673=AXIS2_PLACEMENT_3D('',#5259,#4023,#4024);
#3674=AXIS2_PLACEMENT_3D('',#5263,#4026,#4027);
#3675=AXIS2_PLACEMENT_3D('',#5392,#4029,#4030);
#3676=AXIS2_PLACEMENT_3D('',#5396,#4032,#4033);
#3677=AXIS2_PLACEMENT_3D('',#5398,#4034,#4035);
#3678=AXIS2_PLACEMENT_3D('',#5400,#4036,#4037);
#3679=AXIS2_PLACEMENT_3D('',#5402,#4039,#4040);
#3680=AXIS2_PLACEMENT_3D('',#5511,#4042,#4043);
#3681=AXIS2_PLACEMENT_3D('',#5543,#4044,#4045);
#3682=AXIS2_PLACEMENT_3D('',#5546,#4048,#4049);
#3683=AXIS2_PLACEMENT_3D('',#5550,#4052,#4053);
#3684=AXIS2_PLACEMENT_3D('',#5554,#4055,#4056);
#3685=AXIS2_PLACEMENT_3D('',#5556,#4057,#4058);
#3686=AXIS2_PLACEMENT_3D('',#5557,#4059,#4060);
#3687=AXIS2_PLACEMENT_3D('',#5558,#4061,#4062);
#3688=AXIS2_PLACEMENT_3D('',#5562,#4064,#4065);
#3689=AXIS2_PLACEMENT_3D('',#5564,#4067,#4068);
#3690=AXIS2_PLACEMENT_3D('',#5568,#4070,#4071);
#3691=AXIS2_PLACEMENT_3D('',#5570,#4072,#4073);
#3692=AXIS2_PLACEMENT_3D('',#5572,#4074,#4075);
#3693=AXIS2_PLACEMENT_3D('',#5574,#4077,#4078);
#3694=AXIS2_PLACEMENT_3D('',#5576,#4080,#4081);
#3695=AXIS2_PLACEMENT_3D('',#5579,#4084,#4085);
#3696=AXIS2_PLACEMENT_3D('',#5581,#4087,#4088);
#3697=AXIS2_PLACEMENT_3D('',#5585,#4091,#4092);
#3698=AXIS2_PLACEMENT_3D('',#5590,#4096,#4097);
#3699=AXIS2_PLACEMENT_3D('',#5592,#4099,#4100);
#3700=AXIS2_PLACEMENT_3D('',#5593,#4101,#4102);
#3701=AXIS2_PLACEMENT_3D('',#5598,#4106,#4107);
#3702=AXIS2_PLACEMENT_3D('',#5605,#4111,#4112);
#3703=AXIS2_PLACEMENT_3D('',#5606,#4113,#4114);
#3704=AXIS2_PLACEMENT_3D('',#5608,#4116,#4117);
#3705=AXIS2_PLACEMENT_3D('',#5627,#4128,#4129);
#3706=AXIS2_PLACEMENT_3D('',#5630,#4131,#4132);
#3707=AXIS2_PLACEMENT_3D('',#5631,#4133,#4134);
#3708=AXIS2_PLACEMENT_3D('',#5633,#4136,#4137);
#3709=AXIS2_PLACEMENT_3D('',#5637,#4140,#4141);
#3710=AXIS2_PLACEMENT_3D('',#5638,#4142,#4143);
#3711=AXIS2_PLACEMENT_3D('',#5640,#4145,#4146);
#3712=AXIS2_PLACEMENT_3D('',#5641,#4147,#4148);
#3713=AXIS2_PLACEMENT_3D('',#5642,#4149,#4150);
#3714=AXIS2_PLACEMENT_3D('',#5644,#4152,#4153);
#3715=AXIS2_PLACEMENT_3D('',#5645,#4154,#4155);
#3716=AXIS2_PLACEMENT_3D('',#5651,#4159,#4160);
#3717=AXIS2_PLACEMENT_3D('',#5654,#4163,#4164);
#3718=AXIS2_PLACEMENT_3D('',#5655,#4165,#4166);
#3719=AXIS2_PLACEMENT_3D('',#5658,#4169,#4170);
#3720=AXIS2_PLACEMENT_3D('',#5660,#4172,#4173);
#3721=AXIS2_PLACEMENT_3D('',#5661,#4174,#4175);
#3722=AXIS2_PLACEMENT_3D('',#5664,#4178,#4179);
#3723=AXIS2_PLACEMENT_3D('',#5666,#4181,#4182);
#3724=AXIS2_PLACEMENT_3D('',#5667,#4183,#4184);
#3725=AXIS2_PLACEMENT_3D('',#5668,#4185,#4186);
#3726=AXIS2_PLACEMENT_3D('',#5669,#4187,#4188);
#3727=AXIS2_PLACEMENT_3D('',#5671,#4190,#4191);
#3728=AXIS2_PLACEMENT_3D('',#5673,#4193,#4194);
#3729=AXIS2_PLACEMENT_3D('',#5674,#4195,#4196);
#3730=AXIS2_PLACEMENT_3D('',#5675,#4197,#4198);
#3731=AXIS2_PLACEMENT_3D('',#5678,#4199,#4200);
#3732=AXIS2_PLACEMENT_3D('',#5686,#4205,#4206);
#3733=AXIS2_PLACEMENT_3D('',#5689,#4207,#4208);
#3734=AXIS2_PLACEMENT_3D('',#5693,#4210,#4211);
#3735=AXIS2_PLACEMENT_3D('',#5701,#4216,#4217);
#3736=AXIS2_PLACEMENT_3D('',#5703,#4218,#4219);
#3737=AXIS2_PLACEMENT_3D('',#5707,#4221,#4222);
#3738=AXIS2_PLACEMENT_3D('',#5711,#4225,#4226);
#3739=AXIS2_PLACEMENT_3D('',#5734,#4239,#4240);
#3740=AXIS2_PLACEMENT_3D('',#5736,#4241,#4242);
#3741=AXIS2_PLACEMENT_3D('',#5742,#4246,#4247);
#3742=AXIS2_PLACEMENT_3D('',#5744,#4248,#4249);
#3743=AXIS2_PLACEMENT_3D('',#5748,#4252,#4253);
#3744=AXIS2_PLACEMENT_3D('',#5750,#4254,#4255);
#3745=AXIS2_PLACEMENT_3D('',#5754,#4258,#4259);
#3746=AXIS2_PLACEMENT_3D('',#5764,#4264,#4265);
#3747=AXIS2_PLACEMENT_3D('',#5765,#4266,#4267);
#3748=AXIS2_PLACEMENT_3D('',#5771,#4271,#4272);
#3749=AXIS2_PLACEMENT_3D('',#5775,#4274,#4275);
#3750=AXIS2_PLACEMENT_3D('',#5779,#4278,#4279);
#3751=AXIS2_PLACEMENT_3D('',#5785,#4283,#4284);
#3752=AXIS2_PLACEMENT_3D('',#5787,#4285,#4286);
#3753=AXIS2_PLACEMENT_3D('',#5788,#4287,#4288);
#3754=AXIS2_PLACEMENT_3D('',#5790,#4289,#4290);
#3755=AXIS2_PLACEMENT_3D('',#5792,#4291,#4292);
#3756=AXIS2_PLACEMENT_3D('',#5793,#4293,#4294);
#3757=AXIS2_PLACEMENT_3D('',#5795,#4295,#4296);
#3758=AXIS2_PLACEMENT_3D('',#5797,#4297,#4298);
#3759=AXIS2_PLACEMENT_3D('',#5798,#4299,#4300);
#3760=AXIS2_PLACEMENT_3D('',#5799,#4301,#4302);
#3761=AXIS2_PLACEMENT_3D('',#5840,#4325,#4326);
#3762=AXIS2_PLACEMENT_3D('',#5844,#4329,#4330);
#3763=AXIS2_PLACEMENT_3D('',#5848,#4333,#4334);
#3764=AXIS2_PLACEMENT_3D('',#5851,#4336,#4337);
#3765=AXIS2_PLACEMENT_3D('',#5853,#4338,#4339);
#3766=AXIS2_PLACEMENT_3D('',#5855,#4340,#4341);
#3767=AXIS2_PLACEMENT_3D('',#5856,#4342,#4343);
#3768=AXIS2_PLACEMENT_3D('',#5857,#4344,#4345);
#3769=AXIS2_PLACEMENT_3D('',#5859,#4346,#4347);
#3770=AXIS2_PLACEMENT_3D('',#5861,#4349,#4350);
#3771=AXIS2_PLACEMENT_3D('',#5868,#4354,#4355);
#3772=AXIS2_PLACEMENT_3D('',#5869,#4356,#4357);
#3773=AXIS2_PLACEMENT_3D('',#5873,#4360,#4361);
#3774=AXIS2_PLACEMENT_3D('',#5875,#4363,#4364);
#3775=AXIS2_PLACEMENT_3D('',#5878,#4366,#4367);
#3776=AXIS2_PLACEMENT_3D('',#5880,#4368,#4369);
#3777=AXIS2_PLACEMENT_3D('',#5882,#4370,#4371);
#3778=AXIS2_PLACEMENT_3D('',#5884,#4372,#4373);
#3779=AXIS2_PLACEMENT_3D('',#5886,#4375,#4376);
#3780=AXIS2_PLACEMENT_3D('',#5888,#4378,#4379);
#3781=AXIS2_PLACEMENT_3D('',#5890,#4381,#4382);
#3782=AXIS2_PLACEMENT_3D('',#5892,#4384,#4385);
#3783=AXIS2_PLACEMENT_3D('',#5898,#4389,#4390);
#3784=AXIS2_PLACEMENT_3D('',#5900,#4392,#4393);
#3785=AXIS2_PLACEMENT_3D('',#5901,#4394,#4395);
#3786=AXIS2_PLACEMENT_3D('',#5904,#4398,#4399);
#3787=AXIS2_PLACEMENT_3D('',#5906,#4401,#4402);
#3788=AXIS2_PLACEMENT_3D('',#5908,#4404,#4405);
#3789=AXIS2_PLACEMENT_3D('',#5910,#4407,#4408);
#3790=AXIS2_PLACEMENT_3D('',#5912,#4410,#4411);
#3791=AXIS2_PLACEMENT_3D('',#5914,#4413,#4414);
#3792=AXIS2_PLACEMENT_3D('',#5916,#4416,#4417);
#3793=AXIS2_PLACEMENT_3D('',#5918,#4419,#4420);
#3794=AXIS2_PLACEMENT_3D('',#5919,#4421,#4422);
#3795=AXIS2_PLACEMENT_3D('',#5920,#4423,#4424);
#3796=AXIS2_PLACEMENT_3D('',#5922,#4426,#4427);
#3797=AXIS2_PLACEMENT_3D('',#5923,#4428,#4429);
#3798=AXIS2_PLACEMENT_3D('',#5925,#4431,#4432);
#3799=AXIS2_PLACEMENT_3D('',#5926,#4433,#4434);
#3800=AXIS2_PLACEMENT_3D('',#5927,#4435,#4436);
#3801=AXIS2_PLACEMENT_3D('',#5930,#4437,#4438);
#3802=AXIS2_PLACEMENT_3D('',#5938,#4442,#4443);
#3803=AXIS2_PLACEMENT_3D('',#5940,#4445,#4446);
#3804=AXIS2_PLACEMENT_3D('',#5942,#4447,#4448);
#3805=AXIS2_PLACEMENT_3D('',#5948,#4452,#4453);
#3806=AXIS2_PLACEMENT_3D('',#5953,#4455,#4456);
#3807=AXIS2_PLACEMENT_3D('',#5957,#4459,#4460);
#3808=AXIS2_PLACEMENT_3D('',#5960,#4461,#4462);
#3809=AXIS2_PLACEMENT_3D('',#5970,#4467,#4468);
#3810=AXIS2_PLACEMENT_3D('',#5972,#4470,#4471);
#3811=AXIS2_PLACEMENT_3D('',#5974,#4472,#4473);
#3812=AXIS2_PLACEMENT_3D('',#5978,#4476,#4477);
#3813=AXIS2_PLACEMENT_3D('',#5980,#4478,#4479);
#3814=AXIS2_PLACEMENT_3D('',#5986,#4483,#4484);
#3815=AXIS2_PLACEMENT_3D('',#5991,#4486,#4487);
#3816=AXIS2_PLACEMENT_3D('',#5997,#4491,#4492);
#3817=AXIS2_PLACEMENT_3D('',#6007,#4497,#4498);
#3818=AXIS2_PLACEMENT_3D('',#6008,#4499,#4500);
#3819=AXIS2_PLACEMENT_3D('',#6014,#4504,#4505);
#3820=AXIS2_PLACEMENT_3D('',#6020,#4509,#4510);
#3821=AXIS2_PLACEMENT_3D('',#6060,#4533,#4534);
#3822=AXIS2_PLACEMENT_3D('',#6064,#4537,#4538);
#3823=AXIS2_PLACEMENT_3D('',#6068,#4541,#4542);
#3824=AXIS2_PLACEMENT_3D('',#6072,#4545,#4546);
#3825=AXIS2_PLACEMENT_3D('',#6073,#4547,#4548);
#3826=AXIS2_PLACEMENT_3D('',#6074,#4549,#4550);
#3827=AXIS2_PLACEMENT_3D('',#6076,#4551,#4552);
#3828=AXIS2_PLACEMENT_3D('',#6078,#4553,#4554);
#3829=AXIS2_PLACEMENT_3D('',#6079,#4555,#4556);
#3830=AXIS2_PLACEMENT_3D('',#6081,#4557,#4558);
#3831=AXIS2_PLACEMENT_3D('',#6083,#4560,#4561);
#3832=AXIS2_PLACEMENT_3D('',#6103,#4573,#4574);
#3833=AXIS2_PLACEMENT_3D('',#6108,#4576,#4577);
#3834=AXIS2_PLACEMENT_3D('',#6111,#4580,#4581);
#3835=AXIS2_PLACEMENT_3D('',#6112,#4582,#4583);
#3836=AXIS2_PLACEMENT_3D('',#6116,#4586,#4587);
#3837=AXIS2_PLACEMENT_3D('',#6120,#4590,#4591);
#3838=AXIS2_PLACEMENT_3D('',#6122,#4592,#4593);
#3839=AXIS2_PLACEMENT_3D('',#6124,#4594,#4595);
#3840=AXIS2_PLACEMENT_3D('',#6125,#4596,#4597);
#3841=AXIS2_PLACEMENT_3D('',#6127,#4598,#4599);
#3842=AXIS2_PLACEMENT_3D('',#6129,#4601,#4602);
#3843=AXIS2_PLACEMENT_3D('',#6131,#4604,#4605);
#3844=AXIS2_PLACEMENT_3D('',#6135,#4607,#4608);
#3845=AXIS2_PLACEMENT_3D('',#6137,#4609,#4610);
#3846=AXIS2_PLACEMENT_3D('',#6138,#4611,#4612);
#3847=AXIS2_PLACEMENT_3D('',#6140,#4613,#4614);
#3848=AXIS2_PLACEMENT_3D('',#6141,#4615,#4616);
#3849=AXIS2_PLACEMENT_3D('',#6143,#4617,#4618);
#3850=AXIS2_PLACEMENT_3D('',#6145,#4619,#4620);
#3851=AXIS2_PLACEMENT_3D('',#6146,#4621,#4622);
#3852=AXIS2_PLACEMENT_3D('',#6147,#4623,#4624);
#3853=AXIS2_PLACEMENT_3D('',#6149,#4626,#4627);
#3854=AXIS2_PLACEMENT_3D('',#6151,#4629,#4630);
#3855=AXIS2_PLACEMENT_3D('',#6153,#4632,#4633);
#3856=AXIS2_PLACEMENT_3D('',#6155,#4635,#4636);
#3857=AXIS2_PLACEMENT_3D('',#6157,#4638,#4639);
#3858=AXIS2_PLACEMENT_3D('',#6159,#4641,#4642);
#3859=AXIS2_PLACEMENT_3D('',#6160,#4643,#4644);
#3860=AXIS2_PLACEMENT_3D('',#6163,#4647,#4648);
#3861=AXIS2_PLACEMENT_3D('',#6164,#4649,#4650);
#3862=AXIS2_PLACEMENT_3D('',#6165,#4651,#4652);
#3863=AXIS2_PLACEMENT_3D('',#6167,#4654,#4655);
#3864=AXIS2_PLACEMENT_3D('',#6169,#4657,#4658);
#3865=AXIS2_PLACEMENT_3D('',#6171,#4660,#4661);
#3866=AXIS2_PLACEMENT_3D('',#6173,#4663,#4664);
#3867=AXIS2_PLACEMENT_3D('',#6175,#4666,#4667);
#3868=AXIS2_PLACEMENT_3D('',#6176,#4668,#4669);
#3869=AXIS2_PLACEMENT_3D('',#6177,#4670,#4671);
#3870=AXIS2_PLACEMENT_3D('',#6179,#4673,#4674);
#3871=AXIS2_PLACEMENT_3D('',#6180,#4675,#4676);
#3872=AXIS2_PLACEMENT_3D('',#6181,#4677,#4678);
#3873=AXIS2_PLACEMENT_3D('',#6184,#4679,#4680);
#3874=AXIS2_PLACEMENT_3D('',#6188,#4682,#4683);
#3875=AXIS2_PLACEMENT_3D('',#6308,#4685,#4686);
#3876=AXIS2_PLACEMENT_3D('',#6325,#4689,#4690);
#3877=AXIS2_PLACEMENT_3D('',#6329,#4693,#4694);
#3878=AXIS2_PLACEMENT_3D('',#6352,#4706,#4707);
#3879=AXIS2_PLACEMENT_3D('',#6367,#4714,#4715);
#3880=AXIS2_PLACEMENT_3D('',#6385,#4724,#4725);
#3881=AXIS2_PLACEMENT_3D('',#6482,#4732,#4733);
#3882=AXIS2_PLACEMENT_3D('',#6495,#4734,#4735);
#3883=AXIS2_PLACEMENT_3D('',#6604,#4737,#4738);
#3884=AXIS2_PLACEMENT_3D('',#6636,#4739,#4740);
#3885=AXIS2_PLACEMENT_3D('',#6639,#4743,#4744);
#3886=AXIS2_PLACEMENT_3D('',#6643,#4747,#4748);
#3887=AXIS2_PLACEMENT_3D('',#6647,#4750,#4751);
#3888=AXIS2_PLACEMENT_3D('',#6649,#4752,#4753);
#3889=AXIS2_PLACEMENT_3D('',#6650,#4754,#4755);
#3890=AXIS2_PLACEMENT_3D('',#6651,#4756,#4757);
#3891=AXIS2_PLACEMENT_3D('',#6655,#4759,#4760);
#3892=AXIS2_PLACEMENT_3D('',#6657,#4762,#4763);
#3893=AXIS2_PLACEMENT_3D('',#6661,#4765,#4766);
#3894=AXIS2_PLACEMENT_3D('',#6781,#4768,#4769);
#3895=AXIS2_PLACEMENT_3D('',#6785,#4771,#4772);
#3896=AXIS2_PLACEMENT_3D('',#6787,#4773,#4774);
#3897=AXIS2_PLACEMENT_3D('',#6789,#4775,#4776);
#3898=AXIS2_PLACEMENT_3D('',#6791,#4778,#4779);
#3899=AXIS2_PLACEMENT_3D('',#6793,#4781,#4782);
#3900=AXIS2_PLACEMENT_3D('',#6797,#4785,#4786);
#3901=AXIS2_PLACEMENT_3D('',#6801,#4788,#4789);
#3902=AXIS2_PLACEMENT_3D('',#6803,#4790,#4791);
#3903=AXIS2_PLACEMENT_3D('',#6805,#4792,#4793);
#3904=AXIS2_PLACEMENT_3D('',#6807,#4795,#4796);
#3905=AXIS2_PLACEMENT_3D('',#6812,#4800,#4801);
#3906=AXIS2_PLACEMENT_3D('',#6822,#4807,#4808);
#3907=AXIS2_PLACEMENT_3D('',#6829,#4812,#4813);
#3908=AXIS2_PLACEMENT_3D('',#6830,#4814,#4815);
#3909=AXIS2_PLACEMENT_3D('',#6834,#4817,#4818);
#3910=AXIS2_PLACEMENT_3D('',#6838,#4821,#4822);
#3911=AXIS2_PLACEMENT_3D('',#6842,#4825,#4826);
#3912=AXIS2_PLACEMENT_3D('',#6844,#4828,#4829);
#3913=AXIS2_PLACEMENT_3D('',#6849,#4833,#4834);
#3914=AXIS2_PLACEMENT_3D('',#6855,#4838,#4839);
#3915=AXIS2_PLACEMENT_3D('',#6856,#4840,#4841);
#3916=AXIS2_PLACEMENT_3D('',#6858,#4842,#4843);
#3917=AXIS2_PLACEMENT_3D('',#6860,#4845,#4846);
#3918=AXIS2_PLACEMENT_3D('',#6865,#4850,#4851);
#3919=AXIS2_PLACEMENT_3D('',#6868,#4854,#4855);
#3920=AXIS2_PLACEMENT_3D('',#6872,#4858,#4859);
#3921=AXIS2_PLACEMENT_3D('',#6873,#4860,#4861);
#3922=AXIS2_PLACEMENT_3D('',#6877,#4864,#4865);
#3923=AXIS2_PLACEMENT_3D('',#6878,#4866,#4867);
#3924=AXIS2_PLACEMENT_3D('',#6879,#4868,#4869);
#3925=AXIS2_PLACEMENT_3D('',#6882,#4872,#4873);
#3926=AXIS2_PLACEMENT_3D('',#6885,#4876,#4877);
#3927=AXIS2_PLACEMENT_3D('',#6888,#4879,#4880);
#3928=AXIS2_PLACEMENT_3D('',#6889,#4881,#4882);
#3929=AXIS2_PLACEMENT_3D('',#6891,#4883,#4884);
#3930=AXIS2_PLACEMENT_3D('',#6892,#4885,#4886);
#3931=AXIS2_PLACEMENT_3D('',#6893,#4887,#4888);
#3932=AXIS2_PLACEMENT_3D('',#6896,#4891,#4892);
#3933=AXIS2_PLACEMENT_3D('',#6898,#4894,#4895);
#3934=AXIS2_PLACEMENT_3D('',#6900,#4897,#4898);
#3935=AXIS2_PLACEMENT_3D('',#6901,#4899,#4900);
#3936=AXIS2_PLACEMENT_3D('',#6903,#4902,#4903);
#3937=AXIS2_PLACEMENT_3D('',#6904,#4904,#4905);
#3938=AXIS2_PLACEMENT_3D('',#6905,#4906,#4907);
#3939=AXIS2_PLACEMENT_3D('',#6906,#4908,#4909);
#3940=AXIS2_PLACEMENT_3D('',#6907,#4910,#4911);
#3941=AXIS2_PLACEMENT_3D('',#6910,#4914,#4915);
#3942=AXIS2_PLACEMENT_3D('',#6912,#4917,#4918);
#3943=AXIS2_PLACEMENT_3D('',#6913,#4919,#4920);
#3944=AXIS2_PLACEMENT_3D('',#6914,#4921,#4922);
#3945=AXIS2_PLACEMENT_3D('',#6915,#4923,#4924);
#3946=AXIS2_PLACEMENT_3D('',#6916,#4925,#4926);
#3947=AXIS2_PLACEMENT_3D('',#6917,#4927,#4928);
#3948=AXIS2_PLACEMENT_3D('',#6918,#4929,#4930);
#3949=DIRECTION('axis',(0.,0.,1.));
#3950=DIRECTION('refdir',(1.,0.,0.));
#3951=DIRECTION('axis',(0.,0.,1.));
#3952=DIRECTION('refdir',(1.,0.,0.));
#3953=DIRECTION('center_axis',(0.0348782627423725,-0.998782765958718,0.0348782627423733));
#3954=DIRECTION('ref_axis',(-0.999390827019096,-0.0348994967024988,0.));
#3955=DIRECTION('center_axis',(-0.0348782627423747,0.998782765958718,-0.0348782627423727));
#3956=DIRECTION('ref_axis',(-0.706246066741667,-0.0493253122022771,-0.706246066741665));
#3957=DIRECTION('center_axis',(1.58603289232163E-14,-1.,0.));
#3958=DIRECTION('ref_axis',(-0.707106781186548,-1.1213911416945E-14,-0.707106781186547));
#3959=DIRECTION('',(0.0348782627423747,-0.998782765958718,0.0348782627423727));
#3960=DIRECTION('',(-0.0348782627423747,0.998782765958718,-0.0348782627423727));
#3961=DIRECTION('center_axis',(-1.58603289232163E-14,1.,0.));
#3962=DIRECTION('ref_axis',(1.,1.58603289232163E-14,0.));
#3963=DIRECTION('',(0.,0.,-1.));
#3964=DIRECTION('center_axis',(1.58603289232163E-14,-1.,0.));
#3965=DIRECTION('ref_axis',(-0.707106781186548,-1.1213911416945E-14,0.707106781186547));
#3966=DIRECTION('',(1.,1.58603289232163E-14,0.));
#3967=DIRECTION('',(0.,0.,-1.));
#3968=DIRECTION('',(-0.866025403785201,0.,0.49999999999868));
#3969=DIRECTION('',(0.,0.,-1.));
#3970=DIRECTION('',(0.866025403784238,0.,0.500000000000348));
#3971=DIRECTION('',(0.,0.,-1.));
#3972=DIRECTION('',(-0.866025403782708,0.,0.500000000002998));
#3973=DIRECTION('',(-1.71688229218686E-12,0.,-1.));
#3974=DIRECTION('',(0.866025403786055,0.,0.499999999997201));
#3975=DIRECTION('',(0.,0.,-1.));
#3976=DIRECTION('',(1.,1.58603289232163E-14,0.));
#3977=DIRECTION('',(0.,0.,-1.));
#3978=DIRECTION('center_axis',(-1.58603289232163E-14,1.,0.));
#3979=DIRECTION('ref_axis',(-0.707106781186547,-1.12147243726806E-14,-0.707106781186548));
#3980=DIRECTION('',(1.,0.,0.));
#3981=DIRECTION('',(0.,0.,1.));
#3982=DIRECTION('',(-0.86602540378475,0.,-0.499999999999461));
#3983=DIRECTION('',(2.04785260040234E-12,0.,1.));
#3984=DIRECTION('',(0.866025403782794,0.,-0.500000000002849));
#3985=DIRECTION('',(0.,0.,1.));
#3986=DIRECTION('',(-0.866025403784931,0.,-0.499999999999147));
#3987=DIRECTION('',(3.4294182303396E-14,0.,1.));
#3988=DIRECTION('',(0.866025403785928,0.,-0.49999999999742));
#3989=DIRECTION('',(0.,0.,1.));
#3990=DIRECTION('',(1.,0.,0.));
#3991=DIRECTION('center_axis',(-1.58603289232163E-14,1.,0.));
#3992=DIRECTION('ref_axis',(-0.707106781186548,-1.12147243726806E-14,0.707106781186547));
#3993=DIRECTION('',(0.,0.,-1.));
#3994=DIRECTION('',(1.,0.,0.));
#3995=DIRECTION('',(-1.29526019539601E-13,0.,-1.));
#3996=DIRECTION('',(-1.,0.,1.39322105051001E-15));
#3997=DIRECTION('',(0.,0.,-1.));
#3998=DIRECTION('',(1.,0.,0.));
#3999=DIRECTION('',(-1.29526019539601E-13,0.,-1.));
#4000=DIRECTION('',(-1.,0.,1.39322105051001E-15));
#4001=DIRECTION('center_axis',(-0.999390827019096,-0.0348994967025011,0.));
#4002=DIRECTION('ref_axis',(-0.0348994967025011,0.999390827019096,0.));
#4003=DIRECTION('',(0.,0.,-1.));
#4004=DIRECTION('',(0.0348782627423747,-0.998782765958718,-0.0348782627423747));
#4005=DIRECTION('center_axis',(0.,0.,-1.));
#4006=DIRECTION('ref_axis',(-0.999390827019096,-0.0348994967025011,0.));
#4007=DIRECTION('',(0.,0.,1.));
#4008=DIRECTION('center_axis',(0.0348782627423747,-0.998782765958718,-0.0348782627423747));
#4009=DIRECTION('ref_axis',(-0.706246066741666,-0.0493253122022788,0.706246066741666));
#4010=DIRECTION('center_axis',(-0.0348782627423745,0.998782765958718,0.0348782627423743));
#4011=DIRECTION('ref_axis',(-0.999390827019096,-0.0348994967025008,1.43254583822601E-16));
#4012=DIRECTION('',(-0.0348782627423747,0.998782765958718,0.0348782627423747));
#4013=DIRECTION('center_axis',(1.,0.,0.));
#4014=DIRECTION('ref_axis',(0.,-0.0348994967025011,0.999390827019096));
#4015=DIRECTION('',(1.,0.,0.));
#4016=DIRECTION('center_axis',(1.,0.,0.));
#4017=DIRECTION('ref_axis',(0.,-0.0348994967025011,0.999390827019096));
#4018=DIRECTION('center_axis',(-0.49999999999868,0.,-0.866025403785201));
#4019=DIRECTION('ref_axis',(-0.866025403785201,-3.64246399154274E-18,0.49999999999868));
#4020=DIRECTION('center_axis',(1.,0.,0.));
#4021=DIRECTION('ref_axis',(0.,-0.0348994967025011,0.999390827019096));
#4022=DIRECTION('',(1.,0.,0.));
#4023=DIRECTION('center_axis',(0.0348782627423748,-0.998782765958718,-0.0348782627423747));
#4024=DIRECTION('ref_axis',(-0.706246066741666,-0.0493253122022789,0.706246066741666));
#4025=DIRECTION('',(0.0348782627423748,-0.998782765958718,-0.0348782627423747));
#4026=DIRECTION('center_axis',(0.0348782627423743,-0.998782765958718,-0.0348782627423742));
#4027=DIRECTION('ref_axis',(0.,-0.0348994967025005,0.999390827019096));
#4028=DIRECTION('',(-0.0348782627423747,0.998782765958718,0.0348782627423747));
#4029=DIRECTION('center_axis',(1.,0.,0.));
#4030=DIRECTION('ref_axis',(0.,-0.0348994967025006,0.999390827019096));
#4031=DIRECTION('',(1.,0.,0.));
#4032=DIRECTION('center_axis',(-1.,0.,0.));
#4033=DIRECTION('ref_axis',(0.,-0.0348994967025006,0.999390827019096));
#4034=DIRECTION('center_axis',(0.49999999999742,0.,0.866025403785928));
#4035=DIRECTION('ref_axis',(-0.866025403785928,3.88733552037615E-18,0.49999999999742));
#4036=DIRECTION('center_axis',(-1.,0.,3.4294182303396E-14));
#4037=DIRECTION('ref_axis',(0.,-0.0348994967025006,0.999390827019096));
#4038=DIRECTION('',(-1.,0.,0.));
#4039=DIRECTION('center_axis',(0.,0.0348994967025011,-0.999390827019096));
#4040=DIRECTION('ref_axis',(0.,0.999390827019096,0.0348994967025011));
#4041=DIRECTION('',(0.,0.999390827019096,0.0348994967025011));
#4042=DIRECTION('center_axis',(-0.0348782627423892,0.998782765958718,-0.0348782627423746));
#4043=DIRECTION('ref_axis',(0.,-0.034899496702501,-0.999390827019096));
#4044=DIRECTION('center_axis',(-0.0348782627423748,0.99878276595872,-0.0348782627423251));
#4045=DIRECTION('ref_axis',(-0.706246066741665,-0.0493253122022429,-0.706246066741669));
#4046=DIRECTION('',(-0.0348782627423748,0.99878276595872,-0.0348782627423251));
#4047=DIRECTION('',(0.0348782627423748,-0.99878276595872,0.0348782627423251));
#4048=DIRECTION('center_axis',(0.,0.0348994967024514,0.999390827019097));
#4049=DIRECTION('ref_axis',(0.,-0.999390827019097,0.0348994967024514));
#4050=DIRECTION('',(1.,0.,0.));
#4051=DIRECTION('',(0.,-0.999390827019097,0.0348994967024514));
#4052=DIRECTION('center_axis',(1.,0.,0.));
#4053=DIRECTION('ref_axis',(0.,-1.,0.));
#4054=DIRECTION('',(-1.,0.,0.));
#4055=DIRECTION('center_axis',(-1.,0.,2.04785260040234E-12));
#4056=DIRECTION('ref_axis',(0.,-1.,0.));
#4057=DIRECTION('center_axis',(0.499999999999461,0.,-0.86602540378475));
#4058=DIRECTION('ref_axis',(-0.86602540378475,0.,-0.499999999999461));
#4059=DIRECTION('center_axis',(-1.,0.,0.));
#4060=DIRECTION('ref_axis',(0.,-1.,0.));
#4061=DIRECTION('center_axis',(0.,0.,-1.));
#4062=DIRECTION('ref_axis',(-0.999390827019096,-0.0348994967025006,0.));
#4063=DIRECTION('',(0.,0.,-1.));
#4064=DIRECTION('center_axis',(1.39322105051001E-15,0.,1.));
#4065=DIRECTION('ref_axis',(-0.999390827019096,-0.0348994967025006,0.));
#4066=DIRECTION('',(0.,0.,-1.));
#4067=DIRECTION('center_axis',(1.,0.,0.));
#4068=DIRECTION('ref_axis',(0.,-1.,0.));
#4069=DIRECTION('',(1.,0.,0.));
#4070=DIRECTION('center_axis',(1.,0.,0.));
#4071=DIRECTION('ref_axis',(0.,-1.,0.));
#4072=DIRECTION('center_axis',(-0.499999999997201,0.,0.866025403786055));
#4073=DIRECTION('ref_axis',(-0.866025403786055,0.,-0.499999999997201));
#4074=DIRECTION('center_axis',(1.,0.,-1.71688229218686E-12));
#4075=DIRECTION('ref_axis',(0.,-1.,0.));
#4076=DIRECTION('',(-1.,0.,0.));
#4077=DIRECTION('center_axis',(0.,-0.034899496702499,-0.999390827019096));
#4078=DIRECTION('ref_axis',(0.,0.999390827019096,-0.034899496702499));
#4079=DIRECTION('',(0.,0.999390827019096,-0.034899496702499));
#4080=DIRECTION('center_axis',(1.,0.,0.));
#4081=DIRECTION('ref_axis',(0.,0.,-1.));
#4082=DIRECTION('',(0.,-0.999390827019096,-0.0348994967025011));
#4083=DIRECTION('',(0.,1.,0.));
#4084=DIRECTION('center_axis',(-0.49999999999868,0.,-0.866025403785201));
#4085=DIRECTION('ref_axis',(-0.866025403785201,0.,0.49999999999868));
#4086=DIRECTION('',(0.,1.,0.));
#4087=DIRECTION('center_axis',(1.,0.,0.));
#4088=DIRECTION('ref_axis',(0.,0.,-1.));
#4089=DIRECTION('',(0.,0.,1.));
#4090=DIRECTION('',(0.,1.,0.));
#4091=DIRECTION('center_axis',(1.,0.,-1.71688229218686E-12));
#4092=DIRECTION('ref_axis',(-1.71688229218686E-12,0.,-1.));
#4093=DIRECTION('',(0.,1.,0.));
#4094=DIRECTION('',(0.,1.,0.));
#4095=DIRECTION('',(1.71688229218686E-12,0.,1.));
#4096=DIRECTION('center_axis',(-0.499999999997201,0.,0.866025403786055));
#4097=DIRECTION('ref_axis',(0.866025403786055,0.,0.499999999997201));
#4098=DIRECTION('',(0.,1.,0.));
#4099=DIRECTION('center_axis',(1.,0.,0.));
#4100=DIRECTION('ref_axis',(0.,0.,-1.));
#4101=DIRECTION('center_axis',(-1.39322105051001E-15,0.,-1.));
#4102=DIRECTION('ref_axis',(-1.,0.,1.39322105051001E-15));
#4103=DIRECTION('',(1.,1.10831639921874E-16,-1.39322105051001E-15));
#4104=DIRECTION('',(0.0348994967025011,-0.999390827019096,-4.86227134581292E-17));
#4105=DIRECTION('',(0.,1.,0.));
#4106=DIRECTION('center_axis',(0.,0.,1.));
#4107=DIRECTION('ref_axis',(1.,0.,0.));
#4108=DIRECTION('',(-1.,-1.10831639921874E-16,0.));
#4109=DIRECTION('',(0.,1.,0.));
#4110=DIRECTION('',(-0.0348994967025011,0.999390827019096,0.));
#4111=DIRECTION('center_axis',(0.,0.,-1.));
#4112=DIRECTION('ref_axis',(-0.999390827019096,-0.0348994967025006,0.));
#4113=DIRECTION('center_axis',(1.,0.,-1.29526019539601E-13));
#4114=DIRECTION('ref_axis',(-1.29526019539601E-13,0.,-1.));
#4115=DIRECTION('',(1.29526019539601E-13,1.43555811581266E-29,1.));
#4116=DIRECTION('center_axis',(-1.10831639921874E-16,1.,0.));
#4117=DIRECTION('ref_axis',(1.,1.10831639921874E-16,0.));
#4118=DIRECTION('',(0.,0.,-1.));
#4119=DIRECTION('',(1.,1.10831639921874E-16,-1.39322105051001E-15));
#4120=DIRECTION('',(1.29526019539601E-13,1.43555811581266E-29,1.));
#4121=DIRECTION('',(-1.,-1.10831639921874E-16,0.));
#4122=DIRECTION('',(0.,0.,-1.));
#4123=DIRECTION('',(3.4294182303396E-14,3.80088046446509E-30,1.));
#4124=DIRECTION('',(-0.866025403784931,-9.5983015715487E-17,-0.499999999999147));
#4125=DIRECTION('',(0.,0.,1.));
#4126=DIRECTION('',(0.866025403782794,9.59830157152501E-17,-0.500000000002849));
#4127=DIRECTION('',(2.04785260040234E-12,2.26966862020866E-28,1.));
#4128=DIRECTION('center_axis',(0.,0.,-1.));
#4129=DIRECTION('ref_axis',(-0.999390827019096,-0.0348994967025006,0.));
#4130=DIRECTION('',(0.,0.,-1.));
#4131=DIRECTION('center_axis',(1.39322105051001E-15,0.,1.));
#4132=DIRECTION('ref_axis',(-0.999390827019096,-0.0348994967025006,0.));
#4133=DIRECTION('center_axis',(0.999390827019096,0.0348994967025011,0.));
#4134=DIRECTION('ref_axis',(0.0348994967025011,-0.999390827019096,0.));
#4135=DIRECTION('',(0.0348994967025011,-0.999390827019096,-4.86227134581292E-17));
#4136=DIRECTION('center_axis',(0.,0.,1.));
#4137=DIRECTION('ref_axis',(1.,0.,0.));
#4138=DIRECTION('',(0.,1.,0.));
#4139=DIRECTION('',(-0.0348994967025011,0.999390827019096,0.));
#4140=DIRECTION('center_axis',(0.,0.,-1.));
#4141=DIRECTION('ref_axis',(-0.999390827019096,-0.0348994967025006,0.));
#4142=DIRECTION('center_axis',(1.,0.,-1.29526019539601E-13));
#4143=DIRECTION('ref_axis',(-1.29526019539601E-13,0.,-1.));
#4144=DIRECTION('',(0.,1.,0.));
#4145=DIRECTION('center_axis',(-1.39322105051001E-15,0.,-1.));
#4146=DIRECTION('ref_axis',(-1.,0.,1.39322105051001E-15));
#4147=DIRECTION('center_axis',(0.999390827019096,0.0348994967025011,0.));
#4148=DIRECTION('ref_axis',(0.0348994967025011,-0.999390827019096,0.));
#4149=DIRECTION('center_axis',(0.999390827019096,0.0348994967025011,0.));
#4150=DIRECTION('ref_axis',(0.0348994967025011,-0.999390827019096,0.));
#4151=DIRECTION('',(0.,0.,-1.));
#4152=DIRECTION('center_axis',(0.,0.,-1.));
#4153=DIRECTION('ref_axis',(-0.999390827019096,-0.0348994967025006,0.));
#4154=DIRECTION('center_axis',(0.,1.,0.));
#4155=DIRECTION('ref_axis',(1.,0.,0.));
#4156=DIRECTION('',(0.866025403782708,0.,-0.500000000002998));
#4157=DIRECTION('',(0.,6.22848746537866E-17,-1.));
#4158=DIRECTION('',(-0.866025403784238,0.,-0.500000000000348));
#4159=DIRECTION('center_axis',(1.,0.,0.));
#4160=DIRECTION('ref_axis',(0.,0.,-1.));
#4161=DIRECTION('',(0.,1.,0.));
#4162=DIRECTION('',(0.,1.,0.));
#4163=DIRECTION('center_axis',(0.,-0.0348994967025011,0.999390827019096));
#4164=DIRECTION('ref_axis',(0.,-0.999390827019096,-0.0348994967025011));
#4165=DIRECTION('center_axis',(-1.,0.,3.4294182303396E-14));
#4166=DIRECTION('ref_axis',(3.4294182303396E-14,0.,1.));
#4167=DIRECTION('',(0.,1.,0.));
#4168=DIRECTION('',(0.,1.,0.));
#4169=DIRECTION('center_axis',(0.49999999999742,0.,0.866025403785928));
#4170=DIRECTION('ref_axis',(0.866025403785928,0.,-0.49999999999742));
#4171=DIRECTION('',(0.,1.,0.));
#4172=DIRECTION('center_axis',(-1.,0.,0.));
#4173=DIRECTION('ref_axis',(0.,0.,1.));
#4174=DIRECTION('center_axis',(-1.,0.,2.04785260040234E-12));
#4175=DIRECTION('ref_axis',(2.04785260040234E-12,0.,1.));
#4176=DIRECTION('',(0.,1.,0.));
#4177=DIRECTION('',(0.,1.,0.));
#4178=DIRECTION('center_axis',(0.499999999999461,0.,-0.86602540378475));
#4179=DIRECTION('ref_axis',(-0.86602540378475,0.,-0.499999999999461));
#4180=DIRECTION('',(0.,1.,0.));
#4181=DIRECTION('center_axis',(-0.500000000002998,0.,-0.866025403782708));
#4182=DIRECTION('ref_axis',(-0.866025403782708,0.,0.500000000002998));
#4183=DIRECTION('center_axis',(-1.,0.,0.));
#4184=DIRECTION('ref_axis',(0.,0.,1.));
#4185=DIRECTION('center_axis',(-0.500000000000348,0.,0.866025403784238));
#4186=DIRECTION('ref_axis',(0.866025403784238,0.,0.500000000000348));
#4187=DIRECTION('center_axis',(0.500000000002849,0.,0.866025403782794));
#4188=DIRECTION('ref_axis',(0.866025403782794,0.,-0.500000000002849));
#4189=DIRECTION('',(0.,1.,0.));
#4190=DIRECTION('center_axis',(0.499999999999147,0.,-0.866025403784931));
#4191=DIRECTION('ref_axis',(-0.866025403784931,0.,-0.499999999999147));
#4192=DIRECTION('',(0.,1.,0.));
#4193=DIRECTION('center_axis',(-1.,0.,0.));
#4194=DIRECTION('ref_axis',(0.,0.,1.));
#4195=DIRECTION('axis',(0.,0.,1.));
#4196=DIRECTION('refdir',(1.,0.,0.));
#4197=DIRECTION('center_axis',(1.,0.,-1.71461898485514E-12));
#4198=DIRECTION('ref_axis',(-1.71461898485514E-12,0.,-1.));
#4199=DIRECTION('center_axis',(1.,0.,-1.71461898485514E-12));
#4200=DIRECTION('ref_axis',(0.,-1.,0.));
#4201=DIRECTION('',(0.,1.,0.));
#4202=DIRECTION('',(-1.71461898485514E-12,0.,-1.));
#4203=DIRECTION('',(0.,1.,0.));
#4204=DIRECTION('',(1.71461898485514E-12,0.,1.));
#4205=DIRECTION('center_axis',(0.499999999998118,0.,-0.866025403785525));
#4206=DIRECTION('ref_axis',(-0.866025403785525,0.,-0.499999999998118));
#4207=DIRECTION('center_axis',(0.499999999998118,0.,-0.866025403785525));
#4208=DIRECTION('ref_axis',(-0.866025403785525,0.,-0.499999999998118));
#4209=DIRECTION('',(0.,1.,0.));
#4210=DIRECTION('center_axis',(0.499999999998118,0.,-0.866025403785525));
#4211=DIRECTION('ref_axis',(-0.866025403785525,0.,-0.499999999998118));
#4212=DIRECTION('',(0.,1.,0.));
#4213=DIRECTION('',(-0.866025403785525,0.,-0.499999999998118));
#4214=DIRECTION('',(0.,1.,0.));
#4215=DIRECTION('',(-0.866025403785525,0.,-0.499999999998118));
#4216=DIRECTION('center_axis',(-0.499999999970602,0.,0.866025403801412));
#4217=DIRECTION('ref_axis',(0.866025403801411,0.,0.499999999970602));
#4218=DIRECTION('center_axis',(-0.499999999970602,0.,0.866025403801412));
#4219=DIRECTION('ref_axis',(-0.866025403801412,0.,-0.499999999970602));
#4220=DIRECTION('',(0.,1.,0.));
#4221=DIRECTION('center_axis',(-0.499999999970602,0.,0.866025403801412));
#4222=DIRECTION('ref_axis',(-0.866025403801411,0.,-0.499999999970602));
#4223=DIRECTION('',(0.,1.,0.));
#4224=DIRECTION('',(0.866025403801411,0.,0.499999999970602));
#4225=DIRECTION('center_axis',(0.,1.,0.));
#4226=DIRECTION('ref_axis',(1.,0.,0.));
#4227=DIRECTION('',(-1.,0.,0.));
#4228=DIRECTION('',(-1.71461898485514E-12,0.,1.));
#4229=DIRECTION('',(-1.,0.,0.));
#4230=DIRECTION('',(-1.16529008664553E-12,0.,1.));
#4231=DIRECTION('',(-0.866025403781928,0.,-0.500000000004349));
#4232=DIRECTION('',(1.18423789293349E-13,0.,-1.));
#4233=DIRECTION('',(-1.,0.,8.88178419700085E-14));
#4234=DIRECTION('',(0.,0.,-1.));
#4235=DIRECTION('',(0.866025403781928,0.,-0.500000000004349));
#4236=DIRECTION('',(1.16529008664553E-12,0.,1.));
#4237=DIRECTION('',(-1.,0.,0.));
#4238=DIRECTION('',(0.866025403785525,0.,-0.499999999998118));
#4239=DIRECTION('center_axis',(1.,0.,1.16529008664553E-12));
#4240=DIRECTION('ref_axis',(1.16529008664553E-12,0.,-1.));
#4241=DIRECTION('center_axis',(1.,0.,1.16529008664553E-12));
#4242=DIRECTION('ref_axis',(0.,-1.,0.));
#4243=DIRECTION('',(0.,1.,0.));
#4244=DIRECTION('',(1.16529008664553E-12,0.,-1.));
#4245=DIRECTION('',(0.,1.,0.));
#4246=DIRECTION('center_axis',(-0.49999999999833,0.,-0.866025403785403));
#4247=DIRECTION('ref_axis',(-0.866025403785403,0.,0.49999999999833));
#4248=DIRECTION('center_axis',(-0.49999999999833,0.,-0.866025403785403));
#4249=DIRECTION('ref_axis',(0.866025403785403,0.,-0.49999999999833));
#4250=DIRECTION('',(0.,1.,0.));
#4251=DIRECTION('',(-0.866025403785403,0.,0.49999999999833));
#4252=DIRECTION('center_axis',(1.,0.,-2.14233990681437E-14));
#4253=DIRECTION('ref_axis',(-2.14233990681437E-14,0.,-1.));
#4254=DIRECTION('center_axis',(1.,0.,-2.14233990681437E-14));
#4255=DIRECTION('ref_axis',(0.,-1.,0.));
#4256=DIRECTION('',(-7.47665845135002E-16,0.999390827019096,-0.034899496702499));
#4257=DIRECTION('',(-2.14233990681437E-14,0.,-1.));
#4258=DIRECTION('center_axis',(-1.,0.,0.));
#4259=DIRECTION('ref_axis',(0.,0.,1.));
#4260=DIRECTION('',(0.,-2.16447226686335E-14,-1.));
#4261=DIRECTION('',(0.,1.,0.));
#4262=DIRECTION('',(0.,0.,1.));
#4263=DIRECTION('',(0.,0.999390827019097,-0.0348994967024514));
#4264=DIRECTION('center_axis',(1.,0.,0.));
#4265=DIRECTION('ref_axis',(0.,-1.,0.));
#4266=DIRECTION('center_axis',(0.,0.,1.));
#4267=DIRECTION('ref_axis',(1.,0.,0.));
#4268=DIRECTION('',(-1.,0.,0.));
#4269=DIRECTION('',(0.,1.,0.));
#4270=DIRECTION('',(1.,0.,0.));
#4271=DIRECTION('center_axis',(1.,0.,1.84556554742883E-15));
#4272=DIRECTION('ref_axis',(1.84556554742883E-15,0.,-1.));
#4273=DIRECTION('',(-1.84556554742883E-15,2.16447226686335E-14,1.));
#4274=DIRECTION('center_axis',(-1.,0.,-1.84556554742883E-15));
#4275=DIRECTION('ref_axis',(0.,-1.,0.));
#4276=DIRECTION('',(-6.44093087366504E-17,-0.999390827019097,0.0348994967024514));
#4277=DIRECTION('',(1.84556554742883E-15,0.,-1.));
#4278=DIRECTION('center_axis',(0.,-0.034899496702499,-0.999390827019096));
#4279=DIRECTION('ref_axis',(0.,0.999390827019096,-0.034899496702499));
#4280=DIRECTION('',(1.,0.,0.));
#4281=DIRECTION('',(0.,-0.999390827019096,0.034899496702499));
#4282=DIRECTION('',(-1.,0.,-5.92118946466763E-14));
#4283=DIRECTION('center_axis',(1.,0.,0.));
#4284=DIRECTION('ref_axis',(0.,-1.,0.));
#4285=DIRECTION('center_axis',(-0.499999999998118,0.,-0.866025403785525));
#4286=DIRECTION('ref_axis',(0.866025403785525,0.,-0.499999999998118));
#4287=DIRECTION('center_axis',(1.,0.,0.));
#4288=DIRECTION('ref_axis',(0.,-1.,0.));
#4289=DIRECTION('center_axis',(-1.,0.,1.16529008664553E-12));
#4290=DIRECTION('ref_axis',(0.,-1.,0.));
#4291=DIRECTION('center_axis',(0.49999999999833,0.,-0.866025403785403));
#4292=DIRECTION('ref_axis',(-0.866025403785403,0.,-0.49999999999833));
#4293=DIRECTION('center_axis',(-1.,0.,0.));
#4294=DIRECTION('ref_axis',(0.,-1.,0.));
#4295=DIRECTION('center_axis',(-1.,0.,-1.71461898485514E-12));
#4296=DIRECTION('ref_axis',(0.,-1.,0.));
#4297=DIRECTION('center_axis',(0.499999999970602,0.,0.866025403801412));
#4298=DIRECTION('ref_axis',(0.866025403801412,0.,-0.499999999970602));
#4299=DIRECTION('center_axis',(1.,0.,0.));
#4300=DIRECTION('ref_axis',(0.,-1.,0.));
#4301=DIRECTION('center_axis',(0.,1.,0.));
#4302=DIRECTION('ref_axis',(0.,0.,1.));
#4303=DIRECTION('',(0.,0.,1.));
#4304=DIRECTION('',(-0.866025403785403,0.,-0.49999999999833));
#4305=DIRECTION('',(1.16529008664553E-12,0.,1.));
#4306=DIRECTION('',(0.866025403781928,0.,-0.500000000004349));
#4307=DIRECTION('',(0.,0.,1.));
#4308=DIRECTION('',(1.,0.,-8.88178419700085E-14));
#4309=DIRECTION('',(1.18423789293349E-13,0.,-1.));
#4310=DIRECTION('',(0.866025403781928,0.,0.500000000004349));
#4311=DIRECTION('',(1.,0.,0.));
#4312=DIRECTION('',(2.4993965579501E-14,0.,1.));
#4313=DIRECTION('',(0.866025403801411,0.,-0.499999999970602));
#4314=DIRECTION('',(-1.71461898485514E-12,0.,1.));
#4315=DIRECTION('',(2.4993965579501E-14,0.,1.));
#4316=DIRECTION('',(-1.,0.,-7.25043607918458E-16));
#4317=DIRECTION('',(-1.40808773854898E-15,0.,-1.));
#4318=DIRECTION('',(-0.866025403785525,0.,0.499999999998118));
#4319=DIRECTION('',(-1.40808773854898E-15,0.,-1.));
#4320=DIRECTION('',(1.,0.,0.));
#4321=DIRECTION('',(0.,0.,1.));
#4322=DIRECTION('',(1.,0.,0.));
#4323=DIRECTION('',(4.61391386857208E-16,0.,-1.));
#4324=DIRECTION('',(1.,0.,0.));
#4325=DIRECTION('center_axis',(0.,0.0348994967024514,0.999390827019097));
#4326=DIRECTION('ref_axis',(0.,-0.999390827019097,0.0348994967024514));
#4327=DIRECTION('',(1.,0.,0.));
#4328=DIRECTION('',(8.72276819322978E-16,-0.999390827019097,0.0348994967024514));
#4329=DIRECTION('center_axis',(0.,0.0348994967024514,0.999390827019097));
#4330=DIRECTION('ref_axis',(0.,-0.999390827019097,0.0348994967024514));
#4331=DIRECTION('',(-1.61023271841626E-17,-0.999390827019097,0.0348994967024514));
#4332=DIRECTION('',(1.,0.,0.));
#4333=DIRECTION('center_axis',(1.,0.,0.));
#4334=DIRECTION('ref_axis',(0.,-1.,0.));
#4335=DIRECTION('',(1.,0.,0.));
#4336=DIRECTION('center_axis',(-1.,0.,2.4993965579501E-14));
#4337=DIRECTION('ref_axis',(0.,-1.,0.));
#4338=DIRECTION('center_axis',(-1.,0.,0.));
#4339=DIRECTION('ref_axis',(0.,-1.,0.));
#4340=DIRECTION('center_axis',(0.499999999970602,0.,0.866025403801412));
#4341=DIRECTION('ref_axis',(0.866025403801411,0.,-0.499999999970602));
#4342=DIRECTION('center_axis',(-1.,0.,2.4993965579501E-14));
#4343=DIRECTION('ref_axis',(0.,-1.,0.));
#4344=DIRECTION('center_axis',(1.,0.,0.));
#4345=DIRECTION('ref_axis',(0.,-1.,0.));
#4346=DIRECTION('center_axis',(-1.,0.,-4.61391386857208E-16));
#4347=DIRECTION('ref_axis',(0.,-1.,0.));
#4348=DIRECTION('',(1.,0.,0.));
#4349=DIRECTION('center_axis',(-1.,0.,0.));
#4350=DIRECTION('ref_axis',(0.,0.,1.));
#4351=DIRECTION('',(0.,-2.16447226686335E-14,-1.));
#4352=DIRECTION('',(0.,1.,0.));
#4353=DIRECTION('',(0.,0.999390827019097,-0.0348994967024514));
#4354=DIRECTION('center_axis',(1.,0.,0.));
#4355=DIRECTION('ref_axis',(0.,-1.,0.));
#4356=DIRECTION('center_axis',(0.,0.,1.));
#4357=DIRECTION('ref_axis',(1.,0.,0.));
#4358=DIRECTION('',(-1.,0.,0.));
#4359=DIRECTION('',(0.,1.,0.));
#4360=DIRECTION('center_axis',(1.,0.,4.61391386857208E-16));
#4361=DIRECTION('ref_axis',(4.61391386857208E-16,0.,-1.));
#4362=DIRECTION('',(-4.61391386857208E-16,2.16447226686335E-14,1.));
#4363=DIRECTION('center_axis',(1.,0.,0.));
#4364=DIRECTION('ref_axis',(0.,-1.,0.));
#4365=DIRECTION('',(1.,0.,0.));
#4366=DIRECTION('center_axis',(1.,0.,-1.40808773854898E-15));
#4367=DIRECTION('ref_axis',(0.,-1.,0.));
#4368=DIRECTION('center_axis',(1.,0.,0.));
#4369=DIRECTION('ref_axis',(0.,-1.,0.));
#4370=DIRECTION('center_axis',(-0.499999999998118,0.,-0.866025403785525));
#4371=DIRECTION('ref_axis',(0.866025403785525,0.,-0.499999999998118));
#4372=DIRECTION('center_axis',(1.,0.,-1.40808773854898E-15));
#4373=DIRECTION('ref_axis',(0.,-1.,0.));
#4374=DIRECTION('',(1.,0.,0.));
#4375=DIRECTION('center_axis',(0.,0.0348994967024514,0.999390827019097));
#4376=DIRECTION('ref_axis',(0.,-0.999390827019097,0.0348994967024514));
#4377=DIRECTION('',(-4.91415533882523E-17,0.999390827019097,-0.0348994967024514));
#4378=DIRECTION('center_axis',(1.,0.,0.));
#4379=DIRECTION('ref_axis',(0.,0.,-1.));
#4380=DIRECTION('',(0.,-1.,0.));
#4381=DIRECTION('center_axis',(1.,0.,0.));
#4382=DIRECTION('ref_axis',(0.,0.,-1.));
#4383=DIRECTION('',(0.,-1.,0.));
#4384=DIRECTION('center_axis',(0.,1.,-2.16447226686335E-14));
#4385=DIRECTION('ref_axis',(0.,2.16447226686335E-14,1.));
#4386=DIRECTION('',(-1.40808773854898E-15,-2.16447226686335E-14,-1.));
#4387=DIRECTION('',(-1.,-1.56933678160604E-29,-7.25043607918458E-16));
#4388=DIRECTION('',(2.4993965579501E-14,2.16447226686335E-14,1.));
#4389=DIRECTION('center_axis',(-1.,0.,0.));
#4390=DIRECTION('ref_axis',(0.,0.,1.));
#4391=DIRECTION('',(0.,1.,0.));
#4392=DIRECTION('center_axis',(1.,0.,-1.40808773854898E-15));
#4393=DIRECTION('ref_axis',(-1.40808773854898E-15,0.,-1.));
#4394=DIRECTION('center_axis',(-1.,0.,0.));
#4395=DIRECTION('ref_axis',(0.,0.,1.));
#4396=DIRECTION('',(0.,1.,0.));
#4397=DIRECTION('',(0.,1.,0.));
#4398=DIRECTION('center_axis',(-1.,0.,2.4993965579501E-14));
#4399=DIRECTION('ref_axis',(2.4993965579501E-14,0.,1.));
#4400=DIRECTION('',(0.,1.,0.));
#4401=DIRECTION('center_axis',(7.25043607918458E-16,0.,-1.));
#4402=DIRECTION('ref_axis',(-1.,0.,-7.25043607918458E-16));
#4403=DIRECTION('',(0.,1.,0.));
#4404=DIRECTION('center_axis',(1.,0.,-1.40808773854898E-15));
#4405=DIRECTION('ref_axis',(-1.40808773854898E-15,0.,-1.));
#4406=DIRECTION('',(0.,1.,0.));
#4407=DIRECTION('center_axis',(-1.,0.,2.4993965579501E-14));
#4408=DIRECTION('ref_axis',(2.4993965579501E-14,0.,1.));
#4409=DIRECTION('',(0.,1.,0.));
#4410=DIRECTION('center_axis',(8.88178419700085E-14,0.,1.));
#4411=DIRECTION('ref_axis',(1.,0.,-8.88178419700085E-14));
#4412=DIRECTION('',(0.,1.,0.));
#4413=DIRECTION('center_axis',(0.500000000004349,0.,0.866025403781928));
#4414=DIRECTION('ref_axis',(0.866025403781928,0.,-0.500000000004349));
#4415=DIRECTION('',(0.,1.,0.));
#4416=DIRECTION('center_axis',(-1.,0.,1.16529008664553E-12));
#4417=DIRECTION('ref_axis',(1.16529008664553E-12,0.,1.));
#4418=DIRECTION('',(0.,1.,0.));
#4419=DIRECTION('center_axis',(0.49999999999833,0.,-0.866025403785403));
#4420=DIRECTION('ref_axis',(-0.866025403785403,0.,-0.49999999999833));
#4421=DIRECTION('center_axis',(-0.499999999998118,0.,-0.866025403785525));
#4422=DIRECTION('ref_axis',(-0.866025403785525,0.,0.499999999998118));
#4423=DIRECTION('center_axis',(-1.,0.,-1.71461898485514E-12));
#4424=DIRECTION('ref_axis',(-1.71461898485514E-12,0.,1.));
#4425=DIRECTION('',(0.,1.,0.));
#4426=DIRECTION('center_axis',(0.499999999970602,0.,0.866025403801412));
#4427=DIRECTION('ref_axis',(0.866025403801411,0.,-0.499999999970602));
#4428=DIRECTION('center_axis',(-0.500000000004349,0.,0.866025403781928));
#4429=DIRECTION('ref_axis',(0.866025403781928,0.,0.500000000004349));
#4430=DIRECTION('',(0.,1.,0.));
#4431=DIRECTION('center_axis',(1.,0.,1.18423789293349E-13));
#4432=DIRECTION('ref_axis',(1.18423789293349E-13,0.,-1.));
#4433=DIRECTION('axis',(0.,0.,1.));
#4434=DIRECTION('refdir',(1.,0.,0.));
#4435=DIRECTION('center_axis',(-0.499999999972086,0.,-0.866025403800555));
#4436=DIRECTION('ref_axis',(-0.866025403800555,0.,0.499999999972086));
#4437=DIRECTION('center_axis',(-0.499999999972086,0.,-0.866025403800555));
#4438=DIRECTION('ref_axis',(-0.866025403800555,3.642463991349E-18,0.499999999972086));
#4439=DIRECTION('',(0.,1.,0.));
#4440=DIRECTION('',(-0.866025403800555,0.,0.499999999972086));
#4441=DIRECTION('',(0.,1.,0.));
#4442=DIRECTION('center_axis',(-0.499999999972086,0.,-0.866025403800555));
#4443=DIRECTION('ref_axis',(-0.866025403800555,-1.94366776008959E-18,0.499999999972086));
#4444=DIRECTION('',(0.,-1.,0.));
#4445=DIRECTION('center_axis',(1.,0.,0.));
#4446=DIRECTION('ref_axis',(0.,0.,-1.));
#4447=DIRECTION('center_axis',(1.,0.,0.));
#4448=DIRECTION('ref_axis',(0.,-0.0348994967025011,0.999390827019096));
#4449=DIRECTION('',(0.,0.,-1.));
#4450=DIRECTION('',(0.,1.,0.));
#4451=DIRECTION('',(0.,0.,-1.));
#4452=DIRECTION('center_axis',(1.,0.,5.19909318848854E-15));
#4453=DIRECTION('ref_axis',(5.19909318848854E-15,0.,-1.));
#4454=DIRECTION('',(1.81445735587651E-16,-0.999390827019096,-0.0348994967025011));
#4455=DIRECTION('center_axis',(1.,0.,5.19909318848854E-15));
#4456=DIRECTION('ref_axis',(0.,-0.0348994967025011,0.999390827019096));
#4457=DIRECTION('',(0.,1.,0.));
#4458=DIRECTION('',(5.19909318848854E-15,0.,-1.));
#4459=DIRECTION('center_axis',(0.499999999996628,0.,0.866025403786385));
#4460=DIRECTION('ref_axis',(0.866025403786385,0.,-0.499999999996628));
#4461=DIRECTION('center_axis',(0.499999999996628,0.,0.866025403786385));
#4462=DIRECTION('ref_axis',(-0.866025403786385,3.64246399152779E-18,0.499999999996628));
#4463=DIRECTION('',(-0.866025403786385,0.,0.499999999996628));
#4464=DIRECTION('',(0.,1.,0.));
#4465=DIRECTION('',(0.866025403786385,0.,-0.499999999996628));
#4466=DIRECTION('',(0.,1.,0.));
#4467=DIRECTION('center_axis',(0.499999999996628,0.,0.866025403786385));
#4468=DIRECTION('ref_axis',(-0.866025403786385,0.,0.499999999996629));
#4469=DIRECTION('',(0.,-1.,0.));
#4470=DIRECTION('center_axis',(-0.500000000000241,0.,0.8660254037843));
#4471=DIRECTION('ref_axis',(0.866025403784299,0.,0.500000000000241));
#4472=DIRECTION('center_axis',(-0.500000000000241,0.,0.8660254037843));
#4473=DIRECTION('ref_axis',(0.866025403784299,3.64246399155411E-18,0.500000000000241));
#4474=DIRECTION('',(0.,1.,0.));
#4475=DIRECTION('',(0.866025403784299,0.,0.500000000000241));
#4476=DIRECTION('center_axis',(1.,0.,0.));
#4477=DIRECTION('ref_axis',(0.,0.,-1.));
#4478=DIRECTION('center_axis',(1.,0.,0.));
#4479=DIRECTION('ref_axis',(0.,-0.0348994967025011,0.999390827019096));
#4480=DIRECTION('',(0.,0.,-1.));
#4481=DIRECTION('',(0.,1.,0.));
#4482=DIRECTION('',(0.,0.,-1.));
#4483=DIRECTION('center_axis',(-1.,0.,0.));
#4484=DIRECTION('ref_axis',(0.,0.,1.));
#4485=DIRECTION('',(0.,-2.16447226686335E-14,-1.));
#4486=DIRECTION('center_axis',(1.,0.,0.));
#4487=DIRECTION('ref_axis',(0.,-0.0348994967025006,0.999390827019096));
#4488=DIRECTION('',(0.,-0.999390827019096,-0.0348994967025011));
#4489=DIRECTION('',(0.,0.,1.));
#4490=DIRECTION('',(0.,1.,0.));
#4491=DIRECTION('center_axis',(1.,0.,-9.20392144766969E-16));
#4492=DIRECTION('ref_axis',(-9.20392144766969E-16,0.,-1.));
#4493=DIRECTION('',(9.20392144766969E-16,2.16447226686335E-14,1.));
#4494=DIRECTION('',(0.,-1.,0.));
#4495=DIRECTION('',(-9.20392144766969E-16,0.,-1.));
#4496=DIRECTION('',(3.21212226213027E-17,0.999390827019096,0.0348994967025011));
#4497=DIRECTION('center_axis',(-1.,0.,9.20392144766969E-16));
#4498=DIRECTION('ref_axis',(0.,-0.0348994967025006,0.999390827019096));
#4499=DIRECTION('center_axis',(0.,0.,1.));
#4500=DIRECTION('ref_axis',(1.,0.,0.));
#4501=DIRECTION('',(1.,0.,0.));
#4502=DIRECTION('',(0.,-1.,0.));
#4503=DIRECTION('',(1.,0.,0.));
#4504=DIRECTION('center_axis',(0.,0.,1.));
#4505=DIRECTION('ref_axis',(1.,0.,0.));
#4506=DIRECTION('',(1.,0.,0.));
#4507=DIRECTION('',(0.,1.,0.));
#4508=DIRECTION('',(1.,0.,0.));
#4509=DIRECTION('center_axis',(0.,1.,0.));
#4510=DIRECTION('ref_axis',(0.,0.,1.));
#4511=DIRECTION('',(1.,0.,7.89202744946578E-25));
#4512=DIRECTION('',(-0.866025403782787,0.,0.50000000000286));
#4513=DIRECTION('',(5.19909318848854E-15,0.,-1.));
#4514=DIRECTION('',(-1.,0.,1.92438657601743E-13));
#4515=DIRECTION('',(0.,0.,1.));
#4516=DIRECTION('',(-0.866025403782787,0.,-0.50000000000286));
#4517=DIRECTION('',(0.,0.,1.));
#4518=DIRECTION('',(0.866025403784299,0.,-0.500000000000241));
#4519=DIRECTION('',(0.,0.,1.));
#4520=DIRECTION('',(-1.38642485026362E-14,0.,1.));
#4521=DIRECTION('',(0.,0.,1.));
#4522=DIRECTION('',(-0.866025403800555,0.,-0.499999999972086));
#4523=DIRECTION('',(1.05160324892495E-12,0.,1.));
#4524=DIRECTION('',(1.,0.,0.));
#4525=DIRECTION('',(0.,0.,1.));
#4526=DIRECTION('',(1.,0.,0.));
#4527=DIRECTION('',(6.49886648561067E-16,0.,-1.));
#4528=DIRECTION('',(0.866025403786385,0.,0.499999999996628));
#4529=DIRECTION('',(6.49886648561067E-16,0.,-1.));
#4530=DIRECTION('',(1.,0.,0.));
#4531=DIRECTION('',(1.,0.,0.));
#4532=DIRECTION('',(0.,0.,-1.));
#4533=DIRECTION('center_axis',(0.,1.,-2.16447226686335E-14));
#4534=DIRECTION('ref_axis',(0.,2.16447226686335E-14,1.));
#4535=DIRECTION('',(0.,2.16447226686335E-14,1.));
#4536=DIRECTION('',(1.,0.,0.));
#4537=DIRECTION('center_axis',(0.,0.0348994967025011,-0.999390827019096));
#4538=DIRECTION('ref_axis',(0.,0.999390827019096,0.0348994967025011));
#4539=DIRECTION('',(1.,0.,0.));
#4540=DIRECTION('',(0.,0.999390827019096,0.0348994967025011));
#4541=DIRECTION('center_axis',(0.,0.0348994967025011,-0.999390827019096));
#4542=DIRECTION('ref_axis',(0.,0.999390827019096,0.0348994967025011));
#4543=DIRECTION('',(3.67004241181956E-14,0.999390827019096,0.0348994967025011));
#4544=DIRECTION('',(1.,0.,0.));
#4545=DIRECTION('center_axis',(1.,0.,0.));
#4546=DIRECTION('ref_axis',(0.,-0.0348994967025006,0.999390827019096));
#4547=DIRECTION('center_axis',(-1.,0.,0.));
#4548=DIRECTION('ref_axis',(0.,-0.0348994967025006,0.999390827019096));
#4549=DIRECTION('center_axis',(1.,0.,0.));
#4550=DIRECTION('ref_axis',(0.,-0.0348994967025006,0.999390827019096));
#4551=DIRECTION('center_axis',(-1.,0.,1.05160324892495E-12));
#4552=DIRECTION('ref_axis',(0.,-0.0348994967025006,0.999390827019096));
#4553=DIRECTION('center_axis',(0.499999999972086,0.,-0.866025403800555));
#4554=DIRECTION('ref_axis',(0.866025403800555,-1.94366776008959E-18,0.499999999972086));
#4555=DIRECTION('center_axis',(-1.,0.,0.));
#4556=DIRECTION('ref_axis',(0.,-0.0348994967025006,0.999390827019096));
#4557=DIRECTION('center_axis',(-1.,0.,-1.38642485026362E-14));
#4558=DIRECTION('ref_axis',(0.,-0.0348994967025006,0.999390827019096));
#4559=DIRECTION('',(1.,0.,0.));
#4560=DIRECTION('center_axis',(0.,1.,0.));
#4561=DIRECTION('ref_axis',(1.,0.,0.));
#4562=DIRECTION('',(-1.,0.,0.));
#4563=DIRECTION('',(0.866025403786385,0.,0.499999999996628));
#4564=DIRECTION('',(-1.,0.,0.));
#4565=DIRECTION('',(0.,0.,-1.));
#4566=DIRECTION('',(0.866025403782787,0.,0.50000000000286));
#4567=DIRECTION('',(0.,0.,1.));
#4568=DIRECTION('',(1.,0.,-1.92438657601743E-13));
#4569=DIRECTION('',(-5.19909318848854E-15,0.,1.));
#4570=DIRECTION('',(-0.866025403782787,0.,0.50000000000286));
#4571=DIRECTION('',(-1.,0.,0.));
#4572=DIRECTION('',(0.,0.,-1.));
#4573=DIRECTION('center_axis',(-1.,0.,0.));
#4574=DIRECTION('ref_axis',(0.,0.,1.));
#4575=DIRECTION('',(0.,-2.16447226686335E-14,-1.));
#4576=DIRECTION('center_axis',(1.,0.,0.));
#4577=DIRECTION('ref_axis',(0.,-0.0348994967025006,0.999390827019096));
#4578=DIRECTION('',(0.,-0.999390827019096,-0.0348994967025011));
#4579=DIRECTION('',(0.,1.,0.));
#4580=DIRECTION('center_axis',(1.,0.,0.));
#4581=DIRECTION('ref_axis',(0.,0.,-1.));
#4582=DIRECTION('center_axis',(0.,0.,1.));
#4583=DIRECTION('ref_axis',(1.,0.,0.));
#4584=DIRECTION('',(0.,1.,0.));
#4585=DIRECTION('',(1.,0.,0.));
#4586=DIRECTION('center_axis',(0.,1.,-2.16447226686335E-14));
#4587=DIRECTION('ref_axis',(0.,2.16447226686335E-14,1.));
#4588=DIRECTION('',(6.49886648561067E-16,-2.16447226686335E-14,-1.));
#4589=DIRECTION('',(1.,0.,0.));
#4590=DIRECTION('center_axis',(1.,0.,0.));
#4591=DIRECTION('ref_axis',(0.,-0.0348994967025006,0.999390827019096));
#4592=DIRECTION('center_axis',(1.,0.,6.49886648561067E-16));
#4593=DIRECTION('ref_axis',(0.,-0.0348994967025006,0.999390827019096));
#4594=DIRECTION('center_axis',(-0.499999999996628,0.,0.866025403786385));
#4595=DIRECTION('ref_axis',(0.866025403786385,0.,0.499999999996629));
#4596=DIRECTION('center_axis',(1.,0.,0.));
#4597=DIRECTION('ref_axis',(0.,-0.0348994967025006,0.999390827019096));
#4598=DIRECTION('center_axis',(1.,0.,6.49886648561067E-16));
#4599=DIRECTION('ref_axis',(0.,-0.0348994967025006,0.999390827019096));
#4600=DIRECTION('',(1.,0.,0.));
#4601=DIRECTION('center_axis',(0.,0.0348994967025011,-0.999390827019096));
#4602=DIRECTION('ref_axis',(0.,0.999390827019096,0.0348994967025011));
#4603=DIRECTION('',(2.26807169484564E-17,-0.999390827019096,-0.0348994967025011));
#4604=DIRECTION('center_axis',(1.,0.,0.));
#4605=DIRECTION('ref_axis',(0.,-0.0348994967025011,0.999390827019096));
#4606=DIRECTION('',(1.,0.,0.));
#4607=DIRECTION('center_axis',(-1.,0.,0.));
#4608=DIRECTION('ref_axis',(0.,-0.0348994967025011,0.999390827019096));
#4609=DIRECTION('center_axis',(0.500000000000241,0.,0.8660254037843));
#4610=DIRECTION('ref_axis',(-0.866025403784299,3.64246399155411E-18,0.500000000000241));
#4611=DIRECTION('center_axis',(-1.,0.,0.));
#4612=DIRECTION('ref_axis',(0.,-0.0348994967025011,0.999390827019096));
#4613=DIRECTION('center_axis',(1.,0.,0.));
#4614=DIRECTION('ref_axis',(0.,-0.0348994967025011,0.999390827019096));
#4615=DIRECTION('center_axis',(-0.499999999996628,0.,0.866025403786385));
#4616=DIRECTION('ref_axis',(0.866025403786385,3.64246399152779E-18,0.499999999996628));
#4617=DIRECTION('center_axis',(1.,0.,0.));
#4618=DIRECTION('ref_axis',(0.,-0.0348994967025011,0.999390827019096));
#4619=DIRECTION('center_axis',(0.499999999972086,0.,-0.866025403800555));
#4620=DIRECTION('ref_axis',(0.866025403800555,3.642463991349E-18,0.499999999972086));
#4621=DIRECTION('center_axis',(-1.,0.,0.));
#4622=DIRECTION('ref_axis',(0.,-0.0348994967025011,0.999390827019096));
#4623=DIRECTION('center_axis',(1.,0.,0.));
#4624=DIRECTION('ref_axis',(0.,0.,-1.));
#4625=DIRECTION('',(0.,1.,0.));
#4626=DIRECTION('center_axis',(0.,1.,-2.16447226686335E-14));
#4627=DIRECTION('ref_axis',(0.,2.16447226686335E-14,1.));
#4628=DIRECTION('',(-1.38642485026362E-14,2.16447226686335E-14,1.));
#4629=DIRECTION('center_axis',(0.,-0.0348994967025011,0.999390827019096));
#4630=DIRECTION('ref_axis',(0.,-0.999390827019096,-0.0348994967025011));
#4631=DIRECTION('',(0.,0.999390827019096,0.0348994967025011));
#4632=DIRECTION('center_axis',(1.,0.,0.));
#4633=DIRECTION('ref_axis',(0.,0.,-1.));
#4634=DIRECTION('',(0.,1.,0.));
#4635=DIRECTION('center_axis',(-1.,0.,1.05160324892495E-12));
#4636=DIRECTION('ref_axis',(1.05160324892495E-12,0.,1.));
#4637=DIRECTION('',(0.,1.,0.));
#4638=DIRECTION('center_axis',(-0.499999999996628,0.,0.866025403786385));
#4639=DIRECTION('ref_axis',(0.866025403786385,0.,0.499999999996628));
#4640=DIRECTION('',(0.,1.,0.));
#4641=DIRECTION('center_axis',(1.,0.,6.49886648561067E-16));
#4642=DIRECTION('ref_axis',(6.49886648561067E-16,0.,-1.));
#4643=DIRECTION('center_axis',(1.,0.,5.19909318848854E-15));
#4644=DIRECTION('ref_axis',(5.19909318848854E-15,0.,-1.));
#4645=DIRECTION('',(0.,1.,0.));
#4646=DIRECTION('',(0.,1.,0.));
#4647=DIRECTION('center_axis',(-1.,0.,-1.38642485026362E-14));
#4648=DIRECTION('ref_axis',(-1.38642485026362E-14,0.,1.));
#4649=DIRECTION('center_axis',(1.,0.,6.49886648561067E-16));
#4650=DIRECTION('ref_axis',(6.49886648561067E-16,0.,-1.));
#4651=DIRECTION('center_axis',(-1.,0.,0.));
#4652=DIRECTION('ref_axis',(0.,0.,1.));
#4653=DIRECTION('',(0.,1.,0.));
#4654=DIRECTION('center_axis',(0.500000000000241,0.,0.8660254037843));
#4655=DIRECTION('ref_axis',(0.866025403784299,0.,-0.500000000000241));
#4656=DIRECTION('',(0.,1.,0.));
#4657=DIRECTION('center_axis',(-1.,0.,0.));
#4658=DIRECTION('ref_axis',(0.,0.,1.));
#4659=DIRECTION('',(0.,1.,0.));
#4660=DIRECTION('center_axis',(0.50000000000286,0.,-0.866025403782787));
#4661=DIRECTION('ref_axis',(-0.866025403782787,0.,-0.50000000000286));
#4662=DIRECTION('',(0.,1.,0.));
#4663=DIRECTION('center_axis',(-1.,0.,0.));
#4664=DIRECTION('ref_axis',(0.,0.,1.));
#4665=DIRECTION('',(0.,1.,0.));
#4666=DIRECTION('center_axis',(-1.92438657601743E-13,0.,-1.));
#4667=DIRECTION('ref_axis',(-1.,0.,1.92438657601743E-13));
#4668=DIRECTION('center_axis',(-0.50000000000286,0.,-0.866025403782787));
#4669=DIRECTION('ref_axis',(-0.866025403782787,0.,0.50000000000286));
#4670=DIRECTION('center_axis',(0.499999999972086,0.,-0.866025403800555));
#4671=DIRECTION('ref_axis',(-0.866025403800555,0.,-0.499999999972086));
#4672=DIRECTION('',(0.,1.,0.));
#4673=DIRECTION('center_axis',(-1.,0.,0.));
#4674=DIRECTION('ref_axis',(0.,0.,1.));
#4675=DIRECTION('axis',(0.,0.,1.));
#4676=DIRECTION('refdir',(1.,0.,0.));
#4677=DIRECTION('center_axis',(-0.0348782627423747,-0.998782765958718,0.0348782627423727));
#4678=DIRECTION('ref_axis',(0.706246066741666,-0.0493253122022763,-0.706246066741666));
#4679=DIRECTION('center_axis',(0.,-1.,0.));
#4680=DIRECTION('ref_axis',(0.707106781186548,0.,-0.707106781186547));
#4681=DIRECTION('',(-0.0348782627423747,-0.998782765958718,0.0348782627423727));
#4682=DIRECTION('center_axis',(0.0348782627423724,0.998782765958706,-0.0348782627427218));
#4683=DIRECTION('ref_axis',(0.999390827019096,-0.0348994967024992,0.));
#4684=DIRECTION('',(0.0348782627423747,0.998782765958718,-0.0348782627423727));
#4685=DIRECTION('center_axis',(0.,0.,-1.));
#4686=DIRECTION('ref_axis',(0.,-1.,0.));
#4687=DIRECTION('',(0.,0.,-1.));
#4688=DIRECTION('',(0.,0.,-1.));
#4689=DIRECTION('center_axis',(0.999390827019096,-0.0348994967025011,0.));
#4690=DIRECTION('ref_axis',(-0.0348994967025011,-0.999390827019096,0.));
#4691=DIRECTION('',(0.,0.,-1.));
#4692=DIRECTION('',(0.0348782627423747,0.998782765958718,0.0348782627423747));
#4693=DIRECTION('center_axis',(0.,1.,0.));
#4694=DIRECTION('ref_axis',(0.,0.,1.));
#4695=DIRECTION('',(-1.,0.,0.));
#4696=DIRECTION('',(0.,0.,1.));
#4697=DIRECTION('',(0.866025403786055,0.,-0.499999999997201));
#4698=DIRECTION('',(-1.71688229218686E-12,0.,1.));
#4699=DIRECTION('',(-0.866025403782708,0.,-0.500000000002998));
#4700=DIRECTION('',(0.,0.,1.));
#4701=DIRECTION('',(0.866025403784238,0.,-0.500000000000348));
#4702=DIRECTION('',(0.,0.,1.));
#4703=DIRECTION('',(-0.866025403785201,0.,-0.49999999999868));
#4704=DIRECTION('',(0.,0.,1.));
#4705=DIRECTION('',(-1.,0.,0.));
#4706=DIRECTION('center_axis',(0.,-1.,0.));
#4707=DIRECTION('ref_axis',(0.707106781186548,0.,0.707106781186547));
#4708=DIRECTION('',(0.,0.,-1.));
#4709=DIRECTION('',(0.866025403782794,0.,0.500000000002849));
#4710=DIRECTION('',(2.04785260040234E-12,0.,-1.));
#4711=DIRECTION('',(-0.86602540378475,0.,0.499999999999461));
#4712=DIRECTION('',(0.,0.,-1.));
#4713=DIRECTION('',(-1.,0.,0.));
#4714=DIRECTION('center_axis',(0.,1.,0.));
#4715=DIRECTION('ref_axis',(0.707106781186549,0.,-0.707106781186546));
#4716=DIRECTION('',(0.,0.,-1.));
#4717=DIRECTION('',(-1.,0.,0.));
#4718=DIRECTION('',(1.,0.,0.));
#4719=DIRECTION('',(0.,0.,-1.));
#4720=DIRECTION('',(-1.,0.,0.));
#4721=DIRECTION('',(0.,0.,-1.));
#4722=DIRECTION('',(1.,0.,0.));
#4723=DIRECTION('',(0.,0.,-1.));
#4724=DIRECTION('center_axis',(0.,1.,0.));
#4725=DIRECTION('ref_axis',(0.707106781186549,0.,0.707106781186546));
#4726=DIRECTION('',(-1.,0.,0.));
#4727=DIRECTION('',(0.,0.,-1.));
#4728=DIRECTION('',(0.866025403785245,0.,0.499999999998603));
#4729=DIRECTION('',(3.4294182303396E-14,0.,-1.));
#4730=DIRECTION('',(-0.866025403784931,0.,0.499999999999147));
#4731=DIRECTION('',(0.,0.,-1.));
#4732=DIRECTION('center_axis',(-0.0348782627427674,-0.998782765958712,-0.0348782627421746));
#4733=DIRECTION('ref_axis',(0.999390827019082,-0.0348994967028937,0.));
#4734=DIRECTION('center_axis',(0.0348782627423747,0.998782765958718,0.0348782627423747));
#4735=DIRECTION('ref_axis',(0.706246066741667,-0.0493253122022788,0.706246066741665));
#4736=DIRECTION('',(-0.0348782627423747,-0.998782765958718,-0.0348782627423747));
#4737=DIRECTION('center_axis',(0.0348782627399629,0.998782765958802,0.0348782627423774));
#4738=DIRECTION('ref_axis',(0.,-0.0348994967025009,0.999390827019096));
#4739=DIRECTION('center_axis',(0.0348782627423736,0.998782765958718,0.0348782627423747));
#4740=DIRECTION('ref_axis',(0.706246066741668,-0.0493253122022779,0.706246066741664));
#4741=DIRECTION('',(0.0348782627423736,0.998782765958718,0.0348782627423747));
#4742=DIRECTION('',(-0.0348782627423736,-0.998782765958718,-0.0348782627423747));
#4743=DIRECTION('center_axis',(0.,0.0348994967025011,-0.999390827019096));
#4744=DIRECTION('ref_axis',(0.,-0.999390827019096,-0.0348994967025011));
#4745=DIRECTION('',(-1.,0.,0.));
#4746=DIRECTION('',(0.,-0.999390827019096,-0.0348994967025011));
#4747=DIRECTION('center_axis',(-1.,0.,0.));
#4748=DIRECTION('ref_axis',(0.,-0.0348994967025006,0.999390827019096));
#4749=DIRECTION('',(1.,0.,0.));
#4750=DIRECTION('center_axis',(1.,0.,3.4294182303396E-14));
#4751=DIRECTION('ref_axis',(0.,-0.0348994967025006,0.999390827019096));
#4752=DIRECTION('center_axis',(-0.499999999998603,0.,0.866025403785246));
#4753=DIRECTION('ref_axis',(0.866025403785245,-1.94366776019267E-18,0.499999999998603));
#4754=DIRECTION('center_axis',(1.,0.,0.));
#4755=DIRECTION('ref_axis',(0.,-0.0348994967025006,0.999390827019096));
#4756=DIRECTION('center_axis',(0.,0.,-1.));
#4757=DIRECTION('ref_axis',(0.,-1.,0.));
#4758=DIRECTION('',(0.,0.,-1.));
#4759=DIRECTION('center_axis',(0.,0.,-1.));
#4760=DIRECTION('ref_axis',(0.,-1.,0.));
#4761=DIRECTION('',(0.,0.,-1.));
#4762=DIRECTION('center_axis',(-0.0348782627423737,-0.99878276595872,0.0348782627423251));
#4763=DIRECTION('ref_axis',(0.706246066741667,-0.0493253122022427,-0.706246066741667));
#4764=DIRECTION('',(-0.0348782627423737,-0.99878276595872,0.0348782627423251));
#4765=DIRECTION('center_axis',(-0.0348782627358242,-0.998782765958948,0.034878262742333));
#4766=DIRECTION('ref_axis',(0.,-0.0348994967024513,-0.999390827019097));
#4767=DIRECTION('',(0.0348782627423737,0.99878276595872,-0.0348782627423251));
#4768=DIRECTION('center_axis',(-1.,0.,0.));
#4769=DIRECTION('ref_axis',(0.,-1.,0.));
#4770=DIRECTION('',(-1.,0.,0.));
#4771=DIRECTION('center_axis',(1.,0.,0.));
#4772=DIRECTION('ref_axis',(0.,-1.,0.));
#4773=DIRECTION('center_axis',(-0.499999999999461,0.,-0.86602540378475));
#4774=DIRECTION('ref_axis',(-0.86602540378475,0.,0.499999999999461));
#4775=DIRECTION('center_axis',(1.,0.,2.04785260040234E-12));
#4776=DIRECTION('ref_axis',(0.,-1.,0.));
#4777=DIRECTION('',(1.,0.,0.));
#4778=DIRECTION('center_axis',(0.,0.0348994967024514,0.999390827019097));
#4779=DIRECTION('ref_axis',(0.,0.999390827019097,-0.0348994967024514));
#4780=DIRECTION('',(0.,0.999390827019097,-0.0348994967024514));
#4781=DIRECTION('center_axis',(0.,-0.0348994967025011,0.999390827019096));
#4782=DIRECTION('ref_axis',(0.,0.999390827019096,0.0348994967025011));
#4783=DIRECTION('',(0.,0.999390827019096,0.0348994967025011));
#4784=DIRECTION('',(1.,0.,0.));
#4785=DIRECTION('center_axis',(-1.,0.,0.));
#4786=DIRECTION('ref_axis',(0.,-1.,0.));
#4787=DIRECTION('',(-1.,0.,0.));
#4788=DIRECTION('center_axis',(-1.,0.,-1.71688229218686E-12));
#4789=DIRECTION('ref_axis',(0.,-1.,0.));
#4790=DIRECTION('center_axis',(0.499999999997201,0.,0.866025403786055));
#4791=DIRECTION('ref_axis',(0.866025403786055,0.,-0.499999999997201));
#4792=DIRECTION('center_axis',(-1.,0.,0.));
#4793=DIRECTION('ref_axis',(0.,-1.,0.));
#4794=DIRECTION('',(1.,0.,0.));
#4795=DIRECTION('center_axis',(-1.,0.,-1.71688229218686E-12));
#4796=DIRECTION('ref_axis',(-1.71688229218686E-12,0.,1.));
#4797=DIRECTION('',(1.71688229218686E-12,0.,-1.));
#4798=DIRECTION('',(0.,1.,0.));
#4799=DIRECTION('',(0.,1.,0.));
#4800=DIRECTION('center_axis',(0.,1.,0.));
#4801=DIRECTION('ref_axis',(1.,0.,0.));
#4802=DIRECTION('',(-1.,0.,0.));
#4803=DIRECTION('',(0.,0.,-1.));
#4804=DIRECTION('',(-0.866025403784238,0.,0.500000000000348));
#4805=DIRECTION('',(0.,-6.22848746537866E-17,1.));
#4806=DIRECTION('',(0.866025403782708,0.,0.500000000002998));
#4807=DIRECTION('center_axis',(0.,0.,1.));
#4808=DIRECTION('ref_axis',(1.,0.,0.));
#4809=DIRECTION('',(-0.0348994967025,-0.999390827019096,0.));
#4810=DIRECTION('',(0.,1.,0.));
#4811=DIRECTION('',(-1.,-1.10831639921874E-16,0.));
#4812=DIRECTION('center_axis',(0.,0.,-1.));
#4813=DIRECTION('ref_axis',(0.,-1.,0.));
#4814=DIRECTION('center_axis',(0.,0.,-1.));
#4815=DIRECTION('ref_axis',(-1.,0.,0.));
#4816=DIRECTION('',(0.0348994967025,0.999390827019096,0.));
#4817=DIRECTION('center_axis',(0.,0.,1.));
#4818=DIRECTION('ref_axis',(0.,-1.,0.));
#4819=DIRECTION('',(1.,1.10831639921874E-16,0.));
#4820=DIRECTION('',(0.,-1.,0.));
#4821=DIRECTION('center_axis',(1.,0.,0.));
#4822=DIRECTION('ref_axis',(0.,0.,-1.));
#4823=DIRECTION('',(0.,0.,-1.));
#4824=DIRECTION('',(0.,1.,0.));
#4825=DIRECTION('center_axis',(-0.999390827019096,0.0348994967025,0.));
#4826=DIRECTION('ref_axis',(0.0348994967025,0.999390827019096,0.));
#4827=DIRECTION('',(0.,0.,-1.));
#4828=DIRECTION('center_axis',(-1.10831639921874E-16,1.,0.));
#4829=DIRECTION('ref_axis',(1.,1.10831639921874E-16,0.));
#4830=DIRECTION('',(0.,0.,-1.));
#4831=DIRECTION('',(2.04785260040234E-12,2.26966862020866E-28,-1.));
#4832=DIRECTION('',(0.866025403782794,9.59830157152501E-17,0.500000000002849));
#4833=DIRECTION('center_axis',(-1.10831639921874E-16,1.,0.));
#4834=DIRECTION('ref_axis',(1.,1.10831639921874E-16,0.));
#4835=DIRECTION('',(0.,0.,-1.));
#4836=DIRECTION('',(1.,1.10831639921874E-16,0.));
#4837=DIRECTION('',(0.,0.,-1.));
#4838=DIRECTION('center_axis',(0.,0.,-1.));
#4839=DIRECTION('ref_axis',(0.,-1.,0.));
#4840=DIRECTION('center_axis',(0.,0.,-1.));
#4841=DIRECTION('ref_axis',(0.,-1.,0.));
#4842=DIRECTION('center_axis',(0.,0.,1.));
#4843=DIRECTION('ref_axis',(0.,-1.,0.));
#4844=DIRECTION('',(0.,0.,-1.));
#4845=DIRECTION('center_axis',(0.,0.,1.));
#4846=DIRECTION('ref_axis',(1.,0.,0.));
#4847=DIRECTION('',(-1.,-1.10831639921874E-16,0.));
#4848=DIRECTION('',(-0.0348994967025,-0.999390827019096,0.));
#4849=DIRECTION('',(0.,1.,0.));
#4850=DIRECTION('center_axis',(0.,0.,-1.));
#4851=DIRECTION('ref_axis',(-1.,0.,0.));
#4852=DIRECTION('',(0.,-1.,0.));
#4853=DIRECTION('',(0.0348994967025,0.999390827019096,0.));
#4854=DIRECTION('center_axis',(1.,0.,0.));
#4855=DIRECTION('ref_axis',(0.,0.,-1.));
#4856=DIRECTION('',(0.,1.,0.));
#4857=DIRECTION('',(0.,0.,-1.));
#4858=DIRECTION('center_axis',(1.,0.,0.));
#4859=DIRECTION('ref_axis',(0.,0.,-1.));
#4860=DIRECTION('center_axis',(-1.10831639921874E-16,1.,0.));
#4861=DIRECTION('ref_axis',(1.,1.10831639921874E-16,0.));
#4862=DIRECTION('',(-0.866025403784931,-9.5983015715487E-17,0.499999999999147));
#4863=DIRECTION('',(3.4294182303396E-14,3.80088046446509E-30,-1.));
#4864=DIRECTION('center_axis',(-0.999390827019096,0.0348994967025,0.));
#4865=DIRECTION('ref_axis',(0.0348994967025,0.999390827019096,0.));
#4866=DIRECTION('center_axis',(-0.999390827019096,0.0348994967025,0.));
#4867=DIRECTION('ref_axis',(0.0348994967025,0.999390827019096,0.));
#4868=DIRECTION('center_axis',(-1.,0.,0.));
#4869=DIRECTION('ref_axis',(0.,0.,1.));
#4870=DIRECTION('',(0.,1.,0.));
#4871=DIRECTION('',(0.,-0.999390827019096,0.034899496702499));
#4872=DIRECTION('center_axis',(-1.,0.,0.));
#4873=DIRECTION('ref_axis',(0.,0.,1.));
#4874=DIRECTION('',(0.,1.,0.));
#4875=DIRECTION('',(0.,1.,0.));
#4876=DIRECTION('center_axis',(-1.,0.,0.));
#4877=DIRECTION('ref_axis',(0.,0.,1.));
#4878=DIRECTION('',(0.,1.,0.));
#4879=DIRECTION('center_axis',(-1.,0.,0.));
#4880=DIRECTION('ref_axis',(0.,-0.0348994967025011,0.999390827019096));
#4881=DIRECTION('center_axis',(-1.,0.,0.));
#4882=DIRECTION('ref_axis',(0.,-0.0348994967025011,0.999390827019096));
#4883=DIRECTION('center_axis',(0.49999999999868,0.,-0.866025403785201));
#4884=DIRECTION('ref_axis',(0.866025403785201,-3.64246399154274E-18,0.49999999999868));
#4885=DIRECTION('center_axis',(-1.,0.,0.));
#4886=DIRECTION('ref_axis',(0.,-0.0348994967025011,0.999390827019096));
#4887=DIRECTION('center_axis',(1.,0.,3.4294182303396E-14));
#4888=DIRECTION('ref_axis',(3.4294182303396E-14,0.,-1.));
#4889=DIRECTION('',(0.,1.,0.));
#4890=DIRECTION('',(0.,1.,0.));
#4891=DIRECTION('center_axis',(-0.499999999998603,0.,0.866025403785246));
#4892=DIRECTION('ref_axis',(0.866025403785245,0.,0.499999999998603));
#4893=DIRECTION('',(0.,1.,0.));
#4894=DIRECTION('center_axis',(0.500000000000348,0.,0.866025403784238));
#4895=DIRECTION('ref_axis',(0.866025403784238,0.,-0.500000000000348));
#4896=DIRECTION('',(0.,1.,0.));
#4897=DIRECTION('center_axis',(1.,0.,0.));
#4898=DIRECTION('ref_axis',(0.,0.,-1.));
#4899=DIRECTION('center_axis',(-1.,0.,0.));
#4900=DIRECTION('ref_axis',(0.,0.,1.));
#4901=DIRECTION('',(0.,1.,0.));
#4902=DIRECTION('center_axis',(0.49999999999868,0.,-0.866025403785201));
#4903=DIRECTION('ref_axis',(-0.866025403785201,0.,-0.49999999999868));
#4904=DIRECTION('center_axis',(0.,-0.034899496702499,-0.999390827019096));
#4905=DIRECTION('ref_axis',(0.,-0.999390827019096,0.034899496702499));
#4906=DIRECTION('center_axis',(0.500000000002998,0.,-0.866025403782708));
#4907=DIRECTION('ref_axis',(-0.866025403782708,0.,-0.500000000002998));
#4908=DIRECTION('center_axis',(-0.499999999999147,0.,-0.866025403784931));
#4909=DIRECTION('ref_axis',(-0.866025403784931,0.,0.499999999999147));
#4910=DIRECTION('center_axis',(-0.499999999999461,0.,-0.86602540378475));
#4911=DIRECTION('ref_axis',(-0.86602540378475,0.,0.499999999999461));
#4912=DIRECTION('',(0.,1.,0.));
#4913=DIRECTION('',(0.,1.,0.));
#4914=DIRECTION('center_axis',(1.,0.,2.04785260040234E-12));
#4915=DIRECTION('ref_axis',(2.04785260040234E-12,0.,-1.));
#4916=DIRECTION('',(0.,1.,0.));
#4917=DIRECTION('center_axis',(-0.500000000002849,0.,0.866025403782794));
#4918=DIRECTION('ref_axis',(0.866025403782794,0.,0.500000000002849));
#4919=DIRECTION('center_axis',(1.,0.,0.));
#4920=DIRECTION('ref_axis',(0.,0.,-1.));
#4921=DIRECTION('center_axis',(0.499999999997201,0.,0.866025403786055));
#4922=DIRECTION('ref_axis',(0.866025403786055,0.,-0.499999999997201));
#4923=DIRECTION('',(0.,0.,1.));
#4924=DIRECTION('',(1.,0.,0.));
#4925=DIRECTION('',(0.,0.,1.));
#4926=DIRECTION('',(1.,0.,0.));
#4927=DIRECTION('',(0.,0.,1.));
#4928=DIRECTION('',(1.,0.,0.));
#4929=DIRECTION('',(0.,0.,1.));
#4930=DIRECTION('',(1.,0.,0.));
#4931=CARTESIAN_POINT('',(0.,0.,0.));
#4932=CARTESIAN_POINT('',(0.,0.,0.));
#4933=CARTESIAN_POINT('Ctrl Pts',(22.2376558041671,-4.44089209850063E-15,
-227.762344195833));
#4934=CARTESIAN_POINT('Ctrl Pts',(22.223660119445,-4.47606745507038E-15,
-227.764952315542));
#4935=CARTESIAN_POINT('Ctrl Pts',(22.2096661846088,1.56593394876546E-5,
-227.767560109178));
#4936=CARTESIAN_POINT('Ctrl Pts',(20.5206634731986,0.0037046510909798,-228.082308646261));
#4937=CARTESIAN_POINT('Ctrl Pts',(17.1528035302415,0.46023007392923,-228.709915092046));
#4938=CARTESIAN_POINT('Ctrl Pts',(12.3159917701424,2.48904890804449,-229.611263215355));
#4939=CARTESIAN_POINT('Ctrl Pts',(8.62379014661247,5.46929961017494,-230.299311286892));
#4940=CARTESIAN_POINT('Ctrl Pts',(6.14469470598688,8.69533056575229,-230.761294951678));
#4941=CARTESIAN_POINT('Ctrl Pts',(4.61266616349235,11.5724121312628,-231.046791084262));
#4942=CARTESIAN_POINT('Ctrl Pts',(3.55225280720282,14.8232550195703,-231.244400922305));
#4943=CARTESIAN_POINT('Ctrl Pts',(3.24056299588174,17.2024172706868,-231.302484850396));
#4944=CARTESIAN_POINT('Ctrl Pts',(3.19926054945324,18.3851645878175,-231.310181631751));
#4945=CARTESIAN_POINT('Ctrl Pts',(22.2376558041671,-4.44089209850063E-15,
-227.762344195833));
#4946=CARTESIAN_POINT('Ctrl Pts',(22.2247547481878,6.81572656796283E-6,
-227.766027772071));
#4947=CARTESIAN_POINT('Ctrl Pts',(22.2118241407892,5.31072776807583E-6,
-227.769738583172));
#4948=CARTESIAN_POINT('Ctrl Pts',(20.6544033958385,0.00379056011482349,
-228.214914831762));
#4949=CARTESIAN_POINT('Ctrl Pts',(17.5449890003956,0.387347345434345,-229.104520525946));
#4950=CARTESIAN_POINT('Ctrl Pts',(12.9751593213901,2.12970815885567,-230.435163004136));
#4951=CARTESIAN_POINT('Ctrl Pts',(9.28700516132505,4.81135465869554,-231.559372895583));
#4952=CARTESIAN_POINT('Ctrl Pts',(6.63832213503798,7.92038741512161,-232.41762664014));
#4953=CARTESIAN_POINT('Ctrl Pts',(4.91052298356451,10.8416541423781,-233.005687057795));
#4954=CARTESIAN_POINT('Ctrl Pts',(3.64252119907792,14.3230910757254,-233.461309403276));
#4955=CARTESIAN_POINT('Ctrl Pts',(3.252693230528,16.978470136039,-233.607331180562));
#4956=CARTESIAN_POINT('Ctrl Pts',(3.20208087608272,18.3044010001151,-233.625768511862));
#4957=CARTESIAN_POINT('Ctrl Pts',(22.2376558041671,-4.44089209850063E-15,
-227.762344195833));
#4958=CARTESIAN_POINT('Ctrl Pts',(22.2269375640669,1.5803988536616E-5,-227.768190445094));
#4959=CARTESIAN_POINT('Ctrl Pts',(22.2161474187334,-8.167889403061E-6,-227.774083536599));
#4960=CARTESIAN_POINT('Ctrl Pts',(20.9211994146025,0.0036799023385454,-228.48050801506));
#4961=CARTESIAN_POINT('Ctrl Pts',(18.3313931568503,0.282977251441715,-229.894684155017));
#4962=CARTESIAN_POINT('Ctrl Pts',(14.3867720693683,1.61107589153546,-232.083664361585));
#4963=CARTESIAN_POINT('Ctrl Pts',(10.9305074904089,3.84132045307805,-234.079165121177));
#4964=CARTESIAN_POINT('Ctrl Pts',(8.20647652466848,6.7564160080623,-235.728895580564));
#4965=CARTESIAN_POINT('Ctrl Pts',(6.30382831166179,9.72899876281917,-236.922935855808));
#4966=CARTESIAN_POINT('Ctrl Pts',(4.80828578215879,13.553000195101,-237.894342906742));
#4967=CARTESIAN_POINT('Ctrl Pts',(4.32568627939058,16.6330138237657,-238.215648101262));
#4968=CARTESIAN_POINT('Ctrl Pts',(4.26425949352654,18.1797925941879,-238.256265002618));
#4969=CARTESIAN_POINT('Ctrl Pts',(22.2376558041671,-4.44089209850063E-15,
-227.762344195833));
#4970=CARTESIAN_POINT('Ctrl Pts',(22.2296502871622,2.03277288270581E-5,
-227.770893326518));
#4971=CARTESIAN_POINT('Ctrl Pts',(22.221568291777,-1.41043498579229E-5,
-227.779514893363));
#4972=CARTESIAN_POINT('Ctrl Pts',(21.2538849952871,0.00383400186212379,
-228.812623192499));
#4973=CARTESIAN_POINT('Ctrl Pts',(19.3166448830992,0.257062376448655,-230.880798145341));
#4974=CARTESIAN_POINT('Ctrl Pts',(16.3194916531024,1.4808615426545,-234.075659464449));
#4975=CARTESIAN_POINT('Ctrl Pts',(13.5963228197216,3.5941839128924,-236.967788441626));
#4976=CARTESIAN_POINT('Ctrl Pts',(11.3601148547888,6.45636578275064,-239.331553554326));
#4977=CARTESIAN_POINT('Ctrl Pts',(9.75182188460736,9.44001644663336,-241.025926122305));
#4978=CARTESIAN_POINT('Ctrl Pts',(8.45139661905385,13.3514731465857,-242.390791477713));
#4979=CARTESIAN_POINT('Ctrl Pts',(8.02318340147947,16.5425366749585,-242.839016023669));
#4980=CARTESIAN_POINT('Ctrl Pts',(7.96926159088911,18.1471635600847,-242.895640384937));
#4981=CARTESIAN_POINT('Ctrl Pts',(22.2376558041671,-4.44089209850063E-15,
-227.762344195833));
#4982=CARTESIAN_POINT('Ctrl Pts',(22.2323476876855,1.27436090651052E-5,
-227.773607477211));
#4983=CARTESIAN_POINT('Ctrl Pts',(22.2270052790175,-3.86969227695486E-6,
-227.784934004692));
#4984=CARTESIAN_POINT('Ctrl Pts',(21.5858142346179,0.00363827736388695,
-229.145528814338));
#4985=CARTESIAN_POINT('Ctrl Pts',(20.3026395962577,0.309000207983964,-231.865025110607));
#4986=CARTESIAN_POINT('Ctrl Pts',(18.3283217504543,1.74078644852258,-235.966014959063));
#4987=CARTESIAN_POINT('Ctrl Pts',(16.5511874427129,4.08461505129074,-239.48011663762));
#4988=CARTESIAN_POINT('Ctrl Pts',(15.1003907572144,7.04897302675116,-242.184711388475));
#4989=CARTESIAN_POINT('Ctrl Pts',(14.0586235590224,10.0089871444326,-244.042646843215));
#4990=CARTESIAN_POINT('Ctrl Pts',(13.217329470039,13.7470714564831,-245.480384378949));
#4991=CARTESIAN_POINT('Ctrl Pts',(12.9404136850297,16.7200796640198,-245.939342257423));
#4992=CARTESIAN_POINT('Ctrl Pts',(12.9052477157814,18.2111948921177,-245.998009067688));
#4993=CARTESIAN_POINT('Ctrl Pts',(22.2376558041671,-4.44089209850063E-15,
-227.762344195833));
#4994=CARTESIAN_POINT('Ctrl Pts',(22.2339722278479,6.81572656309358E-6,
-227.77524525179));
#4995=CARTESIAN_POINT('Ctrl Pts',(22.2302614168142,5.31072770947294E-6,
-227.788175859157));
#4996=CARTESIAN_POINT('Ctrl Pts',(21.7850851685526,0.00379056011377845,
-229.345596605759));
#4997=CARTESIAN_POINT('Ctrl Pts',(20.8954794740774,0.387347345434164,-232.45501099972));
#4998=CARTESIAN_POINT('Ctrl Pts',(19.5648369959255,2.12970815885542,-237.02484067892));
#4999=CARTESIAN_POINT('Ctrl Pts',(18.4406271044365,4.81135465869552,-240.712994838774));
#5000=CARTESIAN_POINT('Ctrl Pts',(17.5823733598768,7.92038741512209,-243.361677865047));
#5001=CARTESIAN_POINT('Ctrl Pts',(16.9943129422141,10.8416541423789,-245.089477016485));
#5002=CARTESIAN_POINT('Ctrl Pts',(16.5386905967284,14.3230910757251,-246.357478800942));
#5003=CARTESIAN_POINT('Ctrl Pts',(16.3926688194385,16.9784701360397,-246.747306769472));
#5004=CARTESIAN_POINT('Ctrl Pts',(16.3742314881378,18.304401000115,-246.797919123917));
#5005=CARTESIAN_POINT('Ctrl Pts',(22.2376558041671,-4.44089209850063E-15,
-227.762344195833));
#5006=CARTESIAN_POINT('Ctrl Pts',(22.2350476843708,-4.44670367933468E-15,
-227.776339880539));
#5007=CARTESIAN_POINT('Ctrl Pts',(22.2324398908111,1.56593394148335E-5,
-227.790333815334));
#5008=CARTESIAN_POINT('Ctrl Pts',(21.9176913540529,0.00370465108990893,
-229.479336528399));
#5009=CARTESIAN_POINT('Ctrl Pts',(21.2900849079775,0.460230073929031,-232.847196469874));
#5010=CARTESIAN_POINT('Ctrl Pts',(20.3887367847061,2.48904890804421,-237.684008230168));
#5011=CARTESIAN_POINT('Ctrl Pts',(19.7006887131277,5.4692996101749,-241.376209853486));
#5012=CARTESIAN_POINT('Ctrl Pts',(19.2387050483387,8.69533056575275,-243.855305294098));
#5013=CARTESIAN_POINT('Ctrl Pts',(18.9532089157475,11.5724121312635,-245.387333836557));
#5014=CARTESIAN_POINT('Ctrl Pts',(18.7555990776988,14.82325501957,-246.447747192817));
#5015=CARTESIAN_POINT('Ctrl Pts',(18.6975151496046,17.2024172706875,-246.759437004118));
#5016=CARTESIAN_POINT('Ctrl Pts',(18.6898183682492,18.3851645878174,-246.800739450547));
#5017=CARTESIAN_POINT('',(3.19926054945324,18.3851645878174,-231.310181631751));
#5018=CARTESIAN_POINT('',(18.6898183682492,18.3851645878174,-246.800739450547));
#5019=CARTESIAN_POINT('Origin',(18.6898183682492,18.9261067867061,-231.310181631751));
#5020=CARTESIAN_POINT('',(22.237655804167,-6.66133814775094E-15,-227.762344195833));
#5021=CARTESIAN_POINT('Ctrl Pts',(18.6898183682492,18.3851645878174,-246.800739450547));
#5022=CARTESIAN_POINT('Ctrl Pts',(18.6975151496046,17.2024172706875,-246.759437004118));
#5023=CARTESIAN_POINT('Ctrl Pts',(18.7555990776988,14.82325501957,-246.447747192817));
#5024=CARTESIAN_POINT('Ctrl Pts',(18.9532089157475,11.5724121312635,-245.387333836557));
#5025=CARTESIAN_POINT('Ctrl Pts',(19.2387050483387,8.69533056575275,-243.855305294098));
#5026=CARTESIAN_POINT('Ctrl Pts',(19.7006887131277,5.4692996101749,-241.376209853486));
#5027=CARTESIAN_POINT('Ctrl Pts',(20.3887367847061,2.48904890804421,-237.684008230168));
#5028=CARTESIAN_POINT('Ctrl Pts',(21.2900849079775,0.460230073929031,-232.847196469874));
#5029=CARTESIAN_POINT('Ctrl Pts',(21.9176913540529,0.00370465108990893,
-229.479336528399));
#5030=CARTESIAN_POINT('Ctrl Pts',(22.2324398908111,1.56593394148335E-5,
-227.790333815334));
#5031=CARTESIAN_POINT('Ctrl Pts',(22.2350476843708,-4.44670367933468E-15,
-227.776339880539));
#5032=CARTESIAN_POINT('Ctrl Pts',(22.2376558041671,-4.44089209850063E-15,
-227.762344195833));
#5033=CARTESIAN_POINT('Ctrl Pts',(22.2376558041671,-4.44089209850063E-15,
-227.762344195833));
#5034=CARTESIAN_POINT('Ctrl Pts',(22.223660119445,-4.47606745507038E-15,
-227.764952315542));
#5035=CARTESIAN_POINT('Ctrl Pts',(22.2096661846088,1.56593394876546E-5,
-227.767560109178));
#5036=CARTESIAN_POINT('Ctrl Pts',(20.5206634731986,0.0037046510909798,-228.082308646261));
#5037=CARTESIAN_POINT('Ctrl Pts',(17.1528035302415,0.46023007392923,-228.709915092046));
#5038=CARTESIAN_POINT('Ctrl Pts',(12.3159917701424,2.48904890804449,-229.611263215355));
#5039=CARTESIAN_POINT('Ctrl Pts',(8.62379014661247,5.46929961017494,-230.299311286892));
#5040=CARTESIAN_POINT('Ctrl Pts',(6.14469470598688,8.69533056575229,-230.761294951678));
#5041=CARTESIAN_POINT('Ctrl Pts',(4.61266616349235,11.5724121312628,-231.046791084262));
#5042=CARTESIAN_POINT('Ctrl Pts',(3.55225280720282,14.8232550195703,-231.244400922305));
#5043=CARTESIAN_POINT('Ctrl Pts',(3.24056299588174,17.2024172706868,-231.302484850396));
#5044=CARTESIAN_POINT('Ctrl Pts',(3.19926054945324,18.3851645878175,-231.310181631751));
#5045=CARTESIAN_POINT('Origin',(18.8191439825629,15.2227057392518,-231.180856017437));
#5046=CARTESIAN_POINT('',(-6.73555739531044E-15,110.,-234.509442181204));
#5047=CARTESIAN_POINT('',(15.490557818796,110.,-250.));
#5048=CARTESIAN_POINT('Origin',(15.5094479366317,110.,-234.490552063368));
#5049=CARTESIAN_POINT('',(18.8191439825629,14.6817635403631,-246.671413836233));
#5050=CARTESIAN_POINT('',(3.32858616376689,14.681763540363,-231.180856017437));
#5051=CARTESIAN_POINT('Origin',(-6.73555739531044E-15,110.,0.));
#5052=CARTESIAN_POINT('',(-6.73555739531044E-15,110.,-15.490557818796));
#5053=CARTESIAN_POINT('',(-6.73555739531044E-15,110.,0.));
#5054=CARTESIAN_POINT('',(15.490557818796,110.,0.));
#5055=CARTESIAN_POINT('Origin',(15.5094479366317,110.,-15.5094479366317));
#5056=CARTESIAN_POINT('',(28.,110.,0.));
#5057=CARTESIAN_POINT('',(-6.73555739531044E-15,110.,0.));
#5058=CARTESIAN_POINT('',(28.,110.,-17.5207259421907));
#5059=CARTESIAN_POINT('',(28.,110.,-250.));
#5060=CARTESIAN_POINT('',(24.1999999999997,110.,-15.3267949192777));
#5061=CARTESIAN_POINT('',(24.1999999999997,110.,-15.3267949192777));
#5062=CARTESIAN_POINT('',(24.1999999999997,110.,-25.6732050807807));
#5063=CARTESIAN_POINT('',(24.1999999999997,110.,-15.3267949192777));
#5064=CARTESIAN_POINT('',(28.,110.,-23.4792740578579));
#5065=CARTESIAN_POINT('',(24.1999999999997,110.,-25.6732050807807));
#5066=CARTESIAN_POINT('',(28.,110.,-226.52072594232));
#5067=CARTESIAN_POINT('',(28.,110.,-250.));
#5068=CARTESIAN_POINT('',(24.1999999998294,110.,-224.326794919284));
#5069=CARTESIAN_POINT('',(24.1999999998294,110.,-224.326794919284));
#5070=CARTESIAN_POINT('',(24.1999999998116,110.,-234.673205080796));
#5071=CARTESIAN_POINT('',(24.1999999998116,110.,-234.673205080796));
#5072=CARTESIAN_POINT('',(28.,110.,-232.479274057783));
#5073=CARTESIAN_POINT('',(24.1999999998116,110.,-234.673205080796));
#5074=CARTESIAN_POINT('',(28.,110.,-250.));
#5075=CARTESIAN_POINT('',(28.,110.,-250.));
#5076=CARTESIAN_POINT('',(-6.73555739531044E-15,110.,-250.));
#5077=CARTESIAN_POINT('',(1.20073145315859,110.,-188.6));
#5078=CARTESIAN_POINT('',(1.20073145315859,110.,-234.507979720468));
#5079=CARTESIAN_POINT('',(1.20073145315859,110.,0.));
#5080=CARTESIAN_POINT('',(15.4920202795317,110.000000000001,-248.799268546842));
#5081=CARTESIAN_POINT('Origin',(15.5094479366317,110.,-234.490552063368));
#5082=CARTESIAN_POINT('',(26.8,110.000000000001,-248.799268546842));
#5083=CARTESIAN_POINT('',(0.,110.000000000001,-248.799268546842));
#5084=CARTESIAN_POINT('',(26.8,110.,-234.557735026831));
#5085=CARTESIAN_POINT('',(26.8,110.,-250.));
#5086=CARTESIAN_POINT('',(22.9999999998026,110.,-236.751666049863));
#5087=CARTESIAN_POINT('',(22.9999999998026,110.,-236.751666049863));
#5088=CARTESIAN_POINT('',(22.9999999998323,110.,-222.24833395021));
#5089=CARTESIAN_POINT('',(22.9999999998026,110.,-236.751666049863));
#5090=CARTESIAN_POINT('',(26.8,110.,-224.442264973244));
#5091=CARTESIAN_POINT('',(22.9999999998323,110.,-222.24833395021));
#5092=CARTESIAN_POINT('',(26.8,110.,-25.5577350269369));
#5093=CARTESIAN_POINT('',(26.8,110.,-250.));
#5094=CARTESIAN_POINT('',(22.9999999999992,110.,-27.7516660498529));
#5095=CARTESIAN_POINT('',(22.9999999999992,110.,-27.751666049853));
#5096=CARTESIAN_POINT('',(22.9999999999997,110.,-13.2483339502036));
#5097=CARTESIAN_POINT('',(22.9999999999997,110.,-13.2483339502036));
#5098=CARTESIAN_POINT('',(26.8,110.,-15.4422649731093));
#5099=CARTESIAN_POINT('',(22.9999999999997,110.,-13.2483339502036));
#5100=CARTESIAN_POINT('',(26.8,110.,-1.20073145315859));
#5101=CARTESIAN_POINT('',(26.8,110.,-250.));
#5102=CARTESIAN_POINT('',(15.4920202795317,110.,-1.20073145315859));
#5103=CARTESIAN_POINT('',(0.,110.,-1.20073145315859));
#5104=CARTESIAN_POINT('',(1.20073145315859,110.,-15.4920202795317));
#5105=CARTESIAN_POINT('Origin',(15.5094479366317,110.,-15.5094479366317));
#5106=CARTESIAN_POINT('',(1.20073145315859,110.,-103.4));
#5107=CARTESIAN_POINT('',(1.20073145315859,110.,0.));
#5108=CARTESIAN_POINT('',(26.7,110.,-103.4));
#5109=CARTESIAN_POINT('',(26.7,110.,-103.4));
#5110=CARTESIAN_POINT('',(26.6999999999998,110.,-104.6));
#5111=CARTESIAN_POINT('',(26.6999999999998,110.,-104.6));
#5112=CARTESIAN_POINT('',(1.20073145315859,110.,-104.6));
#5113=CARTESIAN_POINT('',(1.20000000000001,110.,-104.6));
#5114=CARTESIAN_POINT('',(1.20073145315859,110.,-187.4));
#5115=CARTESIAN_POINT('',(1.20073145315859,110.,0.));
#5116=CARTESIAN_POINT('',(26.7,110.,-187.4));
#5117=CARTESIAN_POINT('',(26.7,110.,-187.4));
#5118=CARTESIAN_POINT('',(26.6999999999998,110.,-188.6));
#5119=CARTESIAN_POINT('',(26.6999999999998,110.,-188.6));
#5120=CARTESIAN_POINT('',(1.20000000000001,110.,-188.6));
#5121=CARTESIAN_POINT('Origin',(3.19926054945325,18.3851645878173,0.));
#5122=CARTESIAN_POINT('',(3.19926054945324,18.3851645878174,-18.6898183682492));
#5123=CARTESIAN_POINT('',(3.19926054945324,18.3851645878174,0.));
#5124=CARTESIAN_POINT('',(1.57884017692031,64.7879328004668,-17.0693979957163));
#5125=CARTESIAN_POINT('Origin',(22.237655804167,19.05,0.));
#5126=CARTESIAN_POINT('',(22.237655804167,-6.66133814775094E-15,-22.237655804167));
#5127=CARTESIAN_POINT('',(22.237655804167,0.,0.));
#5128=CARTESIAN_POINT('Ctrl Pts',(3.19926054945324,18.3851645878174,-18.6898183682492));
#5129=CARTESIAN_POINT('Ctrl Pts',(3.24056299757307,17.2024172222534,-18.6975151499199));
#5130=CARTESIAN_POINT('Ctrl Pts',(3.55340536902667,14.8208638650862,-18.7558138595605));
#5131=CARTESIAN_POINT('Ctrl Pts',(4.60973087992018,11.5763385535067,-18.9526619206446));
#5132=CARTESIAN_POINT('Ctrl Pts',(6.14530010877453,8.69452037324335,-19.2388178661792));
#5133=CARTESIAN_POINT('Ctrl Pts',(7.99779910063709,6.28160894864306,-19.5840342137406));
#5134=CARTESIAN_POINT('Ctrl Pts',(10.1081100792496,4.26956424926565,-19.9772942648759));
#5135=CARTESIAN_POINT('Ctrl Pts',(13.1178824943753,2.15598438423554,-20.5381704891985));
#5136=CARTESIAN_POINT('Ctrl Pts',(17.1621190979503,0.450700648303467,-21.2918208799301));
#5137=CARTESIAN_POINT('Ctrl Pts',(20.5203423766035,0.00394083132404233,
-21.9176315170471));
#5138=CARTESIAN_POINT('Ctrl Pts',(22.2096686433506,1.42484035649565E-5,
-22.2324403490052));
#5139=CARTESIAN_POINT('Ctrl Pts',(22.2236603993848,-6.66235770291027E-15,
-22.2350477366144));
#5140=CARTESIAN_POINT('Ctrl Pts',(22.237655804167,-6.66133814775094E-15,
-22.237655804167));
#5141=CARTESIAN_POINT('Origin',(17.0693979957163,65.3288749993555,-17.0693979957163));
#5142=CARTESIAN_POINT('',(18.6898183682492,18.3851645878174,-3.19926054945324));
#5143=CARTESIAN_POINT('Origin',(18.6898183682492,18.9261067867061,-18.6898183682492));
#5144=CARTESIAN_POINT('',(17.0693979957163,64.7879328004668,-1.57884017692031));
#5145=CARTESIAN_POINT('Ctrl Pts',(3.19926054945324,18.3851645878174,-18.6898183682492));
#5146=CARTESIAN_POINT('Ctrl Pts',(3.24056299757307,17.2024172222534,-18.6975151499199));
#5147=CARTESIAN_POINT('Ctrl Pts',(3.55340536902667,14.8208638650862,-18.7558138595605));
#5148=CARTESIAN_POINT('Ctrl Pts',(4.60973087992018,11.5763385535067,-18.9526619206446));
#5149=CARTESIAN_POINT('Ctrl Pts',(6.14530010877453,8.69452037324335,-19.2388178661792));
#5150=CARTESIAN_POINT('Ctrl Pts',(7.99779910063709,6.28160894864306,-19.5840342137406));
#5151=CARTESIAN_POINT('Ctrl Pts',(10.1081100792496,4.26956424926565,-19.9772942648759));
#5152=CARTESIAN_POINT('Ctrl Pts',(13.1178824943753,2.15598438423554,-20.5381704891985));
#5153=CARTESIAN_POINT('Ctrl Pts',(17.1621190979503,0.450700648303467,-21.2918208799301));
#5154=CARTESIAN_POINT('Ctrl Pts',(20.5203423766035,0.00394083132404233,
-21.9176315170471));
#5155=CARTESIAN_POINT('Ctrl Pts',(22.2096686433506,1.42484035649565E-5,
-22.2324403490052));
#5156=CARTESIAN_POINT('Ctrl Pts',(22.2236603993848,-6.66235770291027E-15,
-22.2350477366144));
#5157=CARTESIAN_POINT('Ctrl Pts',(22.237655804167,-6.66133814775094E-15,
-22.237655804167));
#5158=CARTESIAN_POINT('Ctrl Pts',(3.20208087608273,18.304401000115,-16.3742314881378));
#5159=CARTESIAN_POINT('Ctrl Pts',(3.25342666601205,16.9785049487666,-16.393314768288));
#5160=CARTESIAN_POINT('Ctrl Pts',(3.64380751131146,14.320724367634,-16.5393254245432));
#5161=CARTESIAN_POINT('Ctrl Pts',(4.90739192643177,10.8452574093457,-16.9932130612509));
#5162=CARTESIAN_POINT('Ctrl Pts',(6.63969992238513,7.92027889769899,-17.5830518509904));
#5163=CARTESIAN_POINT('Ctrl Pts',(8.6182578499868,5.59338672517981,-18.2237734222502));
#5164=CARTESIAN_POINT('Ctrl Pts',(10.7708937188424,3.73248399159474,-18.8927631211664));
#5165=CARTESIAN_POINT('Ctrl Pts',(13.7317442329156,1.84314133948092,-19.7843186996295));
#5166=CARTESIAN_POINT('Ctrl Pts',(17.5554958801059,0.37901321343928,-20.8984739519608));
#5167=CARTESIAN_POINT('Ctrl Pts',(20.6534104048021,0.00330327555654819,
-21.7845398715742));
#5168=CARTESIAN_POINT('Ctrl Pts',(22.2118374127395,1.21951599119844E-5,
-22.2302717055883));
#5169=CARTESIAN_POINT('Ctrl Pts',(22.2247449076897,-6.66235770291027E-15,
-22.2339632283073));
#5170=CARTESIAN_POINT('Ctrl Pts',(22.237655804167,-6.66133814775094E-15,
-22.237655804167));
#5171=CARTESIAN_POINT('Ctrl Pts',(4.26336372099386,18.1797656529094,-11.7438592726428));
#5172=CARTESIAN_POINT('Ctrl Pts',(4.32651365155897,16.6330599610034,-11.7857675378104));
#5173=CARTESIAN_POINT('Ctrl Pts',(4.80928198557294,13.5504129750159,-12.1068131462328));
#5174=CARTESIAN_POINT('Ctrl Pts',(6.29989248557997,9.73204319454946,-13.075127179832));
#5175=CARTESIAN_POINT('Ctrl Pts',(8.20830090582229,6.75724182126919,-14.2724100265029));
#5176=CARTESIAN_POINT('Ctrl Pts',(10.2422217725216,4.5730262367114,-15.504136532267));
#5177=CARTESIAN_POINT('Ctrl Pts',(12.3217664070008,2.94550192615778,-16.724460547712));
#5178=CARTESIAN_POINT('Ctrl Pts',(15.0375514746357,1.39167654001515,-18.2771493014261));
#5179=CARTESIAN_POINT('Ctrl Pts',(18.3420485328356,0.277033726582104,-20.1120018193656));
#5180=CARTESIAN_POINT('Ctrl Pts',(20.9195285164479,0.00237615226493242,
-21.5183923746333));
#5181=CARTESIAN_POINT('Ctrl Pts',(22.2161750562982,9.35521889713393E-6,
-22.22593421603));
#5182=CARTESIAN_POINT('Ctrl Pts',(22.2269139242995,-6.66235770291027E-15,
-22.2317942116932));
#5183=CARTESIAN_POINT('Ctrl Pts',(22.237655804167,-6.66133814775094E-15,
-22.237655804167));
#5184=CARTESIAN_POINT('Ctrl Pts',(8.33884951798581,18.1437902233478,-6.63817196276503));
#5185=CARTESIAN_POINT('Ctrl Pts',(8.39399267041746,16.5333783826409,-6.69835340829536));
#5186=CARTESIAN_POINT('Ctrl Pts',(8.81640190025487,13.3283759425939,-7.15918386184516));
#5187=CARTESIAN_POINT('Ctrl Pts',(10.0934416501826,9.41341091428418,-8.55943157017328));
#5188=CARTESIAN_POINT('Ctrl Pts',(11.6772825531222,6.4271375355258,-10.3093709041958));
#5189=CARTESIAN_POINT('Ctrl Pts',(13.3103167799615,4.28577998514388,-12.1277653788023));
#5190=CARTESIAN_POINT('Ctrl Pts',(14.9299229023454,2.72559092774549,-13.9438552016993));
#5191=CARTESIAN_POINT('Ctrl Pts',(16.9908173682607,1.26674292388493,-16.2682756660848));
#5192=CARTESIAN_POINT('Ctrl Pts',(19.4237095599679,0.249077161158104,-19.0303732135976));
#5193=CARTESIAN_POINT('Ctrl Pts',(21.2854989439858,0.00211997334125473,
-21.1524153198123));
#5194=CARTESIAN_POINT('Ctrl Pts',(22.2221389964079,8.58128920955328E-6,
-22.2199703098055));
#5195=CARTESIAN_POINT('Ctrl Pts',(22.229896322138,-6.66235770291026E-15,
-22.2288118138487));
#5196=CARTESIAN_POINT('Ctrl Pts',(22.237655804167,-6.66133814775094E-15,
-22.237655804167));
#5197=CARTESIAN_POINT('Ctrl Pts',(13.4807205481068,18.2240892406219,-3.79576392967384));
#5198=CARTESIAN_POINT('Ctrl Pts',(13.5140561061968,16.7560027970386,-3.85503412616929));
#5199=CARTESIAN_POINT('Ctrl Pts',(13.7694421093198,13.8244313768351,-4.30756044310134));
#5200=CARTESIAN_POINT('Ctrl Pts',(14.5446515284908,10.1270753552193,-5.7255713779465));
#5201=CARTESIAN_POINT('Ctrl Pts',(15.5139899656988,7.16870302195825,-7.58236777921231));
#5202=CARTESIAN_POINT('Ctrl Pts',(16.523994046235,4.93296114390346,-9.60841771651888));
#5203=CARTESIAN_POINT('Ctrl Pts',(17.5375273004498,3.22237346106061,-11.7256098464828));
#5204=CARTESIAN_POINT('Ctrl Pts',(18.8422839853588,1.54995408879769,-14.5427767304196));
#5205=CARTESIAN_POINT('Ctrl Pts',(20.4069049701852,0.312649458807847,-18.0470236772143));
#5206=CARTESIAN_POINT('Ctrl Pts',(21.6181938468118,0.00269557550871521,
-20.8197223215006));
#5207=CARTESIAN_POINT('Ctrl Pts',(22.227560796355,1.03778264780466E-5,-22.2145485071766));
#5208=CARTESIAN_POINT('Ctrl Pts',(22.2326075929002,-6.66235770291027E-15,
-22.226100543081));
#5209=CARTESIAN_POINT('Ctrl Pts',(22.237655804167,-6.66133814775094E-15,
-22.237655804167));
#5210=CARTESIAN_POINT('Ctrl Pts',(16.9531282081656,18.3245918970406,-3.20137579442536));
#5211=CARTESIAN_POINT('Ctrl Pts',(16.9693872533523,17.0344123114837,-3.25020909267147));
#5212=CARTESIAN_POINT('Ctrl Pts',(17.093371677578,14.4456199146593,-3.62123605618817));
#5213=CARTESIAN_POINT('Ctrl Pts',(17.4832047146189,11.0278741702159,-4.83298985993144));
#5214=CARTESIAN_POINT('Ctrl Pts',(17.9972221156564,8.11375907493504,-6.51608564259988));
#5215=CARTESIAN_POINT('Ctrl Pts',(18.5641096642824,5.76542364983771,-8.46310101752769));
#5216=CARTESIAN_POINT('Ctrl Pts',(19.1641466018192,3.86677561777815,-10.6051423767998));
#5217=CARTESIAN_POINT('Ctrl Pts',(19.9729664110523,1.92138839791088,-13.5782277741199));
#5218=CARTESIAN_POINT('Ctrl Pts',(20.9968879083879,0.396955617530465,-17.4571285639842));
#5219=CARTESIAN_POINT('Ctrl Pts',(21.8178252485187,0.0034656559284796,-20.6201397914007));
#5220=CARTESIAN_POINT('Ctrl Pts',(22.2308137958369,1.26915365894318E-5,
-22.2112952408295));
#5221=CARTESIAN_POINT('Ctrl Pts',(22.2342343553576,-6.66235770291027E-15,
-22.2244737806204));
#5222=CARTESIAN_POINT('Ctrl Pts',(22.237655804167,-6.66133814775094E-15,
-22.237655804167));
#5223=CARTESIAN_POINT('Ctrl Pts',(18.6898183682492,18.3851645878174,-3.19926054945324));
#5224=CARTESIAN_POINT('Ctrl Pts',(18.6975151499199,17.2024172222534,-3.24056299757308));
#5225=CARTESIAN_POINT('Ctrl Pts',(18.7558138595608,14.8208638650863,-3.55340536902469));
#5226=CARTESIAN_POINT('Ctrl Pts',(18.9526619206459,11.5763385535066,-4.60973087991273));
#5227=CARTESIAN_POINT('Ctrl Pts',(19.2388178661805,8.69452037324327,-6.14530010876739));
#5228=CARTESIAN_POINT('Ctrl Pts',(19.5840342137454,6.28160894864296,-7.997799100611));
#5229=CARTESIAN_POINT('Ctrl Pts',(19.977294264878,4.26956424926552,-10.1081100792387));
#5230=CARTESIAN_POINT('Ctrl Pts',(20.5381704892186,2.15598438423549,-13.1178824942646));
#5231=CARTESIAN_POINT('Ctrl Pts',(21.2918208799118,0.450700648303448,-17.1621190980512));
#5232=CARTESIAN_POINT('Ctrl Pts',(21.9176315171393,0.00394083132371918,
-20.5203423760981));
#5233=CARTESIAN_POINT('Ctrl Pts',(22.2324403490017,1.42484035414852E-5,
-22.2096686433691));
#5234=CARTESIAN_POINT('Ctrl Pts',(22.2350477365863,-6.66235770291027E-15,
-22.2236603993901));
#5235=CARTESIAN_POINT('Ctrl Pts',(22.237655804167,-6.66133814775094E-15,
-22.237655804167));
#5236=CARTESIAN_POINT('Ctrl Pts',(22.237655804167,-6.66133814775094E-15,
-22.237655804167));
#5237=CARTESIAN_POINT('Ctrl Pts',(22.2350477365863,-6.66235770291027E-15,
-22.2236603993901));
#5238=CARTESIAN_POINT('Ctrl Pts',(22.2324403490017,1.42484035414852E-5,
-22.2096686433691));
#5239=CARTESIAN_POINT('Ctrl Pts',(21.9176315171393,0.00394083132371918,
-20.5203423760981));
#5240=CARTESIAN_POINT('Ctrl Pts',(21.2918208799118,0.450700648303448,-17.1621190980512));
#5241=CARTESIAN_POINT('Ctrl Pts',(20.5381704892186,2.15598438423549,-13.1178824942646));
#5242=CARTESIAN_POINT('Ctrl Pts',(19.977294264878,4.26956424926552,-10.1081100792387));
#5243=CARTESIAN_POINT('Ctrl Pts',(19.5840342137454,6.28160894864296,-7.997799100611));
#5244=CARTESIAN_POINT('Ctrl Pts',(19.2388178661805,8.69452037324327,-6.14530010876739));
#5245=CARTESIAN_POINT('Ctrl Pts',(18.9526619206459,11.5763385535066,-4.60973087991273));
#5246=CARTESIAN_POINT('Ctrl Pts',(18.7558138595608,14.8208638650863,-3.55340536902469));
#5247=CARTESIAN_POINT('Ctrl Pts',(18.6975151499199,17.2024172222534,-3.24056299757308));
#5248=CARTESIAN_POINT('Ctrl Pts',(18.6898183682492,18.3851645878174,-3.19926054945324));
#5249=CARTESIAN_POINT('Origin',(0.,19.05,-22.237655804167));
#5250=CARTESIAN_POINT('',(24.1999999999997,0.,-22.237655804167));
#5251=CARTESIAN_POINT('',(0.,0.,-22.237655804167));
#5252=CARTESIAN_POINT('',(24.1999999999997,1.29774657037293,-15.3267949192777));
#5253=CARTESIAN_POINT('Origin',(24.1999999999997,19.05,-22.237655804167));
#5254=CARTESIAN_POINT('',(28.,0.593210661732195,-17.5207259421907));
#5255=CARTESIAN_POINT('Origin',(36.1699621767106,19.05,-22.237655804167));
#5256=CARTESIAN_POINT('',(28.,18.3851645878174,-3.19926054945324));
#5257=CARTESIAN_POINT('Origin',(28.,19.05,-22.237655804167));
#5258=CARTESIAN_POINT('',(0.,18.3851645878174,-3.19926054945324));
#5259=CARTESIAN_POINT('Origin',(17.0701283365474,65.3079607743346,-17.0701283365474));
#5260=CARTESIAN_POINT('',(18.6898183682492,18.4270439838604,-4.39852954187616));
#5261=CARTESIAN_POINT('',(17.0701283365474,64.8088979714888,-2.77883951017428));
#5262=CARTESIAN_POINT('',(4.39852954187616,18.4270439838604,-18.6898183682492));
#5263=CARTESIAN_POINT('Origin',(18.6898183682492,18.9261067867061,-18.6898183682492));
#5264=CARTESIAN_POINT('',(2.77883951017428,64.8088979714888,-17.0701283365474));
#5265=CARTESIAN_POINT('Ctrl Pts',(4.39852954187616,18.4270439838604,-18.6898183682492));
#5266=CARTESIAN_POINT('Ctrl Pts',(4.43723131489178,17.3187702092873,-18.6975153595212));
#5267=CARTESIAN_POINT('Ctrl Pts',(4.72963625670984,15.0878506648697,-18.7556687233));
#5268=CARTESIAN_POINT('Ctrl Pts',(5.72046943214003,12.0465686316397,-18.9527251811586));
#5269=CARTESIAN_POINT('Ctrl Pts',(7.15629846024877,9.34909793203595,-19.2382822147595));
#5270=CARTESIAN_POINT('Ctrl Pts',(9.47722926396256,6.32810021020877,-19.6998678928093));
#5271=CARTESIAN_POINT('Ctrl Pts',(12.2514040101316,4.08697481266134,-20.2515945229968));
#5272=CARTESIAN_POINT('Ctrl Pts',(15.2098342083534,2.58085903033755,-20.8399657949123));
#5273=CARTESIAN_POINT('Ctrl Pts',(17.5043362496606,1.78258714680897,-21.2962953325324));
#5274=CARTESIAN_POINT('Ctrl Pts',(19.8397928280955,1.3090357378857,-21.7607698901549));
#5275=CARTESIAN_POINT('Ctrl Pts',(21.4143246223024,1.20168893635892,-22.0739120676903));
#5276=CARTESIAN_POINT('Ctrl Pts',(22.2117759048335,1.20001472947617,-22.2325088213874));
#5277=CARTESIAN_POINT('Ctrl Pts',(22.2247164660723,1.2,-22.2350824344071));
#5278=CARTESIAN_POINT('Ctrl Pts',(22.237655804167,1.2,-22.237655804167));
#5279=CARTESIAN_POINT('Ctrl Pts',(4.40113152063755,18.3525330610124,-16.553502730469));
#5280=CARTESIAN_POINT('Ctrl Pts',(4.44909933874858,17.1121894830822,-16.5717049709292));
#5281=CARTESIAN_POINT('Ctrl Pts',(4.81297176207679,14.6262819046432,-16.7106629580536));
#5282=CARTESIAN_POINT('Ctrl Pts',(5.99517429250121,11.3721342238204,-17.1450489016047));
#5283=CARTESIAN_POINT('Ctrl Pts',(7.61216488197822,8.63425613769139,-17.7102713320481));
#5284=CARTESIAN_POINT('Ctrl Pts',(10.0890503153233,5.72038488402782,-18.5365019744642));
#5285=CARTESIAN_POINT('Ctrl Pts',(12.8609196381124,3.70055380466653,-19.4111987889594));
#5286=CARTESIAN_POINT('Ctrl Pts',(15.6945749815703,2.38164889942665,-20.2775918481));
#5287=CARTESIAN_POINT('Ctrl Pts',(17.8528503172236,1.69538082005528,-20.9287367672903));
#5288=CARTESIAN_POINT('Ctrl Pts',(20.0226678975459,1.29225451348666,-21.5777441103984));
#5289=CARTESIAN_POINT('Ctrl Pts',(21.4771568395239,1.20143807479233,-22.0110967679489));
#5290=CARTESIAN_POINT('Ctrl Pts',(22.2137503048634,1.20001240627469,-22.2305342257258));
#5291=CARTESIAN_POINT('Ctrl Pts',(22.2257037011512,1.2,-22.2340951993277));
#5292=CARTESIAN_POINT('Ctrl Pts',(22.237655804167,1.2,-22.237655804167));
#5293=CARTESIAN_POINT('Ctrl Pts',(5.38030525578778,18.23754919915,-12.2816220035796));
#5294=CARTESIAN_POINT('Ctrl Pts',(5.43916364214974,16.7934853729481,-12.3208827068986));
#5295=CARTESIAN_POINT('Ctrl Pts',(5.88823272090792,13.9153695013249,-12.6210891196377));
#5296=CARTESIAN_POINT('Ctrl Pts',(7.27997426315948,10.345200036478,-13.5304781578886));
#5297=CARTESIAN_POINT('Ctrl Pts',(9.05923962114566,7.56038292545281,-14.6550752614108));
#5298=CARTESIAN_POINT('Ctrl Pts',(11.6047287256601,4.82421416832664,-16.2107128243979));
#5299=CARTESIAN_POINT('Ctrl Pts',(14.2060097733306,3.1394468207775,-17.7309215165008));
#5300=CARTESIAN_POINT('Ctrl Pts',(16.7072888711049,2.09468492021684,-19.153122263739));
#5301=CARTESIAN_POINT('Ctrl Pts',(18.5604983090818,1.57052457232889,-20.1937878571217));
#5302=CARTESIAN_POINT('Ctrl Pts',(20.3884112871486,1.26827449460028,-21.2117709665284));
#5303=CARTESIAN_POINT('Ctrl Pts',(21.6028003993053,1.20108057452748,-21.8854750754652));
#5304=CARTESIAN_POINT('Ctrl Pts',(22.217699336599,1.20000907710006,-22.2265849391252));
#5305=CARTESIAN_POINT('Ctrl Pts',(22.2276781713091,1.2,-22.232120729169));
#5306=CARTESIAN_POINT('Ctrl Pts',(22.237655804167,1.2,-22.237655804167));
#5307=CARTESIAN_POINT('Ctrl Pts',(9.14022600818821,18.2043574339457,-7.57121345588069));
#5308=CARTESIAN_POINT('Ctrl Pts',(9.19169729485159,16.7015179473269,-7.6273331008238));
#5309=CARTESIAN_POINT('Ctrl Pts',(9.58525656594297,13.7104452058268,-8.05626182335808));
#5310=CARTESIAN_POINT('Ctrl Pts',(10.7797306548113,10.0512584958855,-9.36452095483149));
#5311=CARTESIAN_POINT('Ctrl Pts',(12.2602559044518,7.25556387867425,-10.9979610106638));
#5312=CARTESIAN_POINT('Ctrl Pts',(14.3111266036242,4.57277967231236,-13.2775588325592));
#5313=CARTESIAN_POINT('Ctrl Pts',(16.3156859460548,2.98354472113202,-15.5281078625691));
#5314=CARTESIAN_POINT('Ctrl Pts',(18.1872512185263,2.01535908980781,-17.6422756936551));
#5315=CARTESIAN_POINT('Ctrl Pts',(19.5550394457181,1.53614684254332,-19.1917209323174));
#5316=CARTESIAN_POINT('Ctrl Pts',(20.8915464428014,1.26168189913111,-20.7085699504491));
#5317=CARTESIAN_POINT('Ctrl Pts',(21.7755489120371,1.20098276436293,-21.7127321105137));
#5318=CARTESIAN_POINT('Ctrl Pts',(22.2231293935157,1.20000815603214,-22.221154817113));
#5319=CARTESIAN_POINT('Ctrl Pts',(22.2303930677761,1.2,-22.2294058327006));
#5320=CARTESIAN_POINT('Ctrl Pts',(22.237655804167,1.2,-22.237655804167));
#5321=CARTESIAN_POINT('Ctrl Pts',(13.8840175126977,18.2784397959628,-4.94886323389187));
#5322=CARTESIAN_POINT('Ctrl Pts',(13.9153689870093,16.9069105418331,-5.00414215521823));
#5323=CARTESIAN_POINT('Ctrl Pts',(14.1550865746024,14.1682589897399,-5.42532239764051));
#5324=CARTESIAN_POINT('Ctrl Pts',(14.8861663754995,10.7096102462819,-6.75005958308868));
#5325=CARTESIAN_POINT('Ctrl Pts',(15.8008588352448,7.9403071296846,-8.4817626073426));
#5326=CARTESIAN_POINT('Ctrl Pts',(17.0828369142692,5.13994442214934,-11.0174203204138));
#5327=CARTESIAN_POINT('Ctrl Pts',(18.3609839707376,3.33646342763653,-13.6934531768934));
#5328=CARTESIAN_POINT('Ctrl Pts',(19.5747711263917,2.19525917254114,-16.3247030226603));
#5329=CARTESIAN_POINT('Ctrl Pts',(20.4693761919187,1.61421565177493,-18.2944033122929));
#5330=CARTESIAN_POINT('Ctrl Pts',(21.3490026793905,1.27665348342207,-20.251228708422));
#5331=CARTESIAN_POINT('Ctrl Pts',(21.9325822770618,1.20120400835891,-21.5556820572422));
#5332=CARTESIAN_POINT('Ctrl Pts',(22.2280659315806,1.20001026047242,-22.2162184706433));
#5333=CARTESIAN_POINT('Ctrl Pts',(22.2328611554734,1.2,-22.2269377450022));
#5334=CARTESIAN_POINT('Ctrl Pts',(22.237655804167,1.2,-22.237655804167));
#5335=CARTESIAN_POINT('Ctrl Pts',(17.0875816399141,18.3711607917244,-4.4004810259472));
#5336=CARTESIAN_POINT('Ctrl Pts',(17.1031782249033,17.1637694311887,-4.44613080473624));
#5337=CARTESIAN_POINT('Ctrl Pts',(17.2218444140598,14.7415447234294,-4.79216499948179));
#5338=CARTESIAN_POINT('Ctrl Pts',(17.5970962016373,11.5406021162288,-5.92650810659784));
#5339=CARTESIAN_POINT('Ctrl Pts',(18.0924847827066,8.81289044254919,-7.49818605483197));
#5340=CARTESIAN_POINT('Ctrl Pts',(18.8276497668788,5.87232373998891,-9.93603581685807));
#5341=CARTESIAN_POINT('Ctrl Pts',(19.6214711309308,3.79718298735785,-12.7084973970882));
#5342=CARTESIAN_POINT('Ctrl Pts',(20.418281174468,2.43147041689112,-15.5733633402066));
#5343=CARTESIAN_POINT('Ctrl Pts',(21.0206846869827,1.71719607522271,-17.7657048999984));
#5344=CARTESIAN_POINT('Ctrl Pts',(21.6235277619197,1.29645649328476,-19.9769412537262));
#5345=CARTESIAN_POINT('Ctrl Pts',(22.0268036813827,1.20150154623917,-21.4614478862514));
#5346=CARTESIAN_POINT('Ctrl Pts',(22.2310278416032,1.20001297898687,-22.2132567144766));
#5347=CARTESIAN_POINT('Ctrl Pts',(22.2343420080917,1.2,-22.2254568923831));
#5348=CARTESIAN_POINT('Ctrl Pts',(22.237655804167,1.2,-22.237655804167));
#5349=CARTESIAN_POINT('Ctrl Pts',(18.6898183682492,18.4270439838604,-4.39852954187616));
#5350=CARTESIAN_POINT('Ctrl Pts',(18.6975153595212,17.3187702092874,-4.43723131489177));
#5351=CARTESIAN_POINT('Ctrl Pts',(18.7556687233002,15.0878506648698,-4.72963625670868));
#5352=CARTESIAN_POINT('Ctrl Pts',(18.9527251811588,12.0465686316396,-5.72046943213878));
#5353=CARTESIAN_POINT('Ctrl Pts',(19.2382822147602,9.34909793203601,-7.15629846024452));
#5354=CARTESIAN_POINT('Ctrl Pts',(19.6998678928098,6.32810021020881,-9.47722926395975));
#5355=CARTESIAN_POINT('Ctrl Pts',(20.2515945230003,4.08697481266128,-12.2514040101139));
#5356=CARTESIAN_POINT('Ctrl Pts',(20.8399657949156,2.58085903033749,-15.209834208337));
#5357=CARTESIAN_POINT('Ctrl Pts',(21.2962953325424,1.78258714680892,-17.5043362496097));
#5358=CARTESIAN_POINT('Ctrl Pts',(21.7607698901584,1.30903573788567,-19.8397928280778));
#5359=CARTESIAN_POINT('Ctrl Pts',(22.0739120677174,1.20168893635888,-21.4143246221644));
#5360=CARTESIAN_POINT('Ctrl Pts',(22.2325088213864,1.20001472947616,-22.2117759048385));
#5361=CARTESIAN_POINT('Ctrl Pts',(22.2350824344009,1.2,-22.2247164660736));
#5362=CARTESIAN_POINT('Ctrl Pts',(22.237655804167,1.2,-22.237655804167));
#5363=CARTESIAN_POINT('',(22.237655804167,1.19999999999999,-22.237655804167));
#5364=CARTESIAN_POINT('Ctrl Pts',(18.6898183682492,18.4270439838604,-4.39852954187616));
#5365=CARTESIAN_POINT('Ctrl Pts',(18.6975153595212,17.3187702092874,-4.43723131489177));
#5366=CARTESIAN_POINT('Ctrl Pts',(18.7556687233002,15.0878506648698,-4.72963625670868));
#5367=CARTESIAN_POINT('Ctrl Pts',(18.9527251811588,12.0465686316396,-5.72046943213878));
#5368=CARTESIAN_POINT('Ctrl Pts',(19.2382822147602,9.34909793203601,-7.15629846024452));
#5369=CARTESIAN_POINT('Ctrl Pts',(19.6998678928098,6.32810021020881,-9.47722926395975));
#5370=CARTESIAN_POINT('Ctrl Pts',(20.2515945230003,4.08697481266128,-12.2514040101139));
#5371=CARTESIAN_POINT('Ctrl Pts',(20.8399657949156,2.58085903033749,-15.209834208337));
#5372=CARTESIAN_POINT('Ctrl Pts',(21.2962953325424,1.78258714680892,-17.5043362496097));
#5373=CARTESIAN_POINT('Ctrl Pts',(21.7607698901584,1.30903573788567,-19.8397928280778));
#5374=CARTESIAN_POINT('Ctrl Pts',(22.0739120677174,1.20168893635888,-21.4143246221644));
#5375=CARTESIAN_POINT('Ctrl Pts',(22.2325088213864,1.20001472947616,-22.2117759048385));
#5376=CARTESIAN_POINT('Ctrl Pts',(22.2350824344009,1.2,-22.2247164660736));
#5377=CARTESIAN_POINT('Ctrl Pts',(22.237655804167,1.2,-22.237655804167));
#5378=CARTESIAN_POINT('Ctrl Pts',(22.237655804167,1.2,-22.237655804167));
#5379=CARTESIAN_POINT('Ctrl Pts',(22.2247164660723,1.2,-22.2350824344071));
#5380=CARTESIAN_POINT('Ctrl Pts',(22.2117759048335,1.20001472947617,-22.2325088213874));
#5381=CARTESIAN_POINT('Ctrl Pts',(21.4143246223024,1.20168893635892,-22.0739120676903));
#5382=CARTESIAN_POINT('Ctrl Pts',(19.8397928280955,1.3090357378857,-21.7607698901549));
#5383=CARTESIAN_POINT('Ctrl Pts',(17.5043362496606,1.78258714680897,-21.2962953325324));
#5384=CARTESIAN_POINT('Ctrl Pts',(15.2098342083534,2.58085903033755,-20.8399657949123));
#5385=CARTESIAN_POINT('Ctrl Pts',(12.2514040101316,4.08697481266134,-20.2515945229968));
#5386=CARTESIAN_POINT('Ctrl Pts',(9.47722926396256,6.32810021020877,-19.6998678928093));
#5387=CARTESIAN_POINT('Ctrl Pts',(7.15629846024877,9.34909793203595,-19.2382822147595));
#5388=CARTESIAN_POINT('Ctrl Pts',(5.72046943214003,12.0465686316397,-18.9527251811586));
#5389=CARTESIAN_POINT('Ctrl Pts',(4.72963625670984,15.0878506648697,-18.7556687233));
#5390=CARTESIAN_POINT('Ctrl Pts',(4.43723131489178,17.3187702092873,-18.6975153595212));
#5391=CARTESIAN_POINT('Ctrl Pts',(4.39852954187616,18.4270439838604,-18.6898183682492));
#5392=CARTESIAN_POINT('Origin',(0.,19.05,-22.237655804167));
#5393=CARTESIAN_POINT('',(26.8,18.4270439838604,-4.39852954187616));
#5394=CARTESIAN_POINT('',(0.,18.4270439838604,-4.39852954187616));
#5395=CARTESIAN_POINT('',(26.8,2.54408701546092,-15.4422649731092));
#5396=CARTESIAN_POINT('Origin',(26.8,19.05,-22.237655804167));
#5397=CARTESIAN_POINT('',(22.9999999999997,3.62876163838145,-13.2483339502036));
#5398=CARTESIAN_POINT('Origin',(38.5699621767607,19.05,-22.237655804167));
#5399=CARTESIAN_POINT('',(22.9999999999994,1.2,-22.237655804167));
#5400=CARTESIAN_POINT('Origin',(22.9999999999992,19.05,-22.237655804167));
#5401=CARTESIAN_POINT('',(0.,1.2,-22.237655804167));
#5402=CARTESIAN_POINT('Origin',(0.,18.4270439838604,-4.39852954187616));
#5403=CARTESIAN_POINT('',(26.8,9.0321508200199,-4.72660644045023));
#5404=CARTESIAN_POINT('Ctrl Pts',(22.237655804167,1.2,-227.762344195833));
#5405=CARTESIAN_POINT('Ctrl Pts',(22.2247164798125,1.2,-227.764917566961));
#5406=CARTESIAN_POINT('Ctrl Pts',(22.2117764217369,1.20001402567998,-227.767491078532));
#5407=CARTESIAN_POINT('Ctrl Pts',(21.4142781572074,1.20175293987475,-227.92609713507));
#5408=CARTESIAN_POINT('Ctrl Pts',(19.8400771863068,1.30884317591318,-228.239173547667));
#5409=CARTESIAN_POINT('Ctrl Pts',(17.5031345008971,1.78417264993377,-228.703943653321));
#5410=CARTESIAN_POINT('Ctrl Pts',(15.2108647228471,2.57999552608908,-229.159829245826));
#5411=CARTESIAN_POINT('Ctrl Pts',(12.9837482716449,3.71711245979218,-229.602757167798));
#5412=CARTESIAN_POINT('Ctrl Pts',(10.872773805956,5.20080754691076,-230.022586827086));
#5413=CARTESIAN_POINT('Ctrl Pts',(8.89416439421782,7.08675998701024,-230.416091781696));
#5414=CARTESIAN_POINT('Ctrl Pts',(7.15904609273007,9.34785401720357,-230.761171334106));
#5415=CARTESIAN_POINT('Ctrl Pts',(5.71993572075912,12.0469606243462,-231.047380960574));
#5416=CARTESIAN_POINT('Ctrl Pts',(4.72984051689279,15.0884624700328,-231.244290653108));
#5417=CARTESIAN_POINT('Ctrl Pts',(4.43723131488345,17.3187702095271,-231.302484640485));
#5418=CARTESIAN_POINT('Ctrl Pts',(4.39852954187619,18.4270439838596,-231.310181631755));
#5419=CARTESIAN_POINT('Ctrl Pts',(22.237655804167,1.2,-227.762344195833));
#5420=CARTESIAN_POINT('Ctrl Pts',(22.2257024769791,1.20000072522765,-227.765903893425));
#5421=CARTESIAN_POINT('Ctrl Pts',(22.2137523390477,1.20001096050451,-227.76946660337));
#5422=CARTESIAN_POINT('Ctrl Pts',(21.4770425571887,1.20153620032828,-227.988880130651));
#5423=CARTESIAN_POINT('Ctrl Pts',(20.0229961113708,1.29208248900055,-228.422154972831));
#5424=CARTESIAN_POINT('Ctrl Pts',(17.8513770460263,1.69664066782733,-229.071720223091));
#5425=CARTESIAN_POINT('Ctrl Pts',(15.6956029892469,2.38103338179395,-229.72188143041));
#5426=CARTESIAN_POINT('Ctrl Pts',(13.5611485113351,3.37609206082384,-230.374676603008));
#5427=CARTESIAN_POINT('Ctrl Pts',(11.4839341850166,4.70538856352813,-231.022907159116));
#5428=CARTESIAN_POINT('Ctrl Pts',(9.4662423907273,6.45164615286033,-231.670995658568));
#5429=CARTESIAN_POINT('Ctrl Pts',(7.61496305975672,8.63361585320482,-232.288567653548));
#5430=CARTESIAN_POINT('Ctrl Pts',(5.99443649127041,11.3722475815293,-232.855026981138));
#5431=CARTESIAN_POINT('Ctrl Pts',(4.81321045659912,14.6274384988612,-233.289404829475));
#5432=CARTESIAN_POINT('Ctrl Pts',(4.44838720011533,17.1119499480454,-233.428960817655));
#5433=CARTESIAN_POINT('Ctrl Pts',(4.40113152063759,18.3525330610117,-233.446497269536));
#5434=CARTESIAN_POINT('Ctrl Pts',(22.237655804167,1.2,-227.762344195833));
#5435=CARTESIAN_POINT('Ctrl Pts',(22.2276781923762,1.20000141801001,-227.767879976199));
#5436=CARTESIAN_POINT('Ctrl Pts',(22.2177000136535,1.20000699042044,-227.773413848154));
#5437=CARTESIAN_POINT('Ctrl Pts',(21.6027379246641,1.20120405040995,-228.114595827859));
#5438=CARTESIAN_POINT('Ctrl Pts',(20.3887633675244,1.26819506591102,-228.787998948596));
#5439=CARTESIAN_POINT('Ctrl Pts',(18.5589152401198,1.57131255433001,-229.807189040425));
#5440=CARTESIAN_POINT('Ctrl Pts',(16.7086316474973,2.09456021907129,-230.846117092445));
#5441=CARTESIAN_POINT('Ctrl Pts',(14.8230641855249,2.8812904805668,-231.918571253225));
#5442=CARTESIAN_POINT('Ctrl Pts',(12.9150062112346,3.97958416341763,-233.023527881111));
#5443=CARTESIAN_POINT('Ctrl Pts',(10.9648143750373,5.51015486804239,-234.180542519682));
#5444=CARTESIAN_POINT('Ctrl Pts',(9.06256534034911,7.56086650282595,-235.343211118939));
#5445=CARTESIAN_POINT('Ctrl Pts',(7.27985082559402,10.3451075220693,-236.470015788425));
#5446=CARTESIAN_POINT('Ctrl Pts',(5.88890143596752,13.9174184966183,-237.379056925742));
#5447=CARTESIAN_POINT('Ctrl Pts',(5.43820158390038,16.7929898510719,-237.680489149012));
#5448=CARTESIAN_POINT('Ctrl Pts',(5.38109576072419,18.2375728899222,-237.718490086389));
#5449=CARTESIAN_POINT('Ctrl Pts',(22.237655804167,1.2,-227.762344195833));
#5450=CARTESIAN_POINT('Ctrl Pts',(22.2301464022808,1.20000173723109,-227.770348357474));
#5451=CARTESIAN_POINT('Ctrl Pts',(22.2226361931865,1.20000583320589,-227.778349819281));
#5452=CARTESIAN_POINT('Ctrl Pts',(21.7597963038579,1.20112891706507,-228.271664170147));
#5453=CARTESIAN_POINT('Ctrl Pts',(20.846088525624,1.26221314703518,-229.24534309013));
#5454=CARTESIAN_POINT('Ctrl Pts',(19.4632859562577,1.53991485625282,-230.718564879186));
#5455=CARTESIAN_POINT('Ctrl Pts',(18.053814676372,2.02258235503439,-232.219229335365));
#5456=CARTESIAN_POINT('Ctrl Pts',(16.5993250121209,2.75640255482832,-233.765974454819));
#5457=CARTESIAN_POINT('Ctrl Pts',(15.1023156897824,3.79531194368024,-235.355323225014));
#5458=CARTESIAN_POINT('Ctrl Pts',(13.5381210769204,5.269415667445,-237.012160039281));
#5459=CARTESIAN_POINT('Ctrl Pts',(11.971989417082,7.28440144665156,-238.666302567746));
#5460=CARTESIAN_POINT('Ctrl Pts',(10.4615262216795,10.0781899542409,-240.256225982545));
#5461=CARTESIAN_POINT('Ctrl Pts',(9.24981567917104,13.7317370207481,-241.527181771494));
#5462=CARTESIAN_POINT('Ctrl Pts',(8.84944953377563,16.7094000788532,-241.945960936256));
#5463=CARTESIAN_POINT('Ctrl Pts',(8.79925247775387,18.207469741777,-241.998688178321));
#5464=CARTESIAN_POINT('Ctrl Pts',(22.237655804167,1.2,-227.762344195833));
#5465=CARTESIAN_POINT('Ctrl Pts',(22.2326132476988,1.20000118475709,-227.772814899613));
#5466=CARTESIAN_POINT('Ctrl Pts',(22.2275738713725,1.20000805120526,-227.783287858289));
#5467=CARTESIAN_POINT('Ctrl Pts',(21.9167974492815,1.20128374171332,-228.428648323982));
#5468=CARTESIAN_POINT('Ctrl Pts',(21.3034898741632,1.27417195447964,-229.702705976415));
#5469=CARTESIAN_POINT('Ctrl Pts',(20.3766979527425,1.60265992134971,-231.61798188995));
#5470=CARTESIAN_POINT('Ctrl Pts',(19.4349210242372,2.16624346489874,-233.544580655565));
#5471=CARTESIAN_POINT('Ctrl Pts',(18.4674455250009,3.00519774837098,-235.492343112086));
#5472=CARTESIAN_POINT('Ctrl Pts',(17.4768209753474,4.16152416018344,-237.442596000782));
#5473=CARTESIAN_POINT('Ctrl Pts',(16.4473998226763,5.74645255874178,-239.409424950424));
#5474=CARTESIAN_POINT('Ctrl Pts',(15.421555017276,7.83047264784599,-241.298423810247));
#5475=CARTESIAN_POINT('Ctrl Pts',(14.4357593873795,10.6036328931165,-243.039752653542));
#5476=CARTESIAN_POINT('Ctrl Pts',(13.6464726777903,14.0963031073648,-244.377420498287));
#5477=CARTESIAN_POINT('Ctrl Pts',(13.3861040052211,16.8733982161844,-244.806310657732));
#5478=CARTESIAN_POINT('Ctrl Pts',(13.3530997520306,18.266544048516,-244.860868642313));
#5479=CARTESIAN_POINT('Ctrl Pts',(22.237655804167,1.2,-227.762344195833));
#5480=CARTESIAN_POINT('Ctrl Pts',(22.2340961257449,1.20000072522879,-227.774297528563));
#5481=CARTESIAN_POINT('Ctrl Pts',(22.2305334002036,1.20001096051786,-227.786247673772));
#5482=CARTESIAN_POINT('Ctrl Pts',(22.0111198310169,1.20153620045789,-228.522957251056));
#5483=CARTESIAN_POINT('Ctrl Pts',(21.5778450181059,1.29208248904585,-229.977003842587));
#5484=CARTESIAN_POINT('Ctrl Pts',(20.9282797594962,1.69664066789465,-232.148622866544));
#5485=CARTESIAN_POINT('Ctrl Pts',(20.278118558609,2.38103338184182,-234.304396955429));
#5486=CARTESIAN_POINT('Ctrl Pts',(19.6253233862937,3.37609206086905,-236.43885143489));
#5487=CARTESIAN_POINT('Ctrl Pts',(18.9770928338426,4.70538856356149,-238.516065779537));
#5488=CARTESIAN_POINT('Ctrl Pts',(18.3290043359597,6.45164615288711,-240.53375758175));
#5489=CARTESIAN_POINT('Ctrl Pts',(17.7114323432363,8.63361585322299,-242.385036924052));
#5490=CARTESIAN_POINT('Ctrl Pts',(17.1449730163138,11.3722475815428,-244.005563495904));
#5491=CARTESIAN_POINT('Ctrl Pts',(16.7105951701076,14.6274384988658,-245.186789541282));
#5492=CARTESIAN_POINT('Ctrl Pts',(16.5710391823493,17.1119499480458,-245.55161279989));
#5493=CARTESIAN_POINT('Ctrl Pts',(16.553502730469,18.3525330610121,-245.598868479367));
#5494=CARTESIAN_POINT('Ctrl Pts',(22.237655804167,1.2,-227.762344195833));
#5495=CARTESIAN_POINT('Ctrl Pts',(22.235082453651,1.2,-227.775283524287));
#5496=CARTESIAN_POINT('Ctrl Pts',(22.232508924188,1.2000140256966,-227.788223591937));
#5497=CARTESIAN_POINT('Ctrl Pts',(22.0739028267603,1.20175294000782,-228.585721650875));
#5498=CARTESIAN_POINT('Ctrl Pts',(21.7608264431921,1.30884317596185,-230.159922767729));
#5499=CARTESIAN_POINT('Ctrl Pts',(21.296056329287,1.78417265000437,-232.496865411652));
#5500=CARTESIAN_POINT('Ctrl Pts',(20.8401707431764,2.57999552614002,-234.789135221845));
#5501=CARTESIAN_POINT('Ctrl Pts',(20.3972428215089,3.71711245984019,-237.016251674575));
#5502=CARTESIAN_POINT('Ctrl Pts',(19.9774131658672,5.20080754694657,-239.127226158603));
#5503=CARTESIAN_POINT('Ctrl Pts',(19.5839082128324,7.08675998703907,-241.105835578259));
#5504=CARTESIAN_POINT('Ctrl Pts',(19.2388286626766,9.34785401722333,-242.840953891079));
#5505=CARTESIAN_POINT('Ctrl Pts',(18.9526190368785,12.0469606243608,-244.280064266414));
#5506=CARTESIAN_POINT('Ctrl Pts',(18.7557093464738,15.0884624700381,-245.270159480988));
#5507=CARTESIAN_POINT('Ctrl Pts',(18.6975153595196,17.3187702095277,-245.562768685121));
#5508=CARTESIAN_POINT('Ctrl Pts',(18.6898183682492,18.4270439838602,-245.601470458129));
#5509=CARTESIAN_POINT('',(18.6898183682492,18.4270439838602,-245.601470458129));
#5510=CARTESIAN_POINT('',(4.39852954187618,18.42704398386,-231.310181631755));
#5511=CARTESIAN_POINT('Origin',(18.6898183682492,18.926106786706,-231.310181631755));
#5512=CARTESIAN_POINT('',(22.237655804167,1.19999999999554,-227.762344195833));
#5513=CARTESIAN_POINT('Ctrl Pts',(4.39852954187619,18.4270439838596,-231.310181631755));
#5514=CARTESIAN_POINT('Ctrl Pts',(4.43723131488345,17.3187702095271,-231.302484640485));
#5515=CARTESIAN_POINT('Ctrl Pts',(4.72984051689279,15.0884624700328,-231.244290653108));
#5516=CARTESIAN_POINT('Ctrl Pts',(5.71993572075912,12.0469606243462,-231.047380960574));
#5517=CARTESIAN_POINT('Ctrl Pts',(7.15904609273007,9.34785401720357,-230.761171334106));
#5518=CARTESIAN_POINT('Ctrl Pts',(8.89416439421782,7.08675998701024,-230.416091781696));
#5519=CARTESIAN_POINT('Ctrl Pts',(10.872773805956,5.20080754691076,-230.022586827086));
#5520=CARTESIAN_POINT('Ctrl Pts',(12.9837482716449,3.71711245979218,-229.602757167798));
#5521=CARTESIAN_POINT('Ctrl Pts',(15.2108647228471,2.57999552608908,-229.159829245826));
#5522=CARTESIAN_POINT('Ctrl Pts',(17.5031345008971,1.78417264993377,-228.703943653321));
#5523=CARTESIAN_POINT('Ctrl Pts',(19.8400771863068,1.30884317591318,-228.239173547667));
#5524=CARTESIAN_POINT('Ctrl Pts',(21.4142781572074,1.20175293987475,-227.92609713507));
#5525=CARTESIAN_POINT('Ctrl Pts',(22.2117764217369,1.20001402567998,-227.767491078532));
#5526=CARTESIAN_POINT('Ctrl Pts',(22.2247164798125,1.2,-227.764917566961));
#5527=CARTESIAN_POINT('Ctrl Pts',(22.237655804167,1.2,-227.762344195833));
#5528=CARTESIAN_POINT('Ctrl Pts',(22.237655804167,1.2,-227.762344195833));
#5529=CARTESIAN_POINT('Ctrl Pts',(22.235082453651,1.2,-227.775283524287));
#5530=CARTESIAN_POINT('Ctrl Pts',(22.232508924188,1.2000140256966,-227.788223591937));
#5531=CARTESIAN_POINT('Ctrl Pts',(22.0739028267603,1.20175294000782,-228.585721650875));
#5532=CARTESIAN_POINT('Ctrl Pts',(21.7608264431921,1.30884317596185,-230.159922767729));
#5533=CARTESIAN_POINT('Ctrl Pts',(21.296056329287,1.78417265000437,-232.496865411652));
#5534=CARTESIAN_POINT('Ctrl Pts',(20.8401707431764,2.57999552614002,-234.789135221845));
#5535=CARTESIAN_POINT('Ctrl Pts',(20.3972428215089,3.71711245984019,-237.016251674575));
#5536=CARTESIAN_POINT('Ctrl Pts',(19.9774131658672,5.20080754694657,-239.127226158603));
#5537=CARTESIAN_POINT('Ctrl Pts',(19.5839082128324,7.08675998703907,-241.105835578259));
#5538=CARTESIAN_POINT('Ctrl Pts',(19.2388286626766,9.34785401722333,-242.840953891079));
#5539=CARTESIAN_POINT('Ctrl Pts',(18.9526190368785,12.0469606243608,-244.280064266414));
#5540=CARTESIAN_POINT('Ctrl Pts',(18.7557093464738,15.0884624700381,-245.270159480988));
#5541=CARTESIAN_POINT('Ctrl Pts',(18.6975153595196,17.3187702095277,-245.562768685121));
#5542=CARTESIAN_POINT('Ctrl Pts',(18.6898183682492,18.4270439838602,-245.601470458129));
#5543=CARTESIAN_POINT('Origin',(15.6252359935131,106.684263876007,-234.374764006487));
#5544=CARTESIAN_POINT('',(15.6252359935131,106.185201073162,-248.66605283286));
#5545=CARTESIAN_POINT('',(1.33394716714008,106.185201073162,-234.374764006487));
#5546=CARTESIAN_POINT('Origin',(0.,110.000000000001,-248.799268546842));
#5547=CARTESIAN_POINT('',(26.8,18.4270439838602,-245.601470458129));
#5548=CARTESIAN_POINT('',(0.,18.4270439838602,-245.601470458129));
#5549=CARTESIAN_POINT('',(26.8,55.0879283158764,-246.881696749249));
#5550=CARTESIAN_POINT('Origin',(0.,19.05,-227.762344195833));
#5551=CARTESIAN_POINT('',(22.999999999821,1.19999999999554,-227.762344195833));
#5552=CARTESIAN_POINT('',(0.,1.2,-227.762344195833));
#5553=CARTESIAN_POINT('',(22.9999999998026,3.62876163841488,-236.751666049863));
#5554=CARTESIAN_POINT('Origin',(22.9999999998026,19.05,-227.762344195833));
#5555=CARTESIAN_POINT('',(26.8,2.54408701543158,-234.557735026831));
#5556=CARTESIAN_POINT('Origin',(38.5699621765935,19.05,-227.762344195833));
#5557=CARTESIAN_POINT('Origin',(26.8,19.05,-227.762344195833));
#5558=CARTESIAN_POINT('Origin',(22.237655804167,19.05,0.));
#5559=CARTESIAN_POINT('',(4.39852954187616,18.4270439838604,-188.6));
#5560=CARTESIAN_POINT('',(4.39852954187616,18.4270439838604,0.));
#5561=CARTESIAN_POINT('',(22.237655804167,1.2,-188.6));
#5562=CARTESIAN_POINT('Origin',(22.237655804167,19.05,-188.6));
#5563=CARTESIAN_POINT('',(22.237655804167,1.2,0.));
#5564=CARTESIAN_POINT('Origin',(0.,19.05,-227.762344195833));
#5565=CARTESIAN_POINT('',(28.,18.3851645878174,-246.800739450547));
#5566=CARTESIAN_POINT('',(0.,18.3851645878174,-246.800739450547));
#5567=CARTESIAN_POINT('',(28.,0.593210661725392,-232.479274057783));
#5568=CARTESIAN_POINT('Origin',(28.,19.05,-227.762344195833));
#5569=CARTESIAN_POINT('',(24.1999999998116,1.29774657040145,-234.673205080796));
#5570=CARTESIAN_POINT('Origin',(36.1699621766966,19.05,-227.762344195833));
#5571=CARTESIAN_POINT('',(24.1999999998235,1.55431223447522E-14,-227.762344195833));
#5572=CARTESIAN_POINT('Origin',(24.1999999998294,19.05,-227.762344195833));
#5573=CARTESIAN_POINT('',(0.,0.,-227.762344195833));
#5574=CARTESIAN_POINT('Origin',(0.,18.3851645878174,-246.800739450547));
#5575=CARTESIAN_POINT('',(28.,51.116666849934,-247.943748696161));
#5576=CARTESIAN_POINT('Origin',(28.,0.,-23.479274057858));
#5577=CARTESIAN_POINT('',(28.,8.85011307067649,-3.53223188557526));
#5578=CARTESIAN_POINT('',(28.,0.,-17.5207259421907));
#5579=CARTESIAN_POINT('Origin',(28.,0.,-17.5207259421907));
#5580=CARTESIAN_POINT('',(24.1999999999997,0.,-15.3267949192777));
#5581=CARTESIAN_POINT('Origin',(24.1999999999997,0.,-15.3267949192777));
#5582=CARTESIAN_POINT('',(24.1999999999997,0.,-25.6732050807807));
#5583=CARTESIAN_POINT('',(24.1999999999997,0.,-75.3366025403904));
#5584=CARTESIAN_POINT('',(24.1999999999997,0.,-25.6732050807807));
#5585=CARTESIAN_POINT('Origin',(24.1999999998294,0.,-224.326794919284));
#5586=CARTESIAN_POINT('',(24.1999999998116,0.,-234.673205080796));
#5587=CARTESIAN_POINT('',(24.1999999998294,0.,-224.326794919284));
#5588=CARTESIAN_POINT('',(24.1999999998294,0.,-224.326794919284));
#5589=CARTESIAN_POINT('',(24.1999999999058,0.,-179.836602540397));
#5590=CARTESIAN_POINT('Origin',(24.1999999998116,0.,-234.673205080796));
#5591=CARTESIAN_POINT('',(28.,0.,-232.479274057783));
#5592=CARTESIAN_POINT('Origin',(28.,0.,-23.479274057858));
#5593=CARTESIAN_POINT('Origin',(26.6999999999998,0.,-188.6));
#5594=CARTESIAN_POINT('',(26.6999999999998,1.2,-188.6));
#5595=CARTESIAN_POINT('',(24.4688279020833,1.2,-188.6));
#5596=CARTESIAN_POINT('',(3.13456321526988,54.6223038536343,-188.6));
#5597=CARTESIAN_POINT('',(26.6999999999998,0.,-188.6));
#5598=CARTESIAN_POINT('Origin',(1.20000000000001,0.,-187.4));
#5599=CARTESIAN_POINT('',(26.7,1.2,-187.4));
#5600=CARTESIAN_POINT('',(22.237655804167,1.2,-187.4));
#5601=CARTESIAN_POINT('',(11.7188279020835,1.2,-187.4));
#5602=CARTESIAN_POINT('',(26.7,0.,-187.4));
#5603=CARTESIAN_POINT('',(4.39852954187616,18.4270439838604,-187.4));
#5604=CARTESIAN_POINT('',(3.11903403567626,55.0670013737531,-187.4));
#5605=CARTESIAN_POINT('Origin',(22.237655804167,19.05,-187.4));
#5606=CARTESIAN_POINT('Origin',(26.7,0.,-187.4));
#5607=CARTESIAN_POINT('',(26.7000000000121,1.2,-93.7000000000003));
#5608=CARTESIAN_POINT('Origin',(22.237655804167,1.2,0.));
#5609=CARTESIAN_POINT('',(22.237655804167,1.2,-104.6));
#5610=CARTESIAN_POINT('',(22.237655804167,1.2,0.));
#5611=CARTESIAN_POINT('',(26.6999999999998,1.2,-104.6));
#5612=CARTESIAN_POINT('',(24.4688279020834,1.2,-104.6));
#5613=CARTESIAN_POINT('',(26.7,1.2,-103.4));
#5614=CARTESIAN_POINT('',(26.7000000000067,1.2,-51.7000000000003));
#5615=CARTESIAN_POINT('',(22.237655804167,1.2,-103.4));
#5616=CARTESIAN_POINT('',(11.7188279020835,1.2,-103.4));
#5617=CARTESIAN_POINT('',(22.237655804167,1.2,0.));
#5618=CARTESIAN_POINT('',(22.9999999999992,1.2,-27.751666049853));
#5619=CARTESIAN_POINT('',(22.9999999999997,1.2,-13.8758330249265));
#5620=CARTESIAN_POINT('',(26.8000000000001,1.20000000000001,-25.5577350269369));
#5621=CARTESIAN_POINT('',(30.6225328756841,1.2,-23.3507946421795));
#5622=CARTESIAN_POINT('',(26.8000000000001,1.20000000000001,-224.442264973244));
#5623=CARTESIAN_POINT('',(26.8,1.2,-112.221132486622));
#5624=CARTESIAN_POINT('',(22.9999999998323,1.2,-222.24833395021));
#5625=CARTESIAN_POINT('',(-25.4040548611363,1.2,-194.302239846148));
#5626=CARTESIAN_POINT('',(23.000000000045,1.2,-118.375833024932));
#5627=CARTESIAN_POINT('Origin',(22.237655804167,19.05,0.));
#5628=CARTESIAN_POINT('',(4.39852954187616,18.4270439838604,-104.6));
#5629=CARTESIAN_POINT('',(4.39852954187616,18.4270439838604,0.));
#5630=CARTESIAN_POINT('Origin',(22.237655804167,19.05,-104.6));
#5631=CARTESIAN_POINT('Origin',(1.20073145315859,110.,0.));
#5632=CARTESIAN_POINT('',(3.13456321526988,54.6223038536343,-104.6));
#5633=CARTESIAN_POINT('Origin',(1.20000000000001,0.,-103.4));
#5634=CARTESIAN_POINT('',(26.7,0.,-103.4));
#5635=CARTESIAN_POINT('',(4.39852954187616,18.4270439838604,-103.4));
#5636=CARTESIAN_POINT('',(3.11903403567626,55.0670013737531,-103.4));
#5637=CARTESIAN_POINT('Origin',(22.237655804167,19.05,-103.4));
#5638=CARTESIAN_POINT('Origin',(26.7,0.,-103.4));
#5639=CARTESIAN_POINT('',(26.6999999999998,0.,-104.6));
#5640=CARTESIAN_POINT('Origin',(26.6999999999998,0.,-104.6));
#5641=CARTESIAN_POINT('Origin',(1.20073145315859,110.,0.));
#5642=CARTESIAN_POINT('Origin',(1.20073145315859,110.,0.));
#5643=CARTESIAN_POINT('',(4.39852954187616,18.4270439838604,0.));
#5644=CARTESIAN_POINT('Origin',(22.237655804167,19.05,0.));
#5645=CARTESIAN_POINT('Origin',(25.4999999999013,0.,-125.));
#5646=CARTESIAN_POINT('',(28.,0.,-226.52072594232));
#5647=CARTESIAN_POINT('',(3.18261808062176,0.,-212.192403810471));
#5648=CARTESIAN_POINT('',(28.,0.,-23.4792740578579));
#5649=CARTESIAN_POINT('',(28.,2.52868962836705E-15,-22.237655804167));
#5650=CARTESIAN_POINT('',(5.73261808081979,0.,-36.3353530030568));
#5651=CARTESIAN_POINT('Origin',(28.,0.,-23.479274057858));
#5652=CARTESIAN_POINT('',(28.,0.,-23.4792740578579));
#5653=CARTESIAN_POINT('',(28.,0.,-226.52072594232));
#5654=CARTESIAN_POINT('Origin',(0.,110.,-1.97215226305253E-30));
#5655=CARTESIAN_POINT('Origin',(22.9999999999992,0.,-27.751666049853));
#5656=CARTESIAN_POINT('',(22.9999999999997,0.,-13.2483339502036));
#5657=CARTESIAN_POINT('',(22.9999999999992,0.,-27.751666049853));
#5658=CARTESIAN_POINT('Origin',(22.9999999999997,0.,-13.2483339502036));
#5659=CARTESIAN_POINT('',(26.8,0.,-15.4422649731092));
#5660=CARTESIAN_POINT('Origin',(26.8,0.,-15.4422649731092));
#5661=CARTESIAN_POINT('Origin',(22.9999999998026,0.,-236.751666049863));
#5662=CARTESIAN_POINT('',(22.9999999998323,0.,-222.24833395021));
#5663=CARTESIAN_POINT('',(22.9999999998026,0.,-236.751666049863));
#5664=CARTESIAN_POINT('Origin',(26.8,0.,-234.557735026831));
#5665=CARTESIAN_POINT('',(26.8,0.,-234.557735026831));
#5666=CARTESIAN_POINT('Origin',(28.,0.,-226.52072594232));
#5667=CARTESIAN_POINT('Origin',(26.8,0.,-250.));
#5668=CARTESIAN_POINT('Origin',(24.1999999999997,0.,-25.6732050807807));
#5669=CARTESIAN_POINT('Origin',(22.9999999998323,0.,-222.24833395021));
#5670=CARTESIAN_POINT('',(26.8,0.,-224.442264973244));
#5671=CARTESIAN_POINT('Origin',(26.8,0.,-25.5577350269369));
#5672=CARTESIAN_POINT('',(26.8,0.,-25.5577350269369));
#5673=CARTESIAN_POINT('Origin',(26.8,0.,-224.442264973244));
#5674=CARTESIAN_POINT('',(0.,0.,0.));
#5675=CARTESIAN_POINT('Origin',(25.4999999998254,0.,-226.578460969088));
#5676=CARTESIAN_POINT('',(25.4999999998234,1.55431223447522E-14,-227.762344195833));
#5677=CARTESIAN_POINT('',(25.4999999998154,0.578551667724825,-232.421539030575));
#5678=CARTESIAN_POINT('Origin',(25.4999999998254,19.05,-227.762344195833));
#5679=CARTESIAN_POINT('',(25.4999999998154,110.,-232.421539030575));
#5680=CARTESIAN_POINT('',(25.4999999998154,0.,-232.421539030575));
#5681=CARTESIAN_POINT('',(25.4999999998254,110.,-226.578460969088));
#5682=CARTESIAN_POINT('',(25.4999999998154,110.,-232.421539030575));
#5683=CARTESIAN_POINT('',(25.4999999998254,0.,-226.578460969088));
#5684=CARTESIAN_POINT('',(25.4999999998254,0.,-226.578460969088));
#5685=CARTESIAN_POINT('',(25.4999999998154,0.,-232.421539030575));
#5686=CARTESIAN_POINT('Origin',(324.500000000175,0.,-226.578460969088));
#5687=CARTESIAN_POINT('',(322.449454101212,1.55431223447522E-14,-227.762344195833));
#5688=CARTESIAN_POINT('',(321.9,0.00264147630384182,-228.079571669074));
#5689=CARTESIAN_POINT('Origin',(322.449454101212,19.05,-227.762344195833));
#5690=CARTESIAN_POINT('',(321.9,1.20281908170424,-228.079571669074));
#5691=CARTESIAN_POINT('',(321.9,27.5000000000003,-228.079571669074));
#5692=CARTESIAN_POINT('',(320.700000000172,1.22859984598234,-228.772391991999));
#5693=CARTESIAN_POINT('Origin',(322.449454101212,19.05,-227.762344195833));
#5694=CARTESIAN_POINT('',(320.700000000172,110.,-228.772391991999));
#5695=CARTESIAN_POINT('',(320.700000000172,0.,-228.772391991999));
#5696=CARTESIAN_POINT('',(324.500000000175,110.,-226.578460969088));
#5697=CARTESIAN_POINT('',(324.500000000175,110.,-226.578460969088));
#5698=CARTESIAN_POINT('',(324.500000000175,0.,-226.578460969088));
#5699=CARTESIAN_POINT('',(324.500000000175,0.,-226.578460969088));
#5700=CARTESIAN_POINT('',(324.500000000175,0.,-226.578460969088));
#5701=CARTESIAN_POINT('Origin',(25.4999999998154,0.,-232.421539030575));
#5702=CARTESIAN_POINT('',(28.1,0.263595218958381,-230.920428330693));
#5703=CARTESIAN_POINT('Origin',(33.569962176584,19.05,-227.762344195833));
#5704=CARTESIAN_POINT('',(28.1,1.48159072091889,-230.920428330693));
#5705=CARTESIAN_POINT('',(28.1,27.5000000000003,-230.920428330693));
#5706=CARTESIAN_POINT('',(29.2999999998192,1.37105844974183,-230.227608007825));
#5707=CARTESIAN_POINT('Origin',(33.569962176584,19.05,-227.762344195833));
#5708=CARTESIAN_POINT('',(29.2999999998192,110.,-230.227608007825));
#5709=CARTESIAN_POINT('',(29.2999999998192,0.,-230.227608007825));
#5710=CARTESIAN_POINT('',(25.4999999998154,110.,-232.421539030575));
#5711=CARTESIAN_POINT('Origin',(175.,0.,-229.499999999999));
#5712=CARTESIAN_POINT('',(27.5505458987876,1.55431223447522E-14,-227.762344195833));
#5713=CARTESIAN_POINT('',(0.,0.,-227.762344195833));
#5714=CARTESIAN_POINT('',(324.500000000177,1.55431223447522E-14,-227.762344195833));
#5715=CARTESIAN_POINT('',(324.500000000185,0.,-232.421539030575));
#5716=CARTESIAN_POINT('',(325.70000000018,1.55431223447522E-14,-227.762344195833));
#5717=CARTESIAN_POINT('',(0.,0.,-227.762344195833));
#5718=CARTESIAN_POINT('',(325.700000000176,0.,-224.500000000033));
#5719=CARTESIAN_POINT('',(325.700000000188,0.,-234.500000000041));
#5720=CARTESIAN_POINT('',(321.900000000001,0.,-226.69393102308));
#5721=CARTESIAN_POINT('',(325.700000000176,0.,-224.500000000033));
#5722=CARTESIAN_POINT('',(321.900000000001,0.,-209.));
#5723=CARTESIAN_POINT('',(321.900000000001,0.,-209.));
#5724=CARTESIAN_POINT('',(28.1,0.,-209.));
#5725=CARTESIAN_POINT('',(29.3,0.,-209.));
#5726=CARTESIAN_POINT('',(28.1,0.,-226.69393102308));
#5727=CARTESIAN_POINT('',(28.1,0.,-209.));
#5728=CARTESIAN_POINT('',(24.2999999998235,0.,-224.500000000033));
#5729=CARTESIAN_POINT('',(24.2999999998235,0.,-224.500000000033));
#5730=CARTESIAN_POINT('',(24.2999999998197,1.55431223447522E-14,-227.762344195833));
#5731=CARTESIAN_POINT('',(24.2999999998119,0.,-234.500000000041));
#5732=CARTESIAN_POINT('',(0.,0.,-227.762344195833));
#5733=CARTESIAN_POINT('',(25.4999999998254,0.,-226.578460969088));
#5734=CARTESIAN_POINT('Origin',(325.700000000176,0.,-224.500000000033));
#5735=CARTESIAN_POINT('',(325.700000000188,1.23128808628361,-234.500000000041));
#5736=CARTESIAN_POINT('Origin',(325.700000000176,19.05,-227.762344195833));
#5737=CARTESIAN_POINT('',(325.700000000188,110.,-234.500000000041));
#5738=CARTESIAN_POINT('',(325.700000000188,0.,-234.500000000041));
#5739=CARTESIAN_POINT('',(325.700000000176,110.,-224.500000000033));
#5740=CARTESIAN_POINT('',(325.700000000188,110.,-234.500000000041));
#5741=CARTESIAN_POINT('',(325.700000000176,0.,-224.500000000033));
#5742=CARTESIAN_POINT('Origin',(325.700000000188,0.,-234.500000000041));
#5743=CARTESIAN_POINT('',(321.9,0.549809051990637,-232.306068977022));
#5744=CARTESIAN_POINT('Origin',(314.030037823336,19.05,-227.762344195833));
#5745=CARTESIAN_POINT('',(321.9,110.,-232.306068977022));
#5746=CARTESIAN_POINT('',(321.9,0.,-232.306068977022));
#5747=CARTESIAN_POINT('',(325.700000000188,110.,-234.500000000041));
#5748=CARTESIAN_POINT('Origin',(321.9,0.,-232.306068977022));
#5749=CARTESIAN_POINT('',(321.9,18.3851645878174,-246.800739450547));
#5750=CARTESIAN_POINT('Origin',(321.9,19.05,-227.762344195833));
#5751=CARTESIAN_POINT('',(321.9,110.,-250.));
#5752=CARTESIAN_POINT('',(321.9,54.7584220591461,-248.070921590367));
#5753=CARTESIAN_POINT('',(321.900000000001,110.,-210.2));
#5754=CARTESIAN_POINT('Origin',(216.4,0.,-248.8));
#5755=CARTESIAN_POINT('',(216.4,1.19999999999592,-210.3));
#5756=CARTESIAN_POINT('',(216.4,1.19999999999554,-227.762344195833));
#5757=CARTESIAN_POINT('',(216.4,1.19999999999532,-238.281172097917));
#5758=CARTESIAN_POINT('',(216.4,110.,-210.3));
#5759=CARTESIAN_POINT('',(216.4,0.,-210.3));
#5760=CARTESIAN_POINT('',(216.4,110.000000000001,-248.799268546842));
#5761=CARTESIAN_POINT('',(216.4,110.,-248.8));
#5762=CARTESIAN_POINT('',(216.4,18.4270439838602,-245.601470458129));
#5763=CARTESIAN_POINT('',(216.4,55.0670013737532,-246.880965964327));
#5764=CARTESIAN_POINT('Origin',(216.4,19.05,-227.762344195833));
#5765=CARTESIAN_POINT('Origin',(216.4,0.,-210.3));
#5766=CARTESIAN_POINT('',(217.6,1.19999999999592,-210.3));
#5767=CARTESIAN_POINT('',(122.25,1.19999999999592,-210.3));
#5768=CARTESIAN_POINT('',(217.6,110.,-210.3));
#5769=CARTESIAN_POINT('',(217.6,0.,-210.3));
#5770=CARTESIAN_POINT('',(216.4,110.,-210.3));
#5771=CARTESIAN_POINT('Origin',(217.6,0.,-210.3));
#5772=CARTESIAN_POINT('',(217.6,1.19999999999554,-227.762344195833));
#5773=CARTESIAN_POINT('',(217.6,1.19999999999573,-219.031172097916));
#5774=CARTESIAN_POINT('',(217.6,18.4270439838602,-245.601470458129));
#5775=CARTESIAN_POINT('Origin',(217.6,19.05,-227.762344195833));
#5776=CARTESIAN_POINT('',(217.6,110.000000000001,-248.799268546842));
#5777=CARTESIAN_POINT('',(217.6,54.395595313967,-246.857519948077));
#5778=CARTESIAN_POINT('',(217.6,110.,-210.3));
#5779=CARTESIAN_POINT('Origin',(28.1,18.3851645878174,-246.800739450547));
#5780=CARTESIAN_POINT('',(28.1,18.3851645878174,-246.800739450547));
#5781=CARTESIAN_POINT('',(0.,18.3851645878174,-246.800739450547));
#5782=CARTESIAN_POINT('',(28.1,110.,-250.));
#5783=CARTESIAN_POINT('',(28.1,55.0669886178546,-248.081696972037));
#5784=CARTESIAN_POINT('',(321.9,110.,-250.));
#5785=CARTESIAN_POINT('Origin',(28.1,19.05,-227.762344195833));
#5786=CARTESIAN_POINT('',(28.1,0.00264147630384182,-228.079571669074));
#5787=CARTESIAN_POINT('Origin',(27.5505458987876,19.05,-227.762344195833));
#5788=CARTESIAN_POINT('Origin',(28.1,19.05,-227.762344195833));
#5789=CARTESIAN_POINT('',(24.2999999998119,1.23128808628361,-234.500000000041));
#5790=CARTESIAN_POINT('Origin',(24.2999999998119,19.05,-227.762344195833));
#5791=CARTESIAN_POINT('',(28.1,0.549809051990577,-232.306068977022));
#5792=CARTESIAN_POINT('Origin',(35.9699621766639,19.05,-227.762344195833));
#5793=CARTESIAN_POINT('Origin',(28.1,19.05,-227.762344195833));
#5794=CARTESIAN_POINT('',(324.500000000185,0.578551667724825,-232.421539030575));
#5795=CARTESIAN_POINT('Origin',(324.500000000185,19.05,-227.762344195833));
#5796=CARTESIAN_POINT('',(321.9,0.263595218958381,-230.920428330693));
#5797=CARTESIAN_POINT('Origin',(316.430037823416,19.05,-227.762344195833));
#5798=CARTESIAN_POINT('Origin',(321.9,19.05,-227.762344195833));
#5799=CARTESIAN_POINT('Origin',(175.,110.,-229.499999999999));
#5800=CARTESIAN_POINT('',(28.1,110.,-232.306068977022));
#5801=CARTESIAN_POINT('',(28.1,110.,-209.));
#5802=CARTESIAN_POINT('',(24.2999999998119,110.,-234.500000000041));
#5803=CARTESIAN_POINT('',(24.2999999998119,110.,-234.500000000041));
#5804=CARTESIAN_POINT('',(24.2999999998235,110.,-224.500000000033));
#5805=CARTESIAN_POINT('',(24.2999999998119,110.,-234.500000000041));
#5806=CARTESIAN_POINT('',(28.1,110.,-226.69393102308));
#5807=CARTESIAN_POINT('',(24.2999999998235,110.,-224.500000000033));
#5808=CARTESIAN_POINT('',(28.1,110.,-209.));
#5809=CARTESIAN_POINT('',(28.1,110.,-209.));
#5810=CARTESIAN_POINT('',(321.900000000001,110.,-209.));
#5811=CARTESIAN_POINT('',(29.3,110.,-209.));
#5812=CARTESIAN_POINT('',(321.900000000001,110.,-226.69393102308));
#5813=CARTESIAN_POINT('',(321.900000000001,110.,-209.));
#5814=CARTESIAN_POINT('',(325.700000000176,110.,-224.500000000033));
#5815=CARTESIAN_POINT('',(320.7,110.000000000001,-248.799268546842));
#5816=CARTESIAN_POINT('',(28.1,110.000000000001,-248.799268546842));
#5817=CARTESIAN_POINT('',(320.700000000181,110.,-230.227608007825));
#5818=CARTESIAN_POINT('',(320.7,110.,-250.));
#5819=CARTESIAN_POINT('',(324.500000000185,110.,-232.421539030575));
#5820=CARTESIAN_POINT('',(324.500000000185,110.,-232.421539030575));
#5821=CARTESIAN_POINT('',(324.500000000185,110.,-232.421539030575));
#5822=CARTESIAN_POINT('',(320.700000000001,110.,-210.2));
#5823=CARTESIAN_POINT('',(320.7,110.,-250.));
#5824=CARTESIAN_POINT('',(29.3,110.,-210.2));
#5825=CARTESIAN_POINT('',(322.000000000005,110.,-210.2));
#5826=CARTESIAN_POINT('',(29.2999999998277,110.,-228.772391991999));
#5827=CARTESIAN_POINT('',(29.3,110.,-250.));
#5828=CARTESIAN_POINT('',(25.4999999998254,110.,-226.578460969088));
#5829=CARTESIAN_POINT('',(29.3,110.000000000001,-248.799268546842));
#5830=CARTESIAN_POINT('',(29.3,110.,-250.));
#5831=CARTESIAN_POINT('',(90.4,110.,-248.799268546842));
#5832=CARTESIAN_POINT('',(28.1,110.000000000001,-248.799268546842));
#5833=CARTESIAN_POINT('',(90.4,110.,-210.3));
#5834=CARTESIAN_POINT('',(90.4,110.,-248.8));
#5835=CARTESIAN_POINT('',(91.6,110.,-210.3));
#5836=CARTESIAN_POINT('',(90.4,110.,-210.3));
#5837=CARTESIAN_POINT('',(91.6,110.,-248.799268546842));
#5838=CARTESIAN_POINT('',(91.6,110.,-210.3));
#5839=CARTESIAN_POINT('',(28.1,110.000000000001,-248.799268546842));
#5840=CARTESIAN_POINT('Origin',(28.1,110.000000000001,-248.799268546842));
#5841=CARTESIAN_POINT('',(320.7,18.4270439838602,-245.601470458129));
#5842=CARTESIAN_POINT('',(28.1,18.4270439838602,-245.601470458129));
#5843=CARTESIAN_POINT('',(320.7,55.0879283158765,-246.881696749249));
#5844=CARTESIAN_POINT('Origin',(28.1,110.000000000001,-248.799268546842));
#5845=CARTESIAN_POINT('',(91.6,18.4270439838602,-245.601470458129));
#5846=CARTESIAN_POINT('',(91.6,54.395595313967,-246.857519948077));
#5847=CARTESIAN_POINT('',(28.1,18.4270439838602,-245.601470458129));
#5848=CARTESIAN_POINT('Origin',(28.1,19.05,-227.762344195833));
#5849=CARTESIAN_POINT('',(320.700000000001,1.19999999999554,-227.762344195833));
#5850=CARTESIAN_POINT('',(28.1,1.19999999999554,-227.762344195833));
#5851=CARTESIAN_POINT('Origin',(320.700000000001,19.05,-227.762344195833));
#5852=CARTESIAN_POINT('',(321.9,1.48159072091889,-230.920428330693));
#5853=CARTESIAN_POINT('Origin',(321.9,19.05,-227.762344195833));
#5854=CARTESIAN_POINT('',(320.700000000181,1.37105844974183,-230.227608007825));
#5855=CARTESIAN_POINT('Origin',(316.430037823416,19.05,-227.762344195833));
#5856=CARTESIAN_POINT('Origin',(320.7,19.05,-227.762344195833));
#5857=CARTESIAN_POINT('Origin',(28.1,19.05,-227.762344195833));
#5858=CARTESIAN_POINT('',(91.6,1.19999999999554,-227.762344195833));
#5859=CARTESIAN_POINT('Origin',(91.6,19.05,-227.762344195833));
#5860=CARTESIAN_POINT('',(28.1,1.19999999999554,-227.762344195833));
#5861=CARTESIAN_POINT('Origin',(90.4,0.,-248.8));
#5862=CARTESIAN_POINT('',(90.4,1.19999999999592,-210.3));
#5863=CARTESIAN_POINT('',(90.4,1.19999999999554,-227.762344195833));
#5864=CARTESIAN_POINT('',(90.4,1.19999999999532,-238.281172097917));
#5865=CARTESIAN_POINT('',(90.4,0.,-210.3));
#5866=CARTESIAN_POINT('',(90.4,18.4270439838602,-245.601470458129));
#5867=CARTESIAN_POINT('',(90.4,55.0670013737532,-246.880965964327));
#5868=CARTESIAN_POINT('Origin',(90.4,19.05,-227.762344195833));
#5869=CARTESIAN_POINT('Origin',(90.4,0.,-210.3));
#5870=CARTESIAN_POINT('',(91.6,1.19999999999592,-210.3));
#5871=CARTESIAN_POINT('',(59.25,1.19999999999592,-210.3));
#5872=CARTESIAN_POINT('',(91.6,0.,-210.3));
#5873=CARTESIAN_POINT('Origin',(91.6,0.,-210.3));
#5874=CARTESIAN_POINT('',(91.6,1.19999999999573,-219.031172097917));
#5875=CARTESIAN_POINT('Origin',(28.1,19.05,-227.762344195833));
#5876=CARTESIAN_POINT('',(29.3,18.4270439838602,-245.601470458129));
#5877=CARTESIAN_POINT('',(28.1,18.4270439838602,-245.601470458129));
#5878=CARTESIAN_POINT('Origin',(29.3,19.05,-227.762344195833));
#5879=CARTESIAN_POINT('',(28.1,1.20281908170424,-228.079571669074));
#5880=CARTESIAN_POINT('Origin',(28.1,19.05,-227.762344195833));
#5881=CARTESIAN_POINT('',(29.2999999998277,1.22859984598234,-228.772391991999));
#5882=CARTESIAN_POINT('Origin',(27.5505458987876,19.05,-227.762344195833));
#5883=CARTESIAN_POINT('',(29.3,1.19999999999554,-227.762344195833));
#5884=CARTESIAN_POINT('Origin',(29.3,19.05,-227.762344195833));
#5885=CARTESIAN_POINT('',(28.1,1.19999999999554,-227.762344195833));
#5886=CARTESIAN_POINT('Origin',(28.1,110.000000000001,-248.799268546842));
#5887=CARTESIAN_POINT('',(29.3,54.7431152301617,-246.869655610965));
#5888=CARTESIAN_POINT('Origin',(28.1,55.0000000000006,-229.5));
#5889=CARTESIAN_POINT('',(28.1,27.5000000000003,-228.079571669074));
#5890=CARTESIAN_POINT('Origin',(321.9,55.0000000000006,-229.5));
#5891=CARTESIAN_POINT('',(321.9,27.5000000000003,-230.920428330693));
#5892=CARTESIAN_POINT('Origin',(28.1,1.19999999999554,-227.762344195833));
#5893=CARTESIAN_POINT('',(29.3,1.19999999999592,-210.2));
#5894=CARTESIAN_POINT('',(29.3,1.19999999999573,-218.981172097917));
#5895=CARTESIAN_POINT('',(320.700000000001,1.19999999999592,-210.2));
#5896=CARTESIAN_POINT('',(174.400000000001,1.19999999999592,-210.2));
#5897=CARTESIAN_POINT('',(320.700000000001,1.19999999999553,-228.267368093919));
#5898=CARTESIAN_POINT('Origin',(28.1,0.,-250.));
#5899=CARTESIAN_POINT('',(28.1,0.,-232.306068977022));
#5900=CARTESIAN_POINT('Origin',(29.3,0.,-230.227608007825));
#5901=CARTESIAN_POINT('Origin',(28.1,0.,-226.69393102308));
#5902=CARTESIAN_POINT('',(28.1,0.,-226.69393102308));
#5903=CARTESIAN_POINT('',(28.1,0.,-209.));
#5904=CARTESIAN_POINT('Origin',(320.700000000001,0.,-228.772391991999));
#5905=CARTESIAN_POINT('',(320.700000000001,0.,-210.2));
#5906=CARTESIAN_POINT('Origin',(320.700000000001,0.,-210.2));
#5907=CARTESIAN_POINT('',(29.3,0.,-210.2));
#5908=CARTESIAN_POINT('Origin',(29.3,0.,-210.2));
#5909=CARTESIAN_POINT('',(29.2999999998277,0.,-228.772391991999));
#5910=CARTESIAN_POINT('Origin',(320.7,0.,-250.));
#5911=CARTESIAN_POINT('',(320.700000000181,0.,-230.227608007825));
#5912=CARTESIAN_POINT('Origin',(28.1,0.,-209.));
#5913=CARTESIAN_POINT('',(321.900000000001,0.,-209.));
#5914=CARTESIAN_POINT('Origin',(24.2999999998235,0.,-224.500000000033));
#5915=CARTESIAN_POINT('',(24.2999999998235,0.,-224.500000000033));
#5916=CARTESIAN_POINT('Origin',(24.2999999998119,0.,-234.500000000041));
#5917=CARTESIAN_POINT('',(24.2999999998119,0.,-234.500000000041));
#5918=CARTESIAN_POINT('Origin',(28.1,0.,-232.306068977022));
#5919=CARTESIAN_POINT('Origin',(29.2999999998277,0.,-228.772391991999));
#5920=CARTESIAN_POINT('Origin',(324.500000000185,0.,-232.421539030575));
#5921=CARTESIAN_POINT('',(324.500000000185,0.,-232.421539030575));
#5922=CARTESIAN_POINT('Origin',(320.700000000181,0.,-230.227608007825));
#5923=CARTESIAN_POINT('Origin',(321.900000000001,0.,-226.69393102308));
#5924=CARTESIAN_POINT('',(321.900000000001,0.,-226.69393102308));
#5925=CARTESIAN_POINT('Origin',(321.900000000001,0.,-209.));
#5926=CARTESIAN_POINT('',(0.,0.,0.));
#5927=CARTESIAN_POINT('Origin',(29.2999999999996,0.,-19.7723919922576));
#5928=CARTESIAN_POINT('',(28.1,0.26359521896256,-19.0795716692818));
#5929=CARTESIAN_POINT('',(25.4999999999996,0.578551667705776,-17.5784609695003));
#5930=CARTESIAN_POINT('Origin',(33.5699621766055,19.05,-22.237655804167));
#5931=CARTESIAN_POINT('',(25.4999999999996,110.,-17.5784609695003));
#5932=CARTESIAN_POINT('',(25.4999999999996,0.,-17.5784609695003));
#5933=CARTESIAN_POINT('',(29.2999999999996,110.,-19.7723919922576));
#5934=CARTESIAN_POINT('',(25.4999999999996,110.,-17.5784609695003));
#5935=CARTESIAN_POINT('',(29.2999999999996,1.3710584497349,-19.7723919922576));
#5936=CARTESIAN_POINT('',(29.2999999999996,0.,-19.7723919922576));
#5937=CARTESIAN_POINT('',(28.1,1.48159072092791,-19.0795716692818));
#5938=CARTESIAN_POINT('Origin',(33.5699621766055,19.05,-22.237655804167));
#5939=CARTESIAN_POINT('',(28.1,27.5,-19.0795716692818));
#5940=CARTESIAN_POINT('Origin',(25.4999999999996,0.,-17.5784609695003));
#5941=CARTESIAN_POINT('',(25.4999999999996,0.,-22.237655804167));
#5942=CARTESIAN_POINT('Origin',(25.4999999999996,19.05,-22.237655804167));
#5943=CARTESIAN_POINT('',(25.4999999999996,0.,-23.421539030988));
#5944=CARTESIAN_POINT('',(25.4999999999996,0.,-17.5784609695003));
#5945=CARTESIAN_POINT('',(25.4999999999996,110.,-23.421539030988));
#5946=CARTESIAN_POINT('',(25.4999999999996,0.,-23.421539030988));
#5947=CARTESIAN_POINT('',(25.4999999999996,110.,-17.5784609695003));
#5948=CARTESIAN_POINT('Origin',(321.9,0.,-1.15463194561016E-13));
#5949=CARTESIAN_POINT('',(321.9,110.,-1.15463194561016E-13));
#5950=CARTESIAN_POINT('',(321.9,18.3851645878174,-3.19926054945324));
#5951=CARTESIAN_POINT('',(321.9,9.25957091176354,-3.51793330269007));
#5952=CARTESIAN_POINT('',(321.9,0.549809051997221,-17.6939310229511));
#5953=CARTESIAN_POINT('Origin',(321.9,19.05,-22.237655804167));
#5954=CARTESIAN_POINT('',(321.9,110.,-17.6939310229511));
#5955=CARTESIAN_POINT('',(321.9,0.,-17.6939310229511));
#5956=CARTESIAN_POINT('',(321.9,110.,-41.0000000000001));
#5957=CARTESIAN_POINT('Origin',(320.699999999994,0.,-21.2276080080836));
#5958=CARTESIAN_POINT('',(321.9,0.00264147630079536,-21.9204283311082));
#5959=CARTESIAN_POINT('',(322.449454100899,0.,-22.237655804167));
#5960=CARTESIAN_POINT('Origin',(322.449454100899,19.05,-22.237655804167));
#5961=CARTESIAN_POINT('',(324.5,0.,-23.421539030988));
#5962=CARTESIAN_POINT('',(324.5,0.,-23.421539030988));
#5963=CARTESIAN_POINT('',(324.5,110.,-23.421539030988));
#5964=CARTESIAN_POINT('',(324.5,0.,-23.421539030988));
#5965=CARTESIAN_POINT('',(320.699999999994,110.,-21.2276080080836));
#5966=CARTESIAN_POINT('',(324.5,110.,-23.421539030988));
#5967=CARTESIAN_POINT('',(320.699999999994,1.22859984598216,-21.2276080080836));
#5968=CARTESIAN_POINT('',(320.699999999994,0.,-21.2276080080836));
#5969=CARTESIAN_POINT('',(321.9,1.20281908170546,-21.9204283311082));
#5970=CARTESIAN_POINT('Origin',(322.449454100899,19.05,-22.237655804167));
#5971=CARTESIAN_POINT('',(321.9,27.5,-21.9204283311082));
#5972=CARTESIAN_POINT('Origin',(321.9,0.,-17.6939310229511));
#5973=CARTESIAN_POINT('',(325.7,1.23128808625706,-15.5000000000289));
#5974=CARTESIAN_POINT('Origin',(314.030037823329,19.05,-22.237655804167));
#5975=CARTESIAN_POINT('',(325.7,110.,-15.5000000000289));
#5976=CARTESIAN_POINT('',(325.7,0.,-15.5000000000289));
#5977=CARTESIAN_POINT('',(325.7,110.,-15.5000000000289));
#5978=CARTESIAN_POINT('Origin',(325.7,0.,-15.5000000000289));
#5979=CARTESIAN_POINT('',(325.7,0.,-22.237655804167));
#5980=CARTESIAN_POINT('Origin',(325.7,19.05,-22.237655804167));
#5981=CARTESIAN_POINT('',(325.7,0.,-25.5000000000378));
#5982=CARTESIAN_POINT('',(325.7,0.,-15.5000000000289));
#5983=CARTESIAN_POINT('',(325.7,110.,-25.5000000000378));
#5984=CARTESIAN_POINT('',(325.7,0.,-25.5000000000378));
#5985=CARTESIAN_POINT('',(325.7,110.,-15.5000000000289));
#5986=CARTESIAN_POINT('Origin',(216.4,0.,-39.8));
#5987=CARTESIAN_POINT('',(216.4,1.19999999999999,-22.237655804167));
#5988=CARTESIAN_POINT('',(216.4,1.19999999999961,-39.8));
#5989=CARTESIAN_POINT('',(216.4,1.19999999999961,-39.8000000000001));
#5990=CARTESIAN_POINT('',(216.4,18.4270439838604,-4.39852954187616));
#5991=CARTESIAN_POINT('Origin',(216.4,19.05,-22.237655804167));
#5992=CARTESIAN_POINT('',(216.4,110.,-1.20073145315859));
#5993=CARTESIAN_POINT('',(216.4,8.60737339405248,-4.74143999502773));
#5994=CARTESIAN_POINT('',(216.4,110.,-39.8));
#5995=CARTESIAN_POINT('',(216.4,110.,-1.2));
#5996=CARTESIAN_POINT('',(216.4,0.,-39.8));
#5997=CARTESIAN_POINT('Origin',(217.6,0.,-1.2));
#5998=CARTESIAN_POINT('',(217.6,1.19999999999961,-39.8));
#5999=CARTESIAN_POINT('',(217.6,1.19999999999999,-22.237655804167));
#6000=CARTESIAN_POINT('',(217.6,1.20000000000003,-20.5000000000002));
#6001=CARTESIAN_POINT('',(217.6,110.,-39.8));
#6002=CARTESIAN_POINT('',(217.6,0.,-39.8));
#6003=CARTESIAN_POINT('',(217.6,110.,-1.20073145315859));
#6004=CARTESIAN_POINT('',(217.6,110.,-39.8));
#6005=CARTESIAN_POINT('',(217.6,18.4270439838604,-4.39852954187616));
#6006=CARTESIAN_POINT('',(217.6,9.28052336568329,-4.71793308003504));
#6007=CARTESIAN_POINT('Origin',(217.6,19.05,-22.237655804167));
#6008=CARTESIAN_POINT('Origin',(29.3,0.,-39.8));
#6009=CARTESIAN_POINT('',(91.6,110.,-39.8));
#6010=CARTESIAN_POINT('',(28.,110.,-39.8));
#6011=CARTESIAN_POINT('',(91.6,1.19999999999961,-39.8));
#6012=CARTESIAN_POINT('',(91.6,0.,-39.8));
#6013=CARTESIAN_POINT('',(28.7,1.19999999999961,-39.8));
#6014=CARTESIAN_POINT('Origin',(29.3,0.,-39.8));
#6015=CARTESIAN_POINT('',(320.700000000001,1.19999999999962,-39.8000000000002));
#6016=CARTESIAN_POINT('',(28.7,1.19999999999961,-39.8));
#6017=CARTESIAN_POINT('',(320.700000000001,110.,-39.8));
#6018=CARTESIAN_POINT('',(320.700000000001,0.,-39.8));
#6019=CARTESIAN_POINT('',(28.,110.,-39.8));
#6020=CARTESIAN_POINT('Origin',(175.,110.,-20.5000000000001));
#6021=CARTESIAN_POINT('',(28.1,110.,0.));
#6022=CARTESIAN_POINT('',(321.9,110.,-1.14116473095787E-13));
#6023=CARTESIAN_POINT('',(321.9,110.,-23.3060689771004));
#6024=CARTESIAN_POINT('',(325.7,110.,-25.5000000000378));
#6025=CARTESIAN_POINT('',(321.9,110.,-41.0000000000001));
#6026=CARTESIAN_POINT('',(321.9,110.,-41.0000000000001));
#6027=CARTESIAN_POINT('',(28.1,110.,-41.));
#6028=CARTESIAN_POINT('',(320.700000000001,110.,-40.9999999999999));
#6029=CARTESIAN_POINT('',(28.1,110.,-23.3060689771003));
#6030=CARTESIAN_POINT('',(28.1,110.,-41.));
#6031=CARTESIAN_POINT('',(24.2999999999996,110.,-25.5000000000378));
#6032=CARTESIAN_POINT('',(24.2999999999996,110.,-25.5000000000378));
#6033=CARTESIAN_POINT('',(24.2999999999996,110.,-15.5000000000289));
#6034=CARTESIAN_POINT('',(24.2999999999996,110.,-15.5000000000289));
#6035=CARTESIAN_POINT('',(28.1,110.,-17.6939310229511));
#6036=CARTESIAN_POINT('',(24.2999999999996,110.,-15.5000000000289));
#6037=CARTESIAN_POINT('',(28.1,110.,-41.));
#6038=CARTESIAN_POINT('',(320.7,110.,-1.14116473096734E-13));
#6039=CARTESIAN_POINT('',(324.5,110.,-17.5784609695003));
#6040=CARTESIAN_POINT('',(324.5,110.,-17.5784609695003));
#6041=CARTESIAN_POINT('',(320.7,110.,-19.7723919922576));
#6042=CARTESIAN_POINT('',(324.5,110.,-17.5784609695003));
#6043=CARTESIAN_POINT('',(320.700000000015,110.,-1.20073145315859));
#6044=CARTESIAN_POINT('',(320.69999999999,110.,-25.5000000000289));
#6045=CARTESIAN_POINT('',(28.1,110.,-1.20073145315859));
#6046=CARTESIAN_POINT('',(90.4,110.,-39.8));
#6047=CARTESIAN_POINT('',(90.4,110.,-1.20073145315859));
#6048=CARTESIAN_POINT('',(90.4,110.,-1.2));
#6049=CARTESIAN_POINT('',(29.3,110.,-1.20073145315859));
#6050=CARTESIAN_POINT('',(28.1,110.,-1.20073145315859));
#6051=CARTESIAN_POINT('',(29.3,110.,6.62519900869209E-31));
#6052=CARTESIAN_POINT('',(29.3000000000057,110.,-21.2276080080836));
#6053=CARTESIAN_POINT('',(25.4999999999996,110.,-23.421539030988));
#6054=CARTESIAN_POINT('',(29.3,110.,-39.8));
#6055=CARTESIAN_POINT('',(29.3,110.,6.62519900869209E-31));
#6056=CARTESIAN_POINT('',(28.,110.,-39.8));
#6057=CARTESIAN_POINT('',(91.6,110.,-1.20073145315859));
#6058=CARTESIAN_POINT('',(28.1,110.,-1.20073145315859));
#6059=CARTESIAN_POINT('',(91.6,110.,-39.8));
#6060=CARTESIAN_POINT('Origin',(28.1,1.19999999999961,-39.8000000000002));
#6061=CARTESIAN_POINT('',(91.6,1.19999999999999,-22.237655804167));
#6062=CARTESIAN_POINT('',(91.6,1.20000000000003,-20.5000000000001));
#6063=CARTESIAN_POINT('',(28.1,1.19999999999999,-22.237655804167));
#6064=CARTESIAN_POINT('Origin',(28.1,18.4270439838604,-4.39852954187616));
#6065=CARTESIAN_POINT('',(91.6,18.4270439838604,-4.39852954187616));
#6066=CARTESIAN_POINT('',(28.1,18.4270439838604,-4.39852954187616));
#6067=CARTESIAN_POINT('',(91.6,9.28052336568329,-4.71793308003504));
#6068=CARTESIAN_POINT('Origin',(28.1,18.4270439838604,-4.39852954187616));
#6069=CARTESIAN_POINT('',(320.700000000012,18.4270439838604,-4.39852954187616));
#6070=CARTESIAN_POINT('',(320.700000000012,8.95663722208454,-4.72924343339723));
#6071=CARTESIAN_POINT('',(28.1,18.4270439838604,-4.39852954187616));
#6072=CARTESIAN_POINT('Origin',(28.1,19.05,-22.237655804167));
#6073=CARTESIAN_POINT('Origin',(91.6,19.05,-22.237655804167));
#6074=CARTESIAN_POINT('Origin',(28.1,19.05,-22.237655804167));
#6075=CARTESIAN_POINT('',(320.7,1.3710584497349,-19.7723919922576));
#6076=CARTESIAN_POINT('Origin',(320.699999999996,19.05,-22.237655804167));
#6077=CARTESIAN_POINT('',(321.9,1.48159072092791,-19.0795716692818));
#6078=CARTESIAN_POINT('Origin',(316.430037823395,19.05,-22.237655804167));
#6079=CARTESIAN_POINT('Origin',(321.9,19.05,-22.237655804167));
#6080=CARTESIAN_POINT('',(320.7,1.19999999999999,-22.237655804167));
#6081=CARTESIAN_POINT('Origin',(320.700000000001,19.05,-22.237655804167));
#6082=CARTESIAN_POINT('',(28.1,1.19999999999999,-22.237655804167));
#6083=CARTESIAN_POINT('Origin',(175.,0.,-20.5000000000001));
#6084=CARTESIAN_POINT('',(27.5505458991006,0.,-22.237655804167));
#6085=CARTESIAN_POINT('',(0.,0.,-22.237655804167));
#6086=CARTESIAN_POINT('',(25.4999999999996,0.,-23.421539030988));
#6087=CARTESIAN_POINT('',(24.2999999999996,0.,-22.237655804167));
#6088=CARTESIAN_POINT('',(0.,0.,-22.237655804167));
#6089=CARTESIAN_POINT('',(24.2999999999996,0.,-25.5000000000378));
#6090=CARTESIAN_POINT('',(24.2999999999996,0.,-15.5000000000289));
#6091=CARTESIAN_POINT('',(28.1,0.,-23.3060689771003));
#6092=CARTESIAN_POINT('',(24.2999999999996,0.,-25.5000000000378));
#6093=CARTESIAN_POINT('',(28.1,0.,-41.));
#6094=CARTESIAN_POINT('',(28.1,0.,-41.));
#6095=CARTESIAN_POINT('',(321.9,0.,-41.0000000000001));
#6096=CARTESIAN_POINT('',(320.700000000001,0.,-40.9999999999999));
#6097=CARTESIAN_POINT('',(321.9,0.,-23.3060689771004));
#6098=CARTESIAN_POINT('',(321.9,0.,-41.0000000000001));
#6099=CARTESIAN_POINT('',(325.7,0.,-25.5000000000378));
#6100=CARTESIAN_POINT('',(324.5,0.,-22.237655804167));
#6101=CARTESIAN_POINT('',(0.,0.,-22.237655804167));
#6102=CARTESIAN_POINT('',(324.5,0.,-17.5784609695003));
#6103=CARTESIAN_POINT('Origin',(90.4,0.,-39.8));
#6104=CARTESIAN_POINT('',(90.4,1.19999999999999,-22.237655804167));
#6105=CARTESIAN_POINT('',(90.4,1.19999999999961,-39.8));
#6106=CARTESIAN_POINT('',(90.4,1.19999999999961,-39.8000000000001));
#6107=CARTESIAN_POINT('',(90.4,18.4270439838604,-4.39852954187616));
#6108=CARTESIAN_POINT('Origin',(90.4,19.05,-22.237655804167));
#6109=CARTESIAN_POINT('',(90.4,8.60737339405248,-4.74143999502773));
#6110=CARTESIAN_POINT('',(90.4,0.,-39.8));
#6111=CARTESIAN_POINT('Origin',(91.6,0.,-1.2));
#6112=CARTESIAN_POINT('Origin',(29.3,0.,-39.8));
#6113=CARTESIAN_POINT('',(29.3,1.19999999999961,-39.8));
#6114=CARTESIAN_POINT('',(29.3,0.,-39.8));
#6115=CARTESIAN_POINT('',(28.7,1.19999999999961,-39.8));
#6116=CARTESIAN_POINT('Origin',(28.1,1.19999999999961,-39.8000000000002));
#6117=CARTESIAN_POINT('',(29.3,1.19999999999999,-22.237655804167));
#6118=CARTESIAN_POINT('',(29.3,1.19999999999981,-30.513804004042));
#6119=CARTESIAN_POINT('',(28.1,1.19999999999999,-22.237655804167));
#6120=CARTESIAN_POINT('Origin',(28.1,19.05,-22.237655804167));
#6121=CARTESIAN_POINT('',(29.3000000000057,1.22859984598216,-21.2276080080836));
#6122=CARTESIAN_POINT('Origin',(29.3,19.05,-22.237655804167));
#6123=CARTESIAN_POINT('',(28.1,1.20281908170546,-21.9204283311083));
#6124=CARTESIAN_POINT('Origin',(27.5505458991006,19.05,-22.237655804167));
#6125=CARTESIAN_POINT('Origin',(28.1,19.05,-22.237655804167));
#6126=CARTESIAN_POINT('',(29.3,18.4270439838604,-4.39852954187616));
#6127=CARTESIAN_POINT('Origin',(29.3,19.05,-22.237655804167));
#6128=CARTESIAN_POINT('',(28.1,18.4270439838604,-4.39852954187616));
#6129=CARTESIAN_POINT('Origin',(28.1,18.4270439838604,-4.39852954187616));
#6130=CARTESIAN_POINT('',(29.3,9.30145030780653,-4.71720229511299));
#6131=CARTESIAN_POINT('Origin',(28.1,19.05,-22.237655804167));
#6132=CARTESIAN_POINT('',(28.1,18.3851645878174,-3.19926054945324));
#6133=CARTESIAN_POINT('',(0.,18.3851645878174,-3.19926054945324));
#6134=CARTESIAN_POINT('',(28.1,0.549809051997205,-17.6939310229511));
#6135=CARTESIAN_POINT('Origin',(28.1,19.05,-22.237655804167));
#6136=CARTESIAN_POINT('',(24.2999999999996,1.23128808625706,-15.5000000000289));
#6137=CARTESIAN_POINT('Origin',(35.9699621766706,19.05,-22.237655804167));
#6138=CARTESIAN_POINT('Origin',(24.2999999999996,19.05,-22.237655804167));
#6139=CARTESIAN_POINT('',(28.1,0.00264147630079536,-21.9204283311083));
#6140=CARTESIAN_POINT('Origin',(28.1,19.05,-22.237655804167));
#6141=CARTESIAN_POINT('Origin',(27.5505458991006,19.05,-22.237655804167));
#6142=CARTESIAN_POINT('',(321.9,0.263595218962558,-19.0795716692818));
#6143=CARTESIAN_POINT('Origin',(321.9,19.05,-22.237655804167));
#6144=CARTESIAN_POINT('',(324.5,0.578551667705776,-17.5784609695003));
#6145=CARTESIAN_POINT('Origin',(316.430037823395,19.05,-22.237655804167));
#6146=CARTESIAN_POINT('Origin',(324.5,19.05,-22.237655804167));
#6147=CARTESIAN_POINT('Origin',(321.9,55.,-20.5));
#6148=CARTESIAN_POINT('',(321.9,27.5,-19.0795716692818));
#6149=CARTESIAN_POINT('Origin',(28.1,1.19999999999961,-39.8000000000002));
#6150=CARTESIAN_POINT('',(320.700000000001,1.19999999999961,-39.7999999999981));
#6151=CARTESIAN_POINT('Origin',(28.1,110.,-1.97215226305253E-30));
#6152=CARTESIAN_POINT('',(28.1,8.9510043530553,-3.52870868435958));
#6153=CARTESIAN_POINT('Origin',(28.1,55.,-20.5));
#6154=CARTESIAN_POINT('',(28.1,27.5,-21.9204283311083));
#6155=CARTESIAN_POINT('Origin',(320.699999999996,0.,-19.7723919922576));
#6156=CARTESIAN_POINT('',(320.7,0.,-19.7723919922576));
#6157=CARTESIAN_POINT('Origin',(25.4999999999996,0.,-23.421539030988));
#6158=CARTESIAN_POINT('',(29.3000000000057,0.,-21.2276080080836));
#6159=CARTESIAN_POINT('Origin',(29.3,0.,-21.2276080080836));
#6160=CARTESIAN_POINT('Origin',(321.9,0.,-23.3060689771004));
#6161=CARTESIAN_POINT('',(321.9,0.,-23.3060689771004));
#6162=CARTESIAN_POINT('',(321.9,0.,-41.0000000000001));
#6163=CARTESIAN_POINT('Origin',(320.700000000001,0.,-39.8));
#6164=CARTESIAN_POINT('Origin',(29.3,0.,6.62519900869209E-31));
#6165=CARTESIAN_POINT('Origin',(28.1,0.,-17.6939310229511));
#6166=CARTESIAN_POINT('',(28.1,0.,-17.6939310229511));
#6167=CARTESIAN_POINT('Origin',(24.2999999999996,0.,-15.5000000000289));
#6168=CARTESIAN_POINT('',(24.2999999999996,0.,-15.5000000000289));
#6169=CARTESIAN_POINT('Origin',(24.2999999999996,0.,-25.5000000000378));
#6170=CARTESIAN_POINT('',(24.2999999999996,0.,-25.5000000000378));
#6171=CARTESIAN_POINT('Origin',(28.1,0.,-23.3060689771003));
#6172=CARTESIAN_POINT('',(28.1,0.,-23.3060689771003));
#6173=CARTESIAN_POINT('Origin',(28.1,0.,-41.));
#6174=CARTESIAN_POINT('',(28.1,0.,-41.));
#6175=CARTESIAN_POINT('Origin',(321.9,0.,-41.0000000000001));
#6176=CARTESIAN_POINT('Origin',(325.7,0.,-25.5000000000378));
#6177=CARTESIAN_POINT('Origin',(324.5,0.,-17.5784609695003));
#6178=CARTESIAN_POINT('',(324.5,0.,-17.5784609695003));
#6179=CARTESIAN_POINT('Origin',(324.5,0.,-23.421539030988));
#6180=CARTESIAN_POINT('',(0.,0.,0.));
#6181=CARTESIAN_POINT('Origin',(334.376224688149,106.726092326044,-234.376224688149));
#6182=CARTESIAN_POINT('',(334.509442181204,110.000000000001,-249.999999999999));
#6183=CARTESIAN_POINT('',(350.,110.,-234.509442181204));
#6184=CARTESIAN_POINT('Origin',(334.490552063368,110.,-234.490552063368));
#6185=CARTESIAN_POINT('',(346.800739450547,18.3851645878228,-231.310181631751));
#6186=CARTESIAN_POINT('',(349.866782506945,106.185150127155,-234.376224688149));
#6187=CARTESIAN_POINT('',(331.310181631751,18.3851645878174,-246.800739450547));
#6188=CARTESIAN_POINT('Origin',(331.310181631751,18.9261067867115,-231.310181631751));
#6189=CARTESIAN_POINT('',(334.376224688149,106.185150127155,-249.866782506945));
#6190=CARTESIAN_POINT('Ctrl Pts',(346.800739450546,18.3851645878035,-231.310181631751));
#6191=CARTESIAN_POINT('Ctrl Pts',(346.759437003714,17.2024172591299,-231.302484850321));
#6192=CARTESIAN_POINT('Ctrl Pts',(346.446229475876,14.8207649799552,-231.244118093161));
#6193=CARTESIAN_POINT('Ctrl Pts',(345.389828849155,11.5765724908926,-231.047256034109));
#6194=CARTESIAN_POINT('Ctrl Pts',(343.853981988114,8.69469719960825,-230.761048351339));
#6195=CARTESIAN_POINT('Ctrl Pts',(342.001339756,6.281700771368,-230.415805310701));
#6196=CARTESIAN_POINT('Ctrl Pts',(339.890884839948,4.26958781799954,-230.022518436581));
#6197=CARTESIAN_POINT('Ctrl Pts',(336.881378740221,2.15600135863379,-229.461691840547));
#6198=CARTESIAN_POINT('Ctrl Pts',(332.837466726319,0.450779976243377,-228.708101937728));
#6199=CARTESIAN_POINT('Ctrl Pts',(329.479543497445,0.00392667181665468,
-228.08234721518));
#6200=CARTESIAN_POINT('Ctrl Pts',(327.790332434134,1.43303775539526E-5,
-227.767559851795));
#6201=CARTESIAN_POINT('Ctrl Pts',(327.776339813753,2.22044604925031E-14,
-227.764952303117));
#6202=CARTESIAN_POINT('Ctrl Pts',(327.762344195828,2.22044604925031E-14,
-227.762344195833));
#6203=CARTESIAN_POINT('Ctrl Pts',(346.797919123917,18.3044010001023,-233.625768511863));
#6204=CARTESIAN_POINT('Ctrl Pts',(346.746574801971,16.9785495090617,-233.606694328403));
#6205=CARTESIAN_POINT('Ctrl Pts',(346.355622722537,14.320769666537,-233.460618533166));
#6206=CARTESIAN_POINT('Ctrl Pts',(345.091873857511,10.8457144169975,-233.006922073801));
#6207=CARTESIAN_POINT('Ctrl Pts',(343.359135020072,7.9206893108988,-232.417181763704));
#6208=CARTESIAN_POINT('Ctrl Pts',(341.380365040534,5.59369061873471,-231.776517055661));
#6209=CARTESIAN_POINT('Ctrl Pts',(339.227534159988,3.73270720938004,-231.107530456778));
#6210=CARTESIAN_POINT('Ctrl Pts',(336.267029135723,1.84328138759951,-230.215956600284));
#6211=CARTESIAN_POINT('Ctrl Pts',(332.443643479006,0.379090724029794,-229.101810668205));
#6212=CARTESIAN_POINT('Ctrl Pts',(329.346434409493,0.00329418292721895,
-228.215469702381));
#6213=CARTESIAN_POINT('Ctrl Pts',(327.78816386275,1.22480380713339E-5,-227.769728354918));
#6214=CARTESIAN_POINT('Ctrl Pts',(327.775255288927,2.22044604925031E-14,
-227.76603682794));
#6215=CARTESIAN_POINT('Ctrl Pts',(327.762344195828,2.22044604925031E-14,
-227.762344195833));
#6216=CARTESIAN_POINT('Ctrl Pts',(345.735821856605,18.1797976099902,-238.256040018436));
#6217=CARTESIAN_POINT('Ctrl Pts',(345.672671536019,16.6330355454483,-238.214118941466));
#6218=CARTESIAN_POINT('Ctrl Pts',(345.189411162294,13.5503290407193,-237.892657390974));
#6219=CARTESIAN_POINT('Ctrl Pts',(343.698787384343,9.73239919029111,-236.924094645522));
#6220=CARTESIAN_POINT('Ctrl Pts',(341.790133595837,6.75772369881006,-235.726439619054));
#6221=CARTESIAN_POINT('Ctrl Pts',(339.756168738897,4.57355526903609,-234.494565139792));
#6222=CARTESIAN_POINT('Ctrl Pts',(337.676567061131,2.9460842738187,-233.274151858476));
#6223=CARTESIAN_POINT('Ctrl Pts',(334.96120380498,1.3921413564603,-231.721760338327));
#6224=CARTESIAN_POINT('Ctrl Pts',(331.657129473784,0.277233174330153,-229.887205683103));
#6225=CARTESIAN_POINT('Ctrl Pts',(329.08032475813,0.00239046742406565,-228.481491726216));
#6226=CARTESIAN_POINT('Ctrl Pts',(327.783826104647,9.27511212214104E-6,
-227.774066619628));
#6227=CARTESIAN_POINT('Ctrl Pts',(327.773086239275,2.22044604925031E-14,
-227.768205877588));
#6228=CARTESIAN_POINT('Ctrl Pts',(327.762344195828,2.22044604925031E-14,
-227.762344195833));
#6229=CARTESIAN_POINT('Ctrl Pts',(342.030897734271,18.147166434838,-242.895398737524));
#6230=CARTESIAN_POINT('Ctrl Pts',(341.975019491497,16.5425451039673,-242.836884554941));
#6231=CARTESIAN_POINT('Ctrl Pts',(341.546676403138,13.348753193071,-242.388471170689));
#6232=CARTESIAN_POINT('Ctrl Pts',(340.250112998499,9.4430932063912,-241.027711241471));
#6233=CARTESIAN_POINT('Ctrl Pts',(338.636479690527,6.4579785750811,-239.328042992266));
#6234=CARTESIAN_POINT('Ctrl Pts',(336.966933309285,4.31270444892999,-237.563142794516));
#6235=CARTESIAN_POINT('Ctrl Pts',(335.305465041537,2.74638299084656,-235.801304744392));
#6236=CARTESIAN_POINT('Ctrl Pts',(333.185440676491,1.27868420404767,-233.54758738307));
#6237=CARTESIAN_POINT('Ctrl Pts',(330.673700451506,0.251854783159047,-230.870250208459));
#6238=CARTESIAN_POINT('Ctrl Pts',(328.747628525689,0.0021647067644022,-228.814154098287));
#6239=CARTESIAN_POINT('Ctrl Pts',(327.778404233389,8.53106794389884E-6,
-227.779488685247));
#6240=CARTESIAN_POINT('Ctrl Pts',(327.77037492721,2.22044604925031E-14,
-227.770917189647));
#6241=CARTESIAN_POINT('Ctrl Pts',(327.762344195828,2.22044604925031E-14,
-227.762344195833));
#6242=CARTESIAN_POINT('Ctrl Pts',(337.095114790599,18.2111640205343,-245.998530607891));
#6243=CARTESIAN_POINT('Ctrl Pts',(337.058975307537,16.7201639874046,-245.938395682178));
#6244=CARTESIAN_POINT('Ctrl Pts',(336.781780311702,13.744660386506,-245.47857656061));
#6245=CARTESIAN_POINT('Ctrl Pts',(335.943185132264,10.0128513153982,-244.045792227066));
#6246=CARTESIAN_POINT('Ctrl Pts',(334.898560577079,7.05018524211764,-242.182042710512));
#6247=CARTESIAN_POINT('Ctrl Pts',(333.815125587262,4.82967070363504,-240.162423956445));
#6248=CARTESIAN_POINT('Ctrl Pts',(332.732880441845,3.143268167772,-238.064772637671));
#6249=CARTESIAN_POINT('Ctrl Pts',(331.345751323457,1.50499661028014,-235.288140791948));
#6250=CARTESIAN_POINT('Ctrl Pts',(329.691197467168,0.302631529512003,-231.854124403804));
#6251=CARTESIAN_POINT('Ctrl Pts',(328.415023799499,0.0026110444760688,-229.146892616605));
#6252=CARTESIAN_POINT('Ctrl Pts',(327.7729818413,1.00485213815551E-5,-227.784910315878));
#6253=CARTESIAN_POINT('Ctrl Pts',(327.767663615144,2.22044604925031E-14,
-227.773628501706));
#6254=CARTESIAN_POINT('Ctrl Pts',(327.762344195828,2.22044604925031E-14,
-227.762344195833));
#6255=CARTESIAN_POINT('Ctrl Pts',(333.625768511862,18.3044010001225,-246.797919123918));
#6256=CARTESIAN_POINT('Ctrl Pts',(333.606637971977,16.978140681465,-246.74652826878));
#6257=CARTESIAN_POINT('Ctrl Pts',(333.460508701588,14.3196440164032,-246.355522930434));
#6258=CARTESIAN_POINT('Ctrl Pts',(333.006036971054,10.8442933317658,-245.091137001335));
#6259=CARTESIAN_POINT('Ctrl Pts',(332.415740942243,7.91958088746328,-243.357953917556));
#6260=CARTESIAN_POINT('Ctrl Pts',(331.774824727109,5.59305352535647,-241.378992693925));
#6261=CARTESIAN_POINT('Ctrl Pts',(331.105796553246,3.73247456061778,-239.22613892494));
#6262=CARTESIAN_POINT('Ctrl Pts',(330.214557884694,1.84335249312129,-236.265910196983));
#6263=CARTESIAN_POINT('Ctrl Pts',(329.100772693706,0.379232205577212,-232.442814395137));
#6264=CARTESIAN_POINT('Ctrl Pts',(328.215355242294,0.00330825375944917,
-229.346342956173));
#6265=CARTESIAN_POINT('Ctrl Pts',(327.769729000991,1.21686433082437E-5,
-227.788164378992));
#6266=CARTESIAN_POINT('Ctrl Pts',(327.766036827905,2.22044604925031E-14,
-227.775255288941));
#6267=CARTESIAN_POINT('Ctrl Pts',(327.762344195828,2.22044604925031E-14,
-227.762344195833));
#6268=CARTESIAN_POINT('Ctrl Pts',(331.310181631751,18.3851645878272,-246.800739450547));
#6269=CARTESIAN_POINT('Ctrl Pts',(331.30248485032,17.2024172591509,-246.759437003716));
#6270=CARTESIAN_POINT('Ctrl Pts',(331.244118093165,14.8207649799739,-246.446229475858));
#6271=CARTESIAN_POINT('Ctrl Pts',(331.047256034117,11.5765724909071,-245.389828849116));
#6272=CARTESIAN_POINT('Ctrl Pts',(330.761048351352,8.69469719962005,-243.853981988054));
#6273=CARTESIAN_POINT('Ctrl Pts',(330.415805310723,6.28170077137673,-242.001339755903));
#6274=CARTESIAN_POINT('Ctrl Pts',(330.022518436601,4.26958781800417,-239.890884839845));
#6275=CARTESIAN_POINT('Ctrl Pts',(329.461691840595,2.15600135863768,-236.881378740007));
#6276=CARTESIAN_POINT('Ctrl Pts',(328.708101937732,0.450779976243549,-232.837466726285));
#6277=CARTESIAN_POINT('Ctrl Pts',(328.082347215309,0.00392667181711736,
-229.479543496847));
#6278=CARTESIAN_POINT('Ctrl Pts',(327.767559851786,1.43303775813843E-5,
-227.790332434162));
#6279=CARTESIAN_POINT('Ctrl Pts',(327.764952303079,2.22044604925031E-14,
-227.776339813765));
#6280=CARTESIAN_POINT('Ctrl Pts',(327.762344195828,2.22044604925031E-14,
-227.762344195833));
#6281=CARTESIAN_POINT('',(327.762344195828,0.,-227.762344195833));
#6282=CARTESIAN_POINT('Ctrl Pts',(346.800739450546,18.3851645878035,-231.310181631751));
#6283=CARTESIAN_POINT('Ctrl Pts',(346.759437003714,17.2024172591299,-231.302484850321));
#6284=CARTESIAN_POINT('Ctrl Pts',(346.446229475876,14.8207649799552,-231.244118093161));
#6285=CARTESIAN_POINT('Ctrl Pts',(345.389828849155,11.5765724908926,-231.047256034109));
#6286=CARTESIAN_POINT('Ctrl Pts',(343.853981988114,8.69469719960825,-230.761048351339));
#6287=CARTESIAN_POINT('Ctrl Pts',(342.001339756,6.281700771368,-230.415805310701));
#6288=CARTESIAN_POINT('Ctrl Pts',(339.890884839948,4.26958781799954,-230.022518436581));
#6289=CARTESIAN_POINT('Ctrl Pts',(336.881378740221,2.15600135863379,-229.461691840547));
#6290=CARTESIAN_POINT('Ctrl Pts',(332.837466726319,0.450779976243377,-228.708101937728));
#6291=CARTESIAN_POINT('Ctrl Pts',(329.479543497445,0.00392667181665468,
-228.08234721518));
#6292=CARTESIAN_POINT('Ctrl Pts',(327.790332434134,1.43303775539526E-5,
-227.767559851795));
#6293=CARTESIAN_POINT('Ctrl Pts',(327.776339813753,2.22044604925031E-14,
-227.764952303117));
#6294=CARTESIAN_POINT('Ctrl Pts',(327.762344195828,2.22044604925031E-14,
-227.762344195833));
#6295=CARTESIAN_POINT('Ctrl Pts',(327.762344195828,2.22044604925031E-14,
-227.762344195833));
#6296=CARTESIAN_POINT('Ctrl Pts',(327.764952303079,2.22044604925031E-14,
-227.776339813765));
#6297=CARTESIAN_POINT('Ctrl Pts',(327.767559851786,1.43303775813843E-5,
-227.790332434162));
#6298=CARTESIAN_POINT('Ctrl Pts',(328.082347215309,0.00392667181711736,
-229.479543496847));
#6299=CARTESIAN_POINT('Ctrl Pts',(328.708101937732,0.450779976243549,-232.837466726285));
#6300=CARTESIAN_POINT('Ctrl Pts',(329.461691840595,2.15600135863768,-236.881378740007));
#6301=CARTESIAN_POINT('Ctrl Pts',(330.022518436601,4.26958781800417,-239.890884839845));
#6302=CARTESIAN_POINT('Ctrl Pts',(330.415805310723,6.28170077137673,-242.001339755903));
#6303=CARTESIAN_POINT('Ctrl Pts',(330.761048351352,8.69469719962005,-243.853981988054));
#6304=CARTESIAN_POINT('Ctrl Pts',(331.047256034117,11.5765724909071,-245.389828849116));
#6305=CARTESIAN_POINT('Ctrl Pts',(331.244118093165,14.8207649799739,-246.446229475858));
#6306=CARTESIAN_POINT('Ctrl Pts',(331.30248485032,17.2024172591509,-246.759437003716));
#6307=CARTESIAN_POINT('Ctrl Pts',(331.310181631751,18.3851645878272,-246.800739450547));
#6308=CARTESIAN_POINT('Origin',(327.762344195828,19.0500000000057,0.));
#6309=CARTESIAN_POINT('',(346.800739450547,18.3851645878131,-18.6898183682492));
#6310=CARTESIAN_POINT('',(346.800739450547,18.3851645878228,0.));
#6311=CARTESIAN_POINT('',(327.762344195828,0.,-22.237655804167));
#6312=CARTESIAN_POINT('Ctrl Pts',(327.762344195828,2.22044604925031E-14,
-22.237655804167));
#6313=CARTESIAN_POINT('Ctrl Pts',(327.776339600524,2.22044604925031E-14,
-22.2350477366063));
#6314=CARTESIAN_POINT('Ctrl Pts',(327.790333214886,1.55831955307297E-5,
-22.2324400027026));
#6315=CARTESIAN_POINT('Ctrl Pts',(329.479342965391,0.0037179318519674,-21.9176901545491));
#6316=CARTESIAN_POINT('Ctrl Pts',(332.847262349572,0.460330163748258,-21.2900726311907));
#6317=CARTESIAN_POINT('Ctrl Pts',(337.684023444467,2.48912316886387,-20.388733949506));
#6318=CARTESIAN_POINT('Ctrl Pts',(341.376170981188,5.46931932574073,-19.7006959570511));
#6319=CARTESIAN_POINT('Ctrl Pts',(343.855233841034,8.69531161770847,-19.2387183637423));
#6320=CARTESIAN_POINT('Ctrl Pts',(345.387284578264,11.5724037295421,-18.9532180951164));
#6321=CARTESIAN_POINT('Ctrl Pts',(346.447719881681,14.8232421863,-18.7556041671758));
#6322=CARTESIAN_POINT('Ctrl Pts',(346.759437002425,17.202417222242,-18.6975151499197));
#6323=CARTESIAN_POINT('Ctrl Pts',(346.800739450546,18.3851645878034,-18.6898183682492));
#6324=CARTESIAN_POINT('',(327.762344195828,2.22044604925031E-14,0.));
#6325=CARTESIAN_POINT('Origin',(350.,110.,0.));
#6326=CARTESIAN_POINT('',(350.,110.,-15.490557818796));
#6327=CARTESIAN_POINT('',(350.,110.,0.));
#6328=CARTESIAN_POINT('',(348.42115982308,64.7879328004668,-17.0693979957163));
#6329=CARTESIAN_POINT('Origin',(324.500000000099,110.,-125.));
#6330=CARTESIAN_POINT('',(322.,110.,-250.));
#6331=CARTESIAN_POINT('',(350.,110.000000000001,-249.999999999999));
#6332=CARTESIAN_POINT('',(322.,110.,-232.479274057783));
#6333=CARTESIAN_POINT('',(322.,110.,0.));
#6334=CARTESIAN_POINT('',(325.800000000188,110.,-234.673205080796));
#6335=CARTESIAN_POINT('',(325.800000000188,110.,-234.673205080796));
#6336=CARTESIAN_POINT('',(325.800000000171,110.,-224.326794919284));
#6337=CARTESIAN_POINT('',(325.800000000188,110.,-234.673205080796));
#6338=CARTESIAN_POINT('',(322.,110.,-226.52072594232));
#6339=CARTESIAN_POINT('',(325.800000000171,110.,-224.326794919284));
#6340=CARTESIAN_POINT('',(322.,110.,-23.479274057858));
#6341=CARTESIAN_POINT('',(322.,110.,0.));
#6342=CARTESIAN_POINT('',(325.8,110.,-25.6732050807808));
#6343=CARTESIAN_POINT('',(325.8,110.,-25.6732050807807));
#6344=CARTESIAN_POINT('',(325.8,110.,-15.3267949192777));
#6345=CARTESIAN_POINT('',(325.8,110.,-15.3267949192777));
#6346=CARTESIAN_POINT('',(322.,110.,-17.5207259421907));
#6347=CARTESIAN_POINT('',(325.8,110.,-15.3267949192777));
#6348=CARTESIAN_POINT('',(322.,110.,0.));
#6349=CARTESIAN_POINT('',(322.,110.,0.));
#6350=CARTESIAN_POINT('',(334.509442181204,110.,0.));
#6351=CARTESIAN_POINT('',(350.,110.,0.));
#6352=CARTESIAN_POINT('Origin',(334.490552063368,110.,-15.5094479366317));
#6353=CARTESIAN_POINT('',(323.2,110.,-146.6));
#6354=CARTESIAN_POINT('',(323.2,110.,-224.442264973244));
#6355=CARTESIAN_POINT('',(323.2,110.,0.));
#6356=CARTESIAN_POINT('',(327.000000000168,110.,-222.24833395021));
#6357=CARTESIAN_POINT('',(327.000000000168,110.,-222.24833395021));
#6358=CARTESIAN_POINT('',(327.000000000197,110.,-236.751666049863));
#6359=CARTESIAN_POINT('',(327.000000000197,110.,-236.751666049863));
#6360=CARTESIAN_POINT('',(323.2,110.,-234.557735026831));
#6361=CARTESIAN_POINT('',(327.000000000197,110.,-236.751666049863));
#6362=CARTESIAN_POINT('',(323.2,110.000000000001,-248.799268546842));
#6363=CARTESIAN_POINT('',(323.2,110.,0.));
#6364=CARTESIAN_POINT('',(334.507979720417,110.000000000001,-248.799268546842));
#6365=CARTESIAN_POINT('',(350.,110.000000000001,-248.799268546842));
#6366=CARTESIAN_POINT('',(348.79926854679,110.,-234.507979720468));
#6367=CARTESIAN_POINT('Origin',(334.490552063317,110.,-234.490552063368));
#6368=CARTESIAN_POINT('',(348.79926854679,110.,-146.6));
#6369=CARTESIAN_POINT('',(348.79926854679,110.,0.));
#6370=CARTESIAN_POINT('',(348.8,110.,-146.6));
#6371=CARTESIAN_POINT('',(323.2,110.,-145.4));
#6372=CARTESIAN_POINT('',(348.79926854679,110.,-145.4));
#6373=CARTESIAN_POINT('',(323.2,110.,-145.4));
#6374=CARTESIAN_POINT('',(348.79926854679,110.,-62.6));
#6375=CARTESIAN_POINT('',(348.79926854679,110.,0.));
#6376=CARTESIAN_POINT('',(323.2,110.,-62.6));
#6377=CARTESIAN_POINT('',(348.8,110.,-62.6));
#6378=CARTESIAN_POINT('',(323.2,110.,0.));
#6379=CARTESIAN_POINT('',(323.2,110.,-61.4));
#6380=CARTESIAN_POINT('',(348.79926854679,110.,-61.4));
#6381=CARTESIAN_POINT('',(323.2,110.,-61.4));
#6382=CARTESIAN_POINT('',(348.79926854679,110.,-15.4920202795317));
#6383=CARTESIAN_POINT('',(348.79926854679,110.,0.));
#6384=CARTESIAN_POINT('',(334.507979720417,110.,-1.20073145315859));
#6385=CARTESIAN_POINT('Origin',(334.490552063317,110.,-15.5094479366317));
#6386=CARTESIAN_POINT('',(323.2,110.,-1.20073145315859));
#6387=CARTESIAN_POINT('',(350.,110.,-1.20073145315859));
#6388=CARTESIAN_POINT('',(323.2,110.,-15.4422649731162));
#6389=CARTESIAN_POINT('',(323.2,110.,0.));
#6390=CARTESIAN_POINT('',(327.,110.,-13.2483339502036));
#6391=CARTESIAN_POINT('',(327.,110.,-13.2483339502036));
#6392=CARTESIAN_POINT('',(327.000000000001,110.,-27.7516660498529));
#6393=CARTESIAN_POINT('',(327.,110.,-13.2483339502036));
#6394=CARTESIAN_POINT('',(323.2,110.,-25.5577350269369));
#6395=CARTESIAN_POINT('',(327.000000000001,110.,-27.751666049853));
#6396=CARTESIAN_POINT('',(323.2,110.,0.));
#6397=CARTESIAN_POINT('Ctrl Pts',(327.762344195828,2.22044604925031E-14,
-22.237655804167));
#6398=CARTESIAN_POINT('Ctrl Pts',(327.776339600524,2.22044604925031E-14,
-22.2350477366063));
#6399=CARTESIAN_POINT('Ctrl Pts',(327.790333214886,1.55831955307297E-5,
-22.2324400027026));
#6400=CARTESIAN_POINT('Ctrl Pts',(329.479342965391,0.0037179318519674,-21.9176901545491));
#6401=CARTESIAN_POINT('Ctrl Pts',(332.847262349572,0.460330163748258,-21.2900726311907));
#6402=CARTESIAN_POINT('Ctrl Pts',(337.684023444467,2.48912316886387,-20.388733949506));
#6403=CARTESIAN_POINT('Ctrl Pts',(341.376170981188,5.46931932574073,-19.7006959570511));
#6404=CARTESIAN_POINT('Ctrl Pts',(343.855233841034,8.69531161770847,-19.2387183637423));
#6405=CARTESIAN_POINT('Ctrl Pts',(345.387284578264,11.5724037295421,-18.9532180951164));
#6406=CARTESIAN_POINT('Ctrl Pts',(346.447719881681,14.8232421863,-18.7556041671758));
#6407=CARTESIAN_POINT('Ctrl Pts',(346.759437002425,17.202417222242,-18.6975151499197));
#6408=CARTESIAN_POINT('Ctrl Pts',(346.800739450546,18.3851645878034,-18.6898183682492));
#6409=CARTESIAN_POINT('Ctrl Pts',(327.762344195828,2.22044604925031E-14,
-22.237655804167));
#6410=CARTESIAN_POINT('Ctrl Pts',(327.775244993517,6.81555553258655E-6,
-22.2339723015451));
#6411=CARTESIAN_POINT('Ctrl Pts',(327.788175302004,5.23488838428157E-6,
-22.2302615723462));
#6412=CARTESIAN_POINT('Ctrl Pts',(329.345603102038,0.00380384563350654,
-21.7850840166948));
#6413=CARTESIAN_POINT('Ctrl Pts',(332.455076917443,0.38744747672984,-20.8954672675352));
#6414=CARTESIAN_POINT('Ctrl Pts',(337.024855897202,2.12978242083166,-19.5648341553853));
#6415=CARTESIAN_POINT('Ctrl Pts',(340.712955958958,4.8113744005292,-18.4406343979556));
#6416=CARTESIAN_POINT('Ctrl Pts',(343.361606400367,7.92036846431053,-17.582386687508));
#6417=CARTESIAN_POINT('Ctrl Pts',(345.089427739912,10.8416457328693,-16.9943221525354));
#6418=CARTESIAN_POINT('Ctrl Pts',(346.357451487666,14.3230782281084,-16.5386956834059));
#6419=CARTESIAN_POINT('Ctrl Pts',(346.747306765633,16.9784700814882,-16.3926688246631));
#6420=CARTESIAN_POINT('Ctrl Pts',(346.797919123917,18.3044010001023,-16.3742314881377));
#6421=CARTESIAN_POINT('Ctrl Pts',(327.762344195828,2.22044604925031E-14,
-22.237655804167));
#6422=CARTESIAN_POINT('Ctrl Pts',(327.773061069598,1.66861260434867E-5,
-22.2318107206148));
#6423=CARTESIAN_POINT('Ctrl Pts',(327.78385333324,-9.25513136482028E-6,
-22.2259156129851));
#6424=CARTESIAN_POINT('Ctrl Pts',(329.07874085327,0.00377164634524573,-21.5195479779362));
#6425=CARTESIAN_POINT('Ctrl Pts',(331.66863165772,0.283147548040584,-20.1053051143466));
#6426=CARTESIAN_POINT('Ctrl Pts',(335.613197735246,1.61123000731125,-17.9163650163685));
#6427=CARTESIAN_POINT('Ctrl Pts',(339.069473807876,3.8413476290054,-15.9208415767853));
#6428=CARTESIAN_POINT('Ctrl Pts',(341.793521061582,6.75636416862043,-14.2710870267133));
#6429=CARTESIAN_POINT('Ctrl Pts',(343.696117801039,9.72904114833243,-13.0770925748508));
#6430=CARTESIAN_POINT('Ctrl Pts',(345.191625092225,13.5529674317544,-12.1057220716912));
#6431=CARTESIAN_POINT('Ctrl Pts',(345.674326790305,16.6330158432147,-11.7843242682777));
#6432=CARTESIAN_POINT('Ctrl Pts',(345.735666435881,18.1797970697874,-11.7437890914604));
#6433=CARTESIAN_POINT('Ctrl Pts',(327.762344195828,2.22044604925031E-14,
-22.237655804167));
#6434=CARTESIAN_POINT('Ctrl Pts',(327.770348704864,2.10217569525357E-5,
-22.2291077148837));
#6435=CARTESIAN_POINT('Ctrl Pts',(327.778432256136,-1.49747771227332E-5,
-22.2204845603395));
#6436=CARTESIAN_POINT('Ctrl Pts',(328.746071237692,0.00390861718660407,
-21.1874216396678));
#6437=CARTESIAN_POINT('Ctrl Pts',(330.683373464823,0.257217380740866,-19.1191749517408));
#6438=CARTESIAN_POINT('Ctrl Pts',(333.680486524378,1.48099824950345,-15.9243610538898));
#6439=CARTESIAN_POINT('Ctrl Pts',(336.403664795424,3.59420949963821,-13.032229137616));
#6440=CARTESIAN_POINT('Ctrl Pts',(338.639886304263,6.45632112621658,-10.6684549251774));
#6441=CARTESIAN_POINT('Ctrl Pts',(340.24814362904,9.44004812687705,-8.97411698007245));
#6442=CARTESIAN_POINT('Ctrl Pts',(341.548542501248,13.3514449721576,-7.60927684657417));
#6443=CARTESIAN_POINT('Ctrl Pts',(341.976833515004,16.5425383329099,-7.16097040720588));
#6444=CARTESIAN_POINT('Ctrl Pts',(342.030689735018,18.1471671185412,-7.10441284192382));
#6445=CARTESIAN_POINT('Ctrl Pts',(327.762344195828,2.22044604925031E-14,
-22.237655804167));
#6446=CARTESIAN_POINT('Ctrl Pts',(327.767651234635,1.35669083092487E-5,
-22.2263938314729));
#6447=CARTESIAN_POINT('Ctrl Pts',(327.772995511525,-4.88953131899657E-6,
-22.2150653367793));
#6448=CARTESIAN_POINT('Ctrl Pts',(328.414134289767,0.00372480181099149,
-20.8545272615185));
#6449=CARTESIAN_POINT('Ctrl Pts',(329.69737212337,0.309165752494132,-18.1349482438036));
#6450=CARTESIAN_POINT('Ctrl Pts',(331.671651373323,1.7409353488402,-14.0340127219562));
#6451=CARTESIAN_POINT('Ctrl Pts',(333.448804669843,4.08464267540141,-10.5199031126379));
#6452=CARTESIAN_POINT('Ctrl Pts',(334.899621317306,7.04892529203168,-7.81529519677128));
#6453=CARTESIAN_POINT('Ctrl Pts',(335.941344978946,10.0090285002005,-5.95740767058197));
#6454=CARTESIAN_POINT('Ctrl Pts',(336.782603783859,13.7470419627429,-4.51970285086942));
#6455=CARTESIAN_POINT('Ctrl Pts',(337.059605617222,16.720082440458,-4.06064811498439));
#6456=CARTESIAN_POINT('Ctrl Pts',(337.094695606365,18.2111993915587,-4.00206310148943));
#6457=CARTESIAN_POINT('Ctrl Pts',(327.762344195828,2.22044604925031E-14,
-22.237655804167));
#6458=CARTESIAN_POINT('Ctrl Pts',(327.766027698355,6.81555553842432E-6,
-22.2247550064519));
#6459=CARTESIAN_POINT('Ctrl Pts',(327.769738427632,5.23488845205706E-6,
-22.2118246979273));
#6460=CARTESIAN_POINT('Ctrl Pts',(328.214915983659,0.0038038456347498,-20.6543968998476));
#6461=CARTESIAN_POINT('Ctrl Pts',(329.104532732492,0.387447476731233,-17.5449230827195));
#6462=CARTESIAN_POINT('Ctrl Pts',(330.435165844685,2.12978242083512,-12.9751441031803));
#6463=CARTESIAN_POINT('Ctrl Pts',(331.559365602067,4.81137440053644,-9.28704404116939));
#6464=CARTESIAN_POINT('Ctrl Pts',(332.41761331251,7.92036846432045,-6.63839359973812));
#6465=CARTESIAN_POINT('Ctrl Pts',(333.005677847475,10.8416457328831,-4.91057226014865));
#6466=CARTESIAN_POINT('Ctrl Pts',(333.461304316598,14.3230782281244,-3.64254851235582));
#6467=CARTESIAN_POINT('Ctrl Pts',(333.607331175336,16.9784700815093,-3.25269323436464));
#6468=CARTESIAN_POINT('Ctrl Pts',(333.625768511862,18.3044010001225,-3.2020808760824));
#6469=CARTESIAN_POINT('Ctrl Pts',(327.762344195828,2.22044604925031E-14,
-22.237655804167));
#6470=CARTESIAN_POINT('Ctrl Pts',(327.764952263287,2.22044604925031E-14,
-22.2236603994517));
#6471=CARTESIAN_POINT('Ctrl Pts',(327.767559997279,1.55831956151731E-5,
-22.2096667850411));
#6472=CARTESIAN_POINT('Ctrl Pts',(328.082309845804,0.00371793185323413,
-20.5206570364961));
#6473=CARTESIAN_POINT('Ctrl Pts',(328.709927368837,0.460330163749799,-17.152737650589));
#6474=CARTESIAN_POINT('Ctrl Pts',(329.611266050564,2.48912316886795,-12.3159765559152));
#6475=CARTESIAN_POINT('Ctrl Pts',(330.299304042972,5.46931932574921,-8.62382901893885));
#6476=CARTESIAN_POINT('Ctrl Pts',(330.761281636277,8.69531161772025,-6.14476615907093));
#6477=CARTESIAN_POINT('Ctrl Pts',(331.046781904895,11.5724037295583,-4.61271542179688));
#6478=CARTESIAN_POINT('Ctrl Pts',(331.244395832828,14.8232421863189,-3.55228011834106));
#6479=CARTESIAN_POINT('Ctrl Pts',(331.30248485008,17.2024172222665,-3.24056299757198));
#6480=CARTESIAN_POINT('Ctrl Pts',(331.310181631751,18.3851645878272,-3.19926054945288));
#6481=CARTESIAN_POINT('',(331.310181631751,18.3851645878223,-3.19926054945307));
#6482=CARTESIAN_POINT('Origin',(331.310181631751,18.926106786708,-18.6898183682492));
#6483=CARTESIAN_POINT('Ctrl Pts',(331.310181631751,18.3851645878272,-3.19926054945288));
#6484=CARTESIAN_POINT('Ctrl Pts',(331.30248485008,17.2024172222665,-3.24056299757198));
#6485=CARTESIAN_POINT('Ctrl Pts',(331.244395832828,14.8232421863189,-3.55228011834106));
#6486=CARTESIAN_POINT('Ctrl Pts',(331.046781904895,11.5724037295583,-4.61271542179688));
#6487=CARTESIAN_POINT('Ctrl Pts',(330.761281636277,8.69531161772025,-6.14476615907093));
#6488=CARTESIAN_POINT('Ctrl Pts',(330.299304042972,5.46931932574921,-8.62382901893885));
#6489=CARTESIAN_POINT('Ctrl Pts',(329.611266050564,2.48912316886795,-12.3159765559152));
#6490=CARTESIAN_POINT('Ctrl Pts',(328.709927368837,0.460330163749799,-17.152737650589));
#6491=CARTESIAN_POINT('Ctrl Pts',(328.082309845804,0.00371793185323413,
-20.5206570364961));
#6492=CARTESIAN_POINT('Ctrl Pts',(327.767559997279,1.55831956151731E-5,
-22.2096667850411));
#6493=CARTESIAN_POINT('Ctrl Pts',(327.764952263287,2.22044604925031E-14,
-22.2236603994517));
#6494=CARTESIAN_POINT('Ctrl Pts',(327.762344195828,2.22044604925031E-14,
-22.237655804167));
#6495=CARTESIAN_POINT('Origin',(332.930602004284,65.3288749993556,-17.0693979957163));
#6496=CARTESIAN_POINT('',(332.930602004284,64.7879328004668,-1.57884017692031));
#6497=CARTESIAN_POINT('Ctrl Pts',(327.762344195828,1.20000000000004,-22.237655804167));
#6498=CARTESIAN_POINT('Ctrl Pts',(327.775283533813,1.20000000000004,-22.2350824343943));
#6499=CARTESIAN_POINT('Ctrl Pts',(327.788223577432,1.20001400246029,-22.23250892433));
#6500=CARTESIAN_POINT('Ctrl Pts',(328.585722131558,1.20175510785889,-22.0739027696388));
#6501=CARTESIAN_POINT('Ctrl Pts',(330.159924491148,1.30886113638357,-21.7608261096573));
#6502=CARTESIAN_POINT('Ctrl Pts',(332.49687125033,1.78421048939073,-21.2960551856308));
#6503=CARTESIAN_POINT('Ctrl Pts',(334.789145175576,2.58004356035193,-20.8401687746766));
#6504=CARTESIAN_POINT('Ctrl Pts',(337.01626156545,3.71717330518607,-20.3972408652031));
#6505=CARTESIAN_POINT('Ctrl Pts',(339.127233016113,5.20087737249177,-19.9774118091588));
#6506=CARTESIAN_POINT('Ctrl Pts',(341.10583912563,7.08683163054685,-19.5839075128542));
#6507=CARTESIAN_POINT('Ctrl Pts',(342.840957645396,9.34792545496625,-19.2388279192678));
#6508=CARTESIAN_POINT('Ctrl Pts',(344.280068729941,12.0470184883694,-18.9526181517472));
#6509=CARTESIAN_POINT('Ctrl Pts',(345.270155394374,15.0884674390645,-18.7557101596422));
#6510=CARTESIAN_POINT('Ctrl Pts',(345.562768685106,17.3187702092688,-18.6975153595212));
#6511=CARTESIAN_POINT('Ctrl Pts',(345.601470458123,18.4270439838384,-18.6898183682492));
#6512=CARTESIAN_POINT('Ctrl Pts',(327.762344195828,1.20000000000004,-22.237655804167));
#6513=CARTESIAN_POINT('Ctrl Pts',(327.774297537101,1.20000072522763,-22.2340961069551));
#6514=CARTESIAN_POINT('Ctrl Pts',(327.786247659957,1.20001093728378,-22.2305334001748));
#6515=CARTESIAN_POINT('Ctrl Pts',(328.522957732034,1.20153836834651,-22.0111197743535));
#6516=CARTESIAN_POINT('Ctrl Pts',(329.977005566385,1.29210044956688,-21.5778446848858));
#6517=CARTESIAN_POINT('Ctrl Pts',(332.148628705475,1.69667850744562,-20.9282786161778));
#6518=CARTESIAN_POINT('Ctrl Pts',(334.304406909343,2.38108141625343,-20.2781165904068));
#6519=CARTESIAN_POINT('Ctrl Pts',(336.438861325843,3.37615290641349,-19.6253214302726));
#6520=CARTESIAN_POINT('Ctrl Pts',(338.516072637044,4.70545838927292,-18.9770914773938));
#6521=CARTESIAN_POINT('Ctrl Pts',(340.533761129049,6.45171779649429,-18.3290036362116));
#6522=CARTESIAN_POINT('Ctrl Pts',(342.385040678264,8.63368729097899,-17.7114316000092));
#6523=CARTESIAN_POINT('Ctrl Pts',(344.005567959342,11.372305445488,-17.144972131297));
#6524=CARTESIAN_POINT('Ctrl Pts',(345.186785454637,14.6274434678137,-16.7105959833089));
#6525=CARTESIAN_POINT('Ctrl Pts',(345.551612799872,17.1119499477579,-16.5710391823534));
#6526=CARTESIAN_POINT('Ctrl Pts',(345.598868479362,18.3525330609904,-16.553502730469));
#6527=CARTESIAN_POINT('Ctrl Pts',(327.762344195828,1.20000000000004,-22.237655804167));
#6528=CARTESIAN_POINT('Ctrl Pts',(327.772321839071,1.20000149226571,-22.2321200015812));
#6529=CARTESIAN_POINT('Ctrl Pts',(327.782299965869,1.20000688012163,-22.2265861826304));
#6530=CARTESIAN_POINT('Ctrl Pts',(328.397263228795,1.20121065120994,-21.8854028426987));
#6531=CARTESIAN_POINT('Ctrl Pts',(329.611237711962,1.26820777344681,-21.2120006046019));
#6532=CARTESIAN_POINT('Ctrl Pts',(331.441091473835,1.57134530981603,-20.192806129229));
#6533=CARTESIAN_POINT('Ctrl Pts',(333.291376417162,2.09460543156548,-19.1538773910347));
#6534=CARTESIAN_POINT('Ctrl Pts',(335.176945154757,2.8813491180218,-18.081421840063));
#6535=CARTESIAN_POINT('Ctrl Pts',(337.084996566999,3.97964722171213,-16.9764702265517));
#6536=CARTESIAN_POINT('Ctrl Pts',(339.035192541831,5.51021838786746,-15.8194497637649));
#6537=CARTESIAN_POINT('Ctrl Pts',(340.937411741586,7.56093710055122,-14.6568066455188));
#6538=CARTESIAN_POINT('Ctrl Pts',(342.720138278809,10.3451533212473,-13.5299868105146));
#6539=CARTESIAN_POINT('Ctrl Pts',(344.111038106154,13.9174625649989,-12.6209874323878));
#6540=CARTESIAN_POINT('Ctrl Pts',(344.561815376927,16.7929681136989,-12.3194823542678));
#6541=CARTESIAN_POINT('Ctrl Pts',(344.618839557636,18.2375768072377,-12.2815574097823));
#6542=CARTESIAN_POINT('Ctrl Pts',(327.762344195828,1.20000000000004,-22.237655804167));
#6543=CARTESIAN_POINT('Ctrl Pts',(327.769853625037,1.20000179499456,-22.2296516202424));
#6544=CARTESIAN_POINT('Ctrl Pts',(327.777363793057,1.20000574227537,-22.2216502111707));
#6545=CARTESIAN_POINT('Ctrl Pts',(328.240204494361,1.20113452690182,-21.7283345531033));
#6546=CARTESIAN_POINT('Ctrl Pts',(329.153912288906,1.26222702077102,-20.7546560851673));
#6547=CARTESIAN_POINT('Ctrl Pts',(330.536718966746,1.5399487317534,-19.281429499398));
#6548=CARTESIAN_POINT('Ctrl Pts',(331.946191177966,2.02262818650643,-17.7807632993104));
#6549=CARTESIAN_POINT('Ctrl Pts',(333.400681956725,2.7564616681423,-16.2340172090189));
#6550=CARTESIAN_POINT('Ctrl Pts',(334.897686681974,3.79537650487152,-14.6446737168589));
#6551=CARTESIAN_POINT('Ctrl Pts',(336.461885129708,5.26948100693818,-12.9878338229556));
#6552=CARTESIAN_POINT('Ctrl Pts',(338.027995540263,7.28447242667901,-11.333713454082));
#6553=CARTESIAN_POINT('Ctrl Pts',(339.53846943301,10.0782386027,-9.74377950755288));
#6554=CARTESIAN_POINT('Ctrl Pts',(340.750144167482,13.7317728518697,-8.47286236520441));
#6555=CARTESIAN_POINT('Ctrl Pts',(341.150569045411,16.709383128754,-8.05402333511055));
#6556=CARTESIAN_POINT('Ctrl Pts',(341.200704877462,18.2074728580886,-8.00135841680831));
#6557=CARTESIAN_POINT('Ctrl Pts',(327.762344195827,1.20000000000004,-22.237655804167));
#6558=CARTESIAN_POINT('Ctrl Pts',(327.767386787207,1.20000125417468,-22.2271850763882));
#6559=CARTESIAN_POINT('Ctrl Pts',(327.772426107396,1.20000794655561,-22.216712173765));
#6560=CARTESIAN_POINT('Ctrl Pts',(328.083203632986,1.201290055409,-21.5713503557871));
#6561=CARTESIAN_POINT('Ctrl Pts',(328.696510625144,1.27418501543883,-20.2972929578526));
#6562=CARTESIAN_POINT('Ctrl Pts',(329.623306678754,1.60269304214673,-18.3820114912101));
#6563=CARTESIAN_POINT('Ctrl Pts',(330.565084263984,2.16628895813281,-16.4554111891815));
#6564=CARTESIAN_POINT('Ctrl Pts',(331.532561001661,3.00525679597398,-14.507647591028));
#6565=CARTESIAN_POINT('Ctrl Pts',(332.523180618014,4.16158825091232,-12.5574011208242));
#6566=CARTESIAN_POINT('Ctrl Pts',(333.552606618135,5.74651770777921,-10.5905686525594));
#6567=CARTESIAN_POINT('Ctrl Pts',(334.578426823047,7.83054498216409,-8.70159816078417));
#6568=CARTESIAN_POINT('Ctrl Pts',(335.564235034034,10.6036815412639,-6.96025849307219));
#6569=CARTESIAN_POINT('Ctrl Pts',(336.353481158398,14.0963462904367,-5.622638453097));
#6570=CARTESIAN_POINT('Ctrl Pts',(336.613917011409,16.8733786739985,-5.19367569181843));
#6571=CARTESIAN_POINT('Ctrl Pts',(336.646850563849,18.2665479860457,-5.13919442989342));
#6572=CARTESIAN_POINT('Ctrl Pts',(327.762344195828,1.20000000000004,-22.237655804167));
#6573=CARTESIAN_POINT('Ctrl Pts',(327.765903892883,1.20000072522764,-22.2257024628484));
#6574=CARTESIAN_POINT('Ctrl Pts',(327.769466599791,1.20001093728389,-22.2137523399325));
#6575=CARTESIAN_POINT('Ctrl Pts',(327.988880225938,1.20153836834754,-21.4770422695244));
#6576=CARTESIAN_POINT('Ctrl Pts',(328.422155315183,1.29210044956723,-20.0229944340045));
#6577=CARTESIAN_POINT('Ctrl Pts',(329.071721383957,1.6966785074464,-17.8513712952607));
#6578=CARTESIAN_POINT('Ctrl Pts',(329.72188340968,2.38108141625491,-15.695593091136));
#6579=CARTESIAN_POINT('Ctrl Pts',(330.374678569812,3.37615290641582,-13.5611386746216));
#6580=CARTESIAN_POINT('Ctrl Pts',(331.022908522663,4.70545838927708,-11.4839273632671));
#6581=CARTESIAN_POINT('Ctrl Pts',(331.670996363832,6.4517177964998,-9.46623887119235));
#6582=CARTESIAN_POINT('Ctrl Pts',(332.288568400016,8.63368729098742,-7.61495932187689));
#6583=CARTESIAN_POINT('Ctrl Pts',(332.855027868723,11.3723054454984,-5.99443204076889));
#6584=CARTESIAN_POINT('Ctrl Pts',(333.289404016693,14.6274434678292,-4.81321454537761));
#6585=CARTESIAN_POINT('Ctrl Pts',(333.428960817646,17.1119499477738,-4.44838720012548));
#6586=CARTESIAN_POINT('Ctrl Pts',(333.446497269531,18.3525330610091,-4.40113152063753));
#6587=CARTESIAN_POINT('Ctrl Pts',(327.762344195828,1.20000000000004,-22.237655804167));
#6588=CARTESIAN_POINT('Ctrl Pts',(327.764917565432,1.20000000000004,-22.2247164661486));
#6589=CARTESIAN_POINT('Ctrl Pts',(327.767491075643,1.20001400246043,-22.211776422451));
#6590=CARTESIAN_POINT('Ctrl Pts',(327.926097230651,1.20175510785994,-21.4142778700013));
#6591=CARTESIAN_POINT('Ctrl Pts',(328.239173890412,1.30886113638398,-19.8400755092409));
#6592=CARTESIAN_POINT('Ctrl Pts',(328.703944814504,1.78421048939166,-17.5031287504059));
#6593=CARTESIAN_POINT('Ctrl Pts',(329.159831225411,2.58004356035377,-15.2108548249021));
#6594=CARTESIAN_POINT('Ctrl Pts',(329.602759134882,3.717173305189,-12.9837384350141));
#6595=CARTESIAN_POINT('Ctrl Pts',(330.022588190898,5.20087737249685,-10.8727669841982));
#6596=CARTESIAN_POINT('Ctrl Pts',(330.41609248719,7.08683163055368,-8.89416087461022));
#6597=CARTESIAN_POINT('Ctrl Pts',(330.761172080758,9.3479254549764,-7.15904235474504));
#6598=CARTESIAN_POINT('Ctrl Pts',(331.047381848273,12.0470184883819,-5.71993127016992));
#6599=CARTESIAN_POINT('Ctrl Pts',(331.244289840361,15.0884674390826,-4.7298446056409));
#6600=CARTESIAN_POINT('Ctrl Pts',(331.302484640478,17.3187702092877,-4.43723131489162));
#6601=CARTESIAN_POINT('Ctrl Pts',(331.310181631751,18.4270439838604,-4.39852954187602));
#6602=CARTESIAN_POINT('',(331.310181631751,18.4270439838604,-4.39852954187616));
#6603=CARTESIAN_POINT('',(345.601470458125,18.4270439838949,-18.6898183682492));
#6604=CARTESIAN_POINT('Origin',(331.310181631751,18.9261067867061,-18.6898183682492));
#6605=CARTESIAN_POINT('',(327.762344195828,1.19999999999999,-22.237655804167));
#6606=CARTESIAN_POINT('Ctrl Pts',(345.601470458123,18.4270439838384,-18.6898183682492));
#6607=CARTESIAN_POINT('Ctrl Pts',(345.562768685106,17.3187702092688,-18.6975153595212));
#6608=CARTESIAN_POINT('Ctrl Pts',(345.270155394374,15.0884674390645,-18.7557101596422));
#6609=CARTESIAN_POINT('Ctrl Pts',(344.280068729941,12.0470184883694,-18.9526181517472));
#6610=CARTESIAN_POINT('Ctrl Pts',(342.840957645396,9.34792545496625,-19.2388279192678));
#6611=CARTESIAN_POINT('Ctrl Pts',(341.10583912563,7.08683163054685,-19.5839075128542));
#6612=CARTESIAN_POINT('Ctrl Pts',(339.127233016113,5.20087737249177,-19.9774118091588));
#6613=CARTESIAN_POINT('Ctrl Pts',(337.01626156545,3.71717330518607,-20.3972408652031));
#6614=CARTESIAN_POINT('Ctrl Pts',(334.789145175576,2.58004356035193,-20.8401687746766));
#6615=CARTESIAN_POINT('Ctrl Pts',(332.49687125033,1.78421048939073,-21.2960551856308));
#6616=CARTESIAN_POINT('Ctrl Pts',(330.159924491148,1.30886113638357,-21.7608261096573));
#6617=CARTESIAN_POINT('Ctrl Pts',(328.585722131558,1.20175510785889,-22.0739027696388));
#6618=CARTESIAN_POINT('Ctrl Pts',(327.788223577432,1.20001400246029,-22.23250892433));
#6619=CARTESIAN_POINT('Ctrl Pts',(327.775283533813,1.20000000000004,-22.2350824343943));
#6620=CARTESIAN_POINT('Ctrl Pts',(327.762344195828,1.20000000000004,-22.237655804167));
#6621=CARTESIAN_POINT('Ctrl Pts',(327.762344195828,1.20000000000004,-22.237655804167));
#6622=CARTESIAN_POINT('Ctrl Pts',(327.764917565432,1.20000000000004,-22.2247164661486));
#6623=CARTESIAN_POINT('Ctrl Pts',(327.767491075643,1.20001400246043,-22.211776422451));
#6624=CARTESIAN_POINT('Ctrl Pts',(327.926097230651,1.20175510785994,-21.4142778700013));
#6625=CARTESIAN_POINT('Ctrl Pts',(328.239173890412,1.30886113638398,-19.8400755092409));
#6626=CARTESIAN_POINT('Ctrl Pts',(328.703944814504,1.78421048939166,-17.5031287504059));
#6627=CARTESIAN_POINT('Ctrl Pts',(329.159831225411,2.58004356035377,-15.2108548249021));
#6628=CARTESIAN_POINT('Ctrl Pts',(329.602759134882,3.717173305189,-12.9837384350141));
#6629=CARTESIAN_POINT('Ctrl Pts',(330.022588190898,5.20087737249685,-10.8727669841982));
#6630=CARTESIAN_POINT('Ctrl Pts',(330.41609248719,7.08683163055368,-8.89416087461022));
#6631=CARTESIAN_POINT('Ctrl Pts',(330.761172080758,9.3479254549764,-7.15904235474504));
#6632=CARTESIAN_POINT('Ctrl Pts',(331.047381848273,12.0470184883819,-5.71993127016992));
#6633=CARTESIAN_POINT('Ctrl Pts',(331.244289840361,15.0884674390826,-4.7298446056409));
#6634=CARTESIAN_POINT('Ctrl Pts',(331.302484640478,17.3187702092877,-4.43723131489162));
#6635=CARTESIAN_POINT('Ctrl Pts',(331.310181631751,18.4270439838604,-4.39852954187602));
#6636=CARTESIAN_POINT('Origin',(332.929871663403,65.3079607743817,-17.0701283365457));
#6637=CARTESIAN_POINT('',(332.929871663403,64.808897971536,-2.77883951017263));
#6638=CARTESIAN_POINT('',(347.221160489776,64.808897971536,-17.0701283365457));
#6639=CARTESIAN_POINT('Origin',(350.,110.,-1.20073145315859));
#6640=CARTESIAN_POINT('',(323.2,18.4270439838604,-4.39852954187616));
#6641=CARTESIAN_POINT('',(350.,18.4270439838604,-4.39852954187616));
#6642=CARTESIAN_POINT('',(323.2,55.0879283158763,-3.1183032507542));
#6643=CARTESIAN_POINT('Origin',(350.,19.05,-22.237655804167));
#6644=CARTESIAN_POINT('',(327.000000000001,1.19999999999999,-22.237655804167));
#6645=CARTESIAN_POINT('',(350.,1.20000000000004,-22.237655804167));
#6646=CARTESIAN_POINT('',(327.,3.62876163838145,-13.2483339502036));
#6647=CARTESIAN_POINT('Origin',(327.,19.05,-22.237655804167));
#6648=CARTESIAN_POINT('',(323.2,2.54408701545806,-15.4422649731162));
#6649=CARTESIAN_POINT('Origin',(311.430037823288,19.05,-22.237655804167));
#6650=CARTESIAN_POINT('Origin',(323.2,19.05,-22.237655804167));
#6651=CARTESIAN_POINT('Origin',(327.762344195828,19.0500000000057,0.));
#6652=CARTESIAN_POINT('',(345.601470458076,18.4270439839531,-61.4));
#6653=CARTESIAN_POINT('',(345.601470458076,18.4270439839531,0.));
#6654=CARTESIAN_POINT('',(327.762344195828,1.20000000000004,-61.4));
#6655=CARTESIAN_POINT('Origin',(327.762344195828,19.0500000000057,-61.4));
#6656=CARTESIAN_POINT('',(327.762344195828,1.20000000000004,0.));
#6657=CARTESIAN_POINT('Origin',(331.180856017388,15.222705739304,-231.180856017444));
#6658=CARTESIAN_POINT('',(331.3101816317,18.4270439838602,-245.601470458129));
#6659=CARTESIAN_POINT('',(331.180856017388,14.7236429364589,-245.472144843817));
#6660=CARTESIAN_POINT('',(345.601470458076,18.4270439839531,-231.310181631759));
#6661=CARTESIAN_POINT('Origin',(331.3101816317,18.9261067867053,-231.310181631755));
#6662=CARTESIAN_POINT('',(345.472144843761,14.7236429364582,-231.180856017444));
#6663=CARTESIAN_POINT('Ctrl Pts',(345.601470458123,18.4270439838377,-231.310181631755));
#6664=CARTESIAN_POINT('Ctrl Pts',(345.562768685114,17.3187702095086,-231.302484640485));
#6665=CARTESIAN_POINT('Ctrl Pts',(345.269286502882,15.0871351505493,-231.244117032474));
#6666=CARTESIAN_POINT('Ctrl Pts',(344.27932392179,12.0471345354287,-231.047233715015));
#6667=CARTESIAN_POINT('Ctrl Pts',(342.840249104063,9.34689667408603,-230.761031157174));
#6668=CARTESIAN_POINT('Ctrl Pts',(341.104176759147,7.08578455228201,-230.415761862402));
#6669=CARTESIAN_POINT('Ctrl Pts',(339.126633327304,5.20045694300807,-230.022468910354));
#6670=CARTESIAN_POINT('Ctrl Pts',(336.306890778601,3.22017167067607,-229.461679761407));
#6671=CARTESIAN_POINT('Ctrl Pts',(332.517353462746,1.62222732010822,-228.708018302089));
#6672=CARTESIAN_POINT('Ctrl Pts',(329.370902765254,1.20363949409771,-228.082253525123));
#6673=CARTESIAN_POINT('Ctrl Pts',(327.788220038382,1.20001301736337,-227.76749037454));
#6674=CARTESIAN_POINT('Ctrl Pts',(327.775283520067,1.20000000000004,-227.764917566973));
#6675=CARTESIAN_POINT('Ctrl Pts',(327.762344195828,1.20000000000004,-227.762344195833));
#6676=CARTESIAN_POINT('Ctrl Pts',(345.598868479361,18.3525330609897,-233.446497269536));
#6677=CARTESIAN_POINT('Ctrl Pts',(345.550898619947,17.1121944956081,-233.428298075016));
#6678=CARTESIAN_POINT('Ctrl Pts',(345.185684392467,14.6257437674549,-233.289008614133));
#6679=CARTESIAN_POINT('Ctrl Pts',(344.00436639533,11.3727259035576,-232.855082302912));
#6680=CARTESIAN_POINT('Ctrl Pts',(342.383614273583,8.63271298821549,-232.288799910068));
#6681=CARTESIAN_POINT('Ctrl Pts',(340.531161582998,6.45099359440407,-231.670938242366));
#6682=CARTESIAN_POINT('Ctrl Pts',(338.51452832282,4.70513708577684,-231.023286151674));
#6683=CARTESIAN_POINT('Ctrl Pts',(335.740016044816,2.93167257672045,-230.157410166994));
#6684=CARTESIAN_POINT('Ctrl Pts',(332.153974123341,1.55612317334737,-229.071110916731));
#6685=CARTESIAN_POINT('Ctrl Pts',(329.248127800525,1.20306371128664,-228.205023110758));
#6686=CARTESIAN_POINT('Ctrl Pts',(327.786246047297,1.2000111478734,-227.769464402878));
#6687=CARTESIAN_POINT('Ctrl Pts',(327.774296284459,1.20000000000004,-227.765904800995));
#6688=CARTESIAN_POINT('Ctrl Pts',(327.762344195828,1.20000000000004,-227.762344195833));
#6689=CARTESIAN_POINT('Ctrl Pts',(344.618805746817,18.2375867301641,-237.718192245587));
#6690=CARTESIAN_POINT('Ctrl Pts',(344.559952329867,16.7935274507375,-237.678928109093));
#6691=CARTESIAN_POINT('Ctrl Pts',(344.109604714907,13.9152086818633,-237.377845730507));
#6692=CARTESIAN_POINT('Ctrl Pts',(342.719103772247,10.3459370369667,-236.469071129574));
#6693=CARTESIAN_POINT('Ctrl Pts',(340.936170480598,7.56006389866149,-235.342102888305));
#6694=CARTESIAN_POINT('Ctrl Pts',(339.032859520459,5.51002570115848,-234.178847102257));
#6695=CARTESIAN_POINT('Ctrl Pts',(337.083820265706,3.97951355196043,-233.022484233452));
#6696=CARTESIAN_POINT('Ctrl Pts',(334.535436919231,2.5154604742386,-231.546930920637));
#6697=CARTESIAN_POINT('Ctrl Pts',(331.428512490063,1.46215700411387,-229.795853798945));
#6698=CARTESIAN_POINT('Ctrl Pts',(329.002704369125,1.20223663871853,-228.450403551278));
#6699=CARTESIAN_POINT('Ctrl Pts',(327.782297357914,1.20000850323201,-227.773413344012));
#6700=CARTESIAN_POINT('Ctrl Pts',(327.772321813243,1.20000000000004,-227.767879269039));
#6701=CARTESIAN_POINT('Ctrl Pts',(327.762344195828,1.20000000000004,-227.762344195833));
#6702=CARTESIAN_POINT('Ctrl Pts',(341.20092550453,18.2074533528509,-241.998979513042));
#6703=CARTESIAN_POINT('Ctrl Pts',(341.14877097458,16.7099027330307,-241.944390179831));
#6704=CARTESIAN_POINT('Ctrl Pts',(340.749055660577,13.7288985857234,-241.526107985169));
#6705=CARTESIAN_POINT('Ctrl Pts',(339.537449588792,10.0786007742868,-240.255188148426));
#6706=CARTESIAN_POINT('Ctrl Pts',(338.02656657792,7.2831779412117,-238.664848376027));
#6707=CARTESIAN_POINT('Ctrl Pts',(336.459420622482,5.26915768895238,-237.009660455349));
#6708=CARTESIAN_POINT('Ctrl Pts',(334.896125451336,3.79517858654488,-235.353722576024));
#6709=CARTESIAN_POINT('Ctrl Pts',(332.896985965481,2.41078285320232,-233.231197954433));
#6710=CARTESIAN_POINT('Ctrl Pts',(330.521167024972,1.43877365872966,-230.702558874313));
#6711=CARTESIAN_POINT('Ctrl Pts',(328.695840317887,1.20203264388182,-228.757205725818));
#6712=CARTESIAN_POINT('Ctrl Pts',(327.777361961884,1.20000782675556,-227.778349089856));
#6713=CARTESIAN_POINT('Ctrl Pts',(327.769853724222,1.20000000000004,-227.770347354095));
#6714=CARTESIAN_POINT('Ctrl Pts',(327.762344195827,1.20000000000004,-227.762344195833));
#6715=CARTESIAN_POINT('Ctrl Pts',(336.64677518689,18.2665524744227,-244.860752416758));
#6716=CARTESIAN_POINT('Ctrl Pts',(336.612846072314,16.8739803424269,-244.804690032934));
#6717=CARTESIAN_POINT('Ctrl Pts',(336.352648094532,14.0946435306785,-244.376019200608));
#6718=CARTESIAN_POINT('Ctrl Pts',(335.563833552428,10.6048589954556,-243.039045265234));
#6719=CARTESIAN_POINT('Ctrl Pts',(334.578090511519,7.83003410458119,-241.297680657639));
#6720=CARTESIAN_POINT('Ctrl Pts',(333.551825900451,5.74640932748942,-239.407693340116));
#6721=CARTESIAN_POINT('Ctrl Pts',(332.522960044589,4.16148164213187,-237.442043981081));
#6722=CARTESIAN_POINT('Ctrl Pts',(331.199909394193,2.61959356021902,-234.837142933794));
#6723=CARTESIAN_POINT('Ctrl Pts',(329.614947896632,1.48558345624463,-231.610307068568));
#6724=CARTESIAN_POINT('Ctrl Pts',(328.389089428637,1.20243827048961,-229.06410718261));
#6725=CARTESIAN_POINT('Ctrl Pts',(327.77242593153,1.20000919299016,-227.783284277973));
#6726=CARTESIAN_POINT('Ctrl Pts',(327.767385635202,1.20000000000004,-227.772815439151));
#6727=CARTESIAN_POINT('Ctrl Pts',(327.762344195828,1.20000000000004,-227.762344195833));
#6728=CARTESIAN_POINT('Ctrl Pts',(333.446497269531,18.3525330610089,-245.598868479367));
#6729=CARTESIAN_POINT('Ctrl Pts',(333.42823888991,17.1117138322014,-245.550837912264));
#6730=CARTESIAN_POINT('Ctrl Pts',(333.288886142969,14.6244160427578,-245.185559629701));
#6731=CARTESIAN_POINT('Ctrl Pts',(332.854142773977,11.371041615378,-244.003403163888));
#6732=CARTESIAN_POINT('Ctrl Pts',(332.287276304884,8.63138942953345,-242.382050424573));
#6733=CARTESIAN_POINT('Ctrl Pts',(331.669152644332,6.45022521358724,-240.529327388274));
#6734=CARTESIAN_POINT('Ctrl Pts',(331.021458275075,4.70484926194206,-238.512649713406));
#6735=CARTESIAN_POINT('Ctrl Pts',(330.155936378511,2.9317498891852,-235.738500669494));
#6736=CARTESIAN_POINT('Ctrl Pts',(329.070014265153,1.55628795524091,-232.152846521773));
#6737=CARTESIAN_POINT('Ctrl Pts',(328.204902490092,1.20308000378064,-229.248003307808));
#6738=CARTESIAN_POINT('Ctrl Pts',(327.769465071797,1.20001105713988,-227.786246751677));
#6739=CARTESIAN_POINT('Ctrl Pts',(327.765904781789,1.20000000000004,-227.774296290184));
#6740=CARTESIAN_POINT('Ctrl Pts',(327.762344195828,1.20000000000004,-227.762344195833));
#6741=CARTESIAN_POINT('Ctrl Pts',(331.310181631751,18.4270439838603,-245.601470458128));
#6742=CARTESIAN_POINT('Ctrl Pts',(331.30248464048,17.318770209525,-245.562768685121));
#6743=CARTESIAN_POINT('Ctrl Pts',(331.24411703561,15.0871351505784,-245.269286487093));
#6744=CARTESIAN_POINT('Ctrl Pts',(331.047233721163,12.0471345354649,-244.279323890859));
#6745=CARTESIAN_POINT('Ctrl Pts',(330.761031166376,9.3468966741318,-242.840249057769));
#6746=CARTESIAN_POINT('Ctrl Pts',(330.41576187649,7.0857845523413,-241.104176688287));
#6747=CARTESIAN_POINT('Ctrl Pts',(330.022468925059,5.20045694307022,-239.126633253342));
#6748=CARTESIAN_POINT('Ctrl Pts',(329.461679790721,3.22017167078025,-236.306890631174));
#6749=CARTESIAN_POINT('Ctrl Pts',(328.708018307737,1.6222273201459,-232.517353434328));
#6750=CARTESIAN_POINT('Ctrl Pts',(328.08225360319,1.20363949434461,-229.370902372683));
#6751=CARTESIAN_POINT('Ctrl Pts',(327.767490371797,1.20001301738015,-227.788220052148));
#6752=CARTESIAN_POINT('Ctrl Pts',(327.764917546181,1.20000000000004,-227.775283524207));
#6753=CARTESIAN_POINT('Ctrl Pts',(327.762344195828,1.20000000000004,-227.762344195833));
#6754=CARTESIAN_POINT('',(327.762344195828,1.20000000000004,-227.762344195833));
#6755=CARTESIAN_POINT('Ctrl Pts',(331.310181631751,18.4270439838603,-245.601470458128));
#6756=CARTESIAN_POINT('Ctrl Pts',(331.30248464048,17.318770209525,-245.562768685121));
#6757=CARTESIAN_POINT('Ctrl Pts',(331.24411703561,15.0871351505784,-245.269286487093));
#6758=CARTESIAN_POINT('Ctrl Pts',(331.047233721163,12.0471345354649,-244.279323890859));
#6759=CARTESIAN_POINT('Ctrl Pts',(330.761031166376,9.3468966741318,-242.840249057769));
#6760=CARTESIAN_POINT('Ctrl Pts',(330.41576187649,7.0857845523413,-241.104176688287));
#6761=CARTESIAN_POINT('Ctrl Pts',(330.022468925059,5.20045694307022,-239.126633253342));
#6762=CARTESIAN_POINT('Ctrl Pts',(329.461679790721,3.22017167078025,-236.306890631174));
#6763=CARTESIAN_POINT('Ctrl Pts',(328.708018307737,1.6222273201459,-232.517353434328));
#6764=CARTESIAN_POINT('Ctrl Pts',(328.08225360319,1.20363949434461,-229.370902372683));
#6765=CARTESIAN_POINT('Ctrl Pts',(327.767490371797,1.20001301738015,-227.788220052148));
#6766=CARTESIAN_POINT('Ctrl Pts',(327.764917546181,1.20000000000004,-227.775283524207));
#6767=CARTESIAN_POINT('Ctrl Pts',(327.762344195828,1.20000000000004,-227.762344195833));
#6768=CARTESIAN_POINT('Ctrl Pts',(327.762344195828,1.20000000000004,-227.762344195833));
#6769=CARTESIAN_POINT('Ctrl Pts',(327.775283520067,1.20000000000004,-227.764917566973));
#6770=CARTESIAN_POINT('Ctrl Pts',(327.788220038382,1.20001301736337,-227.76749037454));
#6771=CARTESIAN_POINT('Ctrl Pts',(329.370902765254,1.20363949409771,-228.082253525123));
#6772=CARTESIAN_POINT('Ctrl Pts',(332.517353462746,1.62222732010822,-228.708018302089));
#6773=CARTESIAN_POINT('Ctrl Pts',(336.306890778601,3.22017167067607,-229.461679761407));
#6774=CARTESIAN_POINT('Ctrl Pts',(339.126633327304,5.20045694300807,-230.022468910354));
#6775=CARTESIAN_POINT('Ctrl Pts',(341.104176759147,7.08578455228201,-230.415761862402));
#6776=CARTESIAN_POINT('Ctrl Pts',(342.840249104063,9.34689667408603,-230.761031157174));
#6777=CARTESIAN_POINT('Ctrl Pts',(344.27932392179,12.0471345354287,-231.047233715015));
#6778=CARTESIAN_POINT('Ctrl Pts',(345.269286502882,15.0871351505493,-231.244117032474));
#6779=CARTESIAN_POINT('Ctrl Pts',(345.562768685114,17.3187702095086,-231.302484640485));
#6780=CARTESIAN_POINT('Ctrl Pts',(345.601470458123,18.4270439838377,-231.310181631755));
#6781=CARTESIAN_POINT('Origin',(350.,19.05,-227.762344195833));
#6782=CARTESIAN_POINT('',(323.2,18.4270439838602,-245.601470458129));
#6783=CARTESIAN_POINT('',(350.,18.4270439838602,-245.601470458129));
#6784=CARTESIAN_POINT('',(323.2,2.54408701543158,-234.557735026831));
#6785=CARTESIAN_POINT('Origin',(323.2,19.05,-227.762344195833));
#6786=CARTESIAN_POINT('',(327.000000000197,3.62876163841488,-236.751666049863));
#6787=CARTESIAN_POINT('Origin',(311.430037823406,19.05,-227.762344195833));
#6788=CARTESIAN_POINT('',(327.000000000179,1.20000000000004,-227.762344195833));
#6789=CARTESIAN_POINT('Origin',(327.000000000168,19.05,-227.762344195833));
#6790=CARTESIAN_POINT('',(350.,1.20000000000004,-227.762344195833));
#6791=CARTESIAN_POINT('Origin',(350.,18.4270439838602,-245.601470458129));
#6792=CARTESIAN_POINT('',(323.2,9.03215082001895,-245.273393559555));
#6793=CARTESIAN_POINT('Origin',(350.,18.3851645878174,-3.19926054945324));
#6794=CARTESIAN_POINT('',(322.,18.3851645878174,-3.19926054945324));
#6795=CARTESIAN_POINT('',(322.,4.89979130275568,-3.67018016145103));
#6796=CARTESIAN_POINT('',(0.,18.3851645878174,-3.19926054945324));
#6797=CARTESIAN_POINT('Origin',(350.,19.05,-227.762344195833));
#6798=CARTESIAN_POINT('',(325.800000000177,1.55431223447522E-14,-227.762344195833));
#6799=CARTESIAN_POINT('',(0.,0.,-227.762344195833));
#6800=CARTESIAN_POINT('',(325.800000000188,1.29774657040145,-234.673205080796));
#6801=CARTESIAN_POINT('Origin',(325.800000000188,19.05,-227.762344195833));
#6802=CARTESIAN_POINT('',(322.,0.593210661725401,-232.479274057783));
#6803=CARTESIAN_POINT('Origin',(313.830037823303,19.05,-227.762344195833));
#6804=CARTESIAN_POINT('',(322.,18.3851645878174,-246.800739450547));
#6805=CARTESIAN_POINT('Origin',(322.,19.05,-227.762344195833));
#6806=CARTESIAN_POINT('',(0.,18.3851645878174,-246.800739450547));
#6807=CARTESIAN_POINT('Origin',(325.800000000188,0.,-234.673205080796));
#6808=CARTESIAN_POINT('',(325.800000000171,0.,-224.326794919284));
#6809=CARTESIAN_POINT('',(325.800000000085,0.,-174.663397459641));
#6810=CARTESIAN_POINT('',(325.800000000171,0.,-224.326794919284));
#6811=CARTESIAN_POINT('',(325.800000000188,0.,-234.673205080796));
#6812=CARTESIAN_POINT('Origin',(324.500000000099,0.,-125.));
#6813=CARTESIAN_POINT('',(325.8,0.,-22.237655804167));
#6814=CARTESIAN_POINT('',(0.,0.,-22.237655804167));
#6815=CARTESIAN_POINT('',(325.8,0.,-25.6732050807807));
#6816=CARTESIAN_POINT('',(325.8,0.,-70.1633974596388));
#6817=CARTESIAN_POINT('',(322.,0.,-23.4792740578579));
#6818=CARTESIAN_POINT('',(346.81738191918,0.,-37.8075961894917));
#6819=CARTESIAN_POINT('',(322.,0.,-226.52072594232));
#6820=CARTESIAN_POINT('',(322.,2.52868962836705E-15,-22.237655804167));
#6821=CARTESIAN_POINT('',(344.267381919381,0.,-213.664646996915));
#6822=CARTESIAN_POINT('Origin',(323.2,0.,-145.4));
#6823=CARTESIAN_POINT('',(345.601470458076,18.4270439839531,-145.4));
#6824=CARTESIAN_POINT('',(345.266476841579,8.83408193376816,-145.4));
#6825=CARTESIAN_POINT('',(323.2,1.20000000000004,-145.4));
#6826=CARTESIAN_POINT('',(323.2,0.,-145.4));
#6827=CARTESIAN_POINT('',(327.762344195828,1.20000000000004,-145.4));
#6828=CARTESIAN_POINT('',(323.2,1.20000000000004,-145.4));
#6829=CARTESIAN_POINT('Origin',(327.762344195828,19.0500000000057,-145.4));
#6830=CARTESIAN_POINT('Origin',(348.8,0.,-146.6));
#6831=CARTESIAN_POINT('',(345.601470458076,18.4270439839531,-146.6));
#6832=CARTESIAN_POINT('',(345.282066919916,9.28052336573055,-146.6));
#6833=CARTESIAN_POINT('',(327.762344195828,1.20000000000004,-146.6));
#6834=CARTESIAN_POINT('Origin',(327.762344195828,19.0500000000057,-146.6));
#6835=CARTESIAN_POINT('',(323.2,1.20000000000004,-146.6));
#6836=CARTESIAN_POINT('',(336.,1.20000000000004,-146.6));
#6837=CARTESIAN_POINT('',(323.2,0.,-146.6));
#6838=CARTESIAN_POINT('Origin',(323.2,0.,-25.5577350269369));
#6839=CARTESIAN_POINT('',(323.2,1.20000000000003,-224.442264973244));
#6840=CARTESIAN_POINT('',(323.2,1.20000000000004,-12.7788675134685));
#6841=CARTESIAN_POINT('',(323.2,0.,-224.442264973244));
#6842=CARTESIAN_POINT('Origin',(345.601470458076,18.4270439839531,0.));
#6843=CARTESIAN_POINT('',(345.601470458076,18.4270439839531,0.));
#6844=CARTESIAN_POINT('Origin',(323.2,1.20000000000004,0.));
#6845=CARTESIAN_POINT('',(327.762344195828,1.20000000000004,0.));
#6846=CARTESIAN_POINT('',(327.000000000168,1.20000000000004,-222.24833395021));
#6847=CARTESIAN_POINT('',(326.99999999994,1.20000000000004,-111.124166975101));
#6848=CARTESIAN_POINT('',(371.793175787622,1.20000000000004,-196.386981851269));
#6849=CARTESIAN_POINT('Origin',(323.2,1.20000000000004,0.));
#6850=CARTESIAN_POINT('',(323.2,1.20000000000004,-62.6));
#6851=CARTESIAN_POINT('',(323.2,1.20000000000004,-12.7788675134685));
#6852=CARTESIAN_POINT('',(327.762344195828,1.20000000000004,-62.6));
#6853=CARTESIAN_POINT('',(336.,1.20000000000004,-62.6));
#6854=CARTESIAN_POINT('',(327.762344195828,1.20000000000004,0.));
#6855=CARTESIAN_POINT('Origin',(327.762344195828,19.0500000000057,0.));
#6856=CARTESIAN_POINT('Origin',(327.762344195828,19.0500000000057,0.));
#6857=CARTESIAN_POINT('',(345.601470458076,18.4270439839531,-62.6));
#6858=CARTESIAN_POINT('Origin',(327.762344195828,19.0500000000057,-62.6));
#6859=CARTESIAN_POINT('',(345.601470458076,18.4270439839531,0.));
#6860=CARTESIAN_POINT('Origin',(323.2,0.,-61.4));
#6861=CARTESIAN_POINT('',(323.2,1.20000000000004,-61.4));
#6862=CARTESIAN_POINT('',(323.2,1.20000000000004,-61.4));
#6863=CARTESIAN_POINT('',(345.266476841579,8.83408193376816,-61.4));
#6864=CARTESIAN_POINT('',(323.2,0.,-61.4));
#6865=CARTESIAN_POINT('Origin',(348.8,0.,-62.6));
#6866=CARTESIAN_POINT('',(323.2,0.,-62.6));
#6867=CARTESIAN_POINT('',(345.282066919916,9.28052336573055,-62.6));
#6868=CARTESIAN_POINT('Origin',(323.2,0.,-25.5577350269369));
#6869=CARTESIAN_POINT('',(323.2,1.20000000000004,-25.5577350269369));
#6870=CARTESIAN_POINT('',(323.2,0.,-25.5577350269369));
#6871=CARTESIAN_POINT('',(323.2,1.20000000000004,-12.7788675134685));
#6872=CARTESIAN_POINT('Origin',(323.2,0.,-25.5577350269369));
#6873=CARTESIAN_POINT('Origin',(323.2,1.20000000000004,0.));
#6874=CARTESIAN_POINT('',(327.000000000001,1.20000000000004,-27.751666049853));
#6875=CARTESIAN_POINT('',(319.566588050877,1.20000000000004,-23.4599836600387));
#6876=CARTESIAN_POINT('',(327.,1.20000000000004,-6.62416697510173));
#6877=CARTESIAN_POINT('Origin',(345.601470458076,18.4270439839531,0.));
#6878=CARTESIAN_POINT('Origin',(345.601470458076,18.4270439839531,0.));
#6879=CARTESIAN_POINT('Origin',(322.,0.,-250.));
#6880=CARTESIAN_POINT('',(322.,0.,-232.479274057783));
#6881=CARTESIAN_POINT('',(322.,55.0669886178546,-248.081696972037));
#6882=CARTESIAN_POINT('Origin',(322.,0.,-250.));
#6883=CARTESIAN_POINT('',(322.,0.,-23.4792740578579));
#6884=CARTESIAN_POINT('',(322.,0.,-226.52072594232));
#6885=CARTESIAN_POINT('Origin',(322.,0.,-250.));
#6886=CARTESIAN_POINT('',(322.,0.5932106617322,-17.5207259421907));
#6887=CARTESIAN_POINT('',(322.,0.,-17.5207259421907));
#6888=CARTESIAN_POINT('Origin',(322.,19.05,-22.237655804167));
#6889=CARTESIAN_POINT('Origin',(350.,19.05,-22.237655804167));
#6890=CARTESIAN_POINT('',(325.8,1.29774657037293,-15.3267949192777));
#6891=CARTESIAN_POINT('Origin',(313.830037823289,19.05,-22.237655804167));
#6892=CARTESIAN_POINT('Origin',(325.8,19.05,-22.237655804167));
#6893=CARTESIAN_POINT('Origin',(327.,0.,-13.2483339502036));
#6894=CARTESIAN_POINT('',(327.000000000001,0.,-27.751666049853));
#6895=CARTESIAN_POINT('',(327.,0.,-13.2483339502036));
#6896=CARTESIAN_POINT('Origin',(323.2,0.,-15.4422649731162));
#6897=CARTESIAN_POINT('',(323.2,0.,-15.4422649731162));
#6898=CARTESIAN_POINT('Origin',(322.,0.,-23.4792740578579));
#6899=CARTESIAN_POINT('',(325.8,0.,-25.6732050807807));
#6900=CARTESIAN_POINT('Origin',(323.2,0.,0.));
#6901=CARTESIAN_POINT('Origin',(325.8,0.,-25.6732050807807));
#6902=CARTESIAN_POINT('',(325.8,0.,-15.3267949192777));
#6903=CARTESIAN_POINT('Origin',(325.8,0.,-15.3267949192777));
#6904=CARTESIAN_POINT('Origin',(350.,110.,-250.));
#6905=CARTESIAN_POINT('Origin',(325.800000000171,0.,-224.326794919284));
#6906=CARTESIAN_POINT('Origin',(327.000000000001,0.,-27.751666049853));
#6907=CARTESIAN_POINT('Origin',(327.000000000197,0.,-236.751666049863));
#6908=CARTESIAN_POINT('',(323.2,0.,-234.557735026831));
#6909=CARTESIAN_POINT('',(327.000000000197,0.,-236.751666049863));
#6910=CARTESIAN_POINT('Origin',(327.000000000168,0.,-222.24833395021));
#6911=CARTESIAN_POINT('',(327.000000000168,0.,-222.24833395021));
#6912=CARTESIAN_POINT('Origin',(323.2,0.,-224.442264973244));
#6913=CARTESIAN_POINT('Origin',(323.2,0.,-234.557735026831));
#6914=CARTESIAN_POINT('Origin',(322.,0.,-232.479274057783));
#6915=CARTESIAN_POINT('',(0.,0.,0.));
#6916=CARTESIAN_POINT('',(0.,0.,0.));
#6917=CARTESIAN_POINT('',(0.,0.,0.));
#6918=CARTESIAN_POINT('',(0.,0.,0.));
#6919=UNCERTAINTY_MEASURE_WITH_UNIT(LENGTH_MEASURE(0.01),#6931,
'DISTANCE_ACCURACY_VALUE',
'Maximum model space distance between geometric entities at asserted c
onnectivities');
#6920=UNCERTAINTY_MEASURE_WITH_UNIT(LENGTH_MEASURE(0.01),#6931,
'DISTANCE_ACCURACY_VALUE',
'Maximum model space distance between geometric entities at asserted c
onnectivities');
#6921=UNCERTAINTY_MEASURE_WITH_UNIT(LENGTH_MEASURE(0.01),#6931,
'DISTANCE_ACCURACY_VALUE',
'Maximum model space distance between geometric entities at asserted c
onnectivities');
#6922=UNCERTAINTY_MEASURE_WITH_UNIT(LENGTH_MEASURE(0.01),#6931,
'DISTANCE_ACCURACY_VALUE',
'Maximum model space distance between geometric entities at asserted c
onnectivities');
#6923=UNCERTAINTY_MEASURE_WITH_UNIT(LENGTH_MEASURE(0.01),#6931,
'DISTANCE_ACCURACY_VALUE',
'Maximum model space distance between geometric entities at asserted c
onnectivities');
#6924=UNCERTAINTY_MEASURE_WITH_UNIT(LENGTH_MEASURE(0.01),#6931,
'DISTANCE_ACCURACY_VALUE',
'Maximum model space distance between geometric entities at asserted c
onnectivities');
#6925=(
GEOMETRIC_REPRESENTATION_CONTEXT(3)
GLOBAL_UNCERTAINTY_ASSIGNED_CONTEXT((#6919))
GLOBAL_UNIT_ASSIGNED_CONTEXT((#6931,#6933,#6934))
REPRESENTATION_CONTEXT('','3D')
);
#6926=(
GEOMETRIC_REPRESENTATION_CONTEXT(3)
GLOBAL_UNCERTAINTY_ASSIGNED_CONTEXT((#6920))
GLOBAL_UNIT_ASSIGNED_CONTEXT((#6931,#6933,#6934))
REPRESENTATION_CONTEXT('','3D')
);
#6927=(
GEOMETRIC_REPRESENTATION_CONTEXT(3)
GLOBAL_UNCERTAINTY_ASSIGNED_CONTEXT((#6921))
GLOBAL_UNIT_ASSIGNED_CONTEXT((#6931,#6933,#6934))
REPRESENTATION_CONTEXT('','3D')
);
#6928=(
GEOMETRIC_REPRESENTATION_CONTEXT(3)
GLOBAL_UNCERTAINTY_ASSIGNED_CONTEXT((#6922))
GLOBAL_UNIT_ASSIGNED_CONTEXT((#6931,#6933,#6934))
REPRESENTATION_CONTEXT('','3D')
);
#6929=(
GEOMETRIC_REPRESENTATION_CONTEXT(3)
GLOBAL_UNCERTAINTY_ASSIGNED_CONTEXT((#6923))
GLOBAL_UNIT_ASSIGNED_CONTEXT((#6931,#6933,#6934))
REPRESENTATION_CONTEXT('','3D')
);
#6930=(
GEOMETRIC_REPRESENTATION_CONTEXT(3)
GLOBAL_UNCERTAINTY_ASSIGNED_CONTEXT((#6924))
GLOBAL_UNIT_ASSIGNED_CONTEXT((#6931,#6933,#6934))
REPRESENTATION_CONTEXT('','3D')
);
#6931=(
LENGTH_UNIT()
NAMED_UNIT(*)
SI_UNIT(.MILLI.,.METRE.)
);
#6932=(
LENGTH_UNIT()
NAMED_UNIT(*)
SI_UNIT($,.METRE.)
);
#6933=(
NAMED_UNIT(*)
PLANE_ANGLE_UNIT()
SI_UNIT($,.RADIAN.)
);
#6934=(
NAMED_UNIT(*)
SI_UNIT($,.STERADIAN.)
SOLID_ANGLE_UNIT()
);
#6935=SHAPE_DEFINITION_REPRESENTATION(#6940,#6949);
#6936=SHAPE_DEFINITION_REPRESENTATION(#6941,#6950);
#6937=SHAPE_DEFINITION_REPRESENTATION(#6942,#6951);
#6938=SHAPE_DEFINITION_REPRESENTATION(#6943,#6952);
#6939=SHAPE_DEFINITION_REPRESENTATION(#6944,#6953);
#6940=PRODUCT_DEFINITION_SHAPE('',$,#6955);
#6941=PRODUCT_DEFINITION_SHAPE('',$,#6956);
#6942=PRODUCT_DEFINITION_SHAPE('',$,#6957);
#6943=PRODUCT_DEFINITION_SHAPE('',$,#6958);
#6944=PRODUCT_DEFINITION_SHAPE('',$,#6959);
#6945=PRODUCT_DEFINITION_SHAPE($,$,#23);
#6946=PRODUCT_DEFINITION_SHAPE($,$,#24);
#6947=PRODUCT_DEFINITION_SHAPE($,$,#25);
#6948=PRODUCT_DEFINITION_SHAPE($,$,#26);
#6949=SHAPE_REPRESENTATION('',(#3656,#3945,#3946,#3947,#3948),#6925);
#6950=SHAPE_REPRESENTATION('',(#3657),#6926);
#6951=SHAPE_REPRESENTATION('',(#3729),#6927);
#6952=SHAPE_REPRESENTATION('',(#3799),#6928);
#6953=SHAPE_REPRESENTATION('',(#3871),#6929);
#6954=PRODUCT_DEFINITION_CONTEXT('part definition',#6971,'design');
#6955=PRODUCT_DEFINITION('Hardcase_Gridfinity_Smooth_Perimeter_42_Grid',
'Hardcase_Gridfinity_Smooth_Perimeter_42_Grid',#6960,#6954);
#6956=PRODUCT_DEFINITION('LEFT BOARDER','LEFT BOARDER',#6961,#6954);
#6957=PRODUCT_DEFINITION('BACK BOARDER','BACK BOARDER',#6962,#6954);
#6958=PRODUCT_DEFINITION('FRONT BOARDER','FRONT BOARDER',#6963,#6954);
#6959=PRODUCT_DEFINITION('RIGHT BOARDER','RIGHT BOARDER',#6964,#6954);
#6960=PRODUCT_DEFINITION_FORMATION('',$,#6973);
#6961=PRODUCT_DEFINITION_FORMATION('',$,#6974);
#6962=PRODUCT_DEFINITION_FORMATION('',$,#6975);
#6963=PRODUCT_DEFINITION_FORMATION('',$,#6976);
#6964=PRODUCT_DEFINITION_FORMATION('',$,#6977);
#6965=PRODUCT_RELATED_PRODUCT_CATEGORY(
'Hardcase_Gridfinity_Smooth_Perimeter_42_Grid',
'Hardcase_Gridfinity_Smooth_Perimeter_42_Grid',(#6973));
#6966=PRODUCT_RELATED_PRODUCT_CATEGORY('LEFT BOARDER','LEFT BOARDER',(#6974));
#6967=PRODUCT_RELATED_PRODUCT_CATEGORY('BACK BOARDER','BACK BOARDER',(#6975));
#6968=PRODUCT_RELATED_PRODUCT_CATEGORY('FRONT BOARDER','FRONT BOARDER',
(#6976));
#6969=PRODUCT_RELATED_PRODUCT_CATEGORY('RIGHT BOARDER','RIGHT BOARDER',
(#6977));
#6970=APPLICATION_PROTOCOL_DEFINITION('international standard',
'automotive_design',2009,#6971);
#6971=APPLICATION_CONTEXT(
'Core Data for Automotive Mechanical Design Process');
#6972=PRODUCT_CONTEXT('part definition',#6971,'mechanical');
#6973=PRODUCT('Hardcase_Gridfinity_Smooth_Perimeter_42_Grid',
'Hardcase_Gridfinity_Smooth_Perimeter_42_Grid',$,(#6972));
#6974=PRODUCT('LEFT BOARDER','LEFT BOARDER',$,(#6972));
#6975=PRODUCT('BACK BOARDER','BACK BOARDER',$,(#6972));
#6976=PRODUCT('FRONT BOARDER','FRONT BOARDER',$,(#6972));
#6977=PRODUCT('RIGHT BOARDER','RIGHT BOARDER',$,(#6972));
#6978=PRESENTATION_STYLE_ASSIGNMENT((#6980));
#6979=PRESENTATION_STYLE_ASSIGNMENT((#6981));
#6980=SURFACE_STYLE_USAGE(.BOTH.,#6982);
#6981=SURFACE_STYLE_USAGE(.BOTH.,#6983);
#6982=SURFACE_SIDE_STYLE('',(#6984));
#6983=SURFACE_SIDE_STYLE('',(#6985));
#6984=SURFACE_STYLE_FILL_AREA(#6986);
#6985=SURFACE_STYLE_FILL_AREA(#6987);
#6986=FILL_AREA_STYLE('Steel - Satin',(#6988));
#6987=FILL_AREA_STYLE('ABS (White)',(#6989));
#6988=FILL_AREA_STYLE_COLOUR('Steel - Satin',#6990);
#6989=FILL_AREA_STYLE_COLOUR('ABS (White)',#6991);
#6990=COLOUR_RGB('Steel - Satin',0.627450980392157,0.627450980392157,0.627450980392157);
#6991=COLOUR_RGB('ABS (White)',0.964705882352941,0.964705882352941,0.952941176470588);
ENDSEC;
END-ISO-10303-21;
