ISO-10303-21;
HEADER;
/* Generated by software containing ST-Developer
 * from STEP Tools, Inc. (www.steptools.com) 
 */

FILE_DESCRIPTION(
/* description */ (''),
/* implementation_level */ '2;1');

FILE_NAME(
/* name */ 'Hardcase_Gridfinity_Bin_No_Lid.stp',
/* time_stamp */ '2026-07-14T01:31:23Z',
/* author */ (''),
/* organization */ (''),
/* preprocessor_version */ 'ST-DEVELOPER v20.1',
/* originating_system */ 'Autodesk Translation Framework v15.8.0.0',
/* authorisation */ '');

FILE_SCHEMA (('AUTOMOTIVE_DESIGN { 1 0 10303 214 3 1 1 }'));
ENDSEC;

DATA;
#10=MECHANICAL_DESIGN_GEOMETRIC_PRESENTATION_REPRESENTATION('',(#17),#3095);
#11=ITEM_DEFINED_TRANSFORMATION($,$,#1957,#2060);
#12=(
REPRESENTATION_RELATIONSHIP($,$,#3106,#3105)
REPRESENTATION_RELATIONSHIP_WITH_TRANSFORMATION(#11)
SHAPE_REPRESENTATION_RELATIONSHIP()
);
#13=CONTEXT_DEPENDENT_SHAPE_REPRESENTATION(#12,#3104);
#14=NEXT_ASSEMBLY_USAGE_OCCURRENCE('Body:1','Body:1','Body:1',#3108,#3109,
'Body:1');
#15=SHAPE_REPRESENTATION_RELATIONSHIP('SRR','None',#3106,#16);
#16=ADVANCED_BREP_SHAPE_REPRESENTATION('',(#18),#3094);
#17=STYLED_ITEM('',(#3120),#18);
#18=MANIFOLD_SOLID_BREP('Body',#1943);
#19=FACE_BOUND('',#211,.T.);
#20=FACE_BOUND('',#222,.T.);
#21=CIRCLE('',#1960,1.274);
#22=CIRCLE('',#1961,1.274);
#23=CIRCLE('',#1964,1.274);
#24=CIRCLE('',#1965,1.274);
#25=CIRCLE('',#1968,1.274);
#26=CIRCLE('',#1969,1.274);
#27=CIRCLE('',#1972,1.274);
#28=CIRCLE('',#1973,1.274);
#29=CYLINDRICAL_SURFACE('',#1959,1.274);
#30=CYLINDRICAL_SURFACE('',#1963,1.274);
#31=CYLINDRICAL_SURFACE('',#1967,1.274);
#32=CYLINDRICAL_SURFACE('',#1971,1.274);
#33=FACE_OUTER_BOUND('',#127,.T.);
#34=FACE_OUTER_BOUND('',#128,.T.);
#35=FACE_OUTER_BOUND('',#129,.T.);
#36=FACE_OUTER_BOUND('',#130,.T.);
#37=FACE_OUTER_BOUND('',#131,.T.);
#38=FACE_OUTER_BOUND('',#132,.T.);
#39=FACE_OUTER_BOUND('',#133,.T.);
#40=FACE_OUTER_BOUND('',#134,.T.);
#41=FACE_OUTER_BOUND('',#135,.T.);
#42=FACE_OUTER_BOUND('',#136,.T.);
#43=FACE_OUTER_BOUND('',#137,.T.);
#44=FACE_OUTER_BOUND('',#138,.T.);
#45=FACE_OUTER_BOUND('',#139,.T.);
#46=FACE_OUTER_BOUND('',#140,.T.);
#47=FACE_OUTER_BOUND('',#141,.T.);
#48=FACE_OUTER_BOUND('',#142,.T.);
#49=FACE_OUTER_BOUND('',#143,.T.);
#50=FACE_OUTER_BOUND('',#144,.T.);
#51=FACE_OUTER_BOUND('',#145,.T.);
#52=FACE_OUTER_BOUND('',#146,.T.);
#53=FACE_OUTER_BOUND('',#147,.T.);
#54=FACE_OUTER_BOUND('',#148,.T.);
#55=FACE_OUTER_BOUND('',#149,.T.);
#56=FACE_OUTER_BOUND('',#150,.T.);
#57=FACE_OUTER_BOUND('',#151,.T.);
#58=FACE_OUTER_BOUND('',#152,.T.);
#59=FACE_OUTER_BOUND('',#153,.T.);
#60=FACE_OUTER_BOUND('',#154,.T.);
#61=FACE_OUTER_BOUND('',#155,.T.);
#62=FACE_OUTER_BOUND('',#156,.T.);
#63=FACE_OUTER_BOUND('',#157,.T.);
#64=FACE_OUTER_BOUND('',#158,.T.);
#65=FACE_OUTER_BOUND('',#159,.T.);
#66=FACE_OUTER_BOUND('',#160,.T.);
#67=FACE_OUTER_BOUND('',#161,.T.);
#68=FACE_OUTER_BOUND('',#162,.T.);
#69=FACE_OUTER_BOUND('',#163,.T.);
#70=FACE_OUTER_BOUND('',#164,.T.);
#71=FACE_OUTER_BOUND('',#165,.T.);
#72=FACE_OUTER_BOUND('',#166,.T.);
#73=FACE_OUTER_BOUND('',#167,.T.);
#74=FACE_OUTER_BOUND('',#168,.T.);
#75=FACE_OUTER_BOUND('',#169,.T.);
#76=FACE_OUTER_BOUND('',#170,.T.);
#77=FACE_OUTER_BOUND('',#171,.T.);
#78=FACE_OUTER_BOUND('',#172,.T.);
#79=FACE_OUTER_BOUND('',#173,.T.);
#80=FACE_OUTER_BOUND('',#174,.T.);
#81=FACE_OUTER_BOUND('',#175,.T.);
#82=FACE_OUTER_BOUND('',#176,.T.);
#83=FACE_OUTER_BOUND('',#177,.T.);
#84=FACE_OUTER_BOUND('',#178,.T.);
#85=FACE_OUTER_BOUND('',#179,.T.);
#86=FACE_OUTER_BOUND('',#180,.T.);
#87=FACE_OUTER_BOUND('',#181,.T.);
#88=FACE_OUTER_BOUND('',#182,.T.);
#89=FACE_OUTER_BOUND('',#183,.T.);
#90=FACE_OUTER_BOUND('',#184,.T.);
#91=FACE_OUTER_BOUND('',#185,.T.);
#92=FACE_OUTER_BOUND('',#186,.T.);
#93=FACE_OUTER_BOUND('',#187,.T.);
#94=FACE_OUTER_BOUND('',#188,.T.);
#95=FACE_OUTER_BOUND('',#189,.T.);
#96=FACE_OUTER_BOUND('',#190,.T.);
#97=FACE_OUTER_BOUND('',#191,.T.);
#98=FACE_OUTER_BOUND('',#192,.T.);
#99=FACE_OUTER_BOUND('',#193,.T.);
#100=FACE_OUTER_BOUND('',#194,.T.);
#101=FACE_OUTER_BOUND('',#195,.T.);
#102=FACE_OUTER_BOUND('',#196,.T.);
#103=FACE_OUTER_BOUND('',#197,.T.);
#104=FACE_OUTER_BOUND('',#198,.T.);
#105=FACE_OUTER_BOUND('',#199,.T.);
#106=FACE_OUTER_BOUND('',#200,.T.);
#107=FACE_OUTER_BOUND('',#201,.T.);
#108=FACE_OUTER_BOUND('',#202,.T.);
#109=FACE_OUTER_BOUND('',#203,.T.);
#110=FACE_OUTER_BOUND('',#204,.T.);
#111=FACE_OUTER_BOUND('',#205,.T.);
#112=FACE_OUTER_BOUND('',#206,.T.);
#113=FACE_OUTER_BOUND('',#207,.T.);
#114=FACE_OUTER_BOUND('',#208,.T.);
#115=FACE_OUTER_BOUND('',#209,.T.);
#116=FACE_OUTER_BOUND('',#210,.T.);
#117=FACE_OUTER_BOUND('',#212,.T.);
#118=FACE_OUTER_BOUND('',#213,.T.);
#119=FACE_OUTER_BOUND('',#214,.T.);
#120=FACE_OUTER_BOUND('',#215,.T.);
#121=FACE_OUTER_BOUND('',#216,.T.);
#122=FACE_OUTER_BOUND('',#217,.T.);
#123=FACE_OUTER_BOUND('',#218,.T.);
#124=FACE_OUTER_BOUND('',#219,.T.);
#125=FACE_OUTER_BOUND('',#220,.T.);
#126=FACE_OUTER_BOUND('',#221,.T.);
#127=EDGE_LOOP('',(#1211,#1212,#1213,#1214));
#128=EDGE_LOOP('',(#1215,#1216,#1217,#1218));
#129=EDGE_LOOP('',(#1219,#1220,#1221,#1222));
#130=EDGE_LOOP('',(#1223,#1224,#1225,#1226));
#131=EDGE_LOOP('',(#1227,#1228,#1229,#1230));
#132=EDGE_LOOP('',(#1231,#1232,#1233,#1234));
#133=EDGE_LOOP('',(#1235,#1236,#1237,#1238));
#134=EDGE_LOOP('',(#1239,#1240,#1241,#1242));
#135=EDGE_LOOP('',(#1243,#1244,#1245,#1246));
#136=EDGE_LOOP('',(#1247,#1248,#1249,#1250,#1251,#1252));
#137=EDGE_LOOP('',(#1253,#1254,#1255,#1256,#1257));
#138=EDGE_LOOP('',(#1258,#1259,#1260,#1261));
#139=EDGE_LOOP('',(#1262,#1263,#1264,#1265,#1266));
#140=EDGE_LOOP('',(#1267,#1268,#1269,#1270));
#141=EDGE_LOOP('',(#1271,#1272,#1273,#1274));
#142=EDGE_LOOP('',(#1275,#1276,#1277,#1278));
#143=EDGE_LOOP('',(#1279,#1280,#1281,#1282));
#144=EDGE_LOOP('',(#1283,#1284,#1285,#1286,#1287,#1288));
#145=EDGE_LOOP('',(#1289,#1290,#1291,#1292));
#146=EDGE_LOOP('',(#1293,#1294,#1295,#1296,#1297,#1298,#1299,#1300,#1301,
#1302,#1303,#1304,#1305,#1306,#1307,#1308,#1309,#1310,#1311,#1312,#1313,
#1314,#1315,#1316,#1317,#1318,#1319,#1320,#1321,#1322,#1323,#1324,#1325,
#1326,#1327,#1328,#1329,#1330,#1331,#1332,#1333,#1334,#1335,#1336,#1337,
#1338,#1339,#1340,#1341,#1342,#1343,#1344,#1345,#1346,#1347,#1348,#1349,
#1350,#1351,#1352,#1353,#1354,#1355,#1356,#1357,#1358,#1359,#1360));
#147=EDGE_LOOP('',(#1361,#1362,#1363,#1364));
#148=EDGE_LOOP('',(#1365,#1366,#1367,#1368));
#149=EDGE_LOOP('',(#1369,#1370,#1371,#1372));
#150=EDGE_LOOP('',(#1373,#1374,#1375,#1376));
#151=EDGE_LOOP('',(#1377,#1378,#1379,#1380));
#152=EDGE_LOOP('',(#1381,#1382,#1383,#1384));
#153=EDGE_LOOP('',(#1385,#1386,#1387,#1388));
#154=EDGE_LOOP('',(#1389,#1390,#1391,#1392));
#155=EDGE_LOOP('',(#1393,#1394,#1395,#1396));
#156=EDGE_LOOP('',(#1397,#1398,#1399,#1400));
#157=EDGE_LOOP('',(#1401,#1402,#1403,#1404));
#158=EDGE_LOOP('',(#1405,#1406,#1407,#1408));
#159=EDGE_LOOP('',(#1409,#1410,#1411,#1412,#1413,#1414,#1415,#1416,#1417,
#1418,#1419,#1420,#1421,#1422,#1423,#1424,#1425,#1426,#1427,#1428,#1429,
#1430,#1431,#1432,#1433,#1434,#1435,#1436));
#160=EDGE_LOOP('',(#1437,#1438,#1439,#1440));
#161=EDGE_LOOP('',(#1441,#1442,#1443,#1444));
#162=EDGE_LOOP('',(#1445,#1446,#1447,#1448));
#163=EDGE_LOOP('',(#1449,#1450,#1451,#1452));
#164=EDGE_LOOP('',(#1453,#1454,#1455,#1456));
#165=EDGE_LOOP('',(#1457,#1458,#1459,#1460));
#166=EDGE_LOOP('',(#1461,#1462,#1463,#1464));
#167=EDGE_LOOP('',(#1465,#1466,#1467,#1468));
#168=EDGE_LOOP('',(#1469,#1470,#1471,#1472,#1473,#1474));
#169=EDGE_LOOP('',(#1475,#1476,#1477,#1478));
#170=EDGE_LOOP('',(#1479,#1480,#1481,#1482));
#171=EDGE_LOOP('',(#1483,#1484,#1485,#1486));
#172=EDGE_LOOP('',(#1487,#1488,#1489,#1490));
#173=EDGE_LOOP('',(#1491,#1492,#1493,#1494));
#174=EDGE_LOOP('',(#1495,#1496,#1497,#1498));
#175=EDGE_LOOP('',(#1499,#1500,#1501,#1502));
#176=EDGE_LOOP('',(#1503,#1504,#1505,#1506));
#177=EDGE_LOOP('',(#1507,#1508,#1509,#1510));
#178=EDGE_LOOP('',(#1511,#1512,#1513,#1514));
#179=EDGE_LOOP('',(#1515,#1516,#1517,#1518));
#180=EDGE_LOOP('',(#1519,#1520,#1521,#1522));
#181=EDGE_LOOP('',(#1523,#1524,#1525,#1526));
#182=EDGE_LOOP('',(#1527,#1528,#1529,#1530));
#183=EDGE_LOOP('',(#1531,#1532,#1533,#1534));
#184=EDGE_LOOP('',(#1535,#1536,#1537,#1538));
#185=EDGE_LOOP('',(#1539,#1540,#1541,#1542));
#186=EDGE_LOOP('',(#1543,#1544,#1545,#1546));
#187=EDGE_LOOP('',(#1547,#1548,#1549,#1550));
#188=EDGE_LOOP('',(#1551,#1552,#1553,#1554));
#189=EDGE_LOOP('',(#1555,#1556,#1557,#1558));
#190=EDGE_LOOP('',(#1559,#1560,#1561,#1562,#1563,#1564,#1565,#1566,#1567,
#1568,#1569,#1570,#1571,#1572,#1573,#1574,#1575,#1576,#1577,#1578,#1579,
#1580,#1581,#1582,#1583,#1584,#1585,#1586,#1587,#1588,#1589,#1590,#1591,
#1592,#1593,#1594,#1595,#1596,#1597,#1598,#1599,#1600,#1601,#1602,#1603,
#1604,#1605,#1606,#1607,#1608,#1609,#1610));
#191=EDGE_LOOP('',(#1611,#1612,#1613,#1614));
#192=EDGE_LOOP('',(#1615,#1616,#1617,#1618));
#193=EDGE_LOOP('',(#1619,#1620,#1621,#1622));
#194=EDGE_LOOP('',(#1623,#1624,#1625,#1626));
#195=EDGE_LOOP('',(#1627,#1628,#1629,#1630));
#196=EDGE_LOOP('',(#1631,#1632,#1633,#1634));
#197=EDGE_LOOP('',(#1635,#1636,#1637,#1638));
#198=EDGE_LOOP('',(#1639,#1640,#1641,#1642));
#199=EDGE_LOOP('',(#1643,#1644,#1645,#1646));
#200=EDGE_LOOP('',(#1647,#1648,#1649,#1650));
#201=EDGE_LOOP('',(#1651,#1652,#1653,#1654));
#202=EDGE_LOOP('',(#1655,#1656,#1657,#1658));
#203=EDGE_LOOP('',(#1659,#1660,#1661,#1662));
#204=EDGE_LOOP('',(#1663,#1664,#1665,#1666));
#205=EDGE_LOOP('',(#1667,#1668,#1669,#1670));
#206=EDGE_LOOP('',(#1671,#1672,#1673,#1674));
#207=EDGE_LOOP('',(#1675,#1676,#1677,#1678));
#208=EDGE_LOOP('',(#1679,#1680,#1681,#1682));
#209=EDGE_LOOP('',(#1683,#1684,#1685,#1686));
#210=EDGE_LOOP('',(#1687,#1688,#1689,#1690,#1691,#1692,#1693,#1694,#1695,
#1696,#1697,#1698,#1699,#1700,#1701,#1702));
#211=EDGE_LOOP('',(#1703,#1704,#1705,#1706,#1707,#1708,#1709,#1710));
#212=EDGE_LOOP('',(#1711,#1712,#1713,#1714));
#213=EDGE_LOOP('',(#1715,#1716,#1717,#1718));
#214=EDGE_LOOP('',(#1719,#1720,#1721,#1722));
#215=EDGE_LOOP('',(#1723,#1724,#1725,#1726));
#216=EDGE_LOOP('',(#1727,#1728,#1729,#1730));
#217=EDGE_LOOP('',(#1731,#1732,#1733,#1734));
#218=EDGE_LOOP('',(#1735,#1736,#1737,#1738));
#219=EDGE_LOOP('',(#1739,#1740,#1741,#1742));
#220=EDGE_LOOP('',(#1743,#1744,#1745,#1746));
#221=EDGE_LOOP('',(#1747,#1748,#1749,#1750));
#222=EDGE_LOOP('',(#1751,#1752,#1753,#1754,#1755,#1756,#1757,#1758));
#223=LINE('',#2542,#489);
#224=LINE('',#2544,#490);
#225=LINE('',#2546,#491);
#226=LINE('',#2547,#492);
#227=LINE('',#2553,#493);
#228=LINE('',#2556,#494);
#229=LINE('',#2558,#495);
#230=LINE('',#2559,#496);
#231=LINE('',#2565,#497);
#232=LINE('',#2568,#498);
#233=LINE('',#2570,#499);
#234=LINE('',#2571,#500);
#235=LINE('',#2577,#501);
#236=LINE('',#2580,#502);
#237=LINE('',#2582,#503);
#238=LINE('',#2583,#504);
#239=LINE('',#2590,#505);
#240=LINE('',#2592,#506);
#241=LINE('',#2594,#507);
#242=LINE('',#2595,#508);
#243=LINE('',#2598,#509);
#244=LINE('',#2600,#510);
#245=LINE('',#2602,#511);
#246=LINE('',#2604,#512);
#247=LINE('',#2605,#513);
#248=LINE('',#2608,#514);
#249=LINE('',#2610,#515);
#250=LINE('',#2612,#516);
#251=LINE('',#2613,#517);
#252=LINE('',#2616,#518);
#253=LINE('',#2618,#519);
#254=LINE('',#2619,#520);
#255=LINE('',#2622,#521);
#256=LINE('',#2624,#522);
#257=LINE('',#2626,#523);
#258=LINE('',#2627,#524);
#259=LINE('',#2631,#525);
#260=LINE('',#2633,#526);
#261=LINE('',#2635,#527);
#262=LINE('',#2636,#528);
#263=LINE('',#2640,#529);
#264=LINE('',#2642,#530);
#265=LINE('',#2644,#531);
#266=LINE('',#2645,#532);
#267=LINE('',#2649,#533);
#268=LINE('',#2651,#534);
#269=LINE('',#2653,#535);
#270=LINE('',#2654,#536);
#271=LINE('',#2658,#537);
#272=LINE('',#2660,#538);
#273=LINE('',#2662,#539);
#274=LINE('',#2663,#540);
#275=LINE('',#2666,#541);
#276=LINE('',#2668,#542);
#277=LINE('',#2670,#543);
#278=LINE('',#2671,#544);
#279=LINE('',#2675,#545);
#280=LINE('',#2677,#546);
#281=LINE('',#2679,#547);
#282=LINE('',#2680,#548);
#283=LINE('',#2683,#549);
#284=LINE('',#2685,#550);
#285=LINE('',#2687,#551);
#286=LINE('',#2689,#552);
#287=LINE('',#2691,#553);
#288=LINE('',#2693,#554);
#289=LINE('',#2695,#555);
#290=LINE('',#2697,#556);
#291=LINE('',#2699,#557);
#292=LINE('',#2701,#558);
#293=LINE('',#2703,#559);
#294=LINE('',#2705,#560);
#295=LINE('',#2707,#561);
#296=LINE('',#2709,#562);
#297=LINE('',#2711,#563);
#298=LINE('',#2713,#564);
#299=LINE('',#2715,#565);
#300=LINE('',#2717,#566);
#301=LINE('',#2719,#567);
#302=LINE('',#2721,#568);
#303=LINE('',#2723,#569);
#304=LINE('',#2725,#570);
#305=LINE('',#2727,#571);
#306=LINE('',#2729,#572);
#307=LINE('',#2731,#573);
#308=LINE('',#2733,#574);
#309=LINE('',#2735,#575);
#310=LINE('',#2737,#576);
#311=LINE('',#2739,#577);
#312=LINE('',#2740,#578);
#313=LINE('',#2742,#579);
#314=LINE('',#2744,#580);
#315=LINE('',#2745,#581);
#316=LINE('',#2747,#582);
#317=LINE('',#2749,#583);
#318=LINE('',#2750,#584);
#319=LINE('',#2752,#585);
#320=LINE('',#2754,#586);
#321=LINE('',#2756,#587);
#322=LINE('',#2758,#588);
#323=LINE('',#2760,#589);
#324=LINE('',#2762,#590);
#325=LINE('',#2764,#591);
#326=LINE('',#2766,#592);
#327=LINE('',#2768,#593);
#328=LINE('',#2770,#594);
#329=LINE('',#2772,#595);
#330=LINE('',#2774,#596);
#331=LINE('',#2776,#597);
#332=LINE('',#2778,#598);
#333=LINE('',#2780,#599);
#334=LINE('',#2782,#600);
#335=LINE('',#2784,#601);
#336=LINE('',#2786,#602);
#337=LINE('',#2788,#603);
#338=LINE('',#2790,#604);
#339=LINE('',#2792,#605);
#340=LINE('',#2794,#606);
#341=LINE('',#2796,#607);
#342=LINE('',#2798,#608);
#343=LINE('',#2799,#609);
#344=LINE('',#2803,#610);
#345=LINE('',#2804,#611);
#346=LINE('',#2805,#612);
#347=LINE('',#2808,#613);
#348=LINE('',#2809,#614);
#349=LINE('',#2812,#615);
#350=LINE('',#2813,#616);
#351=LINE('',#2816,#617);
#352=LINE('',#2817,#618);
#353=LINE('',#2819,#619);
#354=LINE('',#2821,#620);
#355=LINE('',#2825,#621);
#356=LINE('',#2826,#622);
#357=LINE('',#2827,#623);
#358=LINE('',#2830,#624);
#359=LINE('',#2831,#625);
#360=LINE('',#2834,#626);
#361=LINE('',#2835,#627);
#362=LINE('',#2838,#628);
#363=LINE('',#2839,#629);
#364=LINE('',#2842,#630);
#365=LINE('',#2843,#631);
#366=LINE('',#2845,#632);
#367=LINE('',#2847,#633);
#368=LINE('',#2849,#634);
#369=LINE('',#2851,#635);
#370=LINE('',#2853,#636);
#371=LINE('',#2855,#637);
#372=LINE('',#2857,#638);
#373=LINE('',#2859,#639);
#374=LINE('',#2861,#640);
#375=LINE('',#2863,#641);
#376=LINE('',#2865,#642);
#377=LINE('',#2867,#643);
#378=LINE('',#2869,#644);
#379=LINE('',#2871,#645);
#380=LINE('',#2873,#646);
#381=LINE('',#2875,#647);
#382=LINE('',#2877,#648);
#383=LINE('',#2879,#649);
#384=LINE('',#2881,#650);
#385=LINE('',#2882,#651);
#386=LINE('',#2883,#652);
#387=LINE('',#2885,#653);
#388=LINE('',#2889,#654);
#389=LINE('',#2890,#655);
#390=LINE('',#2891,#656);
#391=LINE('',#2894,#657);
#392=LINE('',#2895,#658);
#393=LINE('',#2898,#659);
#394=LINE('',#2899,#660);
#395=LINE('',#2903,#661);
#396=LINE('',#2904,#662);
#397=LINE('',#2905,#663);
#398=LINE('',#2908,#664);
#399=LINE('',#2909,#665);
#400=LINE('',#2912,#666);
#401=LINE('',#2913,#667);
#402=LINE('',#2916,#668);
#403=LINE('',#2917,#669);
#404=LINE('',#2920,#670);
#405=LINE('',#2921,#671);
#406=LINE('',#2923,#672);
#407=LINE('',#2927,#673);
#408=LINE('',#2928,#674);
#409=LINE('',#2929,#675);
#410=LINE('',#2933,#676);
#411=LINE('',#2934,#677);
#412=LINE('',#2935,#678);
#413=LINE('',#2937,#679);
#414=LINE('',#2941,#680);
#415=LINE('',#2942,#681);
#416=LINE('',#2943,#682);
#417=LINE('',#2947,#683);
#418=LINE('',#2948,#684);
#419=LINE('',#2949,#685);
#420=LINE('',#2951,#686);
#421=LINE('',#2954,#687);
#422=LINE('',#2956,#688);
#423=LINE('',#2957,#689);
#424=LINE('',#2960,#690);
#425=LINE('',#2962,#691);
#426=LINE('',#2963,#692);
#427=LINE('',#2966,#693);
#428=LINE('',#2968,#694);
#429=LINE('',#2969,#695);
#430=LINE('',#2972,#696);
#431=LINE('',#2973,#697);
#432=LINE('',#2975,#698);
#433=LINE('',#2977,#699);
#434=LINE('',#2978,#700);
#435=LINE('',#2980,#701);
#436=LINE('',#2982,#702);
#437=LINE('',#2985,#703);
#438=LINE('',#2986,#704);
#439=LINE('',#2989,#705);
#440=LINE('',#2990,#706);
#441=LINE('',#2993,#707);
#442=LINE('',#2994,#708);
#443=LINE('',#2996,#709);
#444=LINE('',#2997,#710);
#445=LINE('',#2999,#711);
#446=LINE('',#3001,#712);
#447=LINE('',#3004,#713);
#448=LINE('',#3006,#714);
#449=LINE('',#3008,#715);
#450=LINE('',#3009,#716);
#451=LINE('',#3010,#717);
#452=LINE('',#3012,#718);
#453=LINE('',#3014,#719);
#454=LINE('',#3016,#720);
#455=LINE('',#3018,#721);
#456=LINE('',#3020,#722);
#457=LINE('',#3022,#723);
#458=LINE('',#3024,#724);
#459=LINE('',#3025,#725);
#460=LINE('',#3027,#726);
#461=LINE('',#3029,#727);
#462=LINE('',#3031,#728);
#463=LINE('',#3033,#729);
#464=LINE('',#3034,#730);
#465=LINE('',#3035,#731);
#466=LINE('',#3036,#732);
#467=LINE('',#3039,#733);
#468=LINE('',#3041,#734);
#469=LINE('',#3044,#735);
#470=LINE('',#3046,#736);
#471=LINE('',#3048,#737);
#472=LINE('',#3050,#738);
#473=LINE('',#3052,#739);
#474=LINE('',#3054,#740);
#475=LINE('',#3058,#741);
#476=LINE('',#3059,#742);
#477=LINE('',#3061,#743);
#478=LINE('',#3064,#744);
#479=LINE('',#3066,#745);
#480=LINE('',#3067,#746);
#481=LINE('',#3069,#747);
#482=LINE('',#3070,#748);
#483=LINE('',#3074,#749);
#484=LINE('',#3075,#750);
#485=LINE('',#3077,#751);
#486=LINE('',#3080,#752);
#487=LINE('',#3081,#753);
#488=LINE('',#3083,#754);
#489=VECTOR('',#2067,10.);
#490=VECTOR('',#2068,10.);
#491=VECTOR('',#2069,10.);
#492=VECTOR('',#2070,10.);
#493=VECTOR('',#2077,10.);
#494=VECTOR('',#2080,10.);
#495=VECTOR('',#2081,10.);
#496=VECTOR('',#2082,10.);
#497=VECTOR('',#2089,10.);
#498=VECTOR('',#2092,10.);
#499=VECTOR('',#2093,10.);
#500=VECTOR('',#2094,10.);
#501=VECTOR('',#2101,10.);
#502=VECTOR('',#2104,10.);
#503=VECTOR('',#2105,10.);
#504=VECTOR('',#2106,10.);
#505=VECTOR('',#2115,10.);
#506=VECTOR('',#2116,10.);
#507=VECTOR('',#2117,10.);
#508=VECTOR('',#2118,10.);
#509=VECTOR('',#2121,10.);
#510=VECTOR('',#2122,10.);
#511=VECTOR('',#2123,10.);
#512=VECTOR('',#2124,10.);
#513=VECTOR('',#2125,10.);
#514=VECTOR('',#2128,10.);
#515=VECTOR('',#2129,10.);
#516=VECTOR('',#2130,10.);
#517=VECTOR('',#2131,10.);
#518=VECTOR('',#2134,10.);
#519=VECTOR('',#2135,10.);
#520=VECTOR('',#2136,10.);
#521=VECTOR('',#2139,10.);
#522=VECTOR('',#2140,10.);
#523=VECTOR('',#2141,10.);
#524=VECTOR('',#2142,10.);
#525=VECTOR('',#2145,10.);
#526=VECTOR('',#2146,10.);
#527=VECTOR('',#2147,10.);
#528=VECTOR('',#2148,10.);
#529=VECTOR('',#2151,10.);
#530=VECTOR('',#2152,10.);
#531=VECTOR('',#2153,10.);
#532=VECTOR('',#2154,10.);
#533=VECTOR('',#2157,10.);
#534=VECTOR('',#2158,10.);
#535=VECTOR('',#2159,10.);
#536=VECTOR('',#2160,10.);
#537=VECTOR('',#2163,10.);
#538=VECTOR('',#2164,10.);
#539=VECTOR('',#2165,10.);
#540=VECTOR('',#2166,10.);
#541=VECTOR('',#2169,10.);
#542=VECTOR('',#2170,10.);
#543=VECTOR('',#2171,10.);
#544=VECTOR('',#2172,10.);
#545=VECTOR('',#2175,10.);
#546=VECTOR('',#2176,10.);
#547=VECTOR('',#2177,10.);
#548=VECTOR('',#2178,10.);
#549=VECTOR('',#2181,10.);
#550=VECTOR('',#2182,10.);
#551=VECTOR('',#2183,10.);
#552=VECTOR('',#2184,10.);
#553=VECTOR('',#2185,10.);
#554=VECTOR('',#2186,10.);
#555=VECTOR('',#2187,10.);
#556=VECTOR('',#2188,10.);
#557=VECTOR('',#2189,10.);
#558=VECTOR('',#2190,10.);
#559=VECTOR('',#2191,10.);
#560=VECTOR('',#2192,10.);
#561=VECTOR('',#2193,10.);
#562=VECTOR('',#2194,10.);
#563=VECTOR('',#2195,10.);
#564=VECTOR('',#2196,10.);
#565=VECTOR('',#2197,10.);
#566=VECTOR('',#2198,10.);
#567=VECTOR('',#2199,10.);
#568=VECTOR('',#2200,10.);
#569=VECTOR('',#2201,10.);
#570=VECTOR('',#2202,10.);
#571=VECTOR('',#2203,10.);
#572=VECTOR('',#2204,10.);
#573=VECTOR('',#2205,10.);
#574=VECTOR('',#2206,10.);
#575=VECTOR('',#2207,10.);
#576=VECTOR('',#2208,10.);
#577=VECTOR('',#2209,10.);
#578=VECTOR('',#2210,10.);
#579=VECTOR('',#2211,10.);
#580=VECTOR('',#2212,10.);
#581=VECTOR('',#2213,10.);
#582=VECTOR('',#2214,10.);
#583=VECTOR('',#2215,10.);
#584=VECTOR('',#2216,10.);
#585=VECTOR('',#2217,10.);
#586=VECTOR('',#2218,10.);
#587=VECTOR('',#2219,10.);
#588=VECTOR('',#2220,10.);
#589=VECTOR('',#2221,10.);
#590=VECTOR('',#2222,10.);
#591=VECTOR('',#2223,10.);
#592=VECTOR('',#2224,10.);
#593=VECTOR('',#2225,10.);
#594=VECTOR('',#2226,10.);
#595=VECTOR('',#2227,10.);
#596=VECTOR('',#2228,10.);
#597=VECTOR('',#2229,10.);
#598=VECTOR('',#2230,10.);
#599=VECTOR('',#2231,10.);
#600=VECTOR('',#2232,10.);
#601=VECTOR('',#2233,10.);
#602=VECTOR('',#2234,10.);
#603=VECTOR('',#2235,10.);
#604=VECTOR('',#2236,10.);
#605=VECTOR('',#2237,10.);
#606=VECTOR('',#2238,10.);
#607=VECTOR('',#2239,10.);
#608=VECTOR('',#2240,10.);
#609=VECTOR('',#2241,10.);
#610=VECTOR('',#2244,10.);
#611=VECTOR('',#2245,10.);
#612=VECTOR('',#2246,10.);
#613=VECTOR('',#2249,10.);
#614=VECTOR('',#2250,10.);
#615=VECTOR('',#2253,10.);
#616=VECTOR('',#2254,10.);
#617=VECTOR('',#2257,10.);
#618=VECTOR('',#2258,10.);
#619=VECTOR('',#2261,10.);
#620=VECTOR('',#2264,10.);
#621=VECTOR('',#2267,10.);
#622=VECTOR('',#2268,10.);
#623=VECTOR('',#2269,10.);
#624=VECTOR('',#2272,10.);
#625=VECTOR('',#2273,10.);
#626=VECTOR('',#2276,10.);
#627=VECTOR('',#2277,10.);
#628=VECTOR('',#2280,10.);
#629=VECTOR('',#2281,10.);
#630=VECTOR('',#2284,10.);
#631=VECTOR('',#2285,10.);
#632=VECTOR('',#2288,10.);
#633=VECTOR('',#2291,10.);
#634=VECTOR('',#2292,10.);
#635=VECTOR('',#2293,10.);
#636=VECTOR('',#2294,10.);
#637=VECTOR('',#2295,10.);
#638=VECTOR('',#2296,10.);
#639=VECTOR('',#2297,10.);
#640=VECTOR('',#2298,10.);
#641=VECTOR('',#2299,10.);
#642=VECTOR('',#2300,10.);
#643=VECTOR('',#2301,10.);
#644=VECTOR('',#2302,10.);
#645=VECTOR('',#2303,10.);
#646=VECTOR('',#2304,10.);
#647=VECTOR('',#2305,10.);
#648=VECTOR('',#2306,10.);
#649=VECTOR('',#2307,10.);
#650=VECTOR('',#2308,10.);
#651=VECTOR('',#2309,10.);
#652=VECTOR('',#2310,10.);
#653=VECTOR('',#2313,10.);
#654=VECTOR('',#2316,10.);
#655=VECTOR('',#2317,10.);
#656=VECTOR('',#2318,10.);
#657=VECTOR('',#2321,10.);
#658=VECTOR('',#2322,10.);
#659=VECTOR('',#2325,10.);
#660=VECTOR('',#2326,10.);
#661=VECTOR('',#2329,10.);
#662=VECTOR('',#2330,10.);
#663=VECTOR('',#2331,10.);
#664=VECTOR('',#2334,10.);
#665=VECTOR('',#2335,10.);
#666=VECTOR('',#2338,10.);
#667=VECTOR('',#2339,10.);
#668=VECTOR('',#2342,10.);
#669=VECTOR('',#2343,10.);
#670=VECTOR('',#2346,10.);
#671=VECTOR('',#2347,10.);
#672=VECTOR('',#2350,10.);
#673=VECTOR('',#2353,10.);
#674=VECTOR('',#2354,10.);
#675=VECTOR('',#2355,10.);
#676=VECTOR('',#2358,10.);
#677=VECTOR('',#2359,10.);
#678=VECTOR('',#2360,10.);
#679=VECTOR('',#2363,10.);
#680=VECTOR('',#2366,10.);
#681=VECTOR('',#2367,10.);
#682=VECTOR('',#2368,10.);
#683=VECTOR('',#2371,10.);
#684=VECTOR('',#2372,10.);
#685=VECTOR('',#2373,10.);
#686=VECTOR('',#2376,10.);
#687=VECTOR('',#2379,10.);
#688=VECTOR('',#2380,10.);
#689=VECTOR('',#2381,10.);
#690=VECTOR('',#2384,10.);
#691=VECTOR('',#2385,10.);
#692=VECTOR('',#2386,10.);
#693=VECTOR('',#2389,10.);
#694=VECTOR('',#2390,10.);
#695=VECTOR('',#2391,10.);
#696=VECTOR('',#2394,10.);
#697=VECTOR('',#2395,10.);
#698=VECTOR('',#2398,10.);
#699=VECTOR('',#2401,10.);
#700=VECTOR('',#2402,10.);
#701=VECTOR('',#2405,10.);
#702=VECTOR('',#2408,10.);
#703=VECTOR('',#2411,10.);
#704=VECTOR('',#2412,10.);
#705=VECTOR('',#2415,10.);
#706=VECTOR('',#2416,10.);
#707=VECTOR('',#2419,10.);
#708=VECTOR('',#2420,10.);
#709=VECTOR('',#2423,10.);
#710=VECTOR('',#2424,10.);
#711=VECTOR('',#2427,10.);
#712=VECTOR('',#2430,10.);
#713=VECTOR('',#2433,10.);
#714=VECTOR('',#2434,10.);
#715=VECTOR('',#2435,10.);
#716=VECTOR('',#2436,10.);
#717=VECTOR('',#2437,10.);
#718=VECTOR('',#2438,10.);
#719=VECTOR('',#2439,10.);
#720=VECTOR('',#2440,10.);
#721=VECTOR('',#2441,10.);
#722=VECTOR('',#2442,10.);
#723=VECTOR('',#2443,10.);
#724=VECTOR('',#2444,10.);
#725=VECTOR('',#2445,10.);
#726=VECTOR('',#2446,10.);
#727=VECTOR('',#2447,10.);
#728=VECTOR('',#2448,10.);
#729=VECTOR('',#2449,10.);
#730=VECTOR('',#2450,10.);
#731=VECTOR('',#2451,10.);
#732=VECTOR('',#2452,10.);
#733=VECTOR('',#2457,10.);
#734=VECTOR('',#2460,10.);
#735=VECTOR('',#2465,10.);
#736=VECTOR('',#2468,10.);
#737=VECTOR('',#2471,10.);
#738=VECTOR('',#2474,10.);
#739=VECTOR('',#2477,10.);
#740=VECTOR('',#2480,10.);
#741=VECTOR('',#2487,10.);
#742=VECTOR('',#2488,10.);
#743=VECTOR('',#2491,10.);
#744=VECTOR('',#2496,10.);
#745=VECTOR('',#2499,10.);
#746=VECTOR('',#2500,10.);
#747=VECTOR('',#2503,10.);
#748=VECTOR('',#2504,10.);
#749=VECTOR('',#2511,10.);
#750=VECTOR('',#2512,10.);
#751=VECTOR('',#2515,10.);
#752=VECTOR('',#2520,10.);
#753=VECTOR('',#2521,10.);
#754=VECTOR('',#2524,10.);
#755=VERTEX_POINT('',#2540);
#756=VERTEX_POINT('',#2541);
#757=VERTEX_POINT('',#2543);
#758=VERTEX_POINT('',#2545);
#759=VERTEX_POINT('',#2549);
#760=VERTEX_POINT('',#2551);
#761=VERTEX_POINT('',#2555);
#762=VERTEX_POINT('',#2557);
#763=VERTEX_POINT('',#2561);
#764=VERTEX_POINT('',#2563);
#765=VERTEX_POINT('',#2567);
#766=VERTEX_POINT('',#2569);
#767=VERTEX_POINT('',#2573);
#768=VERTEX_POINT('',#2575);
#769=VERTEX_POINT('',#2579);
#770=VERTEX_POINT('',#2581);
#771=VERTEX_POINT('',#2588);
#772=VERTEX_POINT('',#2589);
#773=VERTEX_POINT('',#2591);
#774=VERTEX_POINT('',#2593);
#775=VERTEX_POINT('',#2597);
#776=VERTEX_POINT('',#2599);
#777=VERTEX_POINT('',#2601);
#778=VERTEX_POINT('',#2603);
#779=VERTEX_POINT('',#2607);
#780=VERTEX_POINT('',#2609);
#781=VERTEX_POINT('',#2611);
#782=VERTEX_POINT('',#2615);
#783=VERTEX_POINT('',#2617);
#784=VERTEX_POINT('',#2621);
#785=VERTEX_POINT('',#2623);
#786=VERTEX_POINT('',#2625);
#787=VERTEX_POINT('',#2629);
#788=VERTEX_POINT('',#2630);
#789=VERTEX_POINT('',#2632);
#790=VERTEX_POINT('',#2634);
#791=VERTEX_POINT('',#2638);
#792=VERTEX_POINT('',#2639);
#793=VERTEX_POINT('',#2641);
#794=VERTEX_POINT('',#2643);
#795=VERTEX_POINT('',#2647);
#796=VERTEX_POINT('',#2648);
#797=VERTEX_POINT('',#2650);
#798=VERTEX_POINT('',#2652);
#799=VERTEX_POINT('',#2656);
#800=VERTEX_POINT('',#2657);
#801=VERTEX_POINT('',#2659);
#802=VERTEX_POINT('',#2661);
#803=VERTEX_POINT('',#2665);
#804=VERTEX_POINT('',#2667);
#805=VERTEX_POINT('',#2669);
#806=VERTEX_POINT('',#2673);
#807=VERTEX_POINT('',#2674);
#808=VERTEX_POINT('',#2676);
#809=VERTEX_POINT('',#2678);
#810=VERTEX_POINT('',#2682);
#811=VERTEX_POINT('',#2684);
#812=VERTEX_POINT('',#2686);
#813=VERTEX_POINT('',#2688);
#814=VERTEX_POINT('',#2690);
#815=VERTEX_POINT('',#2692);
#816=VERTEX_POINT('',#2694);
#817=VERTEX_POINT('',#2696);
#818=VERTEX_POINT('',#2698);
#819=VERTEX_POINT('',#2700);
#820=VERTEX_POINT('',#2702);
#821=VERTEX_POINT('',#2704);
#822=VERTEX_POINT('',#2706);
#823=VERTEX_POINT('',#2708);
#824=VERTEX_POINT('',#2710);
#825=VERTEX_POINT('',#2712);
#826=VERTEX_POINT('',#2714);
#827=VERTEX_POINT('',#2716);
#828=VERTEX_POINT('',#2718);
#829=VERTEX_POINT('',#2720);
#830=VERTEX_POINT('',#2722);
#831=VERTEX_POINT('',#2724);
#832=VERTEX_POINT('',#2726);
#833=VERTEX_POINT('',#2728);
#834=VERTEX_POINT('',#2730);
#835=VERTEX_POINT('',#2732);
#836=VERTEX_POINT('',#2734);
#837=VERTEX_POINT('',#2736);
#838=VERTEX_POINT('',#2738);
#839=VERTEX_POINT('',#2741);
#840=VERTEX_POINT('',#2743);
#841=VERTEX_POINT('',#2746);
#842=VERTEX_POINT('',#2748);
#843=VERTEX_POINT('',#2751);
#844=VERTEX_POINT('',#2753);
#845=VERTEX_POINT('',#2755);
#846=VERTEX_POINT('',#2757);
#847=VERTEX_POINT('',#2759);
#848=VERTEX_POINT('',#2761);
#849=VERTEX_POINT('',#2763);
#850=VERTEX_POINT('',#2765);
#851=VERTEX_POINT('',#2767);
#852=VERTEX_POINT('',#2769);
#853=VERTEX_POINT('',#2771);
#854=VERTEX_POINT('',#2773);
#855=VERTEX_POINT('',#2775);
#856=VERTEX_POINT('',#2777);
#857=VERTEX_POINT('',#2779);
#858=VERTEX_POINT('',#2781);
#859=VERTEX_POINT('',#2783);
#860=VERTEX_POINT('',#2785);
#861=VERTEX_POINT('',#2787);
#862=VERTEX_POINT('',#2789);
#863=VERTEX_POINT('',#2791);
#864=VERTEX_POINT('',#2793);
#865=VERTEX_POINT('',#2795);
#866=VERTEX_POINT('',#2797);
#867=VERTEX_POINT('',#2801);
#868=VERTEX_POINT('',#2802);
#869=VERTEX_POINT('',#2807);
#870=VERTEX_POINT('',#2811);
#871=VERTEX_POINT('',#2815);
#872=VERTEX_POINT('',#2823);
#873=VERTEX_POINT('',#2824);
#874=VERTEX_POINT('',#2829);
#875=VERTEX_POINT('',#2833);
#876=VERTEX_POINT('',#2837);
#877=VERTEX_POINT('',#2841);
#878=VERTEX_POINT('',#2848);
#879=VERTEX_POINT('',#2850);
#880=VERTEX_POINT('',#2852);
#881=VERTEX_POINT('',#2854);
#882=VERTEX_POINT('',#2856);
#883=VERTEX_POINT('',#2858);
#884=VERTEX_POINT('',#2860);
#885=VERTEX_POINT('',#2862);
#886=VERTEX_POINT('',#2864);
#887=VERTEX_POINT('',#2866);
#888=VERTEX_POINT('',#2868);
#889=VERTEX_POINT('',#2870);
#890=VERTEX_POINT('',#2872);
#891=VERTEX_POINT('',#2874);
#892=VERTEX_POINT('',#2876);
#893=VERTEX_POINT('',#2878);
#894=VERTEX_POINT('',#2880);
#895=VERTEX_POINT('',#2887);
#896=VERTEX_POINT('',#2888);
#897=VERTEX_POINT('',#2893);
#898=VERTEX_POINT('',#2897);
#899=VERTEX_POINT('',#2901);
#900=VERTEX_POINT('',#2902);
#901=VERTEX_POINT('',#2907);
#902=VERTEX_POINT('',#2911);
#903=VERTEX_POINT('',#2915);
#904=VERTEX_POINT('',#2919);
#905=VERTEX_POINT('',#2925);
#906=VERTEX_POINT('',#2926);
#907=VERTEX_POINT('',#2931);
#908=VERTEX_POINT('',#2932);
#909=VERTEX_POINT('',#2939);
#910=VERTEX_POINT('',#2940);
#911=VERTEX_POINT('',#2945);
#912=VERTEX_POINT('',#2946);
#913=VERTEX_POINT('',#2953);
#914=VERTEX_POINT('',#2955);
#915=VERTEX_POINT('',#2959);
#916=VERTEX_POINT('',#2961);
#917=VERTEX_POINT('',#2965);
#918=VERTEX_POINT('',#2967);
#919=VERTEX_POINT('',#2971);
#920=VERTEX_POINT('',#2984);
#921=VERTEX_POINT('',#2988);
#922=VERTEX_POINT('',#2992);
#923=VERTEX_POINT('',#3003);
#924=VERTEX_POINT('',#3005);
#925=VERTEX_POINT('',#3007);
#926=VERTEX_POINT('',#3011);
#927=VERTEX_POINT('',#3013);
#928=VERTEX_POINT('',#3015);
#929=VERTEX_POINT('',#3017);
#930=VERTEX_POINT('',#3019);
#931=VERTEX_POINT('',#3021);
#932=VERTEX_POINT('',#3023);
#933=VERTEX_POINT('',#3026);
#934=VERTEX_POINT('',#3028);
#935=VERTEX_POINT('',#3030);
#936=VERTEX_POINT('',#3032);
#937=EDGE_CURVE('',#755,#756,#223,.T.);
#938=EDGE_CURVE('',#757,#755,#224,.T.);
#939=EDGE_CURVE('',#758,#757,#225,.T.);
#940=EDGE_CURVE('',#758,#756,#226,.T.);
#941=EDGE_CURVE('',#756,#759,#21,.T.);
#942=EDGE_CURVE('',#760,#758,#22,.T.);
#943=EDGE_CURVE('',#760,#759,#227,.T.);
#944=EDGE_CURVE('',#759,#761,#228,.T.);
#945=EDGE_CURVE('',#762,#760,#229,.T.);
#946=EDGE_CURVE('',#762,#761,#230,.T.);
#947=EDGE_CURVE('',#761,#763,#23,.T.);
#948=EDGE_CURVE('',#764,#762,#24,.T.);
#949=EDGE_CURVE('',#764,#763,#231,.T.);
#950=EDGE_CURVE('',#763,#765,#232,.T.);
#951=EDGE_CURVE('',#766,#764,#233,.T.);
#952=EDGE_CURVE('',#766,#765,#234,.T.);
#953=EDGE_CURVE('',#765,#767,#25,.T.);
#954=EDGE_CURVE('',#768,#766,#26,.T.);
#955=EDGE_CURVE('',#768,#767,#235,.T.);
#956=EDGE_CURVE('',#767,#769,#236,.T.);
#957=EDGE_CURVE('',#770,#768,#237,.T.);
#958=EDGE_CURVE('',#770,#769,#238,.T.);
#959=EDGE_CURVE('',#769,#755,#27,.T.);
#960=EDGE_CURVE('',#757,#770,#28,.T.);
#961=EDGE_CURVE('',#771,#772,#239,.T.);
#962=EDGE_CURVE('',#773,#772,#240,.T.);
#963=EDGE_CURVE('',#773,#774,#241,.T.);
#964=EDGE_CURVE('',#774,#771,#242,.T.);
#965=EDGE_CURVE('',#774,#775,#243,.T.);
#966=EDGE_CURVE('',#776,#775,#244,.T.);
#967=EDGE_CURVE('',#776,#777,#245,.T.);
#968=EDGE_CURVE('',#777,#778,#246,.T.);
#969=EDGE_CURVE('',#778,#771,#247,.T.);
#970=EDGE_CURVE('',#779,#773,#248,.T.);
#971=EDGE_CURVE('',#780,#779,#249,.T.);
#972=EDGE_CURVE('',#780,#781,#250,.T.);
#973=EDGE_CURVE('',#781,#774,#251,.T.);
#974=EDGE_CURVE('',#782,#776,#252,.T.);
#975=EDGE_CURVE('',#775,#783,#253,.T.);
#976=EDGE_CURVE('',#782,#783,#254,.T.);
#977=EDGE_CURVE('',#784,#775,#255,.T.);
#978=EDGE_CURVE('',#784,#785,#256,.T.);
#979=EDGE_CURVE('',#785,#786,#257,.T.);
#980=EDGE_CURVE('',#783,#786,#258,.T.);
#981=EDGE_CURVE('',#787,#788,#259,.T.);
#982=EDGE_CURVE('',#788,#789,#260,.T.);
#983=EDGE_CURVE('',#789,#790,#261,.T.);
#984=EDGE_CURVE('',#790,#787,#262,.T.);
#985=EDGE_CURVE('',#791,#792,#263,.T.);
#986=EDGE_CURVE('',#792,#793,#264,.T.);
#987=EDGE_CURVE('',#793,#794,#265,.T.);
#988=EDGE_CURVE('',#794,#791,#266,.T.);
#989=EDGE_CURVE('',#795,#796,#267,.T.);
#990=EDGE_CURVE('',#796,#797,#268,.T.);
#991=EDGE_CURVE('',#797,#798,#269,.T.);
#992=EDGE_CURVE('',#798,#795,#270,.T.);
#993=EDGE_CURVE('',#799,#800,#271,.T.);
#994=EDGE_CURVE('',#801,#800,#272,.T.);
#995=EDGE_CURVE('',#801,#802,#273,.T.);
#996=EDGE_CURVE('',#802,#799,#274,.T.);
#997=EDGE_CURVE('',#803,#782,#275,.T.);
#998=EDGE_CURVE('',#803,#804,#276,.T.);
#999=EDGE_CURVE('',#804,#805,#277,.T.);
#1000=EDGE_CURVE('',#805,#777,#278,.T.);
#1001=EDGE_CURVE('',#806,#807,#279,.T.);
#1002=EDGE_CURVE('',#808,#807,#280,.T.);
#1003=EDGE_CURVE('',#808,#809,#281,.T.);
#1004=EDGE_CURVE('',#809,#806,#282,.T.);
#1005=EDGE_CURVE('',#772,#810,#283,.T.);
#1006=EDGE_CURVE('',#810,#811,#284,.T.);
#1007=EDGE_CURVE('',#811,#812,#285,.T.);
#1008=EDGE_CURVE('',#812,#813,#286,.T.);
#1009=EDGE_CURVE('',#813,#814,#287,.T.);
#1010=EDGE_CURVE('',#814,#815,#288,.T.);
#1011=EDGE_CURVE('',#815,#816,#289,.T.);
#1012=EDGE_CURVE('',#816,#817,#290,.T.);
#1013=EDGE_CURVE('',#817,#818,#291,.T.);
#1014=EDGE_CURVE('',#818,#819,#292,.T.);
#1015=EDGE_CURVE('',#819,#820,#293,.T.);
#1016=EDGE_CURVE('',#820,#821,#294,.T.);
#1017=EDGE_CURVE('',#821,#822,#295,.T.);
#1018=EDGE_CURVE('',#822,#823,#296,.T.);
#1019=EDGE_CURVE('',#823,#824,#297,.T.);
#1020=EDGE_CURVE('',#824,#825,#298,.T.);
#1021=EDGE_CURVE('',#825,#826,#299,.T.);
#1022=EDGE_CURVE('',#826,#827,#300,.T.);
#1023=EDGE_CURVE('',#827,#828,#301,.T.);
#1024=EDGE_CURVE('',#828,#829,#302,.T.);
#1025=EDGE_CURVE('',#829,#830,#303,.T.);
#1026=EDGE_CURVE('',#830,#831,#304,.T.);
#1027=EDGE_CURVE('',#831,#832,#305,.T.);
#1028=EDGE_CURVE('',#832,#833,#306,.T.);
#1029=EDGE_CURVE('',#833,#834,#307,.T.);
#1030=EDGE_CURVE('',#834,#835,#308,.T.);
#1031=EDGE_CURVE('',#835,#836,#309,.T.);
#1032=EDGE_CURVE('',#836,#837,#310,.T.);
#1033=EDGE_CURVE('',#837,#838,#311,.T.);
#1034=EDGE_CURVE('',#838,#801,#312,.T.);
#1035=EDGE_CURVE('',#800,#839,#313,.T.);
#1036=EDGE_CURVE('',#839,#840,#314,.T.);
#1037=EDGE_CURVE('',#840,#808,#315,.T.);
#1038=EDGE_CURVE('',#807,#841,#316,.T.);
#1039=EDGE_CURVE('',#841,#842,#317,.T.);
#1040=EDGE_CURVE('',#842,#803,#318,.T.);
#1041=EDGE_CURVE('',#786,#843,#319,.T.);
#1042=EDGE_CURVE('',#843,#844,#320,.T.);
#1043=EDGE_CURVE('',#844,#845,#321,.T.);
#1044=EDGE_CURVE('',#845,#846,#322,.T.);
#1045=EDGE_CURVE('',#846,#847,#323,.T.);
#1046=EDGE_CURVE('',#847,#848,#324,.T.);
#1047=EDGE_CURVE('',#848,#849,#325,.T.);
#1048=EDGE_CURVE('',#849,#850,#326,.T.);
#1049=EDGE_CURVE('',#850,#851,#327,.T.);
#1050=EDGE_CURVE('',#851,#852,#328,.T.);
#1051=EDGE_CURVE('',#852,#853,#329,.T.);
#1052=EDGE_CURVE('',#853,#854,#330,.T.);
#1053=EDGE_CURVE('',#854,#855,#331,.T.);
#1054=EDGE_CURVE('',#855,#856,#332,.T.);
#1055=EDGE_CURVE('',#856,#857,#333,.T.);
#1056=EDGE_CURVE('',#857,#858,#334,.T.);
#1057=EDGE_CURVE('',#858,#859,#335,.T.);
#1058=EDGE_CURVE('',#859,#860,#336,.T.);
#1059=EDGE_CURVE('',#860,#861,#337,.T.);
#1060=EDGE_CURVE('',#861,#862,#338,.T.);
#1061=EDGE_CURVE('',#862,#863,#339,.T.);
#1062=EDGE_CURVE('',#863,#864,#340,.T.);
#1063=EDGE_CURVE('',#864,#865,#341,.T.);
#1064=EDGE_CURVE('',#865,#866,#342,.T.);
#1065=EDGE_CURVE('',#866,#779,#343,.T.);
#1066=EDGE_CURVE('',#867,#868,#344,.T.);
#1067=EDGE_CURVE('',#845,#867,#345,.T.);
#1068=EDGE_CURVE('',#868,#844,#346,.T.);
#1069=EDGE_CURVE('',#869,#806,#347,.T.);
#1070=EDGE_CURVE('',#869,#841,#348,.T.);
#1071=EDGE_CURVE('',#870,#842,#349,.T.);
#1072=EDGE_CURVE('',#870,#869,#350,.T.);
#1073=EDGE_CURVE('',#868,#871,#351,.T.);
#1074=EDGE_CURVE('',#871,#843,#352,.T.);
#1075=EDGE_CURVE('',#871,#785,#353,.T.);
#1076=EDGE_CURVE('',#804,#870,#354,.T.);
#1077=EDGE_CURVE('',#872,#873,#355,.T.);
#1078=EDGE_CURVE('',#849,#872,#356,.T.);
#1079=EDGE_CURVE('',#873,#848,#357,.T.);
#1080=EDGE_CURVE('',#874,#799,#358,.T.);
#1081=EDGE_CURVE('',#874,#839,#359,.T.);
#1082=EDGE_CURVE('',#875,#840,#360,.T.);
#1083=EDGE_CURVE('',#875,#874,#361,.T.);
#1084=EDGE_CURVE('',#873,#876,#362,.T.);
#1085=EDGE_CURVE('',#876,#847,#363,.T.);
#1086=EDGE_CURVE('',#876,#877,#364,.T.);
#1087=EDGE_CURVE('',#877,#846,#365,.T.);
#1088=EDGE_CURVE('',#809,#875,#366,.T.);
#1089=EDGE_CURVE('',#781,#784,#367,.T.);
#1090=EDGE_CURVE('',#878,#780,#368,.T.);
#1091=EDGE_CURVE('',#878,#879,#369,.T.);
#1092=EDGE_CURVE('',#879,#880,#370,.T.);
#1093=EDGE_CURVE('',#880,#881,#371,.T.);
#1094=EDGE_CURVE('',#882,#881,#372,.T.);
#1095=EDGE_CURVE('',#882,#883,#373,.T.);
#1096=EDGE_CURVE('',#883,#884,#374,.T.);
#1097=EDGE_CURVE('',#884,#885,#375,.T.);
#1098=EDGE_CURVE('',#886,#885,#376,.T.);
#1099=EDGE_CURVE('',#886,#887,#377,.T.);
#1100=EDGE_CURVE('',#887,#888,#378,.T.);
#1101=EDGE_CURVE('',#888,#889,#379,.T.);
#1102=EDGE_CURVE('',#890,#889,#380,.T.);
#1103=EDGE_CURVE('',#891,#890,#381,.T.);
#1104=EDGE_CURVE('',#891,#892,#382,.T.);
#1105=EDGE_CURVE('',#892,#893,#383,.T.);
#1106=EDGE_CURVE('',#893,#894,#384,.T.);
#1107=EDGE_CURVE('',#872,#894,#385,.T.);
#1108=EDGE_CURVE('',#867,#877,#386,.T.);
#1109=EDGE_CURVE('',#894,#850,#387,.T.);
#1110=EDGE_CURVE('',#895,#896,#388,.T.);
#1111=EDGE_CURVE('',#813,#896,#389,.T.);
#1112=EDGE_CURVE('',#895,#812,#390,.T.);
#1113=EDGE_CURVE('',#897,#895,#391,.T.);
#1114=EDGE_CURVE('',#897,#811,#392,.T.);
#1115=EDGE_CURVE('',#898,#897,#393,.T.);
#1116=EDGE_CURVE('',#898,#810,#394,.T.);
#1117=EDGE_CURVE('',#899,#900,#395,.T.);
#1118=EDGE_CURVE('',#817,#900,#396,.T.);
#1119=EDGE_CURVE('',#899,#816,#397,.T.);
#1120=EDGE_CURVE('',#901,#899,#398,.T.);
#1121=EDGE_CURVE('',#901,#815,#399,.T.);
#1122=EDGE_CURVE('',#902,#901,#400,.T.);
#1123=EDGE_CURVE('',#902,#814,#401,.T.);
#1124=EDGE_CURVE('',#900,#903,#402,.T.);
#1125=EDGE_CURVE('',#903,#818,#403,.T.);
#1126=EDGE_CURVE('',#904,#778,#404,.T.);
#1127=EDGE_CURVE('',#904,#898,#405,.T.);
#1128=EDGE_CURVE('',#896,#902,#406,.T.);
#1129=EDGE_CURVE('',#905,#906,#407,.T.);
#1130=EDGE_CURVE('',#905,#793,#408,.T.);
#1131=EDGE_CURVE('',#906,#792,#409,.T.);
#1132=EDGE_CURVE('',#907,#908,#410,.T.);
#1133=EDGE_CURVE('',#791,#907,#411,.T.);
#1134=EDGE_CURVE('',#908,#794,#412,.T.);
#1135=EDGE_CURVE('',#908,#905,#413,.T.);
#1136=EDGE_CURVE('',#909,#910,#414,.T.);
#1137=EDGE_CURVE('',#909,#789,#415,.T.);
#1138=EDGE_CURVE('',#910,#788,#416,.T.);
#1139=EDGE_CURVE('',#911,#912,#417,.T.);
#1140=EDGE_CURVE('',#787,#911,#418,.T.);
#1141=EDGE_CURVE('',#912,#790,#419,.T.);
#1142=EDGE_CURVE('',#912,#909,#420,.T.);
#1143=EDGE_CURVE('',#834,#913,#421,.T.);
#1144=EDGE_CURVE('',#913,#914,#422,.T.);
#1145=EDGE_CURVE('',#914,#835,#423,.T.);
#1146=EDGE_CURVE('',#915,#827,#424,.T.);
#1147=EDGE_CURVE('',#826,#916,#425,.T.);
#1148=EDGE_CURVE('',#916,#915,#426,.T.);
#1149=EDGE_CURVE('',#917,#832,#427,.T.);
#1150=EDGE_CURVE('',#918,#831,#428,.T.);
#1151=EDGE_CURVE('',#917,#918,#429,.T.);
#1152=EDGE_CURVE('',#919,#833,#430,.T.);
#1153=EDGE_CURVE('',#919,#917,#431,.T.);
#1154=EDGE_CURVE('',#913,#919,#432,.T.);
#1155=EDGE_CURVE('',#858,#886,#433,.T.);
#1156=EDGE_CURVE('',#887,#857,#434,.T.);
#1157=EDGE_CURVE('',#888,#856,#435,.T.);
#1158=EDGE_CURVE('',#889,#855,#436,.T.);
#1159=EDGE_CURVE('',#920,#828,#437,.T.);
#1160=EDGE_CURVE('',#920,#915,#438,.T.);
#1161=EDGE_CURVE('',#921,#829,#439,.T.);
#1162=EDGE_CURVE('',#921,#920,#440,.T.);
#1163=EDGE_CURVE('',#922,#921,#441,.T.);
#1164=EDGE_CURVE('',#830,#922,#442,.T.);
#1165=EDGE_CURVE('',#862,#882,#443,.T.);
#1166=EDGE_CURVE('',#883,#861,#444,.T.);
#1167=EDGE_CURVE('',#884,#860,#445,.T.);
#1168=EDGE_CURVE('',#885,#859,#446,.T.);
#1169=EDGE_CURVE('',#802,#923,#447,.T.);
#1170=EDGE_CURVE('',#923,#924,#448,.T.);
#1171=EDGE_CURVE('',#924,#925,#449,.T.);
#1172=EDGE_CURVE('',#914,#925,#450,.T.);
#1173=EDGE_CURVE('',#922,#918,#451,.T.);
#1174=EDGE_CURVE('',#916,#926,#452,.T.);
#1175=EDGE_CURVE('',#926,#927,#453,.T.);
#1176=EDGE_CURVE('',#927,#928,#454,.T.);
#1177=EDGE_CURVE('',#929,#928,#455,.T.);
#1178=EDGE_CURVE('',#930,#929,#456,.T.);
#1179=EDGE_CURVE('',#931,#930,#457,.T.);
#1180=EDGE_CURVE('',#932,#931,#458,.T.);
#1181=EDGE_CURVE('',#903,#932,#459,.T.);
#1182=EDGE_CURVE('',#933,#904,#460,.T.);
#1183=EDGE_CURVE('',#933,#934,#461,.T.);
#1184=EDGE_CURVE('',#934,#935,#462,.T.);
#1185=EDGE_CURVE('',#935,#936,#463,.T.);
#1186=EDGE_CURVE('',#911,#936,#464,.T.);
#1187=EDGE_CURVE('',#907,#910,#465,.T.);
#1188=EDGE_CURVE('',#805,#906,#466,.T.);
#1189=EDGE_CURVE('',#890,#854,#467,.T.);
#1190=EDGE_CURVE('',#881,#863,#468,.T.);
#1191=EDGE_CURVE('',#925,#836,#469,.T.);
#1192=EDGE_CURVE('',#893,#851,#470,.T.);
#1193=EDGE_CURVE('',#892,#852,#471,.T.);
#1194=EDGE_CURVE('',#853,#891,#472,.T.);
#1195=EDGE_CURVE('',#923,#838,#473,.T.);
#1196=EDGE_CURVE('',#924,#837,#474,.T.);
#1197=EDGE_CURVE('',#821,#930,#475,.T.);
#1198=EDGE_CURVE('',#931,#820,#476,.T.);
#1199=EDGE_CURVE('',#932,#819,#477,.T.);
#1200=EDGE_CURVE('',#929,#822,#478,.T.);
#1201=EDGE_CURVE('',#935,#797,#479,.T.);
#1202=EDGE_CURVE('',#936,#796,#480,.T.);
#1203=EDGE_CURVE('',#795,#933,#481,.T.);
#1204=EDGE_CURVE('',#934,#798,#482,.T.);
#1205=EDGE_CURVE('',#927,#824,#483,.T.);
#1206=EDGE_CURVE('',#928,#823,#484,.T.);
#1207=EDGE_CURVE('',#926,#825,#485,.T.);
#1208=EDGE_CURVE('',#866,#878,#486,.T.);
#1209=EDGE_CURVE('',#879,#865,#487,.T.);
#1210=EDGE_CURVE('',#880,#864,#488,.T.);
#1211=ORIENTED_EDGE('',*,*,#937,.F.);
#1212=ORIENTED_EDGE('',*,*,#938,.F.);
#1213=ORIENTED_EDGE('',*,*,#939,.F.);
#1214=ORIENTED_EDGE('',*,*,#940,.T.);
#1215=ORIENTED_EDGE('',*,*,#941,.F.);
#1216=ORIENTED_EDGE('',*,*,#940,.F.);
#1217=ORIENTED_EDGE('',*,*,#942,.F.);
#1218=ORIENTED_EDGE('',*,*,#943,.T.);
#1219=ORIENTED_EDGE('',*,*,#944,.F.);
#1220=ORIENTED_EDGE('',*,*,#943,.F.);
#1221=ORIENTED_EDGE('',*,*,#945,.F.);
#1222=ORIENTED_EDGE('',*,*,#946,.T.);
#1223=ORIENTED_EDGE('',*,*,#947,.F.);
#1224=ORIENTED_EDGE('',*,*,#946,.F.);
#1225=ORIENTED_EDGE('',*,*,#948,.F.);
#1226=ORIENTED_EDGE('',*,*,#949,.T.);
#1227=ORIENTED_EDGE('',*,*,#950,.F.);
#1228=ORIENTED_EDGE('',*,*,#949,.F.);
#1229=ORIENTED_EDGE('',*,*,#951,.F.);
#1230=ORIENTED_EDGE('',*,*,#952,.T.);
#1231=ORIENTED_EDGE('',*,*,#953,.F.);
#1232=ORIENTED_EDGE('',*,*,#952,.F.);
#1233=ORIENTED_EDGE('',*,*,#954,.F.);
#1234=ORIENTED_EDGE('',*,*,#955,.T.);
#1235=ORIENTED_EDGE('',*,*,#956,.F.);
#1236=ORIENTED_EDGE('',*,*,#955,.F.);
#1237=ORIENTED_EDGE('',*,*,#957,.F.);
#1238=ORIENTED_EDGE('',*,*,#958,.T.);
#1239=ORIENTED_EDGE('',*,*,#959,.F.);
#1240=ORIENTED_EDGE('',*,*,#958,.F.);
#1241=ORIENTED_EDGE('',*,*,#960,.F.);
#1242=ORIENTED_EDGE('',*,*,#938,.T.);
#1243=ORIENTED_EDGE('',*,*,#961,.T.);
#1244=ORIENTED_EDGE('',*,*,#962,.F.);
#1245=ORIENTED_EDGE('',*,*,#963,.T.);
#1246=ORIENTED_EDGE('',*,*,#964,.T.);
#1247=ORIENTED_EDGE('',*,*,#964,.F.);
#1248=ORIENTED_EDGE('',*,*,#965,.T.);
#1249=ORIENTED_EDGE('',*,*,#966,.F.);
#1250=ORIENTED_EDGE('',*,*,#967,.T.);
#1251=ORIENTED_EDGE('',*,*,#968,.T.);
#1252=ORIENTED_EDGE('',*,*,#969,.T.);
#1253=ORIENTED_EDGE('',*,*,#963,.F.);
#1254=ORIENTED_EDGE('',*,*,#970,.F.);
#1255=ORIENTED_EDGE('',*,*,#971,.F.);
#1256=ORIENTED_EDGE('',*,*,#972,.T.);
#1257=ORIENTED_EDGE('',*,*,#973,.T.);
#1258=ORIENTED_EDGE('',*,*,#974,.T.);
#1259=ORIENTED_EDGE('',*,*,#966,.T.);
#1260=ORIENTED_EDGE('',*,*,#975,.T.);
#1261=ORIENTED_EDGE('',*,*,#976,.F.);
#1262=ORIENTED_EDGE('',*,*,#975,.F.);
#1263=ORIENTED_EDGE('',*,*,#977,.F.);
#1264=ORIENTED_EDGE('',*,*,#978,.T.);
#1265=ORIENTED_EDGE('',*,*,#979,.T.);
#1266=ORIENTED_EDGE('',*,*,#980,.F.);
#1267=ORIENTED_EDGE('',*,*,#981,.T.);
#1268=ORIENTED_EDGE('',*,*,#982,.T.);
#1269=ORIENTED_EDGE('',*,*,#983,.T.);
#1270=ORIENTED_EDGE('',*,*,#984,.T.);
#1271=ORIENTED_EDGE('',*,*,#985,.T.);
#1272=ORIENTED_EDGE('',*,*,#986,.T.);
#1273=ORIENTED_EDGE('',*,*,#987,.T.);
#1274=ORIENTED_EDGE('',*,*,#988,.T.);
#1275=ORIENTED_EDGE('',*,*,#989,.T.);
#1276=ORIENTED_EDGE('',*,*,#990,.T.);
#1277=ORIENTED_EDGE('',*,*,#991,.T.);
#1278=ORIENTED_EDGE('',*,*,#992,.T.);
#1279=ORIENTED_EDGE('',*,*,#993,.T.);
#1280=ORIENTED_EDGE('',*,*,#994,.F.);
#1281=ORIENTED_EDGE('',*,*,#995,.T.);
#1282=ORIENTED_EDGE('',*,*,#996,.T.);
#1283=ORIENTED_EDGE('',*,*,#974,.F.);
#1284=ORIENTED_EDGE('',*,*,#997,.F.);
#1285=ORIENTED_EDGE('',*,*,#998,.T.);
#1286=ORIENTED_EDGE('',*,*,#999,.T.);
#1287=ORIENTED_EDGE('',*,*,#1000,.T.);
#1288=ORIENTED_EDGE('',*,*,#967,.F.);
#1289=ORIENTED_EDGE('',*,*,#1001,.T.);
#1290=ORIENTED_EDGE('',*,*,#1002,.F.);
#1291=ORIENTED_EDGE('',*,*,#1003,.T.);
#1292=ORIENTED_EDGE('',*,*,#1004,.T.);
#1293=ORIENTED_EDGE('',*,*,#962,.T.);
#1294=ORIENTED_EDGE('',*,*,#1005,.T.);
#1295=ORIENTED_EDGE('',*,*,#1006,.T.);
#1296=ORIENTED_EDGE('',*,*,#1007,.T.);
#1297=ORIENTED_EDGE('',*,*,#1008,.T.);
#1298=ORIENTED_EDGE('',*,*,#1009,.T.);
#1299=ORIENTED_EDGE('',*,*,#1010,.T.);
#1300=ORIENTED_EDGE('',*,*,#1011,.T.);
#1301=ORIENTED_EDGE('',*,*,#1012,.T.);
#1302=ORIENTED_EDGE('',*,*,#1013,.T.);
#1303=ORIENTED_EDGE('',*,*,#1014,.T.);
#1304=ORIENTED_EDGE('',*,*,#1015,.T.);
#1305=ORIENTED_EDGE('',*,*,#1016,.T.);
#1306=ORIENTED_EDGE('',*,*,#1017,.T.);
#1307=ORIENTED_EDGE('',*,*,#1018,.T.);
#1308=ORIENTED_EDGE('',*,*,#1019,.T.);
#1309=ORIENTED_EDGE('',*,*,#1020,.T.);
#1310=ORIENTED_EDGE('',*,*,#1021,.T.);
#1311=ORIENTED_EDGE('',*,*,#1022,.T.);
#1312=ORIENTED_EDGE('',*,*,#1023,.T.);
#1313=ORIENTED_EDGE('',*,*,#1024,.T.);
#1314=ORIENTED_EDGE('',*,*,#1025,.T.);
#1315=ORIENTED_EDGE('',*,*,#1026,.T.);
#1316=ORIENTED_EDGE('',*,*,#1027,.T.);
#1317=ORIENTED_EDGE('',*,*,#1028,.T.);
#1318=ORIENTED_EDGE('',*,*,#1029,.T.);
#1319=ORIENTED_EDGE('',*,*,#1030,.T.);
#1320=ORIENTED_EDGE('',*,*,#1031,.T.);
#1321=ORIENTED_EDGE('',*,*,#1032,.T.);
#1322=ORIENTED_EDGE('',*,*,#1033,.T.);
#1323=ORIENTED_EDGE('',*,*,#1034,.T.);
#1324=ORIENTED_EDGE('',*,*,#994,.T.);
#1325=ORIENTED_EDGE('',*,*,#1035,.T.);
#1326=ORIENTED_EDGE('',*,*,#1036,.T.);
#1327=ORIENTED_EDGE('',*,*,#1037,.T.);
#1328=ORIENTED_EDGE('',*,*,#1002,.T.);
#1329=ORIENTED_EDGE('',*,*,#1038,.T.);
#1330=ORIENTED_EDGE('',*,*,#1039,.T.);
#1331=ORIENTED_EDGE('',*,*,#1040,.T.);
#1332=ORIENTED_EDGE('',*,*,#997,.T.);
#1333=ORIENTED_EDGE('',*,*,#976,.T.);
#1334=ORIENTED_EDGE('',*,*,#980,.T.);
#1335=ORIENTED_EDGE('',*,*,#1041,.T.);
#1336=ORIENTED_EDGE('',*,*,#1042,.T.);
#1337=ORIENTED_EDGE('',*,*,#1043,.T.);
#1338=ORIENTED_EDGE('',*,*,#1044,.T.);
#1339=ORIENTED_EDGE('',*,*,#1045,.T.);
#1340=ORIENTED_EDGE('',*,*,#1046,.T.);
#1341=ORIENTED_EDGE('',*,*,#1047,.T.);
#1342=ORIENTED_EDGE('',*,*,#1048,.T.);
#1343=ORIENTED_EDGE('',*,*,#1049,.T.);
#1344=ORIENTED_EDGE('',*,*,#1050,.T.);
#1345=ORIENTED_EDGE('',*,*,#1051,.T.);
#1346=ORIENTED_EDGE('',*,*,#1052,.T.);
#1347=ORIENTED_EDGE('',*,*,#1053,.T.);
#1348=ORIENTED_EDGE('',*,*,#1054,.T.);
#1349=ORIENTED_EDGE('',*,*,#1055,.T.);
#1350=ORIENTED_EDGE('',*,*,#1056,.T.);
#1351=ORIENTED_EDGE('',*,*,#1057,.T.);
#1352=ORIENTED_EDGE('',*,*,#1058,.T.);
#1353=ORIENTED_EDGE('',*,*,#1059,.T.);
#1354=ORIENTED_EDGE('',*,*,#1060,.T.);
#1355=ORIENTED_EDGE('',*,*,#1061,.T.);
#1356=ORIENTED_EDGE('',*,*,#1062,.T.);
#1357=ORIENTED_EDGE('',*,*,#1063,.T.);
#1358=ORIENTED_EDGE('',*,*,#1064,.T.);
#1359=ORIENTED_EDGE('',*,*,#1065,.T.);
#1360=ORIENTED_EDGE('',*,*,#970,.T.);
#1361=ORIENTED_EDGE('',*,*,#1066,.F.);
#1362=ORIENTED_EDGE('',*,*,#1067,.F.);
#1363=ORIENTED_EDGE('',*,*,#1043,.F.);
#1364=ORIENTED_EDGE('',*,*,#1068,.F.);
#1365=ORIENTED_EDGE('',*,*,#1038,.F.);
#1366=ORIENTED_EDGE('',*,*,#1001,.F.);
#1367=ORIENTED_EDGE('',*,*,#1069,.F.);
#1368=ORIENTED_EDGE('',*,*,#1070,.T.);
#1369=ORIENTED_EDGE('',*,*,#1071,.T.);
#1370=ORIENTED_EDGE('',*,*,#1039,.F.);
#1371=ORIENTED_EDGE('',*,*,#1070,.F.);
#1372=ORIENTED_EDGE('',*,*,#1072,.F.);
#1373=ORIENTED_EDGE('',*,*,#1073,.F.);
#1374=ORIENTED_EDGE('',*,*,#1068,.T.);
#1375=ORIENTED_EDGE('',*,*,#1042,.F.);
#1376=ORIENTED_EDGE('',*,*,#1074,.F.);
#1377=ORIENTED_EDGE('',*,*,#1075,.F.);
#1378=ORIENTED_EDGE('',*,*,#1074,.T.);
#1379=ORIENTED_EDGE('',*,*,#1041,.F.);
#1380=ORIENTED_EDGE('',*,*,#979,.F.);
#1381=ORIENTED_EDGE('',*,*,#1040,.F.);
#1382=ORIENTED_EDGE('',*,*,#1071,.F.);
#1383=ORIENTED_EDGE('',*,*,#1076,.F.);
#1384=ORIENTED_EDGE('',*,*,#998,.F.);
#1385=ORIENTED_EDGE('',*,*,#1077,.F.);
#1386=ORIENTED_EDGE('',*,*,#1078,.F.);
#1387=ORIENTED_EDGE('',*,*,#1047,.F.);
#1388=ORIENTED_EDGE('',*,*,#1079,.F.);
#1389=ORIENTED_EDGE('',*,*,#1035,.F.);
#1390=ORIENTED_EDGE('',*,*,#993,.F.);
#1391=ORIENTED_EDGE('',*,*,#1080,.F.);
#1392=ORIENTED_EDGE('',*,*,#1081,.T.);
#1393=ORIENTED_EDGE('',*,*,#1082,.T.);
#1394=ORIENTED_EDGE('',*,*,#1036,.F.);
#1395=ORIENTED_EDGE('',*,*,#1081,.F.);
#1396=ORIENTED_EDGE('',*,*,#1083,.F.);
#1397=ORIENTED_EDGE('',*,*,#1084,.F.);
#1398=ORIENTED_EDGE('',*,*,#1079,.T.);
#1399=ORIENTED_EDGE('',*,*,#1046,.F.);
#1400=ORIENTED_EDGE('',*,*,#1085,.F.);
#1401=ORIENTED_EDGE('',*,*,#1086,.F.);
#1402=ORIENTED_EDGE('',*,*,#1085,.T.);
#1403=ORIENTED_EDGE('',*,*,#1045,.F.);
#1404=ORIENTED_EDGE('',*,*,#1087,.F.);
#1405=ORIENTED_EDGE('',*,*,#1037,.F.);
#1406=ORIENTED_EDGE('',*,*,#1082,.F.);
#1407=ORIENTED_EDGE('',*,*,#1088,.F.);
#1408=ORIENTED_EDGE('',*,*,#1003,.F.);
#1409=ORIENTED_EDGE('',*,*,#1066,.T.);
#1410=ORIENTED_EDGE('',*,*,#1073,.T.);
#1411=ORIENTED_EDGE('',*,*,#1075,.T.);
#1412=ORIENTED_EDGE('',*,*,#978,.F.);
#1413=ORIENTED_EDGE('',*,*,#1089,.F.);
#1414=ORIENTED_EDGE('',*,*,#972,.F.);
#1415=ORIENTED_EDGE('',*,*,#1090,.F.);
#1416=ORIENTED_EDGE('',*,*,#1091,.T.);
#1417=ORIENTED_EDGE('',*,*,#1092,.T.);
#1418=ORIENTED_EDGE('',*,*,#1093,.T.);
#1419=ORIENTED_EDGE('',*,*,#1094,.F.);
#1420=ORIENTED_EDGE('',*,*,#1095,.T.);
#1421=ORIENTED_EDGE('',*,*,#1096,.T.);
#1422=ORIENTED_EDGE('',*,*,#1097,.T.);
#1423=ORIENTED_EDGE('',*,*,#1098,.F.);
#1424=ORIENTED_EDGE('',*,*,#1099,.T.);
#1425=ORIENTED_EDGE('',*,*,#1100,.T.);
#1426=ORIENTED_EDGE('',*,*,#1101,.T.);
#1427=ORIENTED_EDGE('',*,*,#1102,.F.);
#1428=ORIENTED_EDGE('',*,*,#1103,.F.);
#1429=ORIENTED_EDGE('',*,*,#1104,.T.);
#1430=ORIENTED_EDGE('',*,*,#1105,.T.);
#1431=ORIENTED_EDGE('',*,*,#1106,.T.);
#1432=ORIENTED_EDGE('',*,*,#1107,.F.);
#1433=ORIENTED_EDGE('',*,*,#1077,.T.);
#1434=ORIENTED_EDGE('',*,*,#1084,.T.);
#1435=ORIENTED_EDGE('',*,*,#1086,.T.);
#1436=ORIENTED_EDGE('',*,*,#1108,.F.);
#1437=ORIENTED_EDGE('',*,*,#1078,.T.);
#1438=ORIENTED_EDGE('',*,*,#1107,.T.);
#1439=ORIENTED_EDGE('',*,*,#1109,.T.);
#1440=ORIENTED_EDGE('',*,*,#1048,.F.);
#1441=ORIENTED_EDGE('',*,*,#1110,.T.);
#1442=ORIENTED_EDGE('',*,*,#1111,.F.);
#1443=ORIENTED_EDGE('',*,*,#1008,.F.);
#1444=ORIENTED_EDGE('',*,*,#1112,.F.);
#1445=ORIENTED_EDGE('',*,*,#1113,.T.);
#1446=ORIENTED_EDGE('',*,*,#1112,.T.);
#1447=ORIENTED_EDGE('',*,*,#1007,.F.);
#1448=ORIENTED_EDGE('',*,*,#1114,.F.);
#1449=ORIENTED_EDGE('',*,*,#1115,.T.);
#1450=ORIENTED_EDGE('',*,*,#1114,.T.);
#1451=ORIENTED_EDGE('',*,*,#1006,.F.);
#1452=ORIENTED_EDGE('',*,*,#1116,.F.);
#1453=ORIENTED_EDGE('',*,*,#1117,.T.);
#1454=ORIENTED_EDGE('',*,*,#1118,.F.);
#1455=ORIENTED_EDGE('',*,*,#1012,.F.);
#1456=ORIENTED_EDGE('',*,*,#1119,.F.);
#1457=ORIENTED_EDGE('',*,*,#1120,.T.);
#1458=ORIENTED_EDGE('',*,*,#1119,.T.);
#1459=ORIENTED_EDGE('',*,*,#1011,.F.);
#1460=ORIENTED_EDGE('',*,*,#1121,.F.);
#1461=ORIENTED_EDGE('',*,*,#1122,.T.);
#1462=ORIENTED_EDGE('',*,*,#1121,.T.);
#1463=ORIENTED_EDGE('',*,*,#1010,.F.);
#1464=ORIENTED_EDGE('',*,*,#1123,.F.);
#1465=ORIENTED_EDGE('',*,*,#1118,.T.);
#1466=ORIENTED_EDGE('',*,*,#1124,.T.);
#1467=ORIENTED_EDGE('',*,*,#1125,.T.);
#1468=ORIENTED_EDGE('',*,*,#1013,.F.);
#1469=ORIENTED_EDGE('',*,*,#961,.F.);
#1470=ORIENTED_EDGE('',*,*,#969,.F.);
#1471=ORIENTED_EDGE('',*,*,#1126,.F.);
#1472=ORIENTED_EDGE('',*,*,#1127,.T.);
#1473=ORIENTED_EDGE('',*,*,#1116,.T.);
#1474=ORIENTED_EDGE('',*,*,#1005,.F.);
#1475=ORIENTED_EDGE('',*,*,#1111,.T.);
#1476=ORIENTED_EDGE('',*,*,#1128,.T.);
#1477=ORIENTED_EDGE('',*,*,#1123,.T.);
#1478=ORIENTED_EDGE('',*,*,#1009,.F.);
#1479=ORIENTED_EDGE('',*,*,#1129,.F.);
#1480=ORIENTED_EDGE('',*,*,#1130,.T.);
#1481=ORIENTED_EDGE('',*,*,#986,.F.);
#1482=ORIENTED_EDGE('',*,*,#1131,.F.);
#1483=ORIENTED_EDGE('',*,*,#1132,.F.);
#1484=ORIENTED_EDGE('',*,*,#1133,.F.);
#1485=ORIENTED_EDGE('',*,*,#988,.F.);
#1486=ORIENTED_EDGE('',*,*,#1134,.F.);
#1487=ORIENTED_EDGE('',*,*,#1135,.F.);
#1488=ORIENTED_EDGE('',*,*,#1134,.T.);
#1489=ORIENTED_EDGE('',*,*,#987,.F.);
#1490=ORIENTED_EDGE('',*,*,#1130,.F.);
#1491=ORIENTED_EDGE('',*,*,#1136,.F.);
#1492=ORIENTED_EDGE('',*,*,#1137,.T.);
#1493=ORIENTED_EDGE('',*,*,#982,.F.);
#1494=ORIENTED_EDGE('',*,*,#1138,.F.);
#1495=ORIENTED_EDGE('',*,*,#1139,.F.);
#1496=ORIENTED_EDGE('',*,*,#1140,.F.);
#1497=ORIENTED_EDGE('',*,*,#984,.F.);
#1498=ORIENTED_EDGE('',*,*,#1141,.F.);
#1499=ORIENTED_EDGE('',*,*,#1142,.F.);
#1500=ORIENTED_EDGE('',*,*,#1141,.T.);
#1501=ORIENTED_EDGE('',*,*,#983,.F.);
#1502=ORIENTED_EDGE('',*,*,#1137,.F.);
#1503=ORIENTED_EDGE('',*,*,#1143,.T.);
#1504=ORIENTED_EDGE('',*,*,#1144,.T.);
#1505=ORIENTED_EDGE('',*,*,#1145,.T.);
#1506=ORIENTED_EDGE('',*,*,#1030,.F.);
#1507=ORIENTED_EDGE('',*,*,#1146,.T.);
#1508=ORIENTED_EDGE('',*,*,#1022,.F.);
#1509=ORIENTED_EDGE('',*,*,#1147,.T.);
#1510=ORIENTED_EDGE('',*,*,#1148,.T.);
#1511=ORIENTED_EDGE('',*,*,#1149,.T.);
#1512=ORIENTED_EDGE('',*,*,#1027,.F.);
#1513=ORIENTED_EDGE('',*,*,#1150,.F.);
#1514=ORIENTED_EDGE('',*,*,#1151,.F.);
#1515=ORIENTED_EDGE('',*,*,#1152,.T.);
#1516=ORIENTED_EDGE('',*,*,#1028,.F.);
#1517=ORIENTED_EDGE('',*,*,#1149,.F.);
#1518=ORIENTED_EDGE('',*,*,#1153,.F.);
#1519=ORIENTED_EDGE('',*,*,#1152,.F.);
#1520=ORIENTED_EDGE('',*,*,#1154,.F.);
#1521=ORIENTED_EDGE('',*,*,#1143,.F.);
#1522=ORIENTED_EDGE('',*,*,#1029,.F.);
#1523=ORIENTED_EDGE('',*,*,#1155,.F.);
#1524=ORIENTED_EDGE('',*,*,#1056,.F.);
#1525=ORIENTED_EDGE('',*,*,#1156,.F.);
#1526=ORIENTED_EDGE('',*,*,#1099,.F.);
#1527=ORIENTED_EDGE('',*,*,#1100,.F.);
#1528=ORIENTED_EDGE('',*,*,#1156,.T.);
#1529=ORIENTED_EDGE('',*,*,#1055,.F.);
#1530=ORIENTED_EDGE('',*,*,#1157,.F.);
#1531=ORIENTED_EDGE('',*,*,#1101,.F.);
#1532=ORIENTED_EDGE('',*,*,#1157,.T.);
#1533=ORIENTED_EDGE('',*,*,#1054,.F.);
#1534=ORIENTED_EDGE('',*,*,#1158,.F.);
#1535=ORIENTED_EDGE('',*,*,#1159,.T.);
#1536=ORIENTED_EDGE('',*,*,#1023,.F.);
#1537=ORIENTED_EDGE('',*,*,#1146,.F.);
#1538=ORIENTED_EDGE('',*,*,#1160,.F.);
#1539=ORIENTED_EDGE('',*,*,#1161,.T.);
#1540=ORIENTED_EDGE('',*,*,#1024,.F.);
#1541=ORIENTED_EDGE('',*,*,#1159,.F.);
#1542=ORIENTED_EDGE('',*,*,#1162,.F.);
#1543=ORIENTED_EDGE('',*,*,#1161,.F.);
#1544=ORIENTED_EDGE('',*,*,#1163,.F.);
#1545=ORIENTED_EDGE('',*,*,#1164,.F.);
#1546=ORIENTED_EDGE('',*,*,#1025,.F.);
#1547=ORIENTED_EDGE('',*,*,#1165,.F.);
#1548=ORIENTED_EDGE('',*,*,#1060,.F.);
#1549=ORIENTED_EDGE('',*,*,#1166,.F.);
#1550=ORIENTED_EDGE('',*,*,#1095,.F.);
#1551=ORIENTED_EDGE('',*,*,#1096,.F.);
#1552=ORIENTED_EDGE('',*,*,#1166,.T.);
#1553=ORIENTED_EDGE('',*,*,#1059,.F.);
#1554=ORIENTED_EDGE('',*,*,#1167,.F.);
#1555=ORIENTED_EDGE('',*,*,#1097,.F.);
#1556=ORIENTED_EDGE('',*,*,#1167,.T.);
#1557=ORIENTED_EDGE('',*,*,#1058,.F.);
#1558=ORIENTED_EDGE('',*,*,#1168,.F.);
#1559=ORIENTED_EDGE('',*,*,#1069,.T.);
#1560=ORIENTED_EDGE('',*,*,#1004,.F.);
#1561=ORIENTED_EDGE('',*,*,#1088,.T.);
#1562=ORIENTED_EDGE('',*,*,#1083,.T.);
#1563=ORIENTED_EDGE('',*,*,#1080,.T.);
#1564=ORIENTED_EDGE('',*,*,#996,.F.);
#1565=ORIENTED_EDGE('',*,*,#1169,.T.);
#1566=ORIENTED_EDGE('',*,*,#1170,.T.);
#1567=ORIENTED_EDGE('',*,*,#1171,.T.);
#1568=ORIENTED_EDGE('',*,*,#1172,.F.);
#1569=ORIENTED_EDGE('',*,*,#1144,.F.);
#1570=ORIENTED_EDGE('',*,*,#1154,.T.);
#1571=ORIENTED_EDGE('',*,*,#1153,.T.);
#1572=ORIENTED_EDGE('',*,*,#1151,.T.);
#1573=ORIENTED_EDGE('',*,*,#1173,.F.);
#1574=ORIENTED_EDGE('',*,*,#1163,.T.);
#1575=ORIENTED_EDGE('',*,*,#1162,.T.);
#1576=ORIENTED_EDGE('',*,*,#1160,.T.);
#1577=ORIENTED_EDGE('',*,*,#1148,.F.);
#1578=ORIENTED_EDGE('',*,*,#1174,.T.);
#1579=ORIENTED_EDGE('',*,*,#1175,.T.);
#1580=ORIENTED_EDGE('',*,*,#1176,.T.);
#1581=ORIENTED_EDGE('',*,*,#1177,.F.);
#1582=ORIENTED_EDGE('',*,*,#1178,.F.);
#1583=ORIENTED_EDGE('',*,*,#1179,.F.);
#1584=ORIENTED_EDGE('',*,*,#1180,.F.);
#1585=ORIENTED_EDGE('',*,*,#1181,.F.);
#1586=ORIENTED_EDGE('',*,*,#1124,.F.);
#1587=ORIENTED_EDGE('',*,*,#1117,.F.);
#1588=ORIENTED_EDGE('',*,*,#1120,.F.);
#1589=ORIENTED_EDGE('',*,*,#1122,.F.);
#1590=ORIENTED_EDGE('',*,*,#1128,.F.);
#1591=ORIENTED_EDGE('',*,*,#1110,.F.);
#1592=ORIENTED_EDGE('',*,*,#1113,.F.);
#1593=ORIENTED_EDGE('',*,*,#1115,.F.);
#1594=ORIENTED_EDGE('',*,*,#1127,.F.);
#1595=ORIENTED_EDGE('',*,*,#1182,.F.);
#1596=ORIENTED_EDGE('',*,*,#1183,.T.);
#1597=ORIENTED_EDGE('',*,*,#1184,.T.);
#1598=ORIENTED_EDGE('',*,*,#1185,.T.);
#1599=ORIENTED_EDGE('',*,*,#1186,.F.);
#1600=ORIENTED_EDGE('',*,*,#1139,.T.);
#1601=ORIENTED_EDGE('',*,*,#1142,.T.);
#1602=ORIENTED_EDGE('',*,*,#1136,.T.);
#1603=ORIENTED_EDGE('',*,*,#1187,.F.);
#1604=ORIENTED_EDGE('',*,*,#1132,.T.);
#1605=ORIENTED_EDGE('',*,*,#1135,.T.);
#1606=ORIENTED_EDGE('',*,*,#1129,.T.);
#1607=ORIENTED_EDGE('',*,*,#1188,.F.);
#1608=ORIENTED_EDGE('',*,*,#999,.F.);
#1609=ORIENTED_EDGE('',*,*,#1076,.T.);
#1610=ORIENTED_EDGE('',*,*,#1072,.T.);
#1611=ORIENTED_EDGE('',*,*,#1150,.T.);
#1612=ORIENTED_EDGE('',*,*,#1026,.F.);
#1613=ORIENTED_EDGE('',*,*,#1164,.T.);
#1614=ORIENTED_EDGE('',*,*,#1173,.T.);
#1615=ORIENTED_EDGE('',*,*,#1158,.T.);
#1616=ORIENTED_EDGE('',*,*,#1053,.F.);
#1617=ORIENTED_EDGE('',*,*,#1189,.F.);
#1618=ORIENTED_EDGE('',*,*,#1102,.T.);
#1619=ORIENTED_EDGE('',*,*,#1165,.T.);
#1620=ORIENTED_EDGE('',*,*,#1094,.T.);
#1621=ORIENTED_EDGE('',*,*,#1190,.T.);
#1622=ORIENTED_EDGE('',*,*,#1061,.F.);
#1623=ORIENTED_EDGE('',*,*,#1155,.T.);
#1624=ORIENTED_EDGE('',*,*,#1098,.T.);
#1625=ORIENTED_EDGE('',*,*,#1168,.T.);
#1626=ORIENTED_EDGE('',*,*,#1057,.F.);
#1627=ORIENTED_EDGE('',*,*,#1191,.T.);
#1628=ORIENTED_EDGE('',*,*,#1031,.F.);
#1629=ORIENTED_EDGE('',*,*,#1145,.F.);
#1630=ORIENTED_EDGE('',*,*,#1172,.T.);
#1631=ORIENTED_EDGE('',*,*,#1109,.F.);
#1632=ORIENTED_EDGE('',*,*,#1106,.F.);
#1633=ORIENTED_EDGE('',*,*,#1192,.T.);
#1634=ORIENTED_EDGE('',*,*,#1049,.F.);
#1635=ORIENTED_EDGE('',*,*,#1105,.F.);
#1636=ORIENTED_EDGE('',*,*,#1193,.T.);
#1637=ORIENTED_EDGE('',*,*,#1050,.F.);
#1638=ORIENTED_EDGE('',*,*,#1192,.F.);
#1639=ORIENTED_EDGE('',*,*,#1104,.F.);
#1640=ORIENTED_EDGE('',*,*,#1194,.F.);
#1641=ORIENTED_EDGE('',*,*,#1051,.F.);
#1642=ORIENTED_EDGE('',*,*,#1193,.F.);
#1643=ORIENTED_EDGE('',*,*,#1034,.F.);
#1644=ORIENTED_EDGE('',*,*,#1195,.F.);
#1645=ORIENTED_EDGE('',*,*,#1169,.F.);
#1646=ORIENTED_EDGE('',*,*,#995,.F.);
#1647=ORIENTED_EDGE('',*,*,#1195,.T.);
#1648=ORIENTED_EDGE('',*,*,#1033,.F.);
#1649=ORIENTED_EDGE('',*,*,#1196,.F.);
#1650=ORIENTED_EDGE('',*,*,#1170,.F.);
#1651=ORIENTED_EDGE('',*,*,#1196,.T.);
#1652=ORIENTED_EDGE('',*,*,#1032,.F.);
#1653=ORIENTED_EDGE('',*,*,#1191,.F.);
#1654=ORIENTED_EDGE('',*,*,#1171,.F.);
#1655=ORIENTED_EDGE('',*,*,#1194,.T.);
#1656=ORIENTED_EDGE('',*,*,#1103,.T.);
#1657=ORIENTED_EDGE('',*,*,#1189,.T.);
#1658=ORIENTED_EDGE('',*,*,#1052,.F.);
#1659=ORIENTED_EDGE('',*,*,#1179,.T.);
#1660=ORIENTED_EDGE('',*,*,#1197,.F.);
#1661=ORIENTED_EDGE('',*,*,#1016,.F.);
#1662=ORIENTED_EDGE('',*,*,#1198,.F.);
#1663=ORIENTED_EDGE('',*,*,#1180,.T.);
#1664=ORIENTED_EDGE('',*,*,#1198,.T.);
#1665=ORIENTED_EDGE('',*,*,#1015,.F.);
#1666=ORIENTED_EDGE('',*,*,#1199,.F.);
#1667=ORIENTED_EDGE('',*,*,#1181,.T.);
#1668=ORIENTED_EDGE('',*,*,#1199,.T.);
#1669=ORIENTED_EDGE('',*,*,#1014,.F.);
#1670=ORIENTED_EDGE('',*,*,#1125,.F.);
#1671=ORIENTED_EDGE('',*,*,#1197,.T.);
#1672=ORIENTED_EDGE('',*,*,#1178,.T.);
#1673=ORIENTED_EDGE('',*,*,#1200,.T.);
#1674=ORIENTED_EDGE('',*,*,#1017,.F.);
#1675=ORIENTED_EDGE('',*,*,#1185,.F.);
#1676=ORIENTED_EDGE('',*,*,#1201,.T.);
#1677=ORIENTED_EDGE('',*,*,#990,.F.);
#1678=ORIENTED_EDGE('',*,*,#1202,.F.);
#1679=ORIENTED_EDGE('',*,*,#1183,.F.);
#1680=ORIENTED_EDGE('',*,*,#1203,.F.);
#1681=ORIENTED_EDGE('',*,*,#992,.F.);
#1682=ORIENTED_EDGE('',*,*,#1204,.F.);
#1683=ORIENTED_EDGE('',*,*,#1184,.F.);
#1684=ORIENTED_EDGE('',*,*,#1204,.T.);
#1685=ORIENTED_EDGE('',*,*,#991,.F.);
#1686=ORIENTED_EDGE('',*,*,#1201,.F.);
#1687=ORIENTED_EDGE('',*,*,#1203,.T.);
#1688=ORIENTED_EDGE('',*,*,#1182,.T.);
#1689=ORIENTED_EDGE('',*,*,#1126,.T.);
#1690=ORIENTED_EDGE('',*,*,#968,.F.);
#1691=ORIENTED_EDGE('',*,*,#1000,.F.);
#1692=ORIENTED_EDGE('',*,*,#1188,.T.);
#1693=ORIENTED_EDGE('',*,*,#1131,.T.);
#1694=ORIENTED_EDGE('',*,*,#985,.F.);
#1695=ORIENTED_EDGE('',*,*,#1133,.T.);
#1696=ORIENTED_EDGE('',*,*,#1187,.T.);
#1697=ORIENTED_EDGE('',*,*,#1138,.T.);
#1698=ORIENTED_EDGE('',*,*,#981,.F.);
#1699=ORIENTED_EDGE('',*,*,#1140,.T.);
#1700=ORIENTED_EDGE('',*,*,#1186,.T.);
#1701=ORIENTED_EDGE('',*,*,#1202,.T.);
#1702=ORIENTED_EDGE('',*,*,#989,.F.);
#1703=ORIENTED_EDGE('',*,*,#950,.T.);
#1704=ORIENTED_EDGE('',*,*,#953,.T.);
#1705=ORIENTED_EDGE('',*,*,#956,.T.);
#1706=ORIENTED_EDGE('',*,*,#959,.T.);
#1707=ORIENTED_EDGE('',*,*,#937,.T.);
#1708=ORIENTED_EDGE('',*,*,#941,.T.);
#1709=ORIENTED_EDGE('',*,*,#944,.T.);
#1710=ORIENTED_EDGE('',*,*,#947,.T.);
#1711=ORIENTED_EDGE('',*,*,#1205,.T.);
#1712=ORIENTED_EDGE('',*,*,#1019,.F.);
#1713=ORIENTED_EDGE('',*,*,#1206,.F.);
#1714=ORIENTED_EDGE('',*,*,#1176,.F.);
#1715=ORIENTED_EDGE('',*,*,#1207,.T.);
#1716=ORIENTED_EDGE('',*,*,#1020,.F.);
#1717=ORIENTED_EDGE('',*,*,#1205,.F.);
#1718=ORIENTED_EDGE('',*,*,#1175,.F.);
#1719=ORIENTED_EDGE('',*,*,#1207,.F.);
#1720=ORIENTED_EDGE('',*,*,#1174,.F.);
#1721=ORIENTED_EDGE('',*,*,#1147,.F.);
#1722=ORIENTED_EDGE('',*,*,#1021,.F.);
#1723=ORIENTED_EDGE('',*,*,#1208,.F.);
#1724=ORIENTED_EDGE('',*,*,#1064,.F.);
#1725=ORIENTED_EDGE('',*,*,#1209,.F.);
#1726=ORIENTED_EDGE('',*,*,#1091,.F.);
#1727=ORIENTED_EDGE('',*,*,#1092,.F.);
#1728=ORIENTED_EDGE('',*,*,#1209,.T.);
#1729=ORIENTED_EDGE('',*,*,#1063,.F.);
#1730=ORIENTED_EDGE('',*,*,#1210,.F.);
#1731=ORIENTED_EDGE('',*,*,#1093,.F.);
#1732=ORIENTED_EDGE('',*,*,#1210,.T.);
#1733=ORIENTED_EDGE('',*,*,#1062,.F.);
#1734=ORIENTED_EDGE('',*,*,#1190,.F.);
#1735=ORIENTED_EDGE('',*,*,#1208,.T.);
#1736=ORIENTED_EDGE('',*,*,#1090,.T.);
#1737=ORIENTED_EDGE('',*,*,#971,.T.);
#1738=ORIENTED_EDGE('',*,*,#1065,.F.);
#1739=ORIENTED_EDGE('',*,*,#1206,.T.);
#1740=ORIENTED_EDGE('',*,*,#1018,.F.);
#1741=ORIENTED_EDGE('',*,*,#1200,.F.);
#1742=ORIENTED_EDGE('',*,*,#1177,.T.);
#1743=ORIENTED_EDGE('',*,*,#1067,.T.);
#1744=ORIENTED_EDGE('',*,*,#1108,.T.);
#1745=ORIENTED_EDGE('',*,*,#1087,.T.);
#1746=ORIENTED_EDGE('',*,*,#1044,.F.);
#1747=ORIENTED_EDGE('',*,*,#1089,.T.);
#1748=ORIENTED_EDGE('',*,*,#977,.T.);
#1749=ORIENTED_EDGE('',*,*,#965,.F.);
#1750=ORIENTED_EDGE('',*,*,#973,.F.);
#1751=ORIENTED_EDGE('',*,*,#951,.T.);
#1752=ORIENTED_EDGE('',*,*,#948,.T.);
#1753=ORIENTED_EDGE('',*,*,#945,.T.);
#1754=ORIENTED_EDGE('',*,*,#942,.T.);
#1755=ORIENTED_EDGE('',*,*,#939,.T.);
#1756=ORIENTED_EDGE('',*,*,#960,.T.);
#1757=ORIENTED_EDGE('',*,*,#957,.T.);
#1758=ORIENTED_EDGE('',*,*,#954,.T.);
#1759=PLANE('',#1958);
#1760=PLANE('',#1962);
#1761=PLANE('',#1966);
#1762=PLANE('',#1970);
#1763=PLANE('',#1974);
#1764=PLANE('',#1975);
#1765=PLANE('',#1976);
#1766=PLANE('',#1977);
#1767=PLANE('',#1978);
#1768=PLANE('',#1979);
#1769=PLANE('',#1980);
#1770=PLANE('',#1981);
#1771=PLANE('',#1982);
#1772=PLANE('',#1983);
#1773=PLANE('',#1984);
#1774=PLANE('',#1985);
#1775=PLANE('',#1986);
#1776=PLANE('',#1987);
#1777=PLANE('',#1988);
#1778=PLANE('',#1989);
#1779=PLANE('',#1990);
#1780=PLANE('',#1991);
#1781=PLANE('',#1992);
#1782=PLANE('',#1993);
#1783=PLANE('',#1994);
#1784=PLANE('',#1995);
#1785=PLANE('',#1996);
#1786=PLANE('',#1997);
#1787=PLANE('',#1998);
#1788=PLANE('',#1999);
#1789=PLANE('',#2000);
#1790=PLANE('',#2001);
#1791=PLANE('',#2002);
#1792=PLANE('',#2003);
#1793=PLANE('',#2004);
#1794=PLANE('',#2005);
#1795=PLANE('',#2006);
#1796=PLANE('',#2007);
#1797=PLANE('',#2008);
#1798=PLANE('',#2009);
#1799=PLANE('',#2010);
#1800=PLANE('',#2011);
#1801=PLANE('',#2012);
#1802=PLANE('',#2013);
#1803=PLANE('',#2014);
#1804=PLANE('',#2015);
#1805=PLANE('',#2016);
#1806=PLANE('',#2017);
#1807=PLANE('',#2018);
#1808=PLANE('',#2019);
#1809=PLANE('',#2020);
#1810=PLANE('',#2021);
#1811=PLANE('',#2022);
#1812=PLANE('',#2023);
#1813=PLANE('',#2024);
#1814=PLANE('',#2025);
#1815=PLANE('',#2026);
#1816=PLANE('',#2027);
#1817=PLANE('',#2028);
#1818=PLANE('',#2029);
#1819=PLANE('',#2030);
#1820=PLANE('',#2031);
#1821=PLANE('',#2032);
#1822=PLANE('',#2033);
#1823=PLANE('',#2034);
#1824=PLANE('',#2035);
#1825=PLANE('',#2036);
#1826=PLANE('',#2037);
#1827=PLANE('',#2038);
#1828=PLANE('',#2039);
#1829=PLANE('',#2040);
#1830=PLANE('',#2041);
#1831=PLANE('',#2042);
#1832=PLANE('',#2043);
#1833=PLANE('',#2044);
#1834=PLANE('',#2045);
#1835=PLANE('',#2046);
#1836=PLANE('',#2047);
#1837=PLANE('',#2048);
#1838=PLANE('',#2049);
#1839=PLANE('',#2050);
#1840=PLANE('',#2051);
#1841=PLANE('',#2052);
#1842=PLANE('',#2053);
#1843=PLANE('',#2054);
#1844=PLANE('',#2055);
#1845=PLANE('',#2056);
#1846=PLANE('',#2057);
#1847=PLANE('',#2058);
#1848=PLANE('',#2059);
#1849=ADVANCED_FACE('',(#33),#1759,.F.);
#1850=ADVANCED_FACE('',(#34),#29,.F.);
#1851=ADVANCED_FACE('',(#35),#1760,.F.);
#1852=ADVANCED_FACE('',(#36),#30,.F.);
#1853=ADVANCED_FACE('',(#37),#1761,.F.);
#1854=ADVANCED_FACE('',(#38),#31,.F.);
#1855=ADVANCED_FACE('',(#39),#1762,.F.);
#1856=ADVANCED_FACE('',(#40),#32,.F.);
#1857=ADVANCED_FACE('',(#41),#1763,.T.);
#1858=ADVANCED_FACE('',(#42),#1764,.T.);
#1859=ADVANCED_FACE('',(#43),#1765,.T.);
#1860=ADVANCED_FACE('',(#44),#1766,.T.);
#1861=ADVANCED_FACE('',(#45),#1767,.T.);
#1862=ADVANCED_FACE('',(#46),#1768,.T.);
#1863=ADVANCED_FACE('',(#47),#1769,.T.);
#1864=ADVANCED_FACE('',(#48),#1770,.T.);
#1865=ADVANCED_FACE('',(#49),#1771,.T.);
#1866=ADVANCED_FACE('',(#50),#1772,.T.);
#1867=ADVANCED_FACE('',(#51),#1773,.T.);
#1868=ADVANCED_FACE('',(#52),#1774,.T.);
#1869=ADVANCED_FACE('',(#53),#1775,.T.);
#1870=ADVANCED_FACE('',(#54),#1776,.T.);
#1871=ADVANCED_FACE('',(#55),#1777,.T.);
#1872=ADVANCED_FACE('',(#56),#1778,.T.);
#1873=ADVANCED_FACE('',(#57),#1779,.T.);
#1874=ADVANCED_FACE('',(#58),#1780,.T.);
#1875=ADVANCED_FACE('',(#59),#1781,.T.);
#1876=ADVANCED_FACE('',(#60),#1782,.T.);
#1877=ADVANCED_FACE('',(#61),#1783,.T.);
#1878=ADVANCED_FACE('',(#62),#1784,.T.);
#1879=ADVANCED_FACE('',(#63),#1785,.T.);
#1880=ADVANCED_FACE('',(#64),#1786,.T.);
#1881=ADVANCED_FACE('',(#65),#1787,.T.);
#1882=ADVANCED_FACE('',(#66),#1788,.T.);
#1883=ADVANCED_FACE('',(#67),#1789,.T.);
#1884=ADVANCED_FACE('',(#68),#1790,.T.);
#1885=ADVANCED_FACE('',(#69),#1791,.T.);
#1886=ADVANCED_FACE('',(#70),#1792,.T.);
#1887=ADVANCED_FACE('',(#71),#1793,.T.);
#1888=ADVANCED_FACE('',(#72),#1794,.T.);
#1889=ADVANCED_FACE('',(#73),#1795,.T.);
#1890=ADVANCED_FACE('',(#74),#1796,.T.);
#1891=ADVANCED_FACE('',(#75),#1797,.T.);
#1892=ADVANCED_FACE('',(#76),#1798,.T.);
#1893=ADVANCED_FACE('',(#77),#1799,.T.);
#1894=ADVANCED_FACE('',(#78),#1800,.T.);
#1895=ADVANCED_FACE('',(#79),#1801,.T.);
#1896=ADVANCED_FACE('',(#80),#1802,.T.);
#1897=ADVANCED_FACE('',(#81),#1803,.T.);
#1898=ADVANCED_FACE('',(#82),#1804,.T.);
#1899=ADVANCED_FACE('',(#83),#1805,.T.);
#1900=ADVANCED_FACE('',(#84),#1806,.T.);
#1901=ADVANCED_FACE('',(#85),#1807,.T.);
#1902=ADVANCED_FACE('',(#86),#1808,.T.);
#1903=ADVANCED_FACE('',(#87),#1809,.T.);
#1904=ADVANCED_FACE('',(#88),#1810,.T.);
#1905=ADVANCED_FACE('',(#89),#1811,.T.);
#1906=ADVANCED_FACE('',(#90),#1812,.T.);
#1907=ADVANCED_FACE('',(#91),#1813,.T.);
#1908=ADVANCED_FACE('',(#92),#1814,.T.);
#1909=ADVANCED_FACE('',(#93),#1815,.T.);
#1910=ADVANCED_FACE('',(#94),#1816,.T.);
#1911=ADVANCED_FACE('',(#95),#1817,.T.);
#1912=ADVANCED_FACE('',(#96),#1818,.F.);
#1913=ADVANCED_FACE('',(#97),#1819,.T.);
#1914=ADVANCED_FACE('',(#98),#1820,.T.);
#1915=ADVANCED_FACE('',(#99),#1821,.T.);
#1916=ADVANCED_FACE('',(#100),#1822,.T.);
#1917=ADVANCED_FACE('',(#101),#1823,.T.);
#1918=ADVANCED_FACE('',(#102),#1824,.T.);
#1919=ADVANCED_FACE('',(#103),#1825,.T.);
#1920=ADVANCED_FACE('',(#104),#1826,.T.);
#1921=ADVANCED_FACE('',(#105),#1827,.T.);
#1922=ADVANCED_FACE('',(#106),#1828,.T.);
#1923=ADVANCED_FACE('',(#107),#1829,.T.);
#1924=ADVANCED_FACE('',(#108),#1830,.T.);
#1925=ADVANCED_FACE('',(#109),#1831,.T.);
#1926=ADVANCED_FACE('',(#110),#1832,.T.);
#1927=ADVANCED_FACE('',(#111),#1833,.T.);
#1928=ADVANCED_FACE('',(#112),#1834,.T.);
#1929=ADVANCED_FACE('',(#113),#1835,.T.);
#1930=ADVANCED_FACE('',(#114),#1836,.T.);
#1931=ADVANCED_FACE('',(#115),#1837,.T.);
#1932=ADVANCED_FACE('',(#116,#19),#1838,.T.);
#1933=ADVANCED_FACE('',(#117),#1839,.T.);
#1934=ADVANCED_FACE('',(#118),#1840,.T.);
#1935=ADVANCED_FACE('',(#119),#1841,.T.);
#1936=ADVANCED_FACE('',(#120),#1842,.T.);
#1937=ADVANCED_FACE('',(#121),#1843,.T.);
#1938=ADVANCED_FACE('',(#122),#1844,.T.);
#1939=ADVANCED_FACE('',(#123),#1845,.T.);
#1940=ADVANCED_FACE('',(#124),#1846,.T.);
#1941=ADVANCED_FACE('',(#125),#1847,.T.);
#1942=ADVANCED_FACE('',(#126,#20),#1848,.T.);
#1943=CLOSED_SHELL('',(#1849,#1850,#1851,#1852,#1853,#1854,#1855,#1856,
#1857,#1858,#1859,#1860,#1861,#1862,#1863,#1864,#1865,#1866,#1867,#1868,
#1869,#1870,#1871,#1872,#1873,#1874,#1875,#1876,#1877,#1878,#1879,#1880,
#1881,#1882,#1883,#1884,#1885,#1886,#1887,#1888,#1889,#1890,#1891,#1892,
#1893,#1894,#1895,#1896,#1897,#1898,#1899,#1900,#1901,#1902,#1903,#1904,
#1905,#1906,#1907,#1908,#1909,#1910,#1911,#1912,#1913,#1914,#1915,#1916,
#1917,#1918,#1919,#1920,#1921,#1922,#1923,#1924,#1925,#1926,#1927,#1928,
#1929,#1930,#1931,#1932,#1933,#1934,#1935,#1936,#1937,#1938,#1939,#1940,
#1941,#1942));
#1944=DERIVED_UNIT_ELEMENT(#1946,1.);
#1945=DERIVED_UNIT_ELEMENT(#3097,-3.);
#1946=(
MASS_UNIT()
NAMED_UNIT(*)
SI_UNIT(.KILO.,.GRAM.)
);
#1947=DERIVED_UNIT((#1944,#1945));
#1948=MEASURE_REPRESENTATION_ITEM('density measure',
POSITIVE_RATIO_MEASURE(7850.),#1947);
#1949=PROPERTY_DEFINITION_REPRESENTATION(#1954,#1951);
#1950=PROPERTY_DEFINITION_REPRESENTATION(#1955,#1952);
#1951=REPRESENTATION('material name',(#1953),#3094);
#1952=REPRESENTATION('density',(#1948),#3094);
#1953=DESCRIPTIVE_REPRESENTATION_ITEM('Steel','Steel');
#1954=PROPERTY_DEFINITION('material property','material name',#3109);
#1955=PROPERTY_DEFINITION('material property','density of part',#3109);
#1956=AXIS2_PLACEMENT_3D('',#2537,#2061,#2062);
#1957=AXIS2_PLACEMENT_3D('',#2538,#2063,#2064);
#1958=AXIS2_PLACEMENT_3D('',#2539,#2065,#2066);
#1959=AXIS2_PLACEMENT_3D('',#2548,#2071,#2072);
#1960=AXIS2_PLACEMENT_3D('',#2550,#2073,#2074);
#1961=AXIS2_PLACEMENT_3D('',#2552,#2075,#2076);
#1962=AXIS2_PLACEMENT_3D('',#2554,#2078,#2079);
#1963=AXIS2_PLACEMENT_3D('',#2560,#2083,#2084);
#1964=AXIS2_PLACEMENT_3D('',#2562,#2085,#2086);
#1965=AXIS2_PLACEMENT_3D('',#2564,#2087,#2088);
#1966=AXIS2_PLACEMENT_3D('',#2566,#2090,#2091);
#1967=AXIS2_PLACEMENT_3D('',#2572,#2095,#2096);
#1968=AXIS2_PLACEMENT_3D('',#2574,#2097,#2098);
#1969=AXIS2_PLACEMENT_3D('',#2576,#2099,#2100);
#1970=AXIS2_PLACEMENT_3D('',#2578,#2102,#2103);
#1971=AXIS2_PLACEMENT_3D('',#2584,#2107,#2108);
#1972=AXIS2_PLACEMENT_3D('',#2585,#2109,#2110);
#1973=AXIS2_PLACEMENT_3D('',#2586,#2111,#2112);
#1974=AXIS2_PLACEMENT_3D('',#2587,#2113,#2114);
#1975=AXIS2_PLACEMENT_3D('',#2596,#2119,#2120);
#1976=AXIS2_PLACEMENT_3D('',#2606,#2126,#2127);
#1977=AXIS2_PLACEMENT_3D('',#2614,#2132,#2133);
#1978=AXIS2_PLACEMENT_3D('',#2620,#2137,#2138);
#1979=AXIS2_PLACEMENT_3D('',#2628,#2143,#2144);
#1980=AXIS2_PLACEMENT_3D('',#2637,#2149,#2150);
#1981=AXIS2_PLACEMENT_3D('',#2646,#2155,#2156);
#1982=AXIS2_PLACEMENT_3D('',#2655,#2161,#2162);
#1983=AXIS2_PLACEMENT_3D('',#2664,#2167,#2168);
#1984=AXIS2_PLACEMENT_3D('',#2672,#2173,#2174);
#1985=AXIS2_PLACEMENT_3D('',#2681,#2179,#2180);
#1986=AXIS2_PLACEMENT_3D('',#2800,#2242,#2243);
#1987=AXIS2_PLACEMENT_3D('',#2806,#2247,#2248);
#1988=AXIS2_PLACEMENT_3D('',#2810,#2251,#2252);
#1989=AXIS2_PLACEMENT_3D('',#2814,#2255,#2256);
#1990=AXIS2_PLACEMENT_3D('',#2818,#2259,#2260);
#1991=AXIS2_PLACEMENT_3D('',#2820,#2262,#2263);
#1992=AXIS2_PLACEMENT_3D('',#2822,#2265,#2266);
#1993=AXIS2_PLACEMENT_3D('',#2828,#2270,#2271);
#1994=AXIS2_PLACEMENT_3D('',#2832,#2274,#2275);
#1995=AXIS2_PLACEMENT_3D('',#2836,#2278,#2279);
#1996=AXIS2_PLACEMENT_3D('',#2840,#2282,#2283);
#1997=AXIS2_PLACEMENT_3D('',#2844,#2286,#2287);
#1998=AXIS2_PLACEMENT_3D('',#2846,#2289,#2290);
#1999=AXIS2_PLACEMENT_3D('',#2884,#2311,#2312);
#2000=AXIS2_PLACEMENT_3D('',#2886,#2314,#2315);
#2001=AXIS2_PLACEMENT_3D('',#2892,#2319,#2320);
#2002=AXIS2_PLACEMENT_3D('',#2896,#2323,#2324);
#2003=AXIS2_PLACEMENT_3D('',#2900,#2327,#2328);
#2004=AXIS2_PLACEMENT_3D('',#2906,#2332,#2333);
#2005=AXIS2_PLACEMENT_3D('',#2910,#2336,#2337);
#2006=AXIS2_PLACEMENT_3D('',#2914,#2340,#2341);
#2007=AXIS2_PLACEMENT_3D('',#2918,#2344,#2345);
#2008=AXIS2_PLACEMENT_3D('',#2922,#2348,#2349);
#2009=AXIS2_PLACEMENT_3D('',#2924,#2351,#2352);
#2010=AXIS2_PLACEMENT_3D('',#2930,#2356,#2357);
#2011=AXIS2_PLACEMENT_3D('',#2936,#2361,#2362);
#2012=AXIS2_PLACEMENT_3D('',#2938,#2364,#2365);
#2013=AXIS2_PLACEMENT_3D('',#2944,#2369,#2370);
#2014=AXIS2_PLACEMENT_3D('',#2950,#2374,#2375);
#2015=AXIS2_PLACEMENT_3D('',#2952,#2377,#2378);
#2016=AXIS2_PLACEMENT_3D('',#2958,#2382,#2383);
#2017=AXIS2_PLACEMENT_3D('',#2964,#2387,#2388);
#2018=AXIS2_PLACEMENT_3D('',#2970,#2392,#2393);
#2019=AXIS2_PLACEMENT_3D('',#2974,#2396,#2397);
#2020=AXIS2_PLACEMENT_3D('',#2976,#2399,#2400);
#2021=AXIS2_PLACEMENT_3D('',#2979,#2403,#2404);
#2022=AXIS2_PLACEMENT_3D('',#2981,#2406,#2407);
#2023=AXIS2_PLACEMENT_3D('',#2983,#2409,#2410);
#2024=AXIS2_PLACEMENT_3D('',#2987,#2413,#2414);
#2025=AXIS2_PLACEMENT_3D('',#2991,#2417,#2418);
#2026=AXIS2_PLACEMENT_3D('',#2995,#2421,#2422);
#2027=AXIS2_PLACEMENT_3D('',#2998,#2425,#2426);
#2028=AXIS2_PLACEMENT_3D('',#3000,#2428,#2429);
#2029=AXIS2_PLACEMENT_3D('',#3002,#2431,#2432);
#2030=AXIS2_PLACEMENT_3D('',#3037,#2453,#2454);
#2031=AXIS2_PLACEMENT_3D('',#3038,#2455,#2456);
#2032=AXIS2_PLACEMENT_3D('',#3040,#2458,#2459);
#2033=AXIS2_PLACEMENT_3D('',#3042,#2461,#2462);
#2034=AXIS2_PLACEMENT_3D('',#3043,#2463,#2464);
#2035=AXIS2_PLACEMENT_3D('',#3045,#2466,#2467);
#2036=AXIS2_PLACEMENT_3D('',#3047,#2469,#2470);
#2037=AXIS2_PLACEMENT_3D('',#3049,#2472,#2473);
#2038=AXIS2_PLACEMENT_3D('',#3051,#2475,#2476);
#2039=AXIS2_PLACEMENT_3D('',#3053,#2478,#2479);
#2040=AXIS2_PLACEMENT_3D('',#3055,#2481,#2482);
#2041=AXIS2_PLACEMENT_3D('',#3056,#2483,#2484);
#2042=AXIS2_PLACEMENT_3D('',#3057,#2485,#2486);
#2043=AXIS2_PLACEMENT_3D('',#3060,#2489,#2490);
#2044=AXIS2_PLACEMENT_3D('',#3062,#2492,#2493);
#2045=AXIS2_PLACEMENT_3D('',#3063,#2494,#2495);
#2046=AXIS2_PLACEMENT_3D('',#3065,#2497,#2498);
#2047=AXIS2_PLACEMENT_3D('',#3068,#2501,#2502);
#2048=AXIS2_PLACEMENT_3D('',#3071,#2505,#2506);
#2049=AXIS2_PLACEMENT_3D('',#3072,#2507,#2508);
#2050=AXIS2_PLACEMENT_3D('',#3073,#2509,#2510);
#2051=AXIS2_PLACEMENT_3D('',#3076,#2513,#2514);
#2052=AXIS2_PLACEMENT_3D('',#3078,#2516,#2517);
#2053=AXIS2_PLACEMENT_3D('',#3079,#2518,#2519);
#2054=AXIS2_PLACEMENT_3D('',#3082,#2522,#2523);
#2055=AXIS2_PLACEMENT_3D('',#3084,#2525,#2526);
#2056=AXIS2_PLACEMENT_3D('',#3085,#2527,#2528);
#2057=AXIS2_PLACEMENT_3D('',#3086,#2529,#2530);
#2058=AXIS2_PLACEMENT_3D('',#3087,#2531,#2532);
#2059=AXIS2_PLACEMENT_3D('',#3088,#2533,#2534);
#2060=AXIS2_PLACEMENT_3D('',#3089,#2535,#2536);
#2061=DIRECTION('axis',(0.,0.,1.));
#2062=DIRECTION('refdir',(1.,0.,0.));
#2063=DIRECTION('axis',(0.,0.,1.));
#2064=DIRECTION('refdir',(1.,0.,0.));
#2065=DIRECTION('center_axis',(-1.,0.,0.));
#2066=DIRECTION('ref_axis',(0.,1.,0.));
#2067=DIRECTION('',(0.,-1.,0.));
#2068=DIRECTION('',(0.,0.,-1.));
#2069=DIRECTION('',(0.,1.,0.));
#2070=DIRECTION('',(0.,0.,-1.));
#2071=DIRECTION('center_axis',(0.,0.,-1.));
#2072=DIRECTION('ref_axis',(-1.,1.39431463061244E-14,0.));
#2073=DIRECTION('center_axis',(6.0070995796715E-14,0.,1.));
#2074=DIRECTION('ref_axis',(-1.,1.39431463061244E-14,0.));
#2075=DIRECTION('center_axis',(-1.17955959465396E-12,0.,-1.));
#2076=DIRECTION('ref_axis',(-1.,1.39431463061244E-14,0.));
#2077=DIRECTION('',(0.,0.,-1.));
#2078=DIRECTION('center_axis',(0.,-1.,0.));
#2079=DIRECTION('ref_axis',(-1.,0.,0.));
#2080=DIRECTION('',(1.,0.,-6.0070995796715E-14));
#2081=DIRECTION('',(-1.,0.,1.17955959465396E-12));
#2082=DIRECTION('',(0.,0.,-1.));
#2083=DIRECTION('center_axis',(0.,0.,-1.));
#2084=DIRECTION('ref_axis',(4.35723322066389E-16,-1.,0.));
#2085=DIRECTION('center_axis',(6.0070995796715E-14,0.,1.));
#2086=DIRECTION('ref_axis',(4.35723322066389E-16,-1.,0.));
#2087=DIRECTION('center_axis',(-1.17955959465396E-12,0.,-1.));
#2088=DIRECTION('ref_axis',(4.35723322066389E-16,-1.,0.));
#2089=DIRECTION('',(0.,0.,-1.));
#2090=DIRECTION('center_axis',(1.,2.1350442781259E-14,0.));
#2091=DIRECTION('ref_axis',(2.1350442781259E-14,-1.,0.));
#2092=DIRECTION('',(-2.1350442781259E-14,1.,1.28254235857101E-27));
#2093=DIRECTION('',(2.1350442781259E-14,-1.,-2.51841196327445E-26));
#2094=DIRECTION('',(0.,0.,-1.));
#2095=DIRECTION('center_axis',(0.,0.,-1.));
#2096=DIRECTION('ref_axis',(1.,0.,0.));
#2097=DIRECTION('center_axis',(6.0070995796715E-14,0.,1.));
#2098=DIRECTION('ref_axis',(1.,0.,0.));
#2099=DIRECTION('center_axis',(-1.17955959465396E-12,0.,-1.));
#2100=DIRECTION('ref_axis',(1.,0.,0.));
#2101=DIRECTION('',(0.,0.,-1.));
#2102=DIRECTION('center_axis',(0.,1.,0.));
#2103=DIRECTION('ref_axis',(1.,0.,0.));
#2104=DIRECTION('',(-1.,0.,6.0070995796715E-14));
#2105=DIRECTION('',(1.,0.,-1.17955959465396E-12));
#2106=DIRECTION('',(0.,0.,-1.));
#2107=DIRECTION('center_axis',(0.,0.,-1.));
#2108=DIRECTION('ref_axis',(0.,1.,0.));
#2109=DIRECTION('center_axis',(6.0070995796715E-14,0.,1.));
#2110=DIRECTION('ref_axis',(0.,1.,0.));
#2111=DIRECTION('center_axis',(-1.17955959465396E-12,0.,-1.));
#2112=DIRECTION('ref_axis',(0.,1.,0.));
#2113=DIRECTION('center_axis',(2.83457763523218E-13,0.707106781186547,0.707106781186548));
#2114=DIRECTION('ref_axis',(1.,0.,-4.00869813534481E-13));
#2115=DIRECTION('',(-8.97195690676496E-15,-0.707106781186548,0.707106781186547));
#2116=DIRECTION('',(-1.,0.,4.00869813534481E-13));
#2117=DIRECTION('',(-1.01907887884501E-13,0.707106781186548,-0.707106781186547));
#2118=DIRECTION('',(-1.,0.,4.00869813534481E-13));
#2119=DIRECTION('center_axis',(0.,1.,0.));
#2120=DIRECTION('ref_axis',(0.,0.,1.));
#2121=DIRECTION('',(1.,0.,-1.17955959465396E-12));
#2122=DIRECTION('',(-1.,0.,4.00869813534481E-13));
#2123=DIRECTION('',(-5.86435661935752E-13,0.,-1.));
#2124=DIRECTION('',(-1.,0.,6.0070995796715E-14));
#2125=DIRECTION('',(-1.2688263138574E-14,0.,1.));
#2126=DIRECTION('center_axis',(1.,0.,-1.44119517159058E-13));
#2127=DIRECTION('ref_axis',(-1.44119517159058E-13,0.,-1.));
#2128=DIRECTION('',(-1.44119517159058E-13,0.,-1.));
#2129=DIRECTION('',(0.,1.,0.));
#2130=DIRECTION('',(-1.44119517159058E-13,0.,-1.));
#2131=DIRECTION('',(0.,1.,0.));
#2132=DIRECTION('center_axis',(2.83457763523218E-13,0.707106781186548,0.707106781186548));
#2133=DIRECTION('ref_axis',(1.,0.,-4.00869813534481E-13));
#2134=DIRECTION('',(-4.14672633284392E-13,0.707106781186548,-0.707106781186548));
#2135=DIRECTION('',(2.0840755560074E-13,-0.707106781186548,0.707106781186548));
#2136=DIRECTION('',(-1.,0.,4.00869813534481E-13));
#2137=DIRECTION('center_axis',(-1.,0.,2.94732791631591E-13));
#2138=DIRECTION('ref_axis',(2.94732791631591E-13,0.,1.));
#2139=DIRECTION('',(0.,1.,0.));
#2140=DIRECTION('',(2.94732791631591E-13,0.,1.));
#2141=DIRECTION('',(0.,1.,0.));
#2142=DIRECTION('',(-2.94732791631591E-13,0.,-1.));
#2143=DIRECTION('center_axis',(0.,1.,0.));
#2144=DIRECTION('ref_axis',(0.,0.,1.));
#2145=DIRECTION('',(1.,0.,-6.0070995796715E-14));
#2146=DIRECTION('',(-5.74503407809368E-12,0.,-1.));
#2147=DIRECTION('',(-1.,0.,7.40148683083437E-15));
#2148=DIRECTION('',(5.74503407804786E-12,0.,1.));
#2149=DIRECTION('center_axis',(0.,1.,0.));
#2150=DIRECTION('ref_axis',(0.,0.,1.));
#2151=DIRECTION('',(1.,0.,-6.0070995796715E-14));
#2152=DIRECTION('',(-5.74503407809368E-12,0.,-1.));
#2153=DIRECTION('',(-1.,0.,7.40148683083437E-15));
#2154=DIRECTION('',(5.74503407804786E-12,0.,1.));
#2155=DIRECTION('center_axis',(0.,1.,0.));
#2156=DIRECTION('ref_axis',(0.,0.,1.));
#2157=DIRECTION('',(1.,0.,-6.0070995796715E-14));
#2158=DIRECTION('',(-5.74503407809368E-12,0.,-1.));
#2159=DIRECTION('',(-1.,0.,7.40148683083437E-15));
#2160=DIRECTION('',(5.74503407804786E-12,0.,1.));
#2161=DIRECTION('center_axis',(1.,0.,-5.86435661935752E-13));
#2162=DIRECTION('ref_axis',(-5.86435661935752E-13,0.,-1.));
#2163=DIRECTION('',(0.,1.,0.));
#2164=DIRECTION('',(-5.86435661935752E-13,0.,-1.));
#2165=DIRECTION('',(0.,-1.,0.));
#2166=DIRECTION('',(-5.86435661935752E-13,0.,-1.));
#2167=DIRECTION('center_axis',(1.,0.,-5.86435661935752E-13));
#2168=DIRECTION('ref_axis',(-5.86435661935752E-13,0.,-1.));
#2169=DIRECTION('',(-5.86435661935752E-13,0.,-1.));
#2170=DIRECTION('',(0.,-1.,0.));
#2171=DIRECTION('',(-5.86435661935752E-13,0.,-1.));
#2172=DIRECTION('',(0.,1.,0.));
#2173=DIRECTION('center_axis',(1.,0.,-5.86435661935752E-13));
#2174=DIRECTION('ref_axis',(-5.86435661935752E-13,0.,-1.));
#2175=DIRECTION('',(0.,1.,0.));
#2176=DIRECTION('',(-5.86435661935752E-13,0.,-1.));
#2177=DIRECTION('',(0.,-1.,0.));
#2178=DIRECTION('',(-5.86435661935752E-13,0.,-1.));
#2179=DIRECTION('center_axis',(0.,1.,0.));
#2180=DIRECTION('ref_axis',(0.,0.,1.));
#2181=DIRECTION('',(-1.2688263138574E-14,0.,1.));
#2182=DIRECTION('',(-1.,0.,-4.32246830920728E-13));
#2183=DIRECTION('',(2.22044604924913E-14,0.,1.));
#2184=DIRECTION('',(1.,0.,5.92118946466761E-15));
#2185=DIRECTION('',(-1.2688263138574E-14,0.,1.));
#2186=DIRECTION('',(-1.,0.,-4.32246830920728E-13));
#2187=DIRECTION('',(2.22044604924913E-14,0.,1.));
#2188=DIRECTION('',(1.,0.,5.92118946466761E-15));
#2189=DIRECTION('',(-1.2688263138574E-14,0.,1.));
#2190=DIRECTION('',(-1.,0.,-4.32246830920728E-13));
#2191=DIRECTION('',(2.22044604924913E-14,0.,1.));
#2192=DIRECTION('',(1.,0.,5.92118946466761E-15));
#2193=DIRECTION('',(-1.2688263138574E-14,0.,1.));
#2194=DIRECTION('',(1.,0.,3.0511307766036E-13));
#2195=DIRECTION('',(-1.12088116566156E-11,0.,-1.));
#2196=DIRECTION('',(1.,0.,6.34413156921024E-15));
#2197=DIRECTION('',(-2.51650552246958E-14,0.,1.));
#2198=DIRECTION('',(1.,0.,3.0511307766036E-13));
#2199=DIRECTION('',(-1.12088116566156E-11,0.,-1.));
#2200=DIRECTION('',(1.,0.,6.34413156921024E-15));
#2201=DIRECTION('',(-2.51650552246958E-14,0.,1.));
#2202=DIRECTION('',(1.,0.,3.0511307766036E-13));
#2203=DIRECTION('',(-1.12088116566156E-11,0.,-1.));
#2204=DIRECTION('',(1.,0.,6.34413156921024E-15));
#2205=DIRECTION('',(-2.51650552246958E-14,0.,1.));
#2206=DIRECTION('',(1.,0.,3.0511307766036E-13));
#2207=DIRECTION('',(-5.86435661935752E-13,0.,-1.));
#2208=DIRECTION('',(-1.,0.,-3.16443167965143E-11));
#2209=DIRECTION('',(1.26882631389636E-14,0.,-1.));
#2210=DIRECTION('',(1.,0.,1.01104310109068E-12));
#2211=DIRECTION('',(-1.,0.,-3.16443167965143E-11));
#2212=DIRECTION('',(1.26882631389636E-14,0.,-1.));
#2213=DIRECTION('',(1.,0.,1.01104310109068E-12));
#2214=DIRECTION('',(-1.,0.,-3.16443167965143E-11));
#2215=DIRECTION('',(1.26882631389636E-14,0.,-1.));
#2216=DIRECTION('',(1.,0.,1.01104310109068E-12));
#2217=DIRECTION('',(-1.,0.,-4.83563806282068E-13));
#2218=DIRECTION('',(0.,0.,1.));
#2219=DIRECTION('',(1.,0.,4.47378759552656E-13));
#2220=DIRECTION('',(2.94732791631591E-13,0.,1.));
#2221=DIRECTION('',(-1.,0.,-4.83563806282068E-13));
#2222=DIRECTION('',(0.,0.,1.));
#2223=DIRECTION('',(1.,0.,4.47378759552656E-13));
#2224=DIRECTION('',(2.94732791631591E-13,0.,1.));
#2225=DIRECTION('',(-1.,0.,-4.83563806282068E-13));
#2226=DIRECTION('',(0.,0.,1.));
#2227=DIRECTION('',(1.,0.,4.47378759552656E-13));
#2228=DIRECTION('',(2.94732791631591E-13,0.,1.));
#2229=DIRECTION('',(-1.,0.,-1.04319069106302E-13));
#2230=DIRECTION('',(2.87835598976573E-14,0.,-1.));
#2231=DIRECTION('',(-1.,0.,2.50092344492851E-13));
#2232=DIRECTION('',(2.51239358535481E-12,0.,1.));
#2233=DIRECTION('',(-1.,0.,-1.04319069106302E-13));
#2234=DIRECTION('',(2.87835598976573E-14,0.,-1.));
#2235=DIRECTION('',(-1.,0.,2.50092344492851E-13));
#2236=DIRECTION('',(2.51239358535481E-12,0.,1.));
#2237=DIRECTION('',(-1.,0.,-1.04319069106302E-13));
#2238=DIRECTION('',(2.87835598976573E-14,0.,-1.));
#2239=DIRECTION('',(-1.,0.,2.50092344492851E-13));
#2240=DIRECTION('',(2.51239358535481E-12,0.,1.));
#2241=DIRECTION('',(-1.,0.,-1.04319069106302E-13));
#2242=DIRECTION('center_axis',(-4.47378759552656E-13,0.,1.));
#2243=DIRECTION('ref_axis',(1.,0.,4.47378759552656E-13));
#2244=DIRECTION('',(-1.,0.,-4.47378759552656E-13));
#2245=DIRECTION('',(0.,-1.,0.));
#2246=DIRECTION('',(0.,1.,0.));
#2247=DIRECTION('center_axis',(3.16443167965143E-11,0.,-1.));
#2248=DIRECTION('ref_axis',(-1.,0.,-3.16443167965143E-11));
#2249=DIRECTION('',(1.,0.,3.16443167965143E-11));
#2250=DIRECTION('',(0.,1.,0.));
#2251=DIRECTION('center_axis',(1.,0.,1.26882631389636E-14));
#2252=DIRECTION('ref_axis',(1.26882631389636E-14,0.,-1.));
#2253=DIRECTION('',(0.,1.,0.));
#2254=DIRECTION('',(-1.26882631389636E-14,0.,1.));
#2255=DIRECTION('center_axis',(-1.,0.,0.));
#2256=DIRECTION('ref_axis',(0.,0.,1.));
#2257=DIRECTION('',(0.,0.,-1.));
#2258=DIRECTION('',(0.,1.,0.));
#2259=DIRECTION('center_axis',(4.83563806282068E-13,0.,-1.));
#2260=DIRECTION('ref_axis',(-1.,0.,-4.83563806282068E-13));
#2261=DIRECTION('',(1.,0.,4.83563806282068E-13));
#2262=DIRECTION('center_axis',(-1.01104310109068E-12,0.,1.));
#2263=DIRECTION('ref_axis',(1.,0.,1.01104310109068E-12));
#2264=DIRECTION('',(-1.,0.,-1.01104310109068E-12));
#2265=DIRECTION('center_axis',(-4.47378759552656E-13,0.,1.));
#2266=DIRECTION('ref_axis',(1.,0.,4.47378759552656E-13));
#2267=DIRECTION('',(-1.,0.,-4.47378759552656E-13));
#2268=DIRECTION('',(0.,-1.,0.));
#2269=DIRECTION('',(0.,1.,0.));
#2270=DIRECTION('center_axis',(3.16443167965143E-11,0.,-1.));
#2271=DIRECTION('ref_axis',(-1.,0.,-3.16443167965143E-11));
#2272=DIRECTION('',(1.,0.,3.16443167965143E-11));
#2273=DIRECTION('',(0.,1.,0.));
#2274=DIRECTION('center_axis',(1.,0.,1.26882631389636E-14));
#2275=DIRECTION('ref_axis',(1.26882631389636E-14,0.,-1.));
#2276=DIRECTION('',(0.,1.,0.));
#2277=DIRECTION('',(-1.26882631389636E-14,0.,1.));
#2278=DIRECTION('center_axis',(-1.,0.,0.));
#2279=DIRECTION('ref_axis',(0.,0.,1.));
#2280=DIRECTION('',(0.,0.,-1.));
#2281=DIRECTION('',(0.,1.,0.));
#2282=DIRECTION('center_axis',(4.83563806282068E-13,0.,-1.));
#2283=DIRECTION('ref_axis',(-1.,0.,-4.83563806282068E-13));
#2284=DIRECTION('',(1.,0.,4.83563806282068E-13));
#2285=DIRECTION('',(0.,1.,0.));
#2286=DIRECTION('center_axis',(-1.01104310109068E-12,0.,1.));
#2287=DIRECTION('ref_axis',(1.,0.,1.01104310109068E-12));
#2288=DIRECTION('',(-1.,0.,-1.01104310109068E-12));
#2289=DIRECTION('center_axis',(0.,1.,0.));
#2290=DIRECTION('ref_axis',(0.,0.,1.));
#2291=DIRECTION('',(1.,0.,-1.17955959465396E-12));
#2292=DIRECTION('',(-1.,0.,-1.04319069106302E-13));
#2293=DIRECTION('',(-2.51239358535481E-12,0.,-1.));
#2294=DIRECTION('',(1.,0.,-2.50092344492851E-13));
#2295=DIRECTION('',(-2.87835598976573E-14,0.,1.));
#2296=DIRECTION('',(-1.,0.,-1.04319069106302E-13));
#2297=DIRECTION('',(-2.51239358535481E-12,0.,-1.));
#2298=DIRECTION('',(1.,0.,-2.50092344492851E-13));
#2299=DIRECTION('',(-2.87835598976573E-14,0.,1.));
#2300=DIRECTION('',(-1.,0.,-1.04319069106302E-13));
#2301=DIRECTION('',(-2.51239358535481E-12,0.,-1.));
#2302=DIRECTION('',(1.,0.,-2.50092344492851E-13));
#2303=DIRECTION('',(-2.87835598976573E-14,0.,1.));
#2304=DIRECTION('',(-1.,0.,-1.04319069106302E-13));
#2305=DIRECTION('',(2.94732791631591E-13,0.,1.));
#2306=DIRECTION('',(-1.,0.,-4.47378759552656E-13));
#2307=DIRECTION('',(0.,0.,-1.));
#2308=DIRECTION('',(1.,0.,4.83563806282068E-13));
#2309=DIRECTION('',(2.94732791631591E-13,0.,1.));
#2310=DIRECTION('',(2.94732791631591E-13,0.,1.));
#2311=DIRECTION('center_axis',(-1.,0.,2.94732791631591E-13));
#2312=DIRECTION('ref_axis',(2.94732791631591E-13,0.,1.));
#2313=DIRECTION('',(0.,1.,0.));
#2314=DIRECTION('center_axis',(-5.92118946466761E-15,0.,1.));
#2315=DIRECTION('ref_axis',(1.,0.,5.92118946466761E-15));
#2316=DIRECTION('',(1.,0.,5.92118946466761E-15));
#2317=DIRECTION('',(0.,-1.,0.));
#2318=DIRECTION('',(0.,1.,0.));
#2319=DIRECTION('center_axis',(-1.,0.,2.22044604924913E-14));
#2320=DIRECTION('ref_axis',(2.22044604924913E-14,0.,1.));
#2321=DIRECTION('',(2.22044604924913E-14,0.,1.));
#2322=DIRECTION('',(0.,1.,0.));
#2323=DIRECTION('center_axis',(4.32246830920728E-13,0.,-1.));
#2324=DIRECTION('ref_axis',(-1.,0.,-4.32246830920728E-13));
#2325=DIRECTION('',(-1.,0.,-4.32246830920728E-13));
#2326=DIRECTION('',(0.,1.,0.));
#2327=DIRECTION('center_axis',(-5.92118946466761E-15,0.,1.));
#2328=DIRECTION('ref_axis',(1.,0.,5.92118946466761E-15));
#2329=DIRECTION('',(1.,0.,5.92118946466761E-15));
#2330=DIRECTION('',(0.,-1.,0.));
#2331=DIRECTION('',(0.,1.,0.));
#2332=DIRECTION('center_axis',(-1.,0.,2.22044604924913E-14));
#2333=DIRECTION('ref_axis',(2.22044604924913E-14,0.,1.));
#2334=DIRECTION('',(2.22044604924913E-14,0.,1.));
#2335=DIRECTION('',(0.,1.,0.));
#2336=DIRECTION('center_axis',(4.32246830920728E-13,0.,-1.));
#2337=DIRECTION('ref_axis',(-1.,0.,-4.32246830920728E-13));
#2338=DIRECTION('',(-1.,0.,-4.32246830920728E-13));
#2339=DIRECTION('',(0.,1.,0.));
#2340=DIRECTION('center_axis',(-1.,0.,-1.2688263138574E-14));
#2341=DIRECTION('ref_axis',(-1.2688263138574E-14,0.,1.));
#2342=DIRECTION('',(-1.2688263138574E-14,0.,1.));
#2343=DIRECTION('',(0.,1.,0.));
#2344=DIRECTION('center_axis',(-1.,0.,-1.2688263138574E-14));
#2345=DIRECTION('ref_axis',(-1.2688263138574E-14,0.,1.));
#2346=DIRECTION('',(0.,1.,0.));
#2347=DIRECTION('',(-1.2688263138574E-14,0.,1.));
#2348=DIRECTION('center_axis',(-1.,0.,-1.2688263138574E-14));
#2349=DIRECTION('ref_axis',(-1.2688263138574E-14,0.,1.));
#2350=DIRECTION('',(-1.2688263138574E-14,0.,1.));
#2351=DIRECTION('center_axis',(1.,0.,-5.74503407809368E-12));
#2352=DIRECTION('ref_axis',(-5.74503407809368E-12,0.,-1.));
#2353=DIRECTION('',(5.74503407809368E-12,0.,1.));
#2354=DIRECTION('',(0.,1.,0.));
#2355=DIRECTION('',(0.,1.,0.));
#2356=DIRECTION('center_axis',(-1.,0.,5.74503407804786E-12));
#2357=DIRECTION('ref_axis',(5.74503407804786E-12,0.,1.));
#2358=DIRECTION('',(-5.74503407804786E-12,0.,-1.));
#2359=DIRECTION('',(0.,-1.,0.));
#2360=DIRECTION('',(0.,1.,0.));
#2361=DIRECTION('center_axis',(-7.40148683083437E-15,0.,-1.));
#2362=DIRECTION('ref_axis',(-1.,0.,7.40148683083437E-15));
#2363=DIRECTION('',(1.,0.,-7.40148683083437E-15));
#2364=DIRECTION('center_axis',(1.,0.,-5.74503407809368E-12));
#2365=DIRECTION('ref_axis',(-5.74503407809368E-12,0.,-1.));
#2366=DIRECTION('',(5.74503407809368E-12,0.,1.));
#2367=DIRECTION('',(0.,1.,0.));
#2368=DIRECTION('',(0.,1.,0.));
#2369=DIRECTION('center_axis',(-1.,0.,5.74503407804786E-12));
#2370=DIRECTION('ref_axis',(5.74503407804786E-12,0.,1.));
#2371=DIRECTION('',(-5.74503407804786E-12,0.,-1.));
#2372=DIRECTION('',(0.,-1.,0.));
#2373=DIRECTION('',(0.,1.,0.));
#2374=DIRECTION('center_axis',(-7.40148683083437E-15,0.,-1.));
#2375=DIRECTION('ref_axis',(-1.,0.,7.40148683083437E-15));
#2376=DIRECTION('',(1.,0.,-7.40148683083437E-15));
#2377=DIRECTION('center_axis',(-3.0511307766036E-13,0.,1.));
#2378=DIRECTION('ref_axis',(1.,0.,3.0511307766036E-13));
#2379=DIRECTION('',(0.,-1.,0.));
#2380=DIRECTION('',(1.,0.,3.0511307766036E-13));
#2381=DIRECTION('',(0.,1.,0.));
#2382=DIRECTION('center_axis',(-3.0511307766036E-13,0.,1.));
#2383=DIRECTION('ref_axis',(1.,0.,3.0511307766036E-13));
#2384=DIRECTION('',(0.,1.,0.));
#2385=DIRECTION('',(0.,-1.,0.));
#2386=DIRECTION('',(1.,0.,3.0511307766036E-13));
#2387=DIRECTION('center_axis',(1.,0.,-1.12088116566156E-11));
#2388=DIRECTION('ref_axis',(-1.12088116566156E-11,0.,-1.));
#2389=DIRECTION('',(0.,1.,0.));
#2390=DIRECTION('',(0.,1.,0.));
#2391=DIRECTION('',(1.12088116566156E-11,0.,1.));
#2392=DIRECTION('center_axis',(-6.34413156921024E-15,0.,1.));
#2393=DIRECTION('ref_axis',(1.,0.,6.34413156921024E-15));
#2394=DIRECTION('',(0.,1.,0.));
#2395=DIRECTION('',(-1.,0.,-6.34413156921024E-15));
#2396=DIRECTION('center_axis',(-1.,0.,-2.51650552246958E-14));
#2397=DIRECTION('ref_axis',(-2.51650552246958E-14,0.,1.));
#2398=DIRECTION('',(2.51650552246958E-14,0.,-1.));
#2399=DIRECTION('center_axis',(-1.,0.,2.51239358535481E-12));
#2400=DIRECTION('ref_axis',(2.51239358535481E-12,0.,1.));
#2401=DIRECTION('',(0.,-1.,0.));
#2402=DIRECTION('',(0.,1.,0.));
#2403=DIRECTION('center_axis',(-2.50092344492851E-13,0.,-1.));
#2404=DIRECTION('ref_axis',(-1.,0.,2.50092344492851E-13));
#2405=DIRECTION('',(0.,1.,0.));
#2406=DIRECTION('center_axis',(1.,0.,2.87835598976573E-14));
#2407=DIRECTION('ref_axis',(2.87835598976573E-14,0.,-1.));
#2408=DIRECTION('',(0.,1.,0.));
#2409=DIRECTION('center_axis',(1.,0.,-1.12088116566156E-11));
#2410=DIRECTION('ref_axis',(-1.12088116566156E-11,0.,-1.));
#2411=DIRECTION('',(0.,1.,0.));
#2412=DIRECTION('',(1.12088116566156E-11,0.,1.));
#2413=DIRECTION('center_axis',(-6.34413156921024E-15,0.,1.));
#2414=DIRECTION('ref_axis',(1.,0.,6.34413156921024E-15));
#2415=DIRECTION('',(0.,1.,0.));
#2416=DIRECTION('',(-1.,0.,-6.34413156921024E-15));
#2417=DIRECTION('center_axis',(-1.,0.,-2.51650552246958E-14));
#2418=DIRECTION('ref_axis',(-2.51650552246958E-14,0.,1.));
#2419=DIRECTION('',(2.51650552246958E-14,0.,-1.));
#2420=DIRECTION('',(0.,-1.,0.));
#2421=DIRECTION('center_axis',(-1.,0.,2.51239358535481E-12));
#2422=DIRECTION('ref_axis',(2.51239358535481E-12,0.,1.));
#2423=DIRECTION('',(0.,-1.,0.));
#2424=DIRECTION('',(0.,1.,0.));
#2425=DIRECTION('center_axis',(-2.50092344492851E-13,0.,-1.));
#2426=DIRECTION('ref_axis',(-1.,0.,2.50092344492851E-13));
#2427=DIRECTION('',(0.,1.,0.));
#2428=DIRECTION('center_axis',(1.,0.,2.87835598976573E-14));
#2429=DIRECTION('ref_axis',(2.87835598976573E-14,0.,-1.));
#2430=DIRECTION('',(0.,1.,0.));
#2431=DIRECTION('center_axis',(0.,1.,0.));
#2432=DIRECTION('ref_axis',(1.,0.,0.));
#2433=DIRECTION('',(-1.,0.,-1.01104310109068E-12));
#2434=DIRECTION('',(-1.26882631389636E-14,0.,1.));
#2435=DIRECTION('',(1.,0.,3.16443167965143E-11));
#2436=DIRECTION('',(-5.86435661935752E-13,0.,-1.));
#2437=DIRECTION('',(1.,0.,3.0511307766036E-13));
#2438=DIRECTION('',(2.51650552246958E-14,0.,-1.));
#2439=DIRECTION('',(-1.,0.,-6.34413156921024E-15));
#2440=DIRECTION('',(1.12088116566156E-11,0.,1.));
#2441=DIRECTION('',(1.,0.,3.0511307766036E-13));
#2442=DIRECTION('',(-1.2688263138574E-14,0.,1.));
#2443=DIRECTION('',(1.,0.,5.92118946466761E-15));
#2444=DIRECTION('',(2.22044604924913E-14,0.,1.));
#2445=DIRECTION('',(-1.,0.,-4.32246830920728E-13));
#2446=DIRECTION('',(-1.,0.,6.0070995796715E-14));
#2447=DIRECTION('',(-5.74503407804786E-12,0.,-1.));
#2448=DIRECTION('',(1.,0.,-7.40148683083437E-15));
#2449=DIRECTION('',(5.74503407809368E-12,0.,1.));
#2450=DIRECTION('',(-1.,0.,6.0070995796715E-14));
#2451=DIRECTION('',(-1.,0.,6.0070995796715E-14));
#2452=DIRECTION('',(-1.,0.,6.0070995796715E-14));
#2453=DIRECTION('center_axis',(-3.0511307766036E-13,0.,1.));
#2454=DIRECTION('ref_axis',(1.,0.,3.0511307766036E-13));
#2455=DIRECTION('center_axis',(1.04319069106302E-13,0.,-1.));
#2456=DIRECTION('ref_axis',(-1.,0.,-1.04319069106302E-13));
#2457=DIRECTION('',(0.,1.,0.));
#2458=DIRECTION('center_axis',(1.04319069106302E-13,0.,-1.));
#2459=DIRECTION('ref_axis',(-1.,0.,-1.04319069106302E-13));
#2460=DIRECTION('',(0.,1.,0.));
#2461=DIRECTION('center_axis',(1.04319069106302E-13,0.,-1.));
#2462=DIRECTION('ref_axis',(-1.,0.,-1.04319069106302E-13));
#2463=DIRECTION('center_axis',(1.,0.,-5.86435661935752E-13));
#2464=DIRECTION('ref_axis',(-5.86435661935752E-13,0.,-1.));
#2465=DIRECTION('',(0.,1.,0.));
#2466=DIRECTION('center_axis',(4.83563806282068E-13,0.,-1.));
#2467=DIRECTION('ref_axis',(-1.,0.,-4.83563806282068E-13));
#2468=DIRECTION('',(0.,1.,0.));
#2469=DIRECTION('center_axis',(-1.,0.,0.));
#2470=DIRECTION('ref_axis',(0.,0.,1.));
#2471=DIRECTION('',(0.,1.,0.));
#2472=DIRECTION('center_axis',(-4.47378759552656E-13,0.,1.));
#2473=DIRECTION('ref_axis',(1.,0.,4.47378759552656E-13));
#2474=DIRECTION('',(0.,-1.,0.));
#2475=DIRECTION('center_axis',(-1.01104310109068E-12,0.,1.));
#2476=DIRECTION('ref_axis',(1.,0.,1.01104310109068E-12));
#2477=DIRECTION('',(0.,1.,0.));
#2478=DIRECTION('center_axis',(1.,0.,1.26882631389636E-14));
#2479=DIRECTION('ref_axis',(1.26882631389636E-14,0.,-1.));
#2480=DIRECTION('',(0.,1.,0.));
#2481=DIRECTION('center_axis',(3.16443167965143E-11,0.,-1.));
#2482=DIRECTION('ref_axis',(-1.,0.,-3.16443167965143E-11));
#2483=DIRECTION('center_axis',(-1.,0.,2.94732791631591E-13));
#2484=DIRECTION('ref_axis',(2.94732791631591E-13,0.,1.));
#2485=DIRECTION('center_axis',(-5.92118946466761E-15,0.,1.));
#2486=DIRECTION('ref_axis',(1.,0.,5.92118946466761E-15));
#2487=DIRECTION('',(0.,-1.,0.));
#2488=DIRECTION('',(0.,1.,0.));
#2489=DIRECTION('center_axis',(-1.,0.,2.22044604924913E-14));
#2490=DIRECTION('ref_axis',(2.22044604924913E-14,0.,1.));
#2491=DIRECTION('',(0.,1.,0.));
#2492=DIRECTION('center_axis',(4.32246830920728E-13,0.,-1.));
#2493=DIRECTION('ref_axis',(-1.,0.,-4.32246830920728E-13));
#2494=DIRECTION('center_axis',(-1.,0.,-1.2688263138574E-14));
#2495=DIRECTION('ref_axis',(-1.2688263138574E-14,0.,1.));
#2496=DIRECTION('',(0.,1.,0.));
#2497=DIRECTION('center_axis',(1.,0.,-5.74503407809368E-12));
#2498=DIRECTION('ref_axis',(-5.74503407809368E-12,0.,-1.));
#2499=DIRECTION('',(0.,1.,0.));
#2500=DIRECTION('',(0.,1.,0.));
#2501=DIRECTION('center_axis',(-1.,0.,5.74503407804786E-12));
#2502=DIRECTION('ref_axis',(5.74503407804786E-12,0.,1.));
#2503=DIRECTION('',(0.,-1.,0.));
#2504=DIRECTION('',(0.,1.,0.));
#2505=DIRECTION('center_axis',(-7.40148683083437E-15,0.,-1.));
#2506=DIRECTION('ref_axis',(-1.,0.,7.40148683083437E-15));
#2507=DIRECTION('center_axis',(-6.0070995796715E-14,0.,-1.));
#2508=DIRECTION('ref_axis',(-1.,0.,6.0070995796715E-14));
#2509=DIRECTION('center_axis',(1.,0.,-1.12088116566156E-11));
#2510=DIRECTION('ref_axis',(-1.12088116566156E-11,0.,-1.));
#2511=DIRECTION('',(0.,1.,0.));
#2512=DIRECTION('',(0.,1.,0.));
#2513=DIRECTION('center_axis',(-6.34413156921024E-15,0.,1.));
#2514=DIRECTION('ref_axis',(1.,0.,6.34413156921024E-15));
#2515=DIRECTION('',(0.,1.,0.));
#2516=DIRECTION('center_axis',(-1.,0.,-2.51650552246958E-14));
#2517=DIRECTION('ref_axis',(-2.51650552246958E-14,0.,1.));
#2518=DIRECTION('center_axis',(-1.,0.,2.51239358535481E-12));
#2519=DIRECTION('ref_axis',(2.51239358535481E-12,0.,1.));
#2520=DIRECTION('',(0.,-1.,0.));
#2521=DIRECTION('',(0.,1.,0.));
#2522=DIRECTION('center_axis',(-2.50092344492851E-13,0.,-1.));
#2523=DIRECTION('ref_axis',(-1.,0.,2.50092344492851E-13));
#2524=DIRECTION('',(0.,1.,0.));
#2525=DIRECTION('center_axis',(1.,0.,2.87835598976573E-14));
#2526=DIRECTION('ref_axis',(2.87835598976573E-14,0.,-1.));
#2527=DIRECTION('center_axis',(1.04319069106302E-13,0.,-1.));
#2528=DIRECTION('ref_axis',(-1.,0.,-1.04319069106302E-13));
#2529=DIRECTION('center_axis',(-3.0511307766036E-13,0.,1.));
#2530=DIRECTION('ref_axis',(1.,0.,3.0511307766036E-13));
#2531=DIRECTION('center_axis',(-1.,0.,2.94732791631591E-13));
#2532=DIRECTION('ref_axis',(2.94732791631591E-13,0.,1.));
#2533=DIRECTION('center_axis',(1.17955959465396E-12,0.,1.));
#2534=DIRECTION('ref_axis',(1.,0.,-1.17955959465396E-12));
#2535=DIRECTION('',(0.,0.,1.));
#2536=DIRECTION('',(1.,0.,0.));
#2537=CARTESIAN_POINT('',(0.,0.,0.));
#2538=CARTESIAN_POINT('',(0.,0.,0.));
#2539=CARTESIAN_POINT('Origin',(-5.00000000000001,112.474,0.));
#2540=CARTESIAN_POINT('',(-5.,112.526,-22.400000000004));
#2541=CARTESIAN_POINT('',(-5.00000000000001,112.474,-22.400000000004));
#2542=CARTESIAN_POINT('',(-5.00000000000001,56.237,-22.400000000004));
#2543=CARTESIAN_POINT('',(-5.,112.526,-21.1999999999747));
#2544=CARTESIAN_POINT('',(-5.,112.526,0.));
#2545=CARTESIAN_POINT('',(-5.00000000000001,112.474,-21.1999999999747));
#2546=CARTESIAN_POINT('',(-5.00000000000001,56.237,-21.1999999999747));
#2547=CARTESIAN_POINT('',(-5.00000000000001,112.474,0.));
#2548=CARTESIAN_POINT('Origin',(-3.72600000000001,112.474,0.));
#2549=CARTESIAN_POINT('',(-3.72600000000001,111.2,-22.4000000000041));
#2550=CARTESIAN_POINT('Origin',(-3.72600000000001,112.474,-22.4000000000056));
#2551=CARTESIAN_POINT('',(-3.72600000000001,111.2,-21.1999999999762));
#2552=CARTESIAN_POINT('Origin',(-3.72600000000001,112.474,-21.1999999999556));
#2553=CARTESIAN_POINT('',(-3.72600000000001,111.2,0.));
#2554=CARTESIAN_POINT('Origin',(3.72600000000001,111.2,0.));
#2555=CARTESIAN_POINT('',(3.72600000000001,111.2,-22.4000000000045));
#2556=CARTESIAN_POINT('',(13.0629999999888,111.2,-22.4000000000051));
#2557=CARTESIAN_POINT('',(3.72600000000001,111.2,-21.199999999985));
#2558=CARTESIAN_POINT('',(-8.73700000001129,111.2,-21.1999999999703));
#2559=CARTESIAN_POINT('',(3.72600000000001,111.2,0.));
#2560=CARTESIAN_POINT('Origin',(3.72600000000001,112.474,0.));
#2561=CARTESIAN_POINT('',(5.,112.474,-22.4000000000046));
#2562=CARTESIAN_POINT('Origin',(3.72600000000001,112.474,-22.4000000000056));
#2563=CARTESIAN_POINT('',(5.,112.474,-21.1999999999865));
#2564=CARTESIAN_POINT('Origin',(3.72600000000001,112.474,-21.1999999999556));
#2565=CARTESIAN_POINT('',(5.,112.474,0.));
#2566=CARTESIAN_POINT('Origin',(5.00000000000001,112.526,0.));
#2567=CARTESIAN_POINT('',(5.00000000000001,112.526,-22.4000000000046));
#2568=CARTESIAN_POINT('',(5.00000000000121,56.2629999999998,-22.4000000000046));
#2569=CARTESIAN_POINT('',(5.00000000000001,112.526,-21.1999999999865));
#2570=CARTESIAN_POINT('',(5.00000000000121,56.2630000000003,-21.1999999999865));
#2571=CARTESIAN_POINT('',(5.00000000000001,112.526,0.));
#2572=CARTESIAN_POINT('Origin',(3.72600000000001,112.526,0.));
#2573=CARTESIAN_POINT('',(3.72600000000001,113.8,-22.4000000000045));
#2574=CARTESIAN_POINT('Origin',(3.72600000000001,112.526,-22.4000000000056));
#2575=CARTESIAN_POINT('',(3.72600000000001,113.8,-21.199999999985));
#2576=CARTESIAN_POINT('Origin',(3.72600000000001,112.526,-21.1999999999556));
#2577=CARTESIAN_POINT('',(3.72600000000001,113.8,0.));
#2578=CARTESIAN_POINT('Origin',(-3.72600000000001,113.8,0.));
#2579=CARTESIAN_POINT('',(-3.72600000000001,113.8,-22.4000000000041));
#2580=CARTESIAN_POINT('',(9.33699999998881,113.8,-22.4000000000048));
#2581=CARTESIAN_POINT('',(-3.72600000000001,113.8,-21.1999999999762));
#2582=CARTESIAN_POINT('',(-12.4630000000113,113.8,-21.1999999999659));
#2583=CARTESIAN_POINT('',(-3.72600000000001,113.8,0.));
#2584=CARTESIAN_POINT('Origin',(-3.72600000000001,112.526,0.));
#2585=CARTESIAN_POINT('Origin',(-3.72600000000001,112.526,-22.4000000000056));
#2586=CARTESIAN_POINT('Origin',(-3.72600000000001,112.526,-21.1999999999556));
#2587=CARTESIAN_POINT('Origin',(-11.2000000000024,112.5,-18.6999999999919));
#2588=CARTESIAN_POINT('',(-22.3999999999969,115.,-21.1999999999874));
#2589=CARTESIAN_POINT('',(-22.3999999999969,110.,-16.1999999999874));
#2590=CARTESIAN_POINT('',(-22.3999999999972,85.300000000005,8.50000000000754));
#2591=CARTESIAN_POINT('',(-21.1999999999969,110.,-16.1999999999879));
#2592=CARTESIAN_POINT('',(-11.1999999999998,110.,-16.1999999999919));
#2593=CARTESIAN_POINT('',(-21.1999999999976,115.,-21.1999999999556));
#2594=CARTESIAN_POINT('',(-21.1999999999917,74.400000000005,19.400000000007));
#2595=CARTESIAN_POINT('',(-11.2000000000034,115.,-21.1999999999919));
#2596=CARTESIAN_POINT('Origin',(-7.15871806278301E-12,115.,-19.2999999999965));
#2597=CARTESIAN_POINT('',(21.1999999999905,115.,-21.2000000000056));
#2598=CARTESIAN_POINT('',(21.1999999999905,115.,-21.2000000000056));
#2599=CARTESIAN_POINT('',(22.3999999999797,115.,-21.2000000000054));
#2600=CARTESIAN_POINT('',(10.599999999991,115.,-21.2000000000007));
#2601=CARTESIAN_POINT('',(22.399999999979,115.,-22.4000000000056));
#2602=CARTESIAN_POINT('',(22.4000000000052,115.,22.4000000000081));
#2603=CARTESIAN_POINT('',(-22.3999999999969,115.,-22.4000000000029));
#2604=CARTESIAN_POINT('',(22.399999999979,115.,-22.4000000000056));
#2605=CARTESIAN_POINT('',(-22.3999999999969,115.,-22.4000000000029));
#2606=CARTESIAN_POINT('Origin',(-21.1999999999915,0.,21.1999999999944));
#2607=CARTESIAN_POINT('',(-21.1999999999915,110.,21.1999999999944));
#2608=CARTESIAN_POINT('',(-21.1999999999976,110.,-21.1999999999556));
#2609=CARTESIAN_POINT('',(-21.1999999999915,1.,21.1999999999944));
#2610=CARTESIAN_POINT('',(-21.1999999999915,0.,21.1999999999944));
#2611=CARTESIAN_POINT('',(-21.1999999999976,1.,-21.1999999999556));
#2612=CARTESIAN_POINT('',(-21.199999999993,1.,10.600000000001));
#2613=CARTESIAN_POINT('',(-21.1999999999976,0.,-21.1999999999556));
#2614=CARTESIAN_POINT('Origin',(10.599999999992,112.5,-18.7000000000007));
#2615=CARTESIAN_POINT('',(22.3999999999826,110.,-16.2000000000054));
#2616=CARTESIAN_POINT('',(22.4000000000037,74.0999999999972,19.6999999999974));
#2617=CARTESIAN_POINT('',(21.199999999992,110.,-16.2000000000049));
#2618=CARTESIAN_POINT('',(21.1999999999994,84.9999999999999,8.79999999999519));
#2619=CARTESIAN_POINT('',(10.5999999999947,110.,-16.2000000000007));
#2620=CARTESIAN_POINT('Origin',(21.1999999999905,0.,-21.2000000000056));
#2621=CARTESIAN_POINT('',(21.1999999999905,1.,-21.2000000000056));
#2622=CARTESIAN_POINT('',(21.1999999999905,0.,-21.2000000000056));
#2623=CARTESIAN_POINT('',(21.1999999999918,1.,-16.9000000000062));
#2624=CARTESIAN_POINT('',(21.1999999999937,1.,-10.6000000000037));
#2625=CARTESIAN_POINT('',(21.1999999999918,110.,-16.9000000000062));
#2626=CARTESIAN_POINT('',(21.1999999999918,0.,-16.9000000000062));
#2627=CARTESIAN_POINT('',(21.1999999999937,110.,-10.6000000000053));
#2628=CARTESIAN_POINT('Origin',(3.91242593877905E-12,110.,1.22124532708767E-12));
#2629=CARTESIAN_POINT('',(-0.599999999996847,110.,-22.3999999999937));
#2630=CARTESIAN_POINT('',(0.600000000003154,110.,-22.4000000000056));
#2631=CARTESIAN_POINT('',(11.1999999999908,110.,-22.400000000005));
#2632=CARTESIAN_POINT('',(0.599999999994536,110.,-23.9000000000056));
#2633=CARTESIAN_POINT('',(0.599999999994536,110.,-23.9000000000056));
#2634=CARTESIAN_POINT('',(-0.600000000005465,110.,-23.9000000000056));
#2635=CARTESIAN_POINT('',(-0.600000000005465,110.,-23.9000000000056));
#2636=CARTESIAN_POINT('',(-0.599999999996847,110.,-22.3999999999937));
#2637=CARTESIAN_POINT('Origin',(3.91242593877905E-12,110.,1.22124532708767E-12));
#2638=CARTESIAN_POINT('',(14.4000000000032,110.,-22.3999999999937));
#2639=CARTESIAN_POINT('',(15.6000000000032,110.,-22.4000000000056));
#2640=CARTESIAN_POINT('',(11.1999999999908,110.,-22.400000000005));
#2641=CARTESIAN_POINT('',(15.5999999999945,110.,-23.9000000000056));
#2642=CARTESIAN_POINT('',(15.5999999999945,110.,-23.9000000000056));
#2643=CARTESIAN_POINT('',(14.3999999999945,110.,-23.9000000000056));
#2644=CARTESIAN_POINT('',(14.3999999999945,110.,-23.9000000000056));
#2645=CARTESIAN_POINT('',(14.4000000000032,110.,-22.3999999999937));
#2646=CARTESIAN_POINT('Origin',(3.91242593877905E-12,110.,1.22124532708767E-12));
#2647=CARTESIAN_POINT('',(-15.5999999999968,110.,-22.3999999999937));
#2648=CARTESIAN_POINT('',(-14.3999999999968,110.,-22.4000000000056));
#2649=CARTESIAN_POINT('',(11.1999999999908,110.,-22.400000000005));
#2650=CARTESIAN_POINT('',(-14.4000000000055,110.,-23.9000000000056));
#2651=CARTESIAN_POINT('',(-14.4000000000055,110.,-23.9000000000056));
#2652=CARTESIAN_POINT('',(-15.6000000000055,110.,-23.9000000000056));
#2653=CARTESIAN_POINT('',(-15.6000000000055,110.,-23.9000000000056));
#2654=CARTESIAN_POINT('',(-15.5999999999968,110.,-22.3999999999937));
#2655=CARTESIAN_POINT('Origin',(22.4000000000052,0.,22.4000000000081));
#2656=CARTESIAN_POINT('',(22.4000000000047,0.,0.69999999999768));
#2657=CARTESIAN_POINT('',(22.4000000000047,110.,0.69999999999768));
#2658=CARTESIAN_POINT('',(22.3999999999925,0.,0.699999999997684));
#2659=CARTESIAN_POINT('',(22.400000000005,110.,14.2999999999948));
#2660=CARTESIAN_POINT('',(22.4000000000052,110.,22.4000000000081));
#2661=CARTESIAN_POINT('',(22.400000000005,0.,14.2999999999948));
#2662=CARTESIAN_POINT('',(22.4000000000005,0.,14.2999999999948));
#2663=CARTESIAN_POINT('',(22.4000000000052,0.,22.4000000000081));
#2664=CARTESIAN_POINT('Origin',(22.4000000000052,0.,22.4000000000081));
#2665=CARTESIAN_POINT('',(22.400000000005,110.,-15.7000000000052));
#2666=CARTESIAN_POINT('',(22.4000000000052,110.,22.4000000000081));
#2667=CARTESIAN_POINT('',(22.400000000005,0.,-15.7000000000052));
#2668=CARTESIAN_POINT('',(22.3999999999829,0.,-15.7000000000052));
#2669=CARTESIAN_POINT('',(22.399999999979,0.,-22.4000000000056));
#2670=CARTESIAN_POINT('',(22.4000000000052,0.,22.4000000000081));
#2671=CARTESIAN_POINT('',(22.399999999979,0.,-22.4000000000056));
#2672=CARTESIAN_POINT('Origin',(22.4000000000052,0.,22.4000000000081));
#2673=CARTESIAN_POINT('',(22.4000000000047,0.,-14.3000000000023));
#2674=CARTESIAN_POINT('',(22.4000000000047,110.,-14.3000000000023));
#2675=CARTESIAN_POINT('',(22.3999999999837,0.,-14.3000000000023));
#2676=CARTESIAN_POINT('',(22.400000000005,110.,-0.700000000005194));
#2677=CARTESIAN_POINT('',(22.4000000000052,110.,22.4000000000081));
#2678=CARTESIAN_POINT('',(22.400000000005,0.,-0.700000000005194));
#2679=CARTESIAN_POINT('',(22.3999999999917,0.,-0.700000000005194));
#2680=CARTESIAN_POINT('',(22.4000000000052,0.,22.4000000000081));
#2681=CARTESIAN_POINT('Origin',(3.91242593877905E-12,110.,1.22124532708767E-12));
#2682=CARTESIAN_POINT('',(-22.3999999999968,110.,-15.6000000000056));
#2683=CARTESIAN_POINT('',(-22.3999999999969,110.,-22.4000000000029));
#2684=CARTESIAN_POINT('',(-23.8999999999968,110.,-15.6000000000062));
#2685=CARTESIAN_POINT('',(-22.3999999999968,110.,-15.6000000000056));
#2686=CARTESIAN_POINT('',(-23.8999999999968,110.,-14.4000000000056));
#2687=CARTESIAN_POINT('',(-23.8999999999968,110.,-15.6000000000062));
#2688=CARTESIAN_POINT('',(-22.3999999999968,110.,-14.4000000000056));
#2689=CARTESIAN_POINT('',(-23.8999999999968,110.,-14.4000000000056));
#2690=CARTESIAN_POINT('',(-22.3999999999968,110.,-0.600000000005587));
#2691=CARTESIAN_POINT('',(-22.3999999999969,110.,-22.4000000000029));
#2692=CARTESIAN_POINT('',(-23.8999999999968,110.,-0.600000000006236));
#2693=CARTESIAN_POINT('',(-22.3999999999968,110.,-0.600000000005587));
#2694=CARTESIAN_POINT('',(-23.8999999999968,110.,0.599999999994405));
#2695=CARTESIAN_POINT('',(-23.8999999999968,110.,-0.600000000006236));
#2696=CARTESIAN_POINT('',(-22.3999999999968,110.,0.599999999994414));
#2697=CARTESIAN_POINT('',(-23.8999999999968,110.,0.599999999994405));
#2698=CARTESIAN_POINT('',(-22.3999999999968,110.,14.3999999999944));
#2699=CARTESIAN_POINT('',(-22.3999999999969,110.,-22.4000000000029));
#2700=CARTESIAN_POINT('',(-23.8999999999968,110.,14.3999999999938));
#2701=CARTESIAN_POINT('',(-22.3999999999968,110.,14.3999999999944));
#2702=CARTESIAN_POINT('',(-23.8999999999968,110.,15.5999999999944));
#2703=CARTESIAN_POINT('',(-23.8999999999968,110.,14.3999999999938));
#2704=CARTESIAN_POINT('',(-22.3999999999968,110.,15.5999999999944));
#2705=CARTESIAN_POINT('',(-23.8999999999968,110.,15.5999999999944));
#2706=CARTESIAN_POINT('',(-22.3999999999974,110.,22.3999999999944));
#2707=CARTESIAN_POINT('',(-22.3999999999969,110.,-22.4000000000029));
#2708=CARTESIAN_POINT('',(-15.6999999999968,110.,22.3999999999944));
#2709=CARTESIAN_POINT('',(-22.3999999999974,110.,22.3999999999944));
#2710=CARTESIAN_POINT('',(-15.7000000000137,110.,20.8999999999944));
#2711=CARTESIAN_POINT('',(-15.7000000000137,110.,20.8999999999944));
#2712=CARTESIAN_POINT('',(-14.2999999999968,110.,20.8999999999944));
#2713=CARTESIAN_POINT('',(-14.2999999999968,110.,20.8999999999944));
#2714=CARTESIAN_POINT('',(-14.2999999999968,110.,22.4000000000028));
#2715=CARTESIAN_POINT('',(-14.2999999999966,110.,11.2000000000019));
#2716=CARTESIAN_POINT('',(-0.699999999996845,110.,22.3999999999944));
#2717=CARTESIAN_POINT('',(-22.3999999999974,110.,22.3999999999944));
#2718=CARTESIAN_POINT('',(-0.700000000013659,110.,20.8999999999944));
#2719=CARTESIAN_POINT('',(-0.700000000013659,110.,20.8999999999944));
#2720=CARTESIAN_POINT('',(0.700000000003194,110.,20.8999999999944));
#2721=CARTESIAN_POINT('',(0.700000000003194,110.,20.8999999999944));
#2722=CARTESIAN_POINT('',(0.700000000003156,110.,22.4000000000028));
#2723=CARTESIAN_POINT('',(0.700000000003438,110.,11.200000000002));
#2724=CARTESIAN_POINT('',(14.3000000000032,110.,22.3999999999944));
#2725=CARTESIAN_POINT('',(-22.3999999999974,110.,22.3999999999944));
#2726=CARTESIAN_POINT('',(14.2999999999863,110.,20.8999999999944));
#2727=CARTESIAN_POINT('',(14.2999999999863,110.,20.8999999999944));
#2728=CARTESIAN_POINT('',(15.7000000000032,110.,20.8999999999944));
#2729=CARTESIAN_POINT('',(15.7000000000032,110.,20.8999999999944));
#2730=CARTESIAN_POINT('',(15.7000000000032,110.,22.4000000000028));
#2731=CARTESIAN_POINT('',(15.7000000000034,110.,11.2000000000022));
#2732=CARTESIAN_POINT('',(22.4000000000052,110.,22.4000000000081));
#2733=CARTESIAN_POINT('',(-22.3999999999974,110.,22.3999999999944));
#2734=CARTESIAN_POINT('',(22.4000000000047,110.,15.6999999999977));
#2735=CARTESIAN_POINT('',(22.4000000000052,110.,22.4000000000081));
#2736=CARTESIAN_POINT('',(20.900000000003,110.,15.6999999999502));
#2737=CARTESIAN_POINT('',(22.4000000000047,110.,15.6999999999977));
#2738=CARTESIAN_POINT('',(20.900000000003,110.,14.2999999999933));
#2739=CARTESIAN_POINT('',(20.900000000003,110.,15.6999999999502));
#2740=CARTESIAN_POINT('',(11.1999999999972,110.,14.2999999999835));
#2741=CARTESIAN_POINT('',(20.900000000003,110.,0.699999999950214));
#2742=CARTESIAN_POINT('',(22.4000000000047,110.,0.69999999999768));
#2743=CARTESIAN_POINT('',(20.900000000003,110.,-0.700000000006711));
#2744=CARTESIAN_POINT('',(20.900000000003,110.,0.699999999950214));
#2745=CARTESIAN_POINT('',(11.2000000000048,110.,-0.700000000016518));
#2746=CARTESIAN_POINT('',(20.900000000003,110.,-14.3000000000498));
#2747=CARTESIAN_POINT('',(22.4000000000047,110.,-14.3000000000023));
#2748=CARTESIAN_POINT('',(20.900000000003,110.,-15.7000000000067));
#2749=CARTESIAN_POINT('',(20.900000000003,110.,-14.3000000000498));
#2750=CARTESIAN_POINT('',(11.2000000000124,110.,-15.7000000000165));
#2751=CARTESIAN_POINT('',(19.700000000003,110.,-16.9000000000069));
#2752=CARTESIAN_POINT('',(19.700000000003,110.,-16.9000000000069));
#2753=CARTESIAN_POINT('',(19.700000000003,110.,-13.1000000000065));
#2754=CARTESIAN_POINT('',(19.700000000003,110.,-13.1000000000065));
#2755=CARTESIAN_POINT('',(21.1999999999929,110.,-13.1000000000058));
#2756=CARTESIAN_POINT('',(22.400000000003,110.,-13.1000000000052));
#2757=CARTESIAN_POINT('',(21.1999999999962,110.,-1.90000000000622));
#2758=CARTESIAN_POINT('',(21.200000000003,110.,21.1999999999988));
#2759=CARTESIAN_POINT('',(19.700000000003,110.,-1.90000000000694));
#2760=CARTESIAN_POINT('',(19.700000000003,110.,-1.90000000000694));
#2761=CARTESIAN_POINT('',(19.700000000003,110.,1.89999999999354));
#2762=CARTESIAN_POINT('',(19.700000000003,110.,1.89999999999354));
#2763=CARTESIAN_POINT('',(21.1999999999973,110.,1.89999999999421));
#2764=CARTESIAN_POINT('',(22.400000000003,110.,1.89999999999475));
#2765=CARTESIAN_POINT('',(21.2000000000006,110.,13.0999999999938));
#2766=CARTESIAN_POINT('',(21.200000000003,110.,21.1999999999988));
#2767=CARTESIAN_POINT('',(19.700000000003,110.,13.0999999999931));
#2768=CARTESIAN_POINT('',(19.700000000003,110.,13.0999999999931));
#2769=CARTESIAN_POINT('',(19.700000000003,110.,16.8999999999935));
#2770=CARTESIAN_POINT('',(19.700000000003,110.,16.8999999999935));
#2771=CARTESIAN_POINT('',(21.2000000000018,110.,16.8999999999942));
#2772=CARTESIAN_POINT('',(22.400000000003,110.,16.8999999999948));
#2773=CARTESIAN_POINT('',(21.200000000003,110.,21.1999999999988));
#2774=CARTESIAN_POINT('',(21.200000000003,110.,21.1999999999988));
#2775=CARTESIAN_POINT('',(16.9000000000032,110.,21.1999999999984));
#2776=CARTESIAN_POINT('',(-21.1999999999915,110.,21.1999999999944));
#2777=CARTESIAN_POINT('',(16.9000000000032,110.,19.6999999999944));
#2778=CARTESIAN_POINT('',(16.9000000000032,110.,22.3999999999974));
#2779=CARTESIAN_POINT('',(13.099999999978,110.,19.6999999999954));
#2780=CARTESIAN_POINT('',(16.9000000000032,110.,19.6999999999944));
#2781=CARTESIAN_POINT('',(13.0999999999818,110.,21.199999999998));
#2782=CARTESIAN_POINT('',(13.099999999978,110.,19.6999999999954));
#2783=CARTESIAN_POINT('',(1.90000000000319,110.,21.1999999999968));
#2784=CARTESIAN_POINT('',(-21.1999999999915,110.,21.1999999999944));
#2785=CARTESIAN_POINT('',(1.90000000000323,110.,19.6999999999944));
#2786=CARTESIAN_POINT('',(1.90000000000316,110.,22.3999999999974));
#2787=CARTESIAN_POINT('',(-1.90000000002196,110.,19.6999999999954));
#2788=CARTESIAN_POINT('',(1.90000000000323,110.,19.6999999999944));
#2789=CARTESIAN_POINT('',(-1.90000000001819,110.,21.1999999999964));
#2790=CARTESIAN_POINT('',(-1.90000000002196,110.,19.6999999999954));
#2791=CARTESIAN_POINT('',(-13.0999999999968,110.,21.1999999999953));
#2792=CARTESIAN_POINT('',(-21.1999999999915,110.,21.1999999999944));
#2793=CARTESIAN_POINT('',(-13.0999999999968,110.,19.6999999999944));
#2794=CARTESIAN_POINT('',(-13.0999999999968,110.,22.3999999999974));
#2795=CARTESIAN_POINT('',(-16.900000000022,110.,19.6999999999954));
#2796=CARTESIAN_POINT('',(-13.0999999999968,110.,19.6999999999944));
#2797=CARTESIAN_POINT('',(-16.9000000000182,110.,21.1999999999949));
#2798=CARTESIAN_POINT('',(-16.900000000022,110.,19.6999999999954));
#2799=CARTESIAN_POINT('',(-21.1999999999915,110.,21.1999999999944));
#2800=CARTESIAN_POINT('Origin',(19.700000000003,0.,-13.1000000000065));
#2801=CARTESIAN_POINT('',(21.1999999999929,1.,-13.1000000000058));
#2802=CARTESIAN_POINT('',(19.700000000003,1.,-13.1000000000065));
#2803=CARTESIAN_POINT('',(9.85000000000027,1.,-13.1000000000109));
#2804=CARTESIAN_POINT('',(21.1999999999929,0.,-13.1000000000058));
#2805=CARTESIAN_POINT('',(19.700000000003,0.,-13.1000000000065));
#2806=CARTESIAN_POINT('Origin',(22.4000000000047,0.,-14.3000000000023));
#2807=CARTESIAN_POINT('',(20.900000000003,0.,-14.3000000000498));
#2808=CARTESIAN_POINT('',(10.4500000002297,0.,-14.3000000003805));
#2809=CARTESIAN_POINT('',(20.900000000003,0.,-14.3000000000498));
#2810=CARTESIAN_POINT('Origin',(20.900000000003,0.,-14.3000000000498));
#2811=CARTESIAN_POINT('',(20.900000000003,0.,-15.7000000000067));
#2812=CARTESIAN_POINT('',(20.900000000003,0.,-15.7000000000067));
#2813=CARTESIAN_POINT('',(20.9000000000029,0.,-7.85000000000261));
#2814=CARTESIAN_POINT('Origin',(19.700000000003,0.,-16.9000000000069));
#2815=CARTESIAN_POINT('',(19.700000000003,1.,-16.9000000000069));
#2816=CARTESIAN_POINT('',(19.700000000003,1.,-8.4500000000012));
#2817=CARTESIAN_POINT('',(19.700000000003,0.,-16.9000000000069));
#2818=CARTESIAN_POINT('Origin',(22.399999999998,0.,-16.9000000000056));
#2819=CARTESIAN_POINT('',(11.1999999999989,1.,-16.9000000000111));
#2820=CARTESIAN_POINT('Origin',(20.900000000003,0.,-15.7000000000067));
#2821=CARTESIAN_POINT('',(11.2000000000124,0.,-15.7000000000165));
#2822=CARTESIAN_POINT('Origin',(19.700000000003,0.,1.89999999999354));
#2823=CARTESIAN_POINT('',(21.1999999999974,1.,1.89999999999421));
#2824=CARTESIAN_POINT('',(19.700000000003,1.,1.89999999999354));
#2825=CARTESIAN_POINT('',(9.84999999999691,1.,1.89999999998914));
#2826=CARTESIAN_POINT('',(21.1999999999973,0.,1.89999999999421));
#2827=CARTESIAN_POINT('',(19.700000000003,0.,1.89999999999354));
#2828=CARTESIAN_POINT('Origin',(22.4000000000047,0.,0.69999999999768));
#2829=CARTESIAN_POINT('',(20.900000000003,0.,0.699999999950214));
#2830=CARTESIAN_POINT('',(10.4499999999924,0.,0.699999999619531));
#2831=CARTESIAN_POINT('',(20.900000000003,0.,0.699999999950214));
#2832=CARTESIAN_POINT('Origin',(20.900000000003,0.,0.699999999950214));
#2833=CARTESIAN_POINT('',(20.900000000003,0.,-0.700000000006711));
#2834=CARTESIAN_POINT('',(20.900000000003,0.,-0.700000000006711));
#2835=CARTESIAN_POINT('',(20.900000000003,0.,-0.350000000002612));
#2836=CARTESIAN_POINT('Origin',(19.700000000003,0.,-1.90000000000694));
#2837=CARTESIAN_POINT('',(19.700000000003,1.,-1.90000000000694));
#2838=CARTESIAN_POINT('',(19.700000000003,1.,-0.950000000001199));
#2839=CARTESIAN_POINT('',(19.700000000003,0.,-1.90000000000694));
#2840=CARTESIAN_POINT('Origin',(22.399999999998,0.,-1.90000000000563));
#2841=CARTESIAN_POINT('',(21.1999999999962,1.,-1.90000000000622));
#2842=CARTESIAN_POINT('',(11.1999999999953,1.,-1.90000000001105));
#2843=CARTESIAN_POINT('',(21.1999999999962,0.,-1.90000000000621));
#2844=CARTESIAN_POINT('Origin',(20.900000000003,0.,-0.700000000006711));
#2845=CARTESIAN_POINT('',(11.2000000000048,0.,-0.700000000016518));
#2846=CARTESIAN_POINT('Origin',(-8.33111357678717E-12,1.,4.54303261676614E-12));
#2847=CARTESIAN_POINT('',(-10.6000000000155,1.,-21.1999999999681));
#2848=CARTESIAN_POINT('',(-16.9000000000182,1.,21.1999999999949));
#2849=CARTESIAN_POINT('',(10.5999999999962,1.,21.1999999999977));
#2850=CARTESIAN_POINT('',(-16.900000000022,1.,19.6999999999954));
#2851=CARTESIAN_POINT('',(-16.9000000000467,1.,9.8500000000212));
#2852=CARTESIAN_POINT('',(-13.0999999999968,1.,19.6999999999944));
#2853=CARTESIAN_POINT('',(-6.55000000000008,1.,19.6999999999928));
#2854=CARTESIAN_POINT('',(-13.0999999999968,1.,21.1999999999953));
#2855=CARTESIAN_POINT('',(-13.0999999999965,1.,11.2000000000008));
#2856=CARTESIAN_POINT('',(-1.90000000001819,1.,21.1999999999964));
#2857=CARTESIAN_POINT('',(10.5999999999962,1.,21.1999999999977));
#2858=CARTESIAN_POINT('',(-1.90000000002196,1.,19.6999999999954));
#2859=CARTESIAN_POINT('',(-1.90000000004671,1.,9.85000000000235));
#2860=CARTESIAN_POINT('',(1.90000000000323,1.,19.6999999999944));
#2861=CARTESIAN_POINT('',(0.949999999999915,1.,19.6999999999947));
#2862=CARTESIAN_POINT('',(1.90000000000319,1.,21.1999999999968));
#2863=CARTESIAN_POINT('',(1.90000000000348,1.,11.200000000001));
#2864=CARTESIAN_POINT('',(13.0999999999818,1.,21.199999999998));
#2865=CARTESIAN_POINT('',(10.5999999999962,1.,21.1999999999977));
#2866=CARTESIAN_POINT('',(13.099999999978,1.,19.6999999999954));
#2867=CARTESIAN_POINT('',(13.0999999999533,1.,9.84999999998351));
#2868=CARTESIAN_POINT('',(16.9000000000032,1.,19.6999999999944));
#2869=CARTESIAN_POINT('',(8.44999999999992,1.,19.6999999999965));
#2870=CARTESIAN_POINT('',(16.9000000000032,1.,21.1999999999984));
#2871=CARTESIAN_POINT('',(16.9000000000035,1.,11.2000000000012));
#2872=CARTESIAN_POINT('',(21.200000000003,1.,21.1999999999988));
#2873=CARTESIAN_POINT('',(10.5999999999962,1.,21.1999999999977));
#2874=CARTESIAN_POINT('',(21.2000000000018,1.,16.8999999999942));
#2875=CARTESIAN_POINT('',(21.1999999999937,1.,-10.6000000000037));
#2876=CARTESIAN_POINT('',(19.700000000003,1.,16.8999999999935));
#2877=CARTESIAN_POINT('',(9.84999999999356,1.,16.8999999999891));
#2878=CARTESIAN_POINT('',(19.700000000003,1.,13.0999999999931));
#2879=CARTESIAN_POINT('',(19.700000000003,1.,6.5499999999988));
#2880=CARTESIAN_POINT('',(21.2000000000007,1.,13.0999999999938));
#2881=CARTESIAN_POINT('',(11.1999999999917,1.,13.0999999999889));
#2882=CARTESIAN_POINT('',(21.1999999999937,1.,-10.6000000000037));
#2883=CARTESIAN_POINT('',(21.1999999999937,1.,-10.6000000000037));
#2884=CARTESIAN_POINT('Origin',(21.1999999999905,0.,-21.2000000000056));
#2885=CARTESIAN_POINT('',(21.2000000000006,0.,13.0999999999938));
#2886=CARTESIAN_POINT('Origin',(-23.8999999999968,0.,-14.4000000000056));
#2887=CARTESIAN_POINT('',(-23.8999999999968,0.,-14.4000000000056));
#2888=CARTESIAN_POINT('',(-22.3999999999968,0.,-14.4000000000056));
#2889=CARTESIAN_POINT('',(-23.8999999999968,0.,-14.4000000000056));
#2890=CARTESIAN_POINT('',(-22.399999999997,0.,-14.4000000000056));
#2891=CARTESIAN_POINT('',(-23.8999999999968,0.,-14.4000000000056));
#2892=CARTESIAN_POINT('Origin',(-23.8999999999968,0.,-15.6000000000062));
#2893=CARTESIAN_POINT('',(-23.8999999999968,0.,-15.6000000000062));
#2894=CARTESIAN_POINT('',(-23.8999999999968,0.,-15.6000000000062));
#2895=CARTESIAN_POINT('',(-23.8999999999968,0.,-15.6000000000062));
#2896=CARTESIAN_POINT('Origin',(-22.3999999999968,0.,-15.6000000000056));
#2897=CARTESIAN_POINT('',(-22.3999999999968,0.,-15.6000000000056));
#2898=CARTESIAN_POINT('',(-22.3999999999968,0.,-15.6000000000056));
#2899=CARTESIAN_POINT('',(-22.3999999999969,0.,-15.6000000000056));
#2900=CARTESIAN_POINT('Origin',(-23.8999999999968,0.,0.599999999994405));
#2901=CARTESIAN_POINT('',(-23.8999999999968,0.,0.599999999994405));
#2902=CARTESIAN_POINT('',(-22.3999999999968,0.,0.599999999994414));
#2903=CARTESIAN_POINT('',(-23.8999999999968,0.,0.599999999994405));
#2904=CARTESIAN_POINT('',(-22.3999999999971,0.,0.599999999994414));
#2905=CARTESIAN_POINT('',(-23.8999999999968,0.,0.599999999994405));
#2906=CARTESIAN_POINT('Origin',(-23.8999999999968,0.,-0.600000000006236));
#2907=CARTESIAN_POINT('',(-23.8999999999968,0.,-0.600000000006236));
#2908=CARTESIAN_POINT('',(-23.8999999999968,0.,-0.600000000006236));
#2909=CARTESIAN_POINT('',(-23.8999999999968,0.,-0.600000000006236));
#2910=CARTESIAN_POINT('Origin',(-22.3999999999968,0.,-0.600000000005587));
#2911=CARTESIAN_POINT('',(-22.3999999999968,0.,-0.600000000005587));
#2912=CARTESIAN_POINT('',(-22.3999999999968,0.,-0.600000000005587));
#2913=CARTESIAN_POINT('',(-22.3999999999971,0.,-0.600000000005587));
#2914=CARTESIAN_POINT('Origin',(-22.3999999999969,0.,-22.4000000000029));
#2915=CARTESIAN_POINT('',(-22.3999999999968,0.,14.3999999999944));
#2916=CARTESIAN_POINT('',(-22.3999999999969,0.,-22.4000000000029));
#2917=CARTESIAN_POINT('',(-22.3999999999973,0.,14.3999999999944));
#2918=CARTESIAN_POINT('Origin',(-22.3999999999969,0.,-22.4000000000029));
#2919=CARTESIAN_POINT('',(-22.3999999999969,0.,-22.4000000000029));
#2920=CARTESIAN_POINT('',(-22.3999999999969,0.,-22.4000000000029));
#2921=CARTESIAN_POINT('',(-22.3999999999969,0.,-22.4000000000029));
#2922=CARTESIAN_POINT('Origin',(-22.3999999999969,0.,-22.4000000000029));
#2923=CARTESIAN_POINT('',(-22.3999999999969,0.,-22.4000000000029));
#2924=CARTESIAN_POINT('Origin',(15.6000000000032,0.,-22.4000000000056));
#2925=CARTESIAN_POINT('',(15.5999999999945,0.,-23.9000000000056));
#2926=CARTESIAN_POINT('',(15.6000000000032,0.,-22.4000000000056));
#2927=CARTESIAN_POINT('',(15.5999999999945,0.,-23.9000000000056));
#2928=CARTESIAN_POINT('',(15.5999999999945,0.,-23.9000000000056));
#2929=CARTESIAN_POINT('',(15.6000000000032,0.,-22.4000000000052));
#2930=CARTESIAN_POINT('Origin',(14.3999999999945,0.,-23.9000000000056));
#2931=CARTESIAN_POINT('',(14.4000000000032,0.,-22.3999999999937));
#2932=CARTESIAN_POINT('',(14.3999999999945,0.,-23.9000000000056));
#2933=CARTESIAN_POINT('',(14.4000000000032,0.,-22.3999999999937));
#2934=CARTESIAN_POINT('',(14.4000000000031,0.,-22.4000000000051));
#2935=CARTESIAN_POINT('',(14.3999999999945,0.,-23.9000000000056));
#2936=CARTESIAN_POINT('Origin',(15.5999999999945,0.,-23.9000000000056));
#2937=CARTESIAN_POINT('',(14.3999999999945,0.,-23.9000000000056));
#2938=CARTESIAN_POINT('Origin',(0.600000000003154,0.,-22.4000000000056));
#2939=CARTESIAN_POINT('',(0.599999999994536,0.,-23.9000000000056));
#2940=CARTESIAN_POINT('',(0.600000000003154,0.,-22.4000000000056));
#2941=CARTESIAN_POINT('',(0.599999999994536,0.,-23.9000000000056));
#2942=CARTESIAN_POINT('',(0.599999999994536,0.,-23.9000000000056));
#2943=CARTESIAN_POINT('',(0.600000000003154,0.,-22.4000000000043));
#2944=CARTESIAN_POINT('Origin',(-0.600000000005465,0.,-23.9000000000056));
#2945=CARTESIAN_POINT('',(-0.599999999996847,0.,-22.3999999999937));
#2946=CARTESIAN_POINT('',(-0.600000000005465,0.,-23.9000000000056));
#2947=CARTESIAN_POINT('',(-0.599999999996847,0.,-22.3999999999937));
#2948=CARTESIAN_POINT('',(-0.599999999996851,0.,-22.4000000000042));
#2949=CARTESIAN_POINT('',(-0.600000000005465,0.,-23.9000000000056));
#2950=CARTESIAN_POINT('Origin',(0.599999999994536,0.,-23.9000000000056));
#2951=CARTESIAN_POINT('',(-0.600000000005465,0.,-23.9000000000056));
#2952=CARTESIAN_POINT('Origin',(-22.3999999999974,0.,22.3999999999944));
#2953=CARTESIAN_POINT('',(15.7000000000032,0.,22.4000000000028));
#2954=CARTESIAN_POINT('',(15.7000000000032,0.,22.400000000006));
#2955=CARTESIAN_POINT('',(22.4000000000052,0.,22.4000000000081));
#2956=CARTESIAN_POINT('',(-22.3999999999974,0.,22.3999999999944));
#2957=CARTESIAN_POINT('',(22.4000000000052,0.,22.4000000000081));
#2958=CARTESIAN_POINT('Origin',(-22.3999999999974,0.,22.3999999999944));
#2959=CARTESIAN_POINT('',(-0.699999999996845,0.,22.3999999999944));
#2960=CARTESIAN_POINT('',(-0.699999999996845,0.,22.400000000001));
#2961=CARTESIAN_POINT('',(-14.2999999999968,0.,22.4000000000028));
#2962=CARTESIAN_POINT('',(-14.2999999999968,0.,22.3999999999969));
#2963=CARTESIAN_POINT('',(-22.3999999999974,0.,22.3999999999944));
#2964=CARTESIAN_POINT('Origin',(14.3000000000032,0.,22.3999999999944));
#2965=CARTESIAN_POINT('',(14.2999999999863,0.,20.8999999999944));
#2966=CARTESIAN_POINT('',(14.2999999999863,0.,20.8999999999944));
#2967=CARTESIAN_POINT('',(14.3000000000032,0.,22.3999999999944));
#2968=CARTESIAN_POINT('',(14.3000000000032,0.,22.4000000000056));
#2969=CARTESIAN_POINT('',(14.2999999998692,0.,10.4499999999177));
#2970=CARTESIAN_POINT('Origin',(14.2999999999863,0.,20.8999999999944));
#2971=CARTESIAN_POINT('',(15.7000000000032,0.,20.8999999999944));
#2972=CARTESIAN_POINT('',(15.7000000000032,0.,20.8999999999944));
#2973=CARTESIAN_POINT('',(7.85000000000349,0.,20.8999999999944));
#2974=CARTESIAN_POINT('Origin',(15.7000000000032,0.,20.8999999999944));
#2975=CARTESIAN_POINT('',(15.7000000000034,0.,11.2000000000022));
#2976=CARTESIAN_POINT('Origin',(13.099999999978,0.,19.6999999999954));
#2977=CARTESIAN_POINT('',(13.0999999999818,0.,21.199999999998));
#2978=CARTESIAN_POINT('',(13.099999999978,0.,19.6999999999954));
#2979=CARTESIAN_POINT('Origin',(16.9000000000032,0.,19.6999999999944));
#2980=CARTESIAN_POINT('',(16.9000000000032,0.,19.6999999999944));
#2981=CARTESIAN_POINT('Origin',(16.9000000000032,0.,22.3999999999974));
#2982=CARTESIAN_POINT('',(16.9000000000032,0.,21.1999999999984));
#2983=CARTESIAN_POINT('Origin',(-0.699999999996845,0.,22.3999999999944));
#2984=CARTESIAN_POINT('',(-0.700000000013659,0.,20.8999999999944));
#2985=CARTESIAN_POINT('',(-0.700000000013659,0.,20.8999999999944));
#2986=CARTESIAN_POINT('',(-0.700000000130791,0.,10.4500000000017));
#2987=CARTESIAN_POINT('Origin',(-0.700000000013659,0.,20.8999999999944));
#2988=CARTESIAN_POINT('',(0.700000000003194,0.,20.8999999999944));
#2989=CARTESIAN_POINT('',(0.700000000003194,0.,20.8999999999944));
#2990=CARTESIAN_POINT('',(0.350000000003487,0.,20.8999999999944));
#2991=CARTESIAN_POINT('Origin',(0.700000000003194,0.,20.8999999999944));
#2992=CARTESIAN_POINT('',(0.700000000003156,0.,22.4000000000028));
#2993=CARTESIAN_POINT('',(0.700000000003438,0.,11.200000000002));
#2994=CARTESIAN_POINT('',(0.700000000003156,0.,22.4000000000014));
#2995=CARTESIAN_POINT('Origin',(-1.90000000002196,0.,19.6999999999954));
#2996=CARTESIAN_POINT('',(-1.90000000001819,0.,21.1999999999964));
#2997=CARTESIAN_POINT('',(-1.90000000002196,0.,19.6999999999954));
#2998=CARTESIAN_POINT('Origin',(1.90000000000323,0.,19.6999999999944));
#2999=CARTESIAN_POINT('',(1.90000000000323,0.,19.6999999999944));
#3000=CARTESIAN_POINT('Origin',(1.90000000000316,0.,22.3999999999974));
#3001=CARTESIAN_POINT('',(1.90000000000319,0.,21.1999999999968));
#3002=CARTESIAN_POINT('Origin',(3.91242593877905E-12,0.,1.22124532708767E-12));
#3003=CARTESIAN_POINT('',(20.900000000003,0.,14.2999999999933));
#3004=CARTESIAN_POINT('',(11.1999999999972,0.,14.2999999999835));
#3005=CARTESIAN_POINT('',(20.900000000003,0.,15.6999999999502));
#3006=CARTESIAN_POINT('',(20.9000000000031,0.,7.14999999999739));
#3007=CARTESIAN_POINT('',(22.4000000000047,0.,15.6999999999977));
#3008=CARTESIAN_POINT('',(10.4499999997551,0.,15.6999999996195));
#3009=CARTESIAN_POINT('',(22.4000000000052,0.,22.4000000000081));
#3010=CARTESIAN_POINT('',(-22.3999999999974,0.,22.3999999999944));
#3011=CARTESIAN_POINT('',(-14.2999999999968,0.,20.8999999999944));
#3012=CARTESIAN_POINT('',(-14.2999999999966,0.,11.2000000000019));
#3013=CARTESIAN_POINT('',(-15.7000000000137,0.,20.8999999999944));
#3014=CARTESIAN_POINT('',(-7.14999999999651,0.,20.8999999999945));
#3015=CARTESIAN_POINT('',(-15.6999999999968,0.,22.3999999999944));
#3016=CARTESIAN_POINT('',(-15.7000000001308,0.,10.4500000000858));
#3017=CARTESIAN_POINT('',(-22.3999999999974,0.,22.3999999999944));
#3018=CARTESIAN_POINT('',(-22.3999999999974,0.,22.3999999999944));
#3019=CARTESIAN_POINT('',(-22.3999999999968,0.,15.5999999999944));
#3020=CARTESIAN_POINT('',(-22.3999999999969,0.,-22.4000000000029));
#3021=CARTESIAN_POINT('',(-23.8999999999968,0.,15.5999999999944));
#3022=CARTESIAN_POINT('',(-23.8999999999968,0.,15.5999999999944));
#3023=CARTESIAN_POINT('',(-23.8999999999968,0.,14.3999999999938));
#3024=CARTESIAN_POINT('',(-23.8999999999968,0.,14.3999999999938));
#3025=CARTESIAN_POINT('',(-22.3999999999968,0.,14.3999999999944));
#3026=CARTESIAN_POINT('',(-15.5999999999968,0.,-22.3999999999937));
#3027=CARTESIAN_POINT('',(22.399999999979,0.,-22.4000000000056));
#3028=CARTESIAN_POINT('',(-15.6000000000055,0.,-23.9000000000056));
#3029=CARTESIAN_POINT('',(-15.5999999999968,0.,-22.3999999999937));
#3030=CARTESIAN_POINT('',(-14.4000000000055,0.,-23.9000000000056));
#3031=CARTESIAN_POINT('',(-15.6000000000055,0.,-23.9000000000056));
#3032=CARTESIAN_POINT('',(-14.3999999999968,0.,-22.4000000000056));
#3033=CARTESIAN_POINT('',(-14.4000000000055,0.,-23.9000000000056));
#3034=CARTESIAN_POINT('',(22.399999999979,0.,-22.4000000000056));
#3035=CARTESIAN_POINT('',(22.399999999979,0.,-22.4000000000056));
#3036=CARTESIAN_POINT('',(22.399999999979,0.,-22.4000000000056));
#3037=CARTESIAN_POINT('Origin',(-22.3999999999974,0.,22.3999999999944));
#3038=CARTESIAN_POINT('Origin',(21.200000000003,0.,21.1999999999988));
#3039=CARTESIAN_POINT('',(21.200000000003,0.,21.1999999999988));
#3040=CARTESIAN_POINT('Origin',(21.200000000003,0.,21.1999999999988));
#3041=CARTESIAN_POINT('',(-13.0999999999968,0.,21.1999999999953));
#3042=CARTESIAN_POINT('Origin',(21.200000000003,0.,21.1999999999988));
#3043=CARTESIAN_POINT('Origin',(22.4000000000052,0.,22.4000000000081));
#3044=CARTESIAN_POINT('',(22.4000000000013,0.,15.6999999999977));
#3045=CARTESIAN_POINT('Origin',(22.399999999998,0.,13.0999999999944));
#3046=CARTESIAN_POINT('',(19.700000000003,0.,13.0999999999931));
#3047=CARTESIAN_POINT('Origin',(19.700000000003,0.,13.0999999999931));
#3048=CARTESIAN_POINT('',(19.700000000003,0.,16.8999999999935));
#3049=CARTESIAN_POINT('Origin',(19.700000000003,0.,16.8999999999935));
#3050=CARTESIAN_POINT('',(21.2000000000018,0.,16.8999999999942));
#3051=CARTESIAN_POINT('Origin',(20.900000000003,0.,14.2999999999933));
#3052=CARTESIAN_POINT('',(20.900000000003,0.,14.2999999999933));
#3053=CARTESIAN_POINT('Origin',(20.900000000003,0.,15.6999999999502));
#3054=CARTESIAN_POINT('',(20.900000000003,0.,15.6999999999502));
#3055=CARTESIAN_POINT('Origin',(22.4000000000047,0.,15.6999999999977));
#3056=CARTESIAN_POINT('Origin',(21.1999999999905,0.,-21.2000000000056));
#3057=CARTESIAN_POINT('Origin',(-23.8999999999968,0.,15.5999999999944));
#3058=CARTESIAN_POINT('',(-22.3999999999973,0.,15.5999999999944));
#3059=CARTESIAN_POINT('',(-23.8999999999968,0.,15.5999999999944));
#3060=CARTESIAN_POINT('Origin',(-23.8999999999968,0.,14.3999999999938));
#3061=CARTESIAN_POINT('',(-23.8999999999968,0.,14.3999999999938));
#3062=CARTESIAN_POINT('Origin',(-22.3999999999968,0.,14.3999999999944));
#3063=CARTESIAN_POINT('Origin',(-22.3999999999969,0.,-22.4000000000029));
#3064=CARTESIAN_POINT('',(-22.3999999999974,0.,22.3999999999944));
#3065=CARTESIAN_POINT('Origin',(-14.3999999999968,0.,-22.4000000000056));
#3066=CARTESIAN_POINT('',(-14.4000000000055,0.,-23.9000000000056));
#3067=CARTESIAN_POINT('',(-14.3999999999968,0.,-22.4000000000034));
#3068=CARTESIAN_POINT('Origin',(-15.6000000000055,0.,-23.9000000000056));
#3069=CARTESIAN_POINT('',(-15.5999999999969,0.,-22.4000000000033));
#3070=CARTESIAN_POINT('',(-15.6000000000055,0.,-23.9000000000056));
#3071=CARTESIAN_POINT('Origin',(-14.4000000000055,0.,-23.9000000000056));
#3072=CARTESIAN_POINT('Origin',(22.399999999979,0.,-22.4000000000056));
#3073=CARTESIAN_POINT('Origin',(-15.6999999999968,0.,22.3999999999944));
#3074=CARTESIAN_POINT('',(-15.7000000000137,0.,20.8999999999944));
#3075=CARTESIAN_POINT('',(-15.6999999999968,0.,22.3999999999964));
#3076=CARTESIAN_POINT('Origin',(-15.7000000000137,0.,20.8999999999944));
#3077=CARTESIAN_POINT('',(-14.2999999999968,0.,20.8999999999944));
#3078=CARTESIAN_POINT('Origin',(-14.2999999999968,0.,20.8999999999944));
#3079=CARTESIAN_POINT('Origin',(-16.900000000022,0.,19.6999999999954));
#3080=CARTESIAN_POINT('',(-16.9000000000182,0.,21.1999999999949));
#3081=CARTESIAN_POINT('',(-16.900000000022,0.,19.6999999999954));
#3082=CARTESIAN_POINT('Origin',(-13.0999999999968,0.,19.6999999999944));
#3083=CARTESIAN_POINT('',(-13.0999999999968,0.,19.6999999999944));
#3084=CARTESIAN_POINT('Origin',(-13.0999999999968,0.,22.3999999999974));
#3085=CARTESIAN_POINT('Origin',(21.200000000003,0.,21.1999999999988));
#3086=CARTESIAN_POINT('Origin',(-22.3999999999974,0.,22.3999999999944));
#3087=CARTESIAN_POINT('Origin',(21.1999999999905,0.,-21.2000000000056));
#3088=CARTESIAN_POINT('Origin',(-21.1999999999976,0.,-21.1999999999556));
#3089=CARTESIAN_POINT('',(0.,0.,0.));
#3090=UNCERTAINTY_MEASURE_WITH_UNIT(LENGTH_MEASURE(0.01),#3096,
'DISTANCE_ACCURACY_VALUE',
'Maximum model space distance between geometric entities at asserted c
onnectivities');
#3091=UNCERTAINTY_MEASURE_WITH_UNIT(LENGTH_MEASURE(0.01),#3096,
'DISTANCE_ACCURACY_VALUE',
'Maximum model space distance between geometric entities at asserted c
onnectivities');
#3092=UNCERTAINTY_MEASURE_WITH_UNIT(LENGTH_MEASURE(0.01),#3096,
'DISTANCE_ACCURACY_VALUE',
'Maximum model space distance between geometric entities at asserted c
onnectivities');
#3093=(
GEOMETRIC_REPRESENTATION_CONTEXT(3)
GLOBAL_UNCERTAINTY_ASSIGNED_CONTEXT((#3090))
GLOBAL_UNIT_ASSIGNED_CONTEXT((#3096,#3098,#3099))
REPRESENTATION_CONTEXT('','3D')
);
#3094=(
GEOMETRIC_REPRESENTATION_CONTEXT(3)
GLOBAL_UNCERTAINTY_ASSIGNED_CONTEXT((#3091))
GLOBAL_UNIT_ASSIGNED_CONTEXT((#3096,#3098,#3099))
REPRESENTATION_CONTEXT('','3D')
);
#3095=(
GEOMETRIC_REPRESENTATION_CONTEXT(3)
GLOBAL_UNCERTAINTY_ASSIGNED_CONTEXT((#3092))
GLOBAL_UNIT_ASSIGNED_CONTEXT((#3096,#3098,#3099))
REPRESENTATION_CONTEXT('','3D')
);
#3096=(
LENGTH_UNIT()
NAMED_UNIT(*)
SI_UNIT(.MILLI.,.METRE.)
);
#3097=(
LENGTH_UNIT()
NAMED_UNIT(*)
SI_UNIT($,.METRE.)
);
#3098=(
NAMED_UNIT(*)
PLANE_ANGLE_UNIT()
SI_UNIT($,.RADIAN.)
);
#3099=(
NAMED_UNIT(*)
SI_UNIT($,.STERADIAN.)
SOLID_ANGLE_UNIT()
);
#3100=SHAPE_DEFINITION_REPRESENTATION(#3102,#3105);
#3101=SHAPE_DEFINITION_REPRESENTATION(#3103,#3106);
#3102=PRODUCT_DEFINITION_SHAPE('',$,#3108);
#3103=PRODUCT_DEFINITION_SHAPE('',$,#3109);
#3104=PRODUCT_DEFINITION_SHAPE($,$,#14);
#3105=SHAPE_REPRESENTATION('',(#1956,#2060),#3093);
#3106=SHAPE_REPRESENTATION('',(#1957),#3094);
#3107=PRODUCT_DEFINITION_CONTEXT('part definition',#3115,'design');
#3108=PRODUCT_DEFINITION('Hardcase_Gridfinity_Bin_No_Lid',
'Hardcase_Gridfinity_Bin_No_Lid',#3110,#3107);
#3109=PRODUCT_DEFINITION('2026-06-11-11-25-00-932','Body',#3111,#3107);
#3110=PRODUCT_DEFINITION_FORMATION('',$,#3117);
#3111=PRODUCT_DEFINITION_FORMATION('',$,#3118);
#3112=PRODUCT_RELATED_PRODUCT_CATEGORY('Hardcase_Gridfinity_Bin_No_Lid',
'Hardcase_Gridfinity_Bin_No_Lid',(#3117));
#3113=PRODUCT_RELATED_PRODUCT_CATEGORY('Body','Body',(#3118));
#3114=APPLICATION_PROTOCOL_DEFINITION('international standard',
'automotive_design',2009,#3115);
#3115=APPLICATION_CONTEXT(
'Core Data for Automotive Mechanical Design Process');
#3116=PRODUCT_CONTEXT('part definition',#3115,'mechanical');
#3117=PRODUCT('Hardcase_Gridfinity_Bin_No_Lid',
'Hardcase_Gridfinity_Bin_No_Lid',$,(#3116));
#3118=PRODUCT('2026-06-11-11-25-00-932','Body',$,(#3116));
#3119=PRESENTATION_STYLE_ASSIGNMENT((#3121));
#3120=PRESENTATION_STYLE_ASSIGNMENT((#3122));
#3121=SURFACE_STYLE_USAGE(.BOTH.,#3123);
#3122=SURFACE_STYLE_USAGE(.BOTH.,#3124);
#3123=SURFACE_SIDE_STYLE('',(#3125));
#3124=SURFACE_SIDE_STYLE('',(#3126));
#3125=SURFACE_STYLE_FILL_AREA(#3127);
#3126=SURFACE_STYLE_FILL_AREA(#3128);
#3127=FILL_AREA_STYLE('Steel - Satin',(#3129));
#3128=FILL_AREA_STYLE('ABS (White)',(#3130));
#3129=FILL_AREA_STYLE_COLOUR('Steel - Satin',#3131);
#3130=FILL_AREA_STYLE_COLOUR('ABS (White)',#3132);
#3131=COLOUR_RGB('Steel - Satin',0.627450980392157,0.627450980392157,0.627450980392157);
#3132=COLOUR_RGB('ABS (White)',0.964705882352941,0.964705882352941,0.952941176470588);
ENDSEC;
END-ISO-10303-21;
